entity_type	entity_name	internal_id	location	region	acquisition_method	cost	currency	quantity	prerequisites	earliest_gate	earliest_gate_name	mode_availability	encounter_rate	level_min	level_max	slot_index	star_tier	tm_number	resolved_move	raid_drops	missable	missable_reason	source_record	confidence	notes
item_care_package	Choice Band	186	Pallet Town Player's House 1F	Kanto	item-cheat	NA	NA	10	NA	17	Post-Game	UNK	NA	NA	NA	NA	NA	NA	NA	NA	TRUE	single placement	data.js:areas[Pallet Town Player's House 1F].item-cheat[17]	Asserted	care-package item, delivered by code not exploration quantity from the official item sheet
item_care_package	Choice Scarf	695	Pallet Town Player's House 1F	Kanto	item-cheat	NA	NA	10	NA	17	Post-Game	UNK	NA	NA	NA	NA	NA	NA	NA	NA	TRUE	single placement	data.js:areas[Pallet Town Player's House 1F].item-cheat[17]	Asserted	care-package item, delivered by code not exploration quantity from the official item sheet
item_care_package	Choice Specs	696	Pallet Town Player's House 1F	Kanto	item-cheat	NA	NA	10	NA	17	Post-Game	UNK	NA	NA	NA	NA	NA	NA	NA	NA	TRUE	single placement	data.js:areas[Pallet Town Player's House 1F].item-cheat[17]	Asserted	care-package item, delivered by code not exploration quantity from the official item sheet
item_care_package	Eviolite	700	Pallet Town Player's House 1F	Kanto	item-cheat	NA	NA	10	NA	17	Post-Game	UNK	NA	NA	NA	NA	NA	NA	NA	NA	TRUE	single placement	data.js:areas[Pallet Town Player's House 1F].item-cheat[17]	Asserted	care-package item, delivered by code not exploration quantity from the official item sheet
item_care_package	Rocky Helmet	702	Pallet Town Player's House 1F	Kanto	item-cheat	NA	NA	10	NA	17	Post-Game	UNK	NA	NA	NA	NA	NA	NA	NA	NA	TRUE	single placement	data.js:areas[Pallet Town Player's House 1F].item-cheat[17]	Asserted	care-package item, delivered by code not exploration quantity from the official item sheet
tutor	tutor_slot_21	21	Pallet Town Player's House 1F	Kanto	tutor	UNK	money	REPEATABLE	NA	0	Brock	UNK	NA	NA	NA	NA	NA	NA	Celebrate	NA	FALSE	NA	data.js:areas[Pallet Town Player's House 1F].tutors[0]	Measured	value is a tutorMoves slot index, not a move ID
wild_encounter	Tentacool	72	Pallet Town	Kanto	wild-surf	NA	NA	REPEATABLE	NA	10	May	UNK	60	56	58	0	NA	NA	NA	NA	FALSE	NA	data.js:areas[Pallet Town].wild-surf[10]	Measured	rate Asserted from the locations sheet
wild_encounter	Tentacool	72	Pallet Town	Kanto	wild-surf	NA	NA	REPEATABLE	NA	10	May	UNK	30	56	58	1	NA	NA	NA	NA	FALSE	NA	data.js:areas[Pallet Town].wild-surf[10]	Measured	rate Asserted from the locations sheet
wild_encounter	Tentacruel	73	Pallet Town	Kanto	wild-surf	NA	NA	REPEATABLE	NA	10	May	UNK	5	56	58	2	NA	NA	NA	NA	FALSE	NA	data.js:areas[Pallet Town].wild-surf[10]	Measured	rate Asserted from the locations sheet
wild_encounter	Tentacruel	73	Pallet Town	Kanto	wild-surf	NA	NA	REPEATABLE	NA	10	May	UNK	4	56	58	3	NA	NA	NA	NA	FALSE	NA	data.js:areas[Pallet Town].wild-surf[10]	Measured	rate Asserted from the locations sheet
wild_encounter	Tentacruel	73	Pallet Town	Kanto	wild-surf	NA	NA	REPEATABLE	NA	10	May	UNK	1	56	58	4	NA	NA	NA	NA	FALSE	NA	data.js:areas[Pallet Town].wild-surf[10]	Measured	rate Asserted from the locations sheet
wild_encounter	Tentacool	72	Pallet Town	Kanto	wild-oldRod	NA	NA	REPEATABLE	NA	0	Brock	UNK	70	2	4	0	NA	NA	NA	NA	FALSE	NA	data.js:areas[Pallet Town].wild-oldRod[0]	Measured	rate Asserted from the locations sheet
wild_encounter	Binacle	796	Pallet Town	Kanto	wild-oldRod	NA	NA	REPEATABLE	NA	0	Brock	UNK	30	2	4	1	NA	NA	NA	NA	FALSE	NA	data.js:areas[Pallet Town].wild-oldRod[0]	Measured	rate Asserted from the locations sheet
wild_encounter	Barboach	323	Pallet Town	Kanto	wild-goodRod	NA	NA	REPEATABLE	NA	3	Surge	UNK	60	27	29	0	NA	NA	NA	NA	FALSE	NA	data.js:areas[Pallet Town].wild-goodRod[3]	Measured	rate Asserted from the locations sheet
wild_encounter	Carvanha	330	Pallet Town	Kanto	wild-goodRod	NA	NA	REPEATABLE	NA	3	Surge	UNK	20	27	29	1	NA	NA	NA	NA	FALSE	NA	data.js:areas[Pallet Town].wild-goodRod[3]	Measured	rate Asserted from the locations sheet
wild_encounter	Qwilfish	211	Pallet Town	Kanto	wild-goodRod	NA	NA	REPEATABLE	NA	3	Surge	UNK	20	27	29	2	NA	NA	NA	NA	FALSE	NA	data.js:areas[Pallet Town].wild-goodRod[3]	Measured	rate Asserted from the locations sheet
wild_encounter	Luvdisc	325	Pallet Town	Kanto	wild-superRod	NA	NA	REPEATABLE	NA	9	Koga	UNK	40	53	55	0	NA	NA	NA	NA	FALSE	NA	data.js:areas[Pallet Town].wild-superRod[9]	Measured	rate Asserted from the locations sheet
wild_encounter	Luvdisc	325	Pallet Town	Kanto	wild-superRod	NA	NA	REPEATABLE	NA	9	Koga	UNK	40	53	55	1	NA	NA	NA	NA	FALSE	NA	data.js:areas[Pallet Town].wild-superRod[9]	Measured	rate Asserted from the locations sheet
wild_encounter	Clamperl	373	Pallet Town	Kanto	wild-superRod	NA	NA	REPEATABLE	NA	9	Koga	UNK	15	53	55	2	NA	NA	NA	NA	FALSE	NA	data.js:areas[Pallet Town].wild-superRod[9]	Measured	rate Asserted from the locations sheet
wild_encounter	Whiscash	324	Pallet Town	Kanto	wild-superRod	NA	NA	REPEATABLE	NA	9	Koga	UNK	4	53	55	3	NA	NA	NA	NA	FALSE	NA	data.js:areas[Pallet Town].wild-superRod[9]	Measured	rate Asserted from the locations sheet
wild_encounter	Whiscash	324	Pallet Town	Kanto	wild-superRod	NA	NA	REPEATABLE	NA	9	Koga	UNK	1	53	55	4	NA	NA	NA	NA	FALSE	NA	data.js:areas[Pallet Town].wild-superRod[9]	Measured	rate Asserted from the locations sheet
item_ground	Town Map	361	Pallet Town Rival's House	Kanto	item-standard	NA	NA	1	NA	0	Brock	UNK	NA	NA	NA	NA	NA	NA	NA	NA	TRUE	single placement	data.js:areas[Pallet Town Rival's House].item-standard[0]	Measured	NONE
gift_pokemon	Bulbasaur	1	Pallet Town Oak's Lab	Kanto	fixed-gift	NA	NA	1	NA	0	Brock	UNK	NA	NA	NA	NA	NA	NA	NA	NA	TRUE	one-time placement	data.js:areas[Pallet Town Oak's Lab].fixed-gift[0]	Measured	NONE
gift_pokemon	Charmander	4	Pallet Town Oak's Lab	Kanto	fixed-gift	NA	NA	1	NA	0	Brock	UNK	NA	NA	NA	NA	NA	NA	NA	NA	TRUE	one-time placement	data.js:areas[Pallet Town Oak's Lab].fixed-gift[0]	Measured	NONE
gift_pokemon	Squirtle	7	Pallet Town Oak's Lab	Kanto	fixed-gift	NA	NA	1	NA	0	Brock	UNK	NA	NA	NA	NA	NA	NA	NA	NA	TRUE	one-time placement	data.js:areas[Pallet Town Oak's Lab].fixed-gift[0]	Measured	NONE
gift_pokemon	Chikorita	152	Pallet Town Oak's Lab	Kanto	fixed-gift	NA	NA	1	NA	0	Brock	UNK	NA	NA	NA	NA	NA	NA	NA	NA	TRUE	one-time placement	data.js:areas[Pallet Town Oak's Lab].fixed-gift[0]	Measured	NONE
gift_pokemon	Cyndaquil	155	Pallet Town Oak's Lab	Kanto	fixed-gift	NA	NA	1	NA	0	Brock	UNK	NA	NA	NA	NA	NA	NA	NA	NA	TRUE	one-time placement	data.js:areas[Pallet Town Oak's Lab].fixed-gift[0]	Measured	NONE
gift_pokemon	Totodile	158	Pallet Town Oak's Lab	Kanto	fixed-gift	NA	NA	1	NA	0	Brock	UNK	NA	NA	NA	NA	NA	NA	NA	NA	TRUE	one-time placement	data.js:areas[Pallet Town Oak's Lab].fixed-gift[0]	Measured	NONE
gift_pokemon	Treecko	277	Pallet Town Oak's Lab	Kanto	fixed-gift	NA	NA	1	NA	0	Brock	UNK	NA	NA	NA	NA	NA	NA	NA	NA	TRUE	one-time placement	data.js:areas[Pallet Town Oak's Lab].fixed-gift[0]	Measured	NONE
gift_pokemon	Torchic	280	Pallet Town Oak's Lab	Kanto	fixed-gift	NA	NA	1	NA	0	Brock	UNK	NA	NA	NA	NA	NA	NA	NA	NA	TRUE	one-time placement	data.js:areas[Pallet Town Oak's Lab].fixed-gift[0]	Measured	NONE
gift_pokemon	Mudkip	283	Pallet Town Oak's Lab	Kanto	fixed-gift	NA	NA	1	NA	0	Brock	UNK	NA	NA	NA	NA	NA	NA	NA	NA	TRUE	one-time placement	data.js:areas[Pallet Town Oak's Lab].fixed-gift[0]	Measured	NONE
gift_pokemon	Turtwig	440	Pallet Town Oak's Lab	Kanto	fixed-gift	NA	NA	1	NA	0	Brock	UNK	NA	NA	NA	NA	NA	NA	NA	NA	TRUE	one-time placement	data.js:areas[Pallet Town Oak's Lab].fixed-gift[0]	Measured	NONE
gift_pokemon	Chimchar	443	Pallet Town Oak's Lab	Kanto	fixed-gift	NA	NA	1	NA	0	Brock	UNK	NA	NA	NA	NA	NA	NA	NA	NA	TRUE	one-time placement	data.js:areas[Pallet Town Oak's Lab].fixed-gift[0]	Measured	NONE
gift_pokemon	Piplup	446	Pallet Town Oak's Lab	Kanto	fixed-gift	NA	NA	1	NA	0	Brock	UNK	NA	NA	NA	NA	NA	NA	NA	NA	TRUE	one-time placement	data.js:areas[Pallet Town Oak's Lab].fixed-gift[0]	Measured	NONE
gift_pokemon	Snivy	548	Pallet Town Oak's Lab	Kanto	fixed-gift	NA	NA	1	NA	0	Brock	UNK	NA	NA	NA	NA	NA	NA	NA	NA	TRUE	one-time placement	data.js:areas[Pallet Town Oak's Lab].fixed-gift[0]	Measured	NONE
gift_pokemon	Tepig	551	Pallet Town Oak's Lab	Kanto	fixed-gift	NA	NA	1	NA	0	Brock	UNK	NA	NA	NA	NA	NA	NA	NA	NA	TRUE	one-time placement	data.js:areas[Pallet Town Oak's Lab].fixed-gift[0]	Measured	NONE
gift_pokemon	Oshawott	554	Pallet Town Oak's Lab	Kanto	fixed-gift	NA	NA	1	NA	0	Brock	UNK	NA	NA	NA	NA	NA	NA	NA	NA	TRUE	one-time placement	data.js:areas[Pallet Town Oak's Lab].fixed-gift[0]	Measured	NONE
gift_pokemon	Chespin	758	Pallet Town Oak's Lab	Kanto	fixed-gift	NA	NA	1	NA	0	Brock	UNK	NA	NA	NA	NA	NA	NA	NA	NA	TRUE	one-time placement	data.js:areas[Pallet Town Oak's Lab].fixed-gift[0]	Measured	NONE
gift_pokemon	Fennekin	761	Pallet Town Oak's Lab	Kanto	fixed-gift	NA	NA	1	NA	0	Brock	UNK	NA	NA	NA	NA	NA	NA	NA	NA	TRUE	one-time placement	data.js:areas[Pallet Town Oak's Lab].fixed-gift[0]	Measured	NONE
gift_pokemon	Froakie	764	Pallet Town Oak's Lab	Kanto	fixed-gift	NA	NA	1	NA	0	Brock	UNK	NA	NA	NA	NA	NA	NA	NA	NA	TRUE	one-time placement	data.js:areas[Pallet Town Oak's Lab].fixed-gift[0]	Measured	NONE
gift_pokemon	Sprigatito	921	Pallet Town Oak's Lab	Kanto	fixed-gift	NA	NA	1	NA	0	Brock	UNK	NA	NA	NA	NA	NA	NA	NA	NA	TRUE	one-time placement	data.js:areas[Pallet Town Oak's Lab].fixed-gift[0]	Measured	NONE
gift_pokemon	Fuecoco	924	Pallet Town Oak's Lab	Kanto	fixed-gift	NA	NA	1	NA	0	Brock	UNK	NA	NA	NA	NA	NA	NA	NA	NA	TRUE	one-time placement	data.js:areas[Pallet Town Oak's Lab].fixed-gift[0]	Measured	NONE
gift_pokemon	Quaxly	927	Pallet Town Oak's Lab	Kanto	fixed-gift	NA	NA	1	NA	0	Brock	UNK	NA	NA	NA	NA	NA	NA	NA	NA	TRUE	one-time placement	data.js:areas[Pallet Town Oak's Lab].fixed-gift[0]	Measured	NONE
gift_pokemon	Rowlet	939	Pallet Town Oak's Lab	Kanto	fixed-gift	NA	NA	1	NA	0	Brock	UNK	NA	NA	NA	NA	NA	NA	NA	NA	TRUE	one-time placement	data.js:areas[Pallet Town Oak's Lab].fixed-gift[0]	Measured	NONE
gift_pokemon	Litten	942	Pallet Town Oak's Lab	Kanto	fixed-gift	NA	NA	1	NA	0	Brock	UNK	NA	NA	NA	NA	NA	NA	NA	NA	TRUE	one-time placement	data.js:areas[Pallet Town Oak's Lab].fixed-gift[0]	Measured	NONE
gift_pokemon	Popplio	945	Pallet Town Oak's Lab	Kanto	fixed-gift	NA	NA	1	NA	0	Brock	UNK	NA	NA	NA	NA	NA	NA	NA	NA	TRUE	one-time placement	data.js:areas[Pallet Town Oak's Lab].fixed-gift[0]	Measured	NONE
gift_pokemon	Grookey	1102	Pallet Town Oak's Lab	Kanto	fixed-gift	NA	NA	1	NA	0	Brock	UNK	NA	NA	NA	NA	NA	NA	NA	NA	TRUE	one-time placement	data.js:areas[Pallet Town Oak's Lab].fixed-gift[0]	Measured	NONE
gift_pokemon	Scorbunny	1105	Pallet Town Oak's Lab	Kanto	fixed-gift	NA	NA	1	NA	0	Brock	UNK	NA	NA	NA	NA	NA	NA	NA	NA	TRUE	one-time placement	data.js:areas[Pallet Town Oak's Lab].fixed-gift[0]	Measured	NONE
gift_pokemon	Sobble	1108	Pallet Town Oak's Lab	Kanto	fixed-gift	NA	NA	1	NA	0	Brock	UNK	NA	NA	NA	NA	NA	NA	NA	NA	TRUE	one-time placement	data.js:areas[Pallet Town Oak's Lab].fixed-gift[0]	Measured	NONE
item_ground	Poke Ball	4	Pallet Town Oak's Lab	Kanto	item-standard	NA	NA	1	NA	0	Brock	UNK	NA	NA	NA	NA	NA	NA	NA	NA	TRUE	single placement	data.js:areas[Pallet Town Oak's Lab].item-standard[0]	Measured	NONE
item_ground	Eevium Z	600	Pallet Town Oak's Lab	Kanto	item-standard	NA	NA	1	NA	17	Post-Game	UNK	NA	NA	NA	NA	NA	NA	NA	NA	TRUE	single placement	data.js:areas[Pallet Town Oak's Lab].item-standard[17]	Measured	NONE
wild_encounter	Bidoof	452	Route 1	Kanto	wild-day	NA	NA	REPEATABLE	NA	0	Brock	UNK	20	2	4	0	NA	NA	NA	NA	FALSE	NA	data.js:areas[Route 1].wild-day[0]	Measured	rate Asserted from the locations sheet
wild_encounter	Zigzagoon	288	Route 1	Kanto	wild-day	NA	NA	REPEATABLE	NA	0	Brock	UNK	20	2	4	1	NA	NA	NA	NA	FALSE	NA	data.js:areas[Route 1].wild-day[0]	Measured	rate Asserted from the locations sheet
wild_encounter	Rattata	19	Route 1	Kanto	wild-day	NA	NA	REPEATABLE	NA	0	Brock	UNK	10	2	4	2	NA	NA	NA	NA	FALSE	NA	data.js:areas[Route 1].wild-day[0]	Measured	rate Asserted from the locations sheet
wild_encounter	Mienfoo	672	Route 1	Kanto	wild-day	NA	NA	REPEATABLE	NA	0	Brock	UNK	10	2	4	3	NA	NA	NA	NA	FALSE	NA	data.js:areas[Route 1].wild-day[0]	Measured	rate Asserted from the locations sheet
wild_encounter	Meowth	52	Route 1	Kanto	wild-day	NA	NA	REPEATABLE	NA	0	Brock	UNK	10	2	4	4	NA	NA	NA	NA	FALSE	NA	data.js:areas[Route 1].wild-day[0]	Measured	rate Asserted from the locations sheet
wild_encounter	Yungoos	951	Route 1	Kanto	wild-day	NA	NA	REPEATABLE	NA	0	Brock	UNK	10	2	4	5	NA	NA	NA	NA	FALSE	NA	data.js:areas[Route 1].wild-day[0]	Measured	rate Asserted from the locations sheet
wild_encounter	Pidgey	16	Route 1	Kanto	wild-day	NA	NA	REPEATABLE	NA	0	Brock	UNK	5	3	5	6	NA	NA	NA	NA	FALSE	NA	data.js:areas[Route 1].wild-day[0]	Measured	rate Asserted from the locations sheet
wild_encounter	Pidgey	16	Route 1	Kanto	wild-day	NA	NA	REPEATABLE	NA	0	Brock	UNK	5	3	5	7	NA	NA	NA	NA	FALSE	NA	data.js:areas[Route 1].wild-day[0]	Measured	rate Asserted from the locations sheet
wild_encounter	Smoliv	1324	Route 1	Kanto	wild-day	NA	NA	REPEATABLE	NA	0	Brock	UNK	4	2	4	8	NA	NA	NA	NA	FALSE	NA	data.js:areas[Route 1].wild-day[0]	Measured	rate Asserted from the locations sheet
wild_encounter	Smoliv	1324	Route 1	Kanto	wild-day	NA	NA	REPEATABLE	NA	0	Brock	UNK	4	2	4	9	NA	NA	NA	NA	FALSE	NA	data.js:areas[Route 1].wild-day[0]	Measured	rate Asserted from the locations sheet
wild_encounter	Pansear	566	Route 1	Kanto	wild-day	NA	NA	REPEATABLE	NA	0	Brock	UNK	1	2	4	10	NA	NA	NA	NA	FALSE	NA	data.js:areas[Route 1].wild-day[0]	Measured	rate Asserted from the locations sheet
wild_encounter	Pansear	566	Route 1	Kanto	wild-day	NA	NA	REPEATABLE	NA	0	Brock	UNK	1	2	4	11	NA	NA	NA	NA	FALSE	NA	data.js:areas[Route 1].wild-day[0]	Measured	rate Asserted from the locations sheet
wild_encounter	Poochyena	286	Route 1	Kanto	wild-night	NA	NA	REPEATABLE	NA	0	Brock	UNK	20	2	4	0	NA	NA	NA	NA	FALSE	NA	data.js:areas[Route 1].wild-night[0]	Measured	rate Asserted from the locations sheet
wild_encounter	Zigzagoon-Galar	1222	Route 1	Kanto	wild-night	NA	NA	REPEATABLE	NA	0	Brock	UNK	20	2	4	1	NA	NA	NA	NA	FALSE	NA	data.js:areas[Route 1].wild-night[0]	Measured	rate Asserted from the locations sheet
wild_encounter	Rattata-Alola	1020	Route 1	Kanto	wild-night	NA	NA	REPEATABLE	NA	0	Brock	UNK	10	2	4	2	NA	NA	NA	NA	FALSE	NA	data.js:areas[Route 1].wild-night[0]	Measured	rate Asserted from the locations sheet
wild_encounter	Scraggy	612	Route 1	Kanto	wild-night	NA	NA	REPEATABLE	NA	0	Brock	UNK	10	2	4	3	NA	NA	NA	NA	FALSE	NA	data.js:areas[Route 1].wild-night[0]	Measured	rate Asserted from the locations sheet
wild_encounter	Meowth-Galar	1208	Route 1	Kanto	wild-night	NA	NA	REPEATABLE	NA	0	Brock	UNK	10	2	4	4	NA	NA	NA	NA	FALSE	NA	data.js:areas[Route 1].wild-night[0]	Measured	rate Asserted from the locations sheet
wild_encounter	Hoothoot	163	Route 1	Kanto	wild-night	NA	NA	REPEATABLE	NA	0	Brock	UNK	10	2	4	5	NA	NA	NA	NA	FALSE	NA	data.js:areas[Route 1].wild-night[0]	Measured	rate Asserted from the locations sheet
wild_encounter	Pidgey	16	Route 1	Kanto	wild-night	NA	NA	REPEATABLE	NA	0	Brock	UNK	5	3	5	6	NA	NA	NA	NA	FALSE	NA	data.js:areas[Route 1].wild-night[0]	Measured	rate Asserted from the locations sheet
wild_encounter	Pidgey	16	Route 1	Kanto	wild-night	NA	NA	REPEATABLE	NA	0	Brock	UNK	5	3	5	7	NA	NA	NA	NA	FALSE	NA	data.js:areas[Route 1].wild-night[0]	Measured	rate Asserted from the locations sheet
wild_encounter	Seedot	298	Route 1	Kanto	wild-night	NA	NA	REPEATABLE	NA	0	Brock	UNK	4	2	4	8	NA	NA	NA	NA	FALSE	NA	data.js:areas[Route 1].wild-night[0]	Measured	rate Asserted from the locations sheet
wild_encounter	Seedot	298	Route 1	Kanto	wild-night	NA	NA	REPEATABLE	NA	0	Brock	UNK	4	2	4	9	NA	NA	NA	NA	FALSE	NA	data.js:areas[Route 1].wild-night[0]	Measured	rate Asserted from the locations sheet
wild_encounter	Pansear	566	Route 1	Kanto	wild-night	NA	NA	REPEATABLE	NA	0	Brock	UNK	1	2	4	10	NA	NA	NA	NA	FALSE	NA	data.js:areas[Route 1].wild-night[0]	Measured	rate Asserted from the locations sheet
wild_encounter	Pansear	566	Route 1	Kanto	wild-night	NA	NA	REPEATABLE	NA	0	Brock	UNK	1	2	4	11	NA	NA	NA	NA	FALSE	NA	data.js:areas[Route 1].wild-night[0]	Measured	rate Asserted from the locations sheet
item_ground	Potion	13	Route 1	Kanto	item-standard	NA	NA	10	NA	0	Brock	UNK	NA	NA	NA	NA	NA	NA	NA	NA	TRUE	single placement	data.js:areas[Route 1].item-standard[0]	Asserted	 quantity from the official item sheet
wild_encounter	Shinx	456	Viridian City	Kanto	wild-day	NA	NA	REPEATABLE	NA	0	Brock	UNK	20	3	5	0	NA	NA	NA	NA	FALSE	NA	data.js:areas[Viridian City].wild-day[0]	Measured	rate Asserted from the locations sheet
wild_encounter	Wooloo	1123	Viridian City	Kanto	wild-day	NA	NA	REPEATABLE	NA	0	Brock	UNK	20	3	5	1	NA	NA	NA	NA	FALSE	NA	data.js:areas[Viridian City].wild-day[0]	Measured	rate Asserted from the locations sheet
wild_encounter	Poochyena	286	Viridian City	Kanto	wild-day	NA	NA	REPEATABLE	NA	0	Brock	UNK	10	3	5	2	NA	NA	NA	NA	FALSE	NA	data.js:areas[Viridian City].wild-day[0]	Measured	rate Asserted from the locations sheet
wild_encounter	Spearow	21	Viridian City	Kanto	wild-day	NA	NA	REPEATABLE	NA	0	Brock	UNK	10	3	5	3	NA	NA	NA	NA	FALSE	NA	data.js:areas[Viridian City].wild-day[0]	Measured	rate Asserted from the locations sheet
wild_encounter	Patrat	557	Viridian City	Kanto	wild-day	NA	NA	REPEATABLE	NA	0	Brock	UNK	10	3	5	4	NA	NA	NA	NA	FALSE	NA	data.js:areas[Viridian City].wild-day[0]	Measured	rate Asserted from the locations sheet
wild_encounter	Cubchoo	666	Viridian City	Kanto	wild-day	NA	NA	REPEATABLE	NA	0	Brock	UNK	10	4	6	5	NA	NA	NA	NA	FALSE	NA	data.js:areas[Viridian City].wild-day[0]	Measured	rate Asserted from the locations sheet
wild_encounter	Deerling	738	Viridian City	Kanto	wild-day	NA	NA	REPEATABLE	NA	0	Brock	UNK	5	3	5	6	NA	NA	NA	NA	FALSE	NA	data.js:areas[Viridian City].wild-day[0]	Measured	rate Asserted from the locations sheet
wild_encounter	Greavard	859	Viridian City	Kanto	wild-day	NA	NA	REPEATABLE	NA	0	Brock	UNK	5	3	5	7	NA	NA	NA	NA	FALSE	NA	data.js:areas[Viridian City].wild-day[0]	Measured	rate Asserted from the locations sheet
wild_encounter	Pikipek	948	Viridian City	Kanto	wild-day	NA	NA	REPEATABLE	NA	0	Brock	UNK	4	3	5	8	NA	NA	NA	NA	FALSE	NA	data.js:areas[Viridian City].wild-day[0]	Measured	rate Asserted from the locations sheet
wild_encounter	Pikipek	948	Viridian City	Kanto	wild-day	NA	NA	REPEATABLE	NA	0	Brock	UNK	4	3	5	9	NA	NA	NA	NA	FALSE	NA	data.js:areas[Viridian City].wild-day[0]	Measured	rate Asserted from the locations sheet
wild_encounter	Snover	512	Viridian City	Kanto	wild-day	NA	NA	REPEATABLE	NA	0	Brock	UNK	1	3	5	10	NA	NA	NA	NA	FALSE	NA	data.js:areas[Viridian City].wild-day[0]	Measured	rate Asserted from the locations sheet
wild_encounter	Snover	512	Viridian City	Kanto	wild-day	NA	NA	REPEATABLE	NA	0	Brock	UNK	1	3	5	11	NA	NA	NA	NA	FALSE	NA	data.js:areas[Viridian City].wild-day[0]	Measured	rate Asserted from the locations sheet
wild_encounter	Pawmi	843	Viridian City	Kanto	wild-night	NA	NA	REPEATABLE	NA	0	Brock	UNK	20	3	5	0	NA	NA	NA	NA	FALSE	NA	data.js:areas[Viridian City].wild-night[0]	Measured	rate Asserted from the locations sheet
wild_encounter	Mareep	179	Viridian City	Kanto	wild-night	NA	NA	REPEATABLE	NA	0	Brock	UNK	20	3	5	1	NA	NA	NA	NA	FALSE	NA	data.js:areas[Viridian City].wild-night[0]	Measured	rate Asserted from the locations sheet
wild_encounter	Poochyena	286	Viridian City	Kanto	wild-night	NA	NA	REPEATABLE	NA	0	Brock	UNK	10	3	5	2	NA	NA	NA	NA	FALSE	NA	data.js:areas[Viridian City].wild-night[0]	Measured	rate Asserted from the locations sheet
wild_encounter	Spearow	21	Viridian City	Kanto	wild-night	NA	NA	REPEATABLE	NA	0	Brock	UNK	10	3	5	3	NA	NA	NA	NA	FALSE	NA	data.js:areas[Viridian City].wild-night[0]	Measured	rate Asserted from the locations sheet
wild_encounter	Patrat	557	Viridian City	Kanto	wild-night	NA	NA	REPEATABLE	NA	0	Brock	UNK	10	3	5	4	NA	NA	NA	NA	FALSE	NA	data.js:areas[Viridian City].wild-night[0]	Measured	rate Asserted from the locations sheet
wild_encounter	Cubchoo	666	Viridian City	Kanto	wild-night	NA	NA	REPEATABLE	NA	0	Brock	UNK	10	4	6	5	NA	NA	NA	NA	FALSE	NA	data.js:areas[Viridian City].wild-night[0]	Measured	rate Asserted from the locations sheet
wild_encounter	Deerling	739	Viridian City	Kanto	wild-night	NA	NA	REPEATABLE	NA	0	Brock	UNK	5	3	5	6	NA	NA	NA	NA	FALSE	NA	data.js:areas[Viridian City].wild-night[0]	Measured	rate Asserted from the locations sheet
wild_encounter	Shuppet	377	Viridian City	Kanto	wild-night	NA	NA	REPEATABLE	NA	0	Brock	UNK	5	3	5	7	NA	NA	NA	NA	FALSE	NA	data.js:areas[Viridian City].wild-night[0]	Measured	rate Asserted from the locations sheet
wild_encounter	Wattrel	1335	Viridian City	Kanto	wild-night	NA	NA	REPEATABLE	NA	0	Brock	UNK	4	3	5	8	NA	NA	NA	NA	FALSE	NA	data.js:areas[Viridian City].wild-night[0]	Measured	rate Asserted from the locations sheet
wild_encounter	Wattrel	1335	Viridian City	Kanto	wild-night	NA	NA	REPEATABLE	NA	0	Brock	UNK	4	3	5	9	NA	NA	NA	NA	FALSE	NA	data.js:areas[Viridian City].wild-night[0]	Measured	rate Asserted from the locations sheet
wild_encounter	Swinub	220	Viridian City	Kanto	wild-night	NA	NA	REPEATABLE	NA	0	Brock	UNK	1	3	5	10	NA	NA	NA	NA	FALSE	NA	data.js:areas[Viridian City].wild-night[0]	Measured	rate Asserted from the locations sheet
wild_encounter	Swinub	220	Viridian City	Kanto	wild-night	NA	NA	REPEATABLE	NA	0	Brock	UNK	1	3	5	11	NA	NA	NA	NA	FALSE	NA	data.js:areas[Viridian City].wild-night[0]	Measured	rate Asserted from the locations sheet
wild_encounter	Lanturn	171	Viridian City	Kanto	wild-surf	NA	NA	REPEATABLE	NA	10	May	UNK	60	56	58	0	NA	NA	NA	NA	FALSE	NA	data.js:areas[Viridian City].wild-surf[10]	Measured	rate Asserted from the locations sheet
wild_encounter	Lanturn	171	Viridian City	Kanto	wild-surf	NA	NA	REPEATABLE	NA	10	May	UNK	30	56	58	1	NA	NA	NA	NA	FALSE	NA	data.js:areas[Viridian City].wild-surf[10]	Measured	rate Asserted from the locations sheet
wild_encounter	Lanturn	171	Viridian City	Kanto	wild-surf	NA	NA	REPEATABLE	NA	10	May	UNK	5	56	58	2	NA	NA	NA	NA	FALSE	NA	data.js:areas[Viridian City].wild-surf[10]	Measured	rate Asserted from the locations sheet
wild_encounter	Lanturn	171	Viridian City	Kanto	wild-surf	NA	NA	REPEATABLE	NA	10	May	UNK	4	56	58	3	NA	NA	NA	NA	FALSE	NA	data.js:areas[Viridian City].wild-surf[10]	Measured	rate Asserted from the locations sheet
wild_encounter	Lanturn	171	Viridian City	Kanto	wild-surf	NA	NA	REPEATABLE	NA	10	May	UNK	1	56	58	4	NA	NA	NA	NA	FALSE	NA	data.js:areas[Viridian City].wild-surf[10]	Measured	rate Asserted from the locations sheet
roaming_pokemon	Latias	407	Viridian City	Kanto	fixed-roaming	NA	NA	1	NA	15	Brendan	UNK	NA	NA	NA	NA	NA	NA	NA	NA	FALSE	NA	data.js:areas[Viridian City].fixed-roaming[15]	Measured	NONE
roaming_pokemon	Latios	408	Viridian City	Kanto	fixed-roaming	NA	NA	1	NA	15	Brendan	UNK	NA	NA	NA	NA	NA	NA	NA	NA	FALSE	NA	data.js:areas[Viridian City].fixed-roaming[15]	Measured	NONE
roaming_pokemon	Tornadus	694	Viridian City	Kanto	fixed-roaming	NA	NA	1	NA	15	Brendan	UNK	NA	NA	NA	NA	NA	NA	NA	NA	FALSE	NA	data.js:areas[Viridian City].fixed-roaming[15]	Measured	NONE
roaming_pokemon	Thundurus	695	Viridian City	Kanto	fixed-roaming	NA	NA	1	NA	15	Brendan	UNK	NA	NA	NA	NA	NA	NA	NA	NA	FALSE	NA	data.js:areas[Viridian City].fixed-roaming[15]	Measured	NONE
roaming_pokemon	Landorus	698	Viridian City	Kanto	fixed-roaming	NA	NA	1	NA	15	Brendan	UNK	NA	NA	NA	NA	NA	NA	NA	NA	FALSE	NA	data.js:areas[Viridian City].fixed-roaming[15]	Measured	NONE
roaming_pokemon	Ting-Lu	747	Viridian City	Kanto	fixed-roaming	NA	NA	1	NA	15	Brendan	UNK	NA	NA	NA	NA	NA	NA	NA	NA	FALSE	NA	data.js:areas[Viridian City].fixed-roaming[15]	Measured	NONE
roaming_pokemon	Chien-Pao	748	Viridian City	Kanto	fixed-roaming	NA	NA	1	NA	15	Brendan	UNK	NA	NA	NA	NA	NA	NA	NA	NA	FALSE	NA	data.js:areas[Viridian City].fixed-roaming[15]	Measured	NONE
roaming_pokemon	Wo-Chien	749	Viridian City	Kanto	fixed-roaming	NA	NA	1	NA	15	Brendan	UNK	NA	NA	NA	NA	NA	NA	NA	NA	FALSE	NA	data.js:areas[Viridian City].fixed-roaming[15]	Measured	NONE
roaming_pokemon	Chi-Yu	750	Viridian City	Kanto	fixed-roaming	NA	NA	1	NA	15	Brendan	UNK	NA	NA	NA	NA	NA	NA	NA	NA	FALSE	NA	data.js:areas[Viridian City].fixed-roaming[15]	Measured	NONE
roaming_pokemon	Terapagos-Terastal	1370	Viridian City	Kanto	fixed-roaming	NA	NA	1	NA	15	Brendan	UNK	NA	NA	NA	NA	NA	NA	NA	NA	FALSE	NA	data.js:areas[Viridian City].fixed-roaming[15]	Measured	NONE
item_ground	Repel	86	Viridian City	Kanto	item-standard	NA	NA	1	NA	0	Brock	UNK	NA	NA	NA	NA	NA	NA	NA	NA	TRUE	single placement	data.js:areas[Viridian City].item-standard[0]	Measured	NONE
item_ground	Old Rod	262	Viridian City	Kanto	item-standard	NA	NA	1	NA	0	Brock	UNK	NA	NA	NA	NA	NA	NA	NA	NA	TRUE	single placement	data.js:areas[Viridian City].item-standard[0]	Measured	NONE
item_ground	Teachy TV	366	Viridian City	Kanto	item-standard	NA	NA	1	NA	0	Brock	UNK	NA	NA	NA	NA	NA	NA	NA	NA	TRUE	single placement	data.js:areas[Viridian City].item-standard[0]	Measured	NONE
item_ground	TM120	445	Viridian City	Kanto	item-standard	NA	NA	1	NA	10	May	UNK	NA	NA	NA	NA	NA	120	Ice Spinner	NA	TRUE	single placement	data.js:areas[Viridian City].item-standard[10]	Measured	NONE
item_care_package	Rare Candy	68	Viridian City	Kanto	item-cheat	NA	NA	1	NA	0	Brock	UNK	NA	NA	NA	NA	NA	NA	NA	NA	TRUE	single placement	data.js:areas[Viridian City].item-cheat[0]	Measured	care-package item, delivered by code not exploration
item_care_package	Pomeg Berry	153	Viridian City	Kanto	item-cheat	NA	NA	1	NA	0	Brock	UNK	NA	NA	NA	NA	NA	NA	NA	NA	TRUE	single placement	data.js:areas[Viridian City].item-cheat[0]	Measured	care-package item, delivered by code not exploration
wild_encounter	Marill	183	Viridian City	Kanto	wild-oldRod	NA	NA	REPEATABLE	NA	0	Brock	UNK	70	3	4	0	NA	NA	NA	NA	FALSE	NA	data.js:areas[Viridian City].wild-oldRod[0]	Measured	rate Asserted from the locations sheet
wild_encounter	Clamperl	373	Viridian City	Kanto	wild-oldRod	NA	NA	REPEATABLE	NA	0	Brock	UNK	30	3	4	1	NA	NA	NA	NA	FALSE	NA	data.js:areas[Viridian City].wild-oldRod[0]	Measured	rate Asserted from the locations sheet
wild_encounter	Clauncher	800	Viridian City	Kanto	wild-goodRod	NA	NA	REPEATABLE	NA	3	Surge	UNK	60	27	29	0	NA	NA	NA	NA	FALSE	NA	data.js:areas[Viridian City].wild-goodRod[3]	Measured	rate Asserted from the locations sheet
wild_encounter	Remoraid	223	Viridian City	Kanto	wild-goodRod	NA	NA	REPEATABLE	NA	3	Surge	UNK	20	27	29	1	NA	NA	NA	NA	FALSE	NA	data.js:areas[Viridian City].wild-goodRod[3]	Measured	rate Asserted from the locations sheet
wild_encounter	Corsola	222	Viridian City	Kanto	wild-goodRod	NA	NA	REPEATABLE	NA	3	Surge	UNK	20	27	29	2	NA	NA	NA	NA	FALSE	NA	data.js:areas[Viridian City].wild-goodRod[3]	Measured	rate Asserted from the locations sheet
wild_encounter	Luvdisc	325	Viridian City	Kanto	wild-superRod	NA	NA	REPEATABLE	NA	9	Koga	UNK	40	53	55	0	NA	NA	NA	NA	FALSE	NA	data.js:areas[Viridian City].wild-superRod[9]	Measured	rate Asserted from the locations sheet
wild_encounter	Luvdisc	325	Viridian City	Kanto	wild-superRod	NA	NA	REPEATABLE	NA	9	Koga	UNK	40	53	55	1	NA	NA	NA	NA	FALSE	NA	data.js:areas[Viridian City].wild-superRod[9]	Measured	rate Asserted from the locations sheet
wild_encounter	Bruxish	996	Viridian City	Kanto	wild-superRod	NA	NA	REPEATABLE	NA	9	Koga	UNK	15	53	55	2	NA	NA	NA	NA	FALSE	NA	data.js:areas[Viridian City].wild-superRod[9]	Measured	rate Asserted from the locations sheet
wild_encounter	Clawitzer	801	Viridian City	Kanto	wild-superRod	NA	NA	REPEATABLE	NA	9	Koga	UNK	4	53	55	3	NA	NA	NA	NA	FALSE	NA	data.js:areas[Viridian City].wild-superRod[9]	Measured	rate Asserted from the locations sheet
wild_encounter	Clawitzer	801	Viridian City	Kanto	wild-superRod	NA	NA	REPEATABLE	NA	9	Koga	UNK	1	53	55	4	NA	NA	NA	NA	FALSE	NA	data.js:areas[Viridian City].wild-superRod[9]	Measured	rate Asserted from the locations sheet
item_ground	Big Nugget	115	Viridian City Poke Center	Kanto	item-standard	NA	NA	10	NA	0	Brock	UNK	NA	NA	NA	NA	NA	NA	NA	NA	TRUE	single placement	data.js:areas[Viridian City Poke Center].item-standard[0]	Asserted	 quantity from the official item sheet
item_ground	Wishing Piece	641	Viridian City Poke Center	Kanto	item-standard	NA	NA	5	NA	0	Brock	UNK	NA	NA	NA	NA	NA	NA	NA	NA	TRUE	single placement	data.js:areas[Viridian City Poke Center].item-standard[0]	Asserted	 quantity from the official item sheet
item_ground	Red Card	704	Viridian City Poke Center	Kanto	item-standard	NA	NA	1	NA	0	Brock	UNK	NA	NA	NA	NA	NA	NA	NA	NA	TRUE	single placement	data.js:areas[Viridian City Poke Center].item-standard[0]	Measured	NONE
item_ground	Eject Button	709	Viridian City Poke Center	Kanto	item-standard	NA	NA	1	NA	0	Brock	UNK	NA	NA	NA	NA	NA	NA	NA	NA	TRUE	single placement	data.js:areas[Viridian City Poke Center].item-standard[0]	Measured	NONE
item_ground	Safety Goggles	714	Viridian City Poke Center	Kanto	item-standard	NA	NA	1	NA	0	Brock	UNK	NA	NA	NA	NA	NA	NA	NA	NA	TRUE	single placement	data.js:areas[Viridian City Poke Center].item-standard[0]	Measured	NONE
item_ground	Protective Pads	717	Viridian City Poke Center	Kanto	item-standard	NA	NA	1	NA	0	Brock	UNK	NA	NA	NA	NA	NA	NA	NA	NA	TRUE	single placement	data.js:areas[Viridian City Poke Center].item-standard[0]	Measured	NONE
item_ground	Wise Glasses	675	Viridian City Trainer School	Kanto	item-standard	NA	NA	1	NA	0	Brock	UNK	NA	NA	NA	NA	NA	NA	NA	NA	TRUE	single placement	data.js:areas[Viridian City Trainer School].item-standard[0]	Measured	NONE
item_ground	Oak's Parcel	349	Viridian City Poke Mart	Kanto	item-standard	NA	NA	1	NA	0	Brock	UNK	NA	NA	NA	NA	NA	NA	NA	NA	TRUE	single placement	data.js:areas[Viridian City Poke Mart].item-standard[0]	Measured	NONE
vendor_stock	Ultra Ball	2	Viridian City Poke Mart	Kanto	item-shop	UNK	money	UNLIMITED	NA	0	Brock	UNK	NA	NA	NA	NA	NA	NA	NA	NA	FALSE	NA	data.js:areas[Viridian City Poke Mart].item-shop[0]	Measured	NONE
vendor_stock	Great Ball	3	Viridian City Poke Mart	Kanto	item-shop	UNK	money	UNLIMITED	NA	0	Brock	UNK	NA	NA	NA	NA	NA	NA	NA	NA	FALSE	NA	data.js:areas[Viridian City Poke Mart].item-shop[0]	Measured	NONE
vendor_stock	Poke Ball	4	Viridian City Poke Mart	Kanto	item-shop	UNK	money	UNLIMITED	NA	0	Brock	UNK	NA	NA	NA	NA	NA	NA	NA	NA	FALSE	NA	data.js:areas[Viridian City Poke Mart].item-shop[0]	Measured	NONE
vendor_stock	Potion	13	Viridian City Poke Mart	Kanto	item-shop	UNK	money	UNLIMITED	NA	0	Brock	UNK	NA	NA	NA	NA	NA	NA	NA	NA	FALSE	NA	data.js:areas[Viridian City Poke Mart].item-shop[0]	Measured	NONE
vendor_stock	Antidote	14	Viridian City Poke Mart	Kanto	item-shop	UNK	money	UNLIMITED	NA	0	Brock	UNK	NA	NA	NA	NA	NA	NA	NA	NA	FALSE	NA	data.js:areas[Viridian City Poke Mart].item-shop[0]	Measured	NONE
vendor_stock	Burn Heal	15	Viridian City Poke Mart	Kanto	item-shop	UNK	money	UNLIMITED	NA	0	Brock	UNK	NA	NA	NA	NA	NA	NA	NA	NA	FALSE	NA	data.js:areas[Viridian City Poke Mart].item-shop[0]	Measured	NONE
vendor_stock	Ice Heal	16	Viridian City Poke Mart	Kanto	item-shop	UNK	money	UNLIMITED	NA	0	Brock	UNK	NA	NA	NA	NA	NA	NA	NA	NA	FALSE	NA	data.js:areas[Viridian City Poke Mart].item-shop[0]	Measured	NONE
vendor_stock	Awakening	17	Viridian City Poke Mart	Kanto	item-shop	UNK	money	UNLIMITED	NA	0	Brock	UNK	NA	NA	NA	NA	NA	NA	NA	NA	FALSE	NA	data.js:areas[Viridian City Poke Mart].item-shop[0]	Measured	NONE
vendor_stock	Paralyze Heal	18	Viridian City Poke Mart	Kanto	item-shop	UNK	money	UNLIMITED	NA	0	Brock	UNK	NA	NA	NA	NA	NA	NA	NA	NA	FALSE	NA	data.js:areas[Viridian City Poke Mart].item-shop[0]	Measured	NONE
vendor_stock	Full Restore	19	Viridian City Poke Mart	Kanto	item-shop	UNK	money	UNLIMITED	NA	0	Brock	UNK	NA	NA	NA	NA	NA	NA	NA	NA	FALSE	NA	data.js:areas[Viridian City Poke Mart].item-shop[0]	Measured	NONE
vendor_stock	Max Potion	20	Viridian City Poke Mart	Kanto	item-shop	UNK	money	UNLIMITED	NA	0	Brock	UNK	NA	NA	NA	NA	NA	NA	NA	NA	FALSE	NA	data.js:areas[Viridian City Poke Mart].item-shop[0]	Measured	NONE
vendor_stock	Hyper Potion	21	Viridian City Poke Mart	Kanto	item-shop	UNK	money	UNLIMITED	NA	0	Brock	UNK	NA	NA	NA	NA	NA	NA	NA	NA	FALSE	NA	data.js:areas[Viridian City Poke Mart].item-shop[0]	Measured	NONE
vendor_stock	Super Potion	22	Viridian City Poke Mart	Kanto	item-shop	UNK	money	UNLIMITED	NA	0	Brock	UNK	NA	NA	NA	NA	NA	NA	NA	NA	FALSE	NA	data.js:areas[Viridian City Poke Mart].item-shop[0]	Measured	NONE
vendor_stock	Full Heal	23	Viridian City Poke Mart	Kanto	item-shop	UNK	money	UNLIMITED	NA	0	Brock	UNK	NA	NA	NA	NA	NA	NA	NA	NA	FALSE	NA	data.js:areas[Viridian City Poke Mart].item-shop[0]	Measured	NONE
vendor_stock	Revive	24	Viridian City Poke Mart	Kanto	item-shop	UNK	money	UNLIMITED	NA	0	Brock	UNK	NA	NA	NA	NA	NA	NA	NA	NA	FALSE	NA	data.js:areas[Viridian City Poke Mart].item-shop[0]	Measured	NONE
vendor_stock	Super Repel	83	Viridian City Poke Mart	Kanto	item-shop	UNK	money	UNLIMITED	NA	0	Brock	UNK	NA	NA	NA	NA	NA	NA	NA	NA	FALSE	NA	data.js:areas[Viridian City Poke Mart].item-shop[0]	Measured	NONE
vendor_stock	Max Repel	84	Viridian City Poke Mart	Kanto	item-shop	UNK	money	UNLIMITED	NA	0	Brock	UNK	NA	NA	NA	NA	NA	NA	NA	NA	FALSE	NA	data.js:areas[Viridian City Poke Mart].item-shop[0]	Measured	NONE
vendor_stock	Escape Rope	85	Viridian City Poke Mart	Kanto	item-shop	UNK	money	UNLIMITED	NA	0	Brock	UNK	NA	NA	NA	NA	NA	NA	NA	NA	FALSE	NA	data.js:areas[Viridian City Poke Mart].item-shop[0]	Measured	NONE
vendor_stock	Repel	86	Viridian City Poke Mart	Kanto	item-shop	UNK	money	UNLIMITED	NA	0	Brock	UNK	NA	NA	NA	NA	NA	NA	NA	NA	FALSE	NA	data.js:areas[Viridian City Poke Mart].item-shop[0]	Measured	NONE
wild_encounter	Wooper	194	Route 21 North	Kanto	wild-day	NA	NA	REPEATABLE	NA	0	Brock	UNK	20	4	6	0	NA	NA	NA	NA	FALSE	NA	data.js:areas[Route 21 North].wild-day[0]	Measured	rate Asserted from the locations sheet
wild_encounter	Lechonk	846	Route 21 North	Kanto	wild-day	NA	NA	REPEATABLE	NA	0	Brock	UNK	20	4	6	1	NA	NA	NA	NA	FALSE	NA	data.js:areas[Route 21 North].wild-day[0]	Measured	rate Asserted from the locations sheet
wild_encounter	Wiglett	932	Route 21 North	Kanto	wild-day	NA	NA	REPEATABLE	NA	0	Brock	UNK	10	4	6	2	NA	NA	NA	NA	FALSE	NA	data.js:areas[Route 21 North].wild-day[0]	Measured	rate Asserted from the locations sheet
wild_encounter	Wiglett	932	Route 21 North	Kanto	wild-day	NA	NA	REPEATABLE	NA	0	Brock	UNK	10	4	6	3	NA	NA	NA	NA	FALSE	NA	data.js:areas[Route 21 North].wild-day[0]	Measured	rate Asserted from the locations sheet
wild_encounter	Dwebble	610	Route 21 North	Kanto	wild-day	NA	NA	REPEATABLE	NA	0	Brock	UNK	10	4	6	4	NA	NA	NA	NA	FALSE	NA	data.js:areas[Route 21 North].wild-day[0]	Measured	rate Asserted from the locations sheet
wild_encounter	Snubbull	209	Route 21 North	Kanto	wild-day	NA	NA	REPEATABLE	NA	0	Brock	UNK	10	4	6	5	NA	NA	NA	NA	FALSE	NA	data.js:areas[Route 21 North].wild-day[0]	Measured	rate Asserted from the locations sheet
wild_encounter	Wingull	309	Route 21 North	Kanto	wild-day	NA	NA	REPEATABLE	NA	0	Brock	UNK	5	4	6	6	NA	NA	NA	NA	FALSE	NA	data.js:areas[Route 21 North].wild-day[0]	Measured	rate Asserted from the locations sheet
wild_encounter	Wingull	309	Route 21 North	Kanto	wild-day	NA	NA	REPEATABLE	NA	0	Brock	UNK	5	4	6	7	NA	NA	NA	NA	FALSE	NA	data.js:areas[Route 21 North].wild-day[0]	Measured	rate Asserted from the locations sheet
wild_encounter	Fidough	1347	Route 21 North	Kanto	wild-day	NA	NA	REPEATABLE	NA	0	Brock	UNK	4	4	6	8	NA	NA	NA	NA	FALSE	NA	data.js:areas[Route 21 North].wild-day[0]	Measured	rate Asserted from the locations sheet
wild_encounter	Fidough	1347	Route 21 North	Kanto	wild-day	NA	NA	REPEATABLE	NA	0	Brock	UNK	4	4	6	9	NA	NA	NA	NA	FALSE	NA	data.js:areas[Route 21 North].wild-day[0]	Measured	rate Asserted from the locations sheet
wild_encounter	Capsakid	1327	Route 21 North	Kanto	wild-day	NA	NA	REPEATABLE	NA	0	Brock	UNK	1	4	6	10	NA	NA	NA	NA	FALSE	NA	data.js:areas[Route 21 North].wild-day[0]	Measured	rate Asserted from the locations sheet
wild_encounter	Capsakid	1327	Route 21 North	Kanto	wild-day	NA	NA	REPEATABLE	NA	0	Brock	UNK	1	4	6	11	NA	NA	NA	NA	FALSE	NA	data.js:areas[Route 21 North].wild-day[0]	Measured	rate Asserted from the locations sheet
wild_encounter	Wooper-Paldea	930	Route 21 North	Kanto	wild-night	NA	NA	REPEATABLE	NA	0	Brock	UNK	20	4	6	0	NA	NA	NA	NA	FALSE	NA	data.js:areas[Route 21 North].wild-night[0]	Measured	rate Asserted from the locations sheet
wild_encounter	Lechonk	846	Route 21 North	Kanto	wild-night	NA	NA	REPEATABLE	NA	0	Brock	UNK	20	4	6	1	NA	NA	NA	NA	FALSE	NA	data.js:areas[Route 21 North].wild-night[0]	Measured	rate Asserted from the locations sheet
wild_encounter	Wiglett	932	Route 21 North	Kanto	wild-night	NA	NA	REPEATABLE	NA	0	Brock	UNK	10	4	6	2	NA	NA	NA	NA	FALSE	NA	data.js:areas[Route 21 North].wild-night[0]	Measured	rate Asserted from the locations sheet
wild_encounter	Wiglett	932	Route 21 North	Kanto	wild-night	NA	NA	REPEATABLE	NA	0	Brock	UNK	10	4	6	3	NA	NA	NA	NA	FALSE	NA	data.js:areas[Route 21 North].wild-night[0]	Measured	rate Asserted from the locations sheet
wild_encounter	Dwebble	610	Route 21 North	Kanto	wild-night	NA	NA	REPEATABLE	NA	0	Brock	UNK	10	4	6	4	NA	NA	NA	NA	FALSE	NA	data.js:areas[Route 21 North].wild-night[0]	Measured	rate Asserted from the locations sheet
wild_encounter	Snubbull	209	Route 21 North	Kanto	wild-night	NA	NA	REPEATABLE	NA	0	Brock	UNK	10	4	6	5	NA	NA	NA	NA	FALSE	NA	data.js:areas[Route 21 North].wild-night[0]	Measured	rate Asserted from the locations sheet
wild_encounter	Wingull	309	Route 21 North	Kanto	wild-night	NA	NA	REPEATABLE	NA	0	Brock	UNK	5	4	6	6	NA	NA	NA	NA	FALSE	NA	data.js:areas[Route 21 North].wild-night[0]	Measured	rate Asserted from the locations sheet
wild_encounter	Wingull	309	Route 21 North	Kanto	wild-night	NA	NA	REPEATABLE	NA	0	Brock	UNK	5	4	6	7	NA	NA	NA	NA	FALSE	NA	data.js:areas[Route 21 North].wild-night[0]	Measured	rate Asserted from the locations sheet
wild_encounter	Maschiff	1349	Route 21 North	Kanto	wild-night	NA	NA	REPEATABLE	NA	0	Brock	UNK	4	4	6	8	NA	NA	NA	NA	FALSE	NA	data.js:areas[Route 21 North].wild-night[0]	Measured	rate Asserted from the locations sheet
wild_encounter	Maschiff	1349	Route 21 North	Kanto	wild-night	NA	NA	REPEATABLE	NA	0	Brock	UNK	4	4	6	9	NA	NA	NA	NA	FALSE	NA	data.js:areas[Route 21 North].wild-night[0]	Measured	rate Asserted from the locations sheet
wild_encounter	Lotad	295	Route 21 North	Kanto	wild-night	NA	NA	REPEATABLE	NA	0	Brock	UNK	1	4	6	10	NA	NA	NA	NA	FALSE	NA	data.js:areas[Route 21 North].wild-night[0]	Measured	rate Asserted from the locations sheet
wild_encounter	Lotad	295	Route 21 North	Kanto	wild-night	NA	NA	REPEATABLE	NA	0	Brock	UNK	1	4	6	11	NA	NA	NA	NA	FALSE	NA	data.js:areas[Route 21 North].wild-night[0]	Measured	rate Asserted from the locations sheet
wild_encounter	Tentacruel	73	Route 21 North	Kanto	wild-surf	NA	NA	REPEATABLE	NA	10	May	UNK	60	56	58	0	NA	NA	NA	NA	FALSE	NA	data.js:areas[Route 21 North].wild-surf[10]	Measured	rate Asserted from the locations sheet
wild_encounter	Barraskewda	1139	Route 21 North	Kanto	wild-surf	NA	NA	REPEATABLE	NA	10	May	UNK	30	56	58	1	NA	NA	NA	NA	FALSE	NA	data.js:areas[Route 21 North].wild-surf[10]	Measured	rate Asserted from the locations sheet
wild_encounter	Lumineon	510	Route 21 North	Kanto	wild-surf	NA	NA	REPEATABLE	NA	10	May	UNK	5	56	58	2	NA	NA	NA	NA	FALSE	NA	data.js:areas[Route 21 North].wild-surf[10]	Measured	rate Asserted from the locations sheet
wild_encounter	Cramorant	1137	Route 21 North	Kanto	wild-surf	NA	NA	REPEATABLE	NA	10	May	UNK	4	56	58	3	NA	NA	NA	NA	FALSE	NA	data.js:areas[Route 21 North].wild-surf[10]	Measured	rate Asserted from the locations sheet
wild_encounter	Cramorant	1137	Route 21 North	Kanto	wild-surf	NA	NA	REPEATABLE	NA	10	May	UNK	1	56	58	4	NA	NA	NA	NA	FALSE	NA	data.js:areas[Route 21 North].wild-surf[10]	Measured	rate Asserted from the locations sheet
item_ground	Kinglerite	733	Route 21 North	Kanto	item-standard	NA	NA	1	NA	10	May	UNK	NA	NA	NA	NA	NA	NA	NA	NA	TRUE	single placement	data.js:areas[Route 21 North].item-standard[10]	Measured	NONE
item_hidden	Pearl	106	Route 21 North	Kanto	item-hidden	NA	NA	10	NA	10	May	UNK	NA	NA	NA	NA	NA	NA	NA	NA	TRUE	single placement	data.js:areas[Route 21 North].item-hidden[10]	Asserted	 quantity from the official item sheet
wild_encounter	Magikarp	129	Route 21 North	Kanto	wild-oldRod	NA	NA	REPEATABLE	NA	0	Brock	UNK	70	2	4	0	NA	NA	NA	NA	FALSE	NA	data.js:areas[Route 21 North].wild-oldRod[0]	Measured	rate Asserted from the locations sheet
wild_encounter	Shellder	90	Route 21 North	Kanto	wild-oldRod	NA	NA	REPEATABLE	NA	0	Brock	UNK	30	2	4	1	NA	NA	NA	NA	FALSE	NA	data.js:areas[Route 21 North].wild-oldRod[0]	Measured	rate Asserted from the locations sheet
wild_encounter	Krabby	98	Route 21 North	Kanto	wild-goodRod	NA	NA	REPEATABLE	NA	3	Surge	UNK	60	27	29	0	NA	NA	NA	NA	FALSE	NA	data.js:areas[Route 21 North].wild-goodRod[3]	Measured	rate Asserted from the locations sheet
wild_encounter	Qwilfish	211	Route 21 North	Kanto	wild-goodRod	NA	NA	REPEATABLE	NA	3	Surge	UNK	20	27	29	1	NA	NA	NA	NA	FALSE	NA	data.js:areas[Route 21 North].wild-goodRod[3]	Measured	rate Asserted from the locations sheet
wild_encounter	Corsola-Galar	1221	Route 21 North	Kanto	wild-goodRod	NA	NA	REPEATABLE	NA	3	Surge	UNK	20	27	29	2	NA	NA	NA	NA	FALSE	NA	data.js:areas[Route 21 North].wild-goodRod[3]	Measured	rate Asserted from the locations sheet
wild_encounter	Octillery	224	Route 21 North	Kanto	wild-superRod	NA	NA	REPEATABLE	NA	9	Koga	UNK	40	53	55	0	NA	NA	NA	NA	FALSE	NA	data.js:areas[Route 21 North].wild-superRod[9]	Measured	rate Asserted from the locations sheet
wild_encounter	Lumineon	510	Route 21 North	Kanto	wild-superRod	NA	NA	REPEATABLE	NA	9	Koga	UNK	40	53	55	1	NA	NA	NA	NA	FALSE	NA	data.js:areas[Route 21 North].wild-superRod[9]	Measured	rate Asserted from the locations sheet
wild_encounter	Kingler	99	Route 21 North	Kanto	wild-superRod	NA	NA	REPEATABLE	NA	9	Koga	UNK	15	53	55	2	NA	NA	NA	NA	FALSE	NA	data.js:areas[Route 21 North].wild-superRod[9]	Measured	rate Asserted from the locations sheet
wild_encounter	Relicanth	381	Route 21 North	Kanto	wild-superRod	NA	NA	REPEATABLE	NA	9	Koga	UNK	4	53	55	3	NA	NA	NA	NA	FALSE	NA	data.js:areas[Route 21 North].wild-superRod[9]	Measured	rate Asserted from the locations sheet
wild_encounter	Relicanth	381	Route 21 North	Kanto	wild-superRod	NA	NA	REPEATABLE	NA	9	Koga	UNK	1	53	55	4	NA	NA	NA	NA	FALSE	NA	data.js:areas[Route 21 North].wild-superRod[9]	Measured	rate Asserted from the locations sheet
wild_encounter	Starly	449	Route 22	Kanto	wild-day	NA	NA	REPEATABLE	NA	0	Brock	UNK	20	3	5	0	NA	NA	NA	NA	FALSE	NA	data.js:areas[Route 22].wild-day[0]	Measured	rate Asserted from the locations sheet
wild_encounter	Budew	459	Route 22	Kanto	wild-day	NA	NA	REPEATABLE	NA	0	Brock	UNK	20	3	5	1	NA	NA	NA	NA	FALSE	NA	data.js:areas[Route 22].wild-day[0]	Measured	rate Asserted from the locations sheet
wild_encounter	Mankey	56	Route 22	Kanto	wild-day	NA	NA	REPEATABLE	NA	0	Brock	UNK	10	3	5	2	NA	NA	NA	NA	FALSE	NA	data.js:areas[Route 22].wild-day[0]	Measured	rate Asserted from the locations sheet
wild_encounter	Morelull	972	Route 22	Kanto	wild-day	NA	NA	REPEATABLE	NA	0	Brock	UNK	10	3	5	3	NA	NA	NA	NA	FALSE	NA	data.js:areas[Route 22].wild-day[0]	Measured	rate Asserted from the locations sheet
wild_encounter	Snubbull	209	Route 22	Kanto	wild-day	NA	NA	REPEATABLE	NA	0	Brock	UNK	10	3	5	4	NA	NA	NA	NA	FALSE	NA	data.js:areas[Route 22].wild-day[0]	Measured	rate Asserted from the locations sheet
wild_encounter	Lillipup	559	Route 22	Kanto	wild-day	NA	NA	REPEATABLE	NA	0	Brock	UNK	10	3	5	5	NA	NA	NA	NA	FALSE	NA	data.js:areas[Route 22].wild-day[0]	Measured	rate Asserted from the locations sheet
wild_encounter	Oddish	43	Route 22	Kanto	wild-day	NA	NA	REPEATABLE	NA	0	Brock	UNK	5	3	5	6	NA	NA	NA	NA	FALSE	NA	data.js:areas[Route 22].wild-day[0]	Measured	rate Asserted from the locations sheet
wild_encounter	Sandygast	986	Route 22	Kanto	wild-day	NA	NA	REPEATABLE	NA	0	Brock	UNK	5	3	5	7	NA	NA	NA	NA	FALSE	NA	data.js:areas[Route 22].wild-day[0]	Measured	rate Asserted from the locations sheet
wild_encounter	Bellsprout	69	Route 22	Kanto	wild-day	NA	NA	REPEATABLE	NA	0	Brock	UNK	4	3	5	8	NA	NA	NA	NA	FALSE	NA	data.js:areas[Route 22].wild-day[0]	Measured	rate Asserted from the locations sheet
wild_encounter	Rockruff	961	Route 22	Kanto	wild-day	NA	NA	REPEATABLE	NA	0	Brock	UNK	4	3	5	9	NA	NA	NA	NA	FALSE	NA	data.js:areas[Route 22].wild-day[0]	Measured	rate Asserted from the locations sheet
wild_encounter	Panpour	568	Route 22	Kanto	wild-day	NA	NA	REPEATABLE	NA	0	Brock	UNK	1	3	5	10	NA	NA	NA	NA	FALSE	NA	data.js:areas[Route 22].wild-day[0]	Measured	rate Asserted from the locations sheet
wild_encounter	Panpour	568	Route 22	Kanto	wild-day	NA	NA	REPEATABLE	NA	0	Brock	UNK	1	3	5	11	NA	NA	NA	NA	FALSE	NA	data.js:areas[Route 22].wild-day[0]	Measured	rate Asserted from the locations sheet
wild_encounter	Starly	449	Route 22	Kanto	wild-night	NA	NA	REPEATABLE	NA	0	Brock	UNK	20	3	5	0	NA	NA	NA	NA	FALSE	NA	data.js:areas[Route 22].wild-night[0]	Measured	rate Asserted from the locations sheet
wild_encounter	Sandshrew-Alola	1023	Route 22	Kanto	wild-night	NA	NA	REPEATABLE	NA	0	Brock	UNK	20	3	5	1	NA	NA	NA	NA	FALSE	NA	data.js:areas[Route 22].wild-night[0]	Measured	rate Asserted from the locations sheet
wild_encounter	Mankey	56	Route 22	Kanto	wild-night	NA	NA	REPEATABLE	NA	0	Brock	UNK	10	3	5	2	NA	NA	NA	NA	FALSE	NA	data.js:areas[Route 22].wild-night[0]	Measured	rate Asserted from the locations sheet
wild_encounter	Morelull	972	Route 22	Kanto	wild-night	NA	NA	REPEATABLE	NA	0	Brock	UNK	10	3	5	3	NA	NA	NA	NA	FALSE	NA	data.js:areas[Route 22].wild-night[0]	Measured	rate Asserted from the locations sheet
wild_encounter	Flabébé	777	Route 22	Kanto	wild-night	NA	NA	REPEATABLE	NA	0	Brock	UNK	10	3	5	4	NA	NA	NA	NA	FALSE	NA	data.js:areas[Route 22].wild-night[0]	Measured	rate Asserted from the locations sheet
wild_encounter	Skwovet	1111	Route 22	Kanto	wild-night	NA	NA	REPEATABLE	NA	0	Brock	UNK	10	3	5	5	NA	NA	NA	NA	FALSE	NA	data.js:areas[Route 22].wild-night[0]	Measured	rate Asserted from the locations sheet
wild_encounter	Applin	1132	Route 22	Kanto	wild-night	NA	NA	REPEATABLE	NA	0	Brock	UNK	5	3	5	6	NA	NA	NA	NA	FALSE	NA	data.js:areas[Route 22].wild-night[0]	Measured	rate Asserted from the locations sheet
wild_encounter	Sandygast	986	Route 22	Kanto	wild-night	NA	NA	REPEATABLE	NA	0	Brock	UNK	5	3	5	7	NA	NA	NA	NA	FALSE	NA	data.js:areas[Route 22].wild-night[0]	Measured	rate Asserted from the locations sheet
wild_encounter	Paras	46	Route 22	Kanto	wild-night	NA	NA	REPEATABLE	NA	0	Brock	UNK	4	3	5	8	NA	NA	NA	NA	FALSE	NA	data.js:areas[Route 22].wild-night[0]	Measured	rate Asserted from the locations sheet
wild_encounter	Rockruff	961	Route 22	Kanto	wild-night	NA	NA	REPEATABLE	NA	0	Brock	UNK	4	3	5	9	NA	NA	NA	NA	FALSE	NA	data.js:areas[Route 22].wild-night[0]	Measured	rate Asserted from the locations sheet
wild_encounter	Panpour	568	Route 22	Kanto	wild-night	NA	NA	REPEATABLE	NA	0	Brock	UNK	1	3	5	10	NA	NA	NA	NA	FALSE	NA	data.js:areas[Route 22].wild-night[0]	Measured	rate Asserted from the locations sheet
wild_encounter	Panpour	568	Route 22	Kanto	wild-night	NA	NA	REPEATABLE	NA	0	Brock	UNK	1	3	5	11	NA	NA	NA	NA	FALSE	NA	data.js:areas[Route 22].wild-night[0]	Measured	rate Asserted from the locations sheet
wild_encounter	Psyduck	54	Route 22	Kanto	wild-surf	NA	NA	REPEATABLE	NA	10	May	UNK	60	56	58	0	NA	NA	NA	NA	FALSE	NA	data.js:areas[Route 22].wild-surf[10]	Measured	rate Asserted from the locations sheet
wild_encounter	Psyduck	54	Route 22	Kanto	wild-surf	NA	NA	REPEATABLE	NA	10	May	UNK	30	56	58	1	NA	NA	NA	NA	FALSE	NA	data.js:areas[Route 22].wild-surf[10]	Measured	rate Asserted from the locations sheet
wild_encounter	Slowpoke	79	Route 22	Kanto	wild-surf	NA	NA	REPEATABLE	NA	10	May	UNK	5	56	58	2	NA	NA	NA	NA	FALSE	NA	data.js:areas[Route 22].wild-surf[10]	Measured	rate Asserted from the locations sheet
wild_encounter	Poliwhirl	61	Route 22	Kanto	wild-surf	NA	NA	REPEATABLE	NA	10	May	UNK	4	56	58	3	NA	NA	NA	NA	FALSE	NA	data.js:areas[Route 22].wild-surf[10]	Measured	rate Asserted from the locations sheet
wild_encounter	Poliwhirl	61	Route 22	Kanto	wild-surf	NA	NA	REPEATABLE	NA	10	May	UNK	1	56	58	4	NA	NA	NA	NA	FALSE	NA	data.js:areas[Route 22].wild-surf[10]	Measured	rate Asserted from the locations sheet
item_ground	Scizorite	550	Route 22	Kanto	item-standard	NA	NA	1	NA	10	May	UNK	NA	NA	NA	NA	NA	NA	NA	NA	TRUE	single placement	data.js:areas[Route 22].item-standard[10]	Measured	NONE
wild_encounter	Psyduck	54	Route 22	Kanto	wild-oldRod	NA	NA	REPEATABLE	NA	0	Brock	UNK	70	2	4	0	NA	NA	NA	NA	FALSE	NA	data.js:areas[Route 22].wild-oldRod[0]	Measured	rate Asserted from the locations sheet
wild_encounter	Corphish	326	Route 22	Kanto	wild-oldRod	NA	NA	REPEATABLE	NA	0	Brock	UNK	30	2	4	1	NA	NA	NA	NA	FALSE	NA	data.js:areas[Route 22].wild-oldRod[0]	Measured	rate Asserted from the locations sheet
wild_encounter	Clobbopus	1144	Route 22	Kanto	wild-goodRod	NA	NA	REPEATABLE	NA	3	Surge	UNK	60	27	29	0	NA	NA	NA	NA	FALSE	NA	data.js:areas[Route 22].wild-goodRod[3]	Measured	rate Asserted from the locations sheet
wild_encounter	Mantyke	511	Route 22	Kanto	wild-goodRod	NA	NA	REPEATABLE	NA	3	Surge	UNK	20	27	29	1	NA	NA	NA	NA	FALSE	NA	data.js:areas[Route 22].wild-goodRod[3]	Measured	rate Asserted from the locations sheet
wild_encounter	Mareanie	964	Route 22	Kanto	wild-goodRod	NA	NA	REPEATABLE	NA	3	Surge	UNK	20	27	29	2	NA	NA	NA	NA	FALSE	NA	data.js:areas[Route 22].wild-goodRod[3]	Measured	rate Asserted from the locations sheet
wild_encounter	Luvdisc	325	Route 22	Kanto	wild-superRod	NA	NA	REPEATABLE	NA	9	Koga	UNK	40	53	55	0	NA	NA	NA	NA	FALSE	NA	data.js:areas[Route 22].wild-superRod[9]	Measured	rate Asserted from the locations sheet
wild_encounter	Luvdisc	325	Route 22	Kanto	wild-superRod	NA	NA	REPEATABLE	NA	9	Koga	UNK	40	53	55	1	NA	NA	NA	NA	FALSE	NA	data.js:areas[Route 22].wild-superRod[9]	Measured	rate Asserted from the locations sheet
wild_encounter	Basculin-Blue-Striped	736	Route 22	Kanto	wild-superRod	NA	NA	REPEATABLE	NA	9	Koga	UNK	15	53	55	2	NA	NA	NA	NA	FALSE	NA	data.js:areas[Route 22].wild-superRod[9]	Measured	rate Asserted from the locations sheet
wild_encounter	Wailord	314	Route 22	Kanto	wild-superRod	NA	NA	REPEATABLE	NA	9	Koga	UNK	4	53	55	3	NA	NA	NA	NA	FALSE	NA	data.js:areas[Route 22].wild-superRod[9]	Measured	rate Asserted from the locations sheet
wild_encounter	Wailord	314	Route 22	Kanto	wild-superRod	NA	NA	REPEATABLE	NA	9	Koga	UNK	1	53	55	4	NA	NA	NA	NA	FALSE	NA	data.js:areas[Route 22].wild-superRod[9]	Measured	rate Asserted from the locations sheet
wild_encounter	Bidoof	452	Route 2	Kanto	wild-day	NA	NA	REPEATABLE	NA	0	Brock	UNK	20	3	5	0	NA	NA	NA	NA	FALSE	NA	data.js:areas[Route 2].wild-day[0]	Measured	rate Asserted from the locations sheet
wild_encounter	Sentret	161	Route 2	Kanto	wild-day	NA	NA	REPEATABLE	NA	0	Brock	UNK	20	3	5	1	NA	NA	NA	NA	FALSE	NA	data.js:areas[Route 2].wild-day[0]	Measured	rate Asserted from the locations sheet
wild_encounter	Ponyta	77	Route 2	Kanto	wild-day	NA	NA	REPEATABLE	NA	0	Brock	UNK	10	3	5	2	NA	NA	NA	NA	FALSE	NA	data.js:areas[Route 2].wild-day[0]	Measured	rate Asserted from the locations sheet
wild_encounter	Phanpy	231	Route 2	Kanto	wild-day	NA	NA	REPEATABLE	NA	0	Brock	UNK	10	3	5	3	NA	NA	NA	NA	FALSE	NA	data.js:areas[Route 2].wild-day[0]	Measured	rate Asserted from the locations sheet
wild_encounter	Meditite	356	Route 2	Kanto	wild-day	NA	NA	REPEATABLE	NA	0	Brock	UNK	10	3	5	4	NA	NA	NA	NA	FALSE	NA	data.js:areas[Route 2].wild-day[0]	Measured	rate Asserted from the locations sheet
wild_encounter	Shinx	456	Route 2	Kanto	wild-day	NA	NA	REPEATABLE	NA	0	Brock	UNK	10	3	5	5	NA	NA	NA	NA	FALSE	NA	data.js:areas[Route 2].wild-day[0]	Measured	rate Asserted from the locations sheet
wild_encounter	Mareep	179	Route 2	Kanto	wild-day	NA	NA	REPEATABLE	NA	0	Brock	UNK	5	3	5	6	NA	NA	NA	NA	FALSE	NA	data.js:areas[Route 2].wild-day[0]	Measured	rate Asserted from the locations sheet
wild_encounter	Litleo	775	Route 2	Kanto	wild-day	NA	NA	REPEATABLE	NA	0	Brock	UNK	5	4	6	7	NA	NA	NA	NA	FALSE	NA	data.js:areas[Route 2].wild-day[0]	Measured	rate Asserted from the locations sheet
wild_encounter	Zigzagoon	288	Route 2	Kanto	wild-day	NA	NA	REPEATABLE	NA	0	Brock	UNK	4	3	5	8	NA	NA	NA	NA	FALSE	NA	data.js:areas[Route 2].wild-day[0]	Measured	rate Asserted from the locations sheet
wild_encounter	Abra	63	Route 2	Kanto	wild-day	NA	NA	REPEATABLE	NA	0	Brock	UNK	4	3	5	9	NA	NA	NA	NA	FALSE	NA	data.js:areas[Route 2].wild-day[0]	Measured	rate Asserted from the locations sheet
wild_encounter	Pansage	564	Route 2	Kanto	wild-day	NA	NA	REPEATABLE	NA	0	Brock	UNK	1	3	5	10	NA	NA	NA	NA	FALSE	NA	data.js:areas[Route 2].wild-day[0]	Measured	rate Asserted from the locations sheet
wild_encounter	Pansage	564	Route 2	Kanto	wild-day	NA	NA	REPEATABLE	NA	0	Brock	UNK	1	3	5	11	NA	NA	NA	NA	FALSE	NA	data.js:areas[Route 2].wild-day[0]	Measured	rate Asserted from the locations sheet
wild_encounter	Poochyena	286	Route 2	Kanto	wild-night	NA	NA	REPEATABLE	NA	0	Brock	UNK	20	3	5	0	NA	NA	NA	NA	FALSE	NA	data.js:areas[Route 2].wild-night[0]	Measured	rate Asserted from the locations sheet
wild_encounter	Sentret	161	Route 2	Kanto	wild-night	NA	NA	REPEATABLE	NA	0	Brock	UNK	20	3	5	1	NA	NA	NA	NA	FALSE	NA	data.js:areas[Route 2].wild-night[0]	Measured	rate Asserted from the locations sheet
wild_encounter	Ponyta-Galar	1209	Route 2	Kanto	wild-night	NA	NA	REPEATABLE	NA	0	Brock	UNK	10	3	5	2	NA	NA	NA	NA	FALSE	NA	data.js:areas[Route 2].wild-night[0]	Measured	rate Asserted from the locations sheet
wild_encounter	Phanpy	231	Route 2	Kanto	wild-night	NA	NA	REPEATABLE	NA	0	Brock	UNK	10	3	5	3	NA	NA	NA	NA	FALSE	NA	data.js:areas[Route 2].wild-night[0]	Measured	rate Asserted from the locations sheet
wild_encounter	Meditite	356	Route 2	Kanto	wild-night	NA	NA	REPEATABLE	NA	0	Brock	UNK	10	3	5	4	NA	NA	NA	NA	FALSE	NA	data.js:areas[Route 2].wild-night[0]	Measured	rate Asserted from the locations sheet
wild_encounter	Shinx	456	Route 2	Kanto	wild-night	NA	NA	REPEATABLE	NA	0	Brock	UNK	10	3	5	5	NA	NA	NA	NA	FALSE	NA	data.js:areas[Route 2].wild-night[0]	Measured	rate Asserted from the locations sheet
wild_encounter	Mareep	179	Route 2	Kanto	wild-night	NA	NA	REPEATABLE	NA	0	Brock	UNK	5	3	5	6	NA	NA	NA	NA	FALSE	NA	data.js:areas[Route 2].wild-night[0]	Measured	rate Asserted from the locations sheet
wild_encounter	Houndour	228	Route 2	Kanto	wild-night	NA	NA	REPEATABLE	NA	0	Brock	UNK	5	4	6	7	NA	NA	NA	NA	FALSE	NA	data.js:areas[Route 2].wild-night[0]	Measured	rate Asserted from the locations sheet
wild_encounter	Zigzagoon-Galar	1222	Route 2	Kanto	wild-night	NA	NA	REPEATABLE	NA	0	Brock	UNK	4	3	5	8	NA	NA	NA	NA	FALSE	NA	data.js:areas[Route 2].wild-night[0]	Measured	rate Asserted from the locations sheet
wild_encounter	Abra	63	Route 2	Kanto	wild-night	NA	NA	REPEATABLE	NA	0	Brock	UNK	4	3	5	9	NA	NA	NA	NA	FALSE	NA	data.js:areas[Route 2].wild-night[0]	Measured	rate Asserted from the locations sheet
wild_encounter	Pansage	564	Route 2	Kanto	wild-night	NA	NA	REPEATABLE	NA	0	Brock	UNK	1	3	5	10	NA	NA	NA	NA	FALSE	NA	data.js:areas[Route 2].wild-night[0]	Measured	rate Asserted from the locations sheet
wild_encounter	Pansage	564	Route 2	Kanto	wild-night	NA	NA	REPEATABLE	NA	0	Brock	UNK	1	3	5	11	NA	NA	NA	NA	FALSE	NA	data.js:areas[Route 2].wild-night[0]	Measured	rate Asserted from the locations sheet
item_ground	Ability Pill	72	Route 2	Kanto	item-standard	NA	NA	306	NA	0	Brock	UNK	NA	NA	NA	NA	NA	NA	NA	NA	TRUE	single placement	data.js:areas[Route 2].item-standard[0]	Asserted	 quantity from the official item sheet
item_ground	Oran Berry	139	Route 2	Kanto	item-standard	NA	NA	10	NA	0	Brock	UNK	NA	NA	NA	NA	NA	NA	NA	NA	TRUE	single placement	data.js:areas[Route 2].item-standard[0]	Asserted	 quantity from the official item sheet
item_ground	TM57	382	Route 2	Kanto	item-standard	NA	NA	1	NA	3	Surge	UNK	NA	NA	NA	NA	NA	57	Temper Flare	NA	TRUE	single placement	data.js:areas[Route 2].item-standard[3]	Measured	NONE
item_ground	Orbeetlite	740	Route 2	Kanto	item-standard	NA	NA	1	NA	9	Koga	UNK	NA	NA	NA	NA	NA	NA	NA	NA	TRUE	single placement	data.js:areas[Route 2].item-standard[9]	Measured	NONE
item_care_package	Potion	13	Route 2	Kanto	item-cheat	NA	NA	10	NA	0	Brock	UNK	NA	NA	NA	NA	NA	NA	NA	NA	TRUE	single placement	data.js:areas[Route 2].item-cheat[0]	Asserted	care-package item, delivered by code not exploration quantity from the official item sheet
item_care_package	Revive	24	Route 2	Kanto	item-cheat	NA	NA	10	NA	0	Brock	UNK	NA	NA	NA	NA	NA	NA	NA	NA	TRUE	single placement	data.js:areas[Route 2].item-cheat[0]	Asserted	care-package item, delivered by code not exploration quantity from the official item sheet
item_care_package	Red Shard	48	Route 2	Kanto	item-cheat	NA	NA	10	NA	0	Brock	UNK	NA	NA	NA	NA	NA	NA	NA	NA	TRUE	single placement	data.js:areas[Route 2].item-cheat[0]	Asserted	care-package item, delivered by code not exploration quantity from the official item sheet
item_care_package	Blue Shard	49	Route 2	Kanto	item-cheat	NA	NA	10	NA	0	Brock	UNK	NA	NA	NA	NA	NA	NA	NA	NA	TRUE	single placement	data.js:areas[Route 2].item-cheat[0]	Asserted	care-package item, delivered by code not exploration quantity from the official item sheet
item_care_package	Green Shard	51	Route 2	Kanto	item-cheat	NA	NA	10	NA	0	Brock	UNK	NA	NA	NA	NA	NA	NA	NA	NA	TRUE	single placement	data.js:areas[Route 2].item-cheat[0]	Asserted	care-package item, delivered by code not exploration quantity from the official item sheet
item_care_package	TinyMushroom	103	Route 2	Kanto	item-cheat	NA	NA	1	NA	0	Brock	UNK	NA	NA	NA	NA	NA	NA	NA	NA	TRUE	single placement	data.js:areas[Route 2].item-cheat[0]	Measured	care-package item, delivered by code not exploration
item_care_package	Big Mushroom	104	Route 2	Kanto	item-cheat	NA	NA	10	NA	0	Brock	UNK	NA	NA	NA	NA	NA	NA	NA	NA	TRUE	single placement	data.js:areas[Route 2].item-cheat[0]	Asserted	care-package item, delivered by code not exploration quantity from the official item sheet
item_care_package	Nugget	110	Route 2	Kanto	item-cheat	NA	NA	10	NA	0	Brock	UNK	NA	NA	NA	NA	NA	NA	NA	NA	TRUE	single placement	data.js:areas[Route 2].item-cheat[0]	Asserted	care-package item, delivered by code not exploration quantity from the official item sheet
item_care_package	Pecha Berry	135	Route 2	Kanto	item-cheat	NA	NA	10	NA	0	Brock	UNK	NA	NA	NA	NA	NA	NA	NA	NA	TRUE	single placement	data.js:areas[Route 2].item-cheat[0]	Asserted	care-package item, delivered by code not exploration quantity from the official item sheet
item_care_package	Aspear Berry	137	Route 2	Kanto	item-cheat	NA	NA	10	NA	0	Brock	UNK	NA	NA	NA	NA	NA	NA	NA	NA	TRUE	single placement	data.js:areas[Route 2].item-cheat[0]	Asserted	care-package item, delivered by code not exploration quantity from the official item sheet
item_care_package	Oran Berry	139	Route 2	Kanto	item-cheat	NA	NA	10	NA	0	Brock	UNK	NA	NA	NA	NA	NA	NA	NA	NA	TRUE	single placement	data.js:areas[Route 2].item-cheat[0]	Asserted	care-package item, delivered by code not exploration quantity from the official item sheet
item_care_package	Mental Herb	185	Route 2	Kanto	item-cheat	NA	NA	10	NA	0	Brock	UNK	NA	NA	NA	NA	NA	NA	NA	NA	TRUE	single placement	data.js:areas[Route 2].item-cheat[0]	Asserted	care-package item, delivered by code not exploration quantity from the official item sheet
item_care_package	SilverPowder	188	Route 2	Kanto	item-cheat	NA	NA	1	NA	0	Brock	UNK	NA	NA	NA	NA	NA	NA	NA	NA	TRUE	single placement	data.js:areas[Route 2].item-cheat[0]	Measured	care-package item, delivered by code not exploration
item_care_package	Cleanse Tag	190	Route 2	Kanto	item-cheat	NA	NA	10	NA	0	Brock	UNK	NA	NA	NA	NA	NA	NA	NA	NA	TRUE	single placement	data.js:areas[Route 2].item-cheat[0]	Asserted	care-package item, delivered by code not exploration quantity from the official item sheet
item_care_package	Deep Sea Tooth	192	Route 2	Kanto	item-cheat	NA	NA	10	NA	0	Brock	UNK	NA	NA	NA	NA	NA	NA	NA	NA	TRUE	single placement	data.js:areas[Route 2].item-cheat[0]	Asserted	care-package item, delivered by code not exploration quantity from the official item sheet
item_care_package	Deep Sea Scale	193	Route 2	Kanto	item-cheat	NA	NA	10	NA	0	Brock	UNK	NA	NA	NA	NA	NA	NA	NA	NA	TRUE	single placement	data.js:areas[Route 2].item-cheat[0]	Asserted	care-package item, delivered by code not exploration quantity from the official item sheet
item_care_package	Light Ball	202	Route 2	Kanto	item-cheat	NA	NA	10	NA	0	Brock	UNK	NA	NA	NA	NA	NA	NA	NA	NA	TRUE	single placement	data.js:areas[Route 2].item-cheat[0]	Asserted	care-package item, delivered by code not exploration quantity from the official item sheet
item_care_package	Soft Sand	203	Route 2	Kanto	item-cheat	NA	NA	10	NA	0	Brock	UNK	NA	NA	NA	NA	NA	NA	NA	NA	TRUE	single placement	data.js:areas[Route 2].item-cheat[0]	Asserted	care-package item, delivered by code not exploration quantity from the official item sheet
item_care_package	Hard Stone	204	Route 2	Kanto	item-cheat	NA	NA	10	NA	0	Brock	UNK	NA	NA	NA	NA	NA	NA	NA	NA	TRUE	single placement	data.js:areas[Route 2].item-cheat[0]	Asserted	care-package item, delivered by code not exploration quantity from the official item sheet
item_care_package	Magnet	208	Route 2	Kanto	item-cheat	NA	NA	10	NA	0	Brock	UNK	NA	NA	NA	NA	NA	NA	NA	NA	TRUE	single placement	data.js:areas[Route 2].item-cheat[0]	Asserted	care-package item, delivered by code not exploration quantity from the official item sheet
item_care_package	Mystic Water	209	Route 2	Kanto	item-cheat	NA	NA	10	NA	0	Brock	UNK	NA	NA	NA	NA	NA	NA	NA	NA	TRUE	single placement	data.js:areas[Route 2].item-cheat[0]	Asserted	care-package item, delivered by code not exploration quantity from the official item sheet
item_care_package	Sharp Beak	210	Route 2	Kanto	item-cheat	NA	NA	10	NA	0	Brock	UNK	NA	NA	NA	NA	NA	NA	NA	NA	TRUE	single placement	data.js:areas[Route 2].item-cheat[0]	Asserted	care-package item, delivered by code not exploration quantity from the official item sheet
item_care_package	Poison Barb	211	Route 2	Kanto	item-cheat	NA	NA	10	NA	0	Brock	UNK	NA	NA	NA	NA	NA	NA	NA	NA	TRUE	single placement	data.js:areas[Route 2].item-cheat[0]	Asserted	care-package item, delivered by code not exploration quantity from the official item sheet
item_care_package	Never-Melt Ice	212	Route 2	Kanto	item-cheat	NA	NA	10	NA	0	Brock	UNK	NA	NA	NA	NA	NA	NA	NA	NA	TRUE	single placement	data.js:areas[Route 2].item-cheat[0]	Asserted	care-package item, delivered by code not exploration quantity from the official item sheet
item_care_package	Spell Tag	213	Route 2	Kanto	item-cheat	NA	NA	10	NA	0	Brock	UNK	NA	NA	NA	NA	NA	NA	NA	NA	TRUE	single placement	data.js:areas[Route 2].item-cheat[0]	Asserted	care-package item, delivered by code not exploration quantity from the official item sheet
item_care_package	Twisted Spoon	214	Route 2	Kanto	item-cheat	NA	NA	10	NA	0	Brock	UNK	NA	NA	NA	NA	NA	NA	NA	NA	TRUE	single placement	data.js:areas[Route 2].item-cheat[0]	Asserted	care-package item, delivered by code not exploration quantity from the official item sheet
item_care_package	Shell Bell	219	Route 2	Kanto	item-cheat	NA	NA	10	NA	0	Brock	UNK	NA	NA	NA	NA	NA	NA	NA	NA	TRUE	single placement	data.js:areas[Route 2].item-cheat[0]	Asserted	care-package item, delivered by code not exploration quantity from the official item sheet
item_care_package	Quick Ball	242	Route 2	Kanto	item-cheat	NA	NA	153	NA	0	Brock	UNK	NA	NA	NA	NA	NA	NA	NA	NA	TRUE	single placement	data.js:areas[Route 2].item-cheat[0]	Asserted	care-package item, delivered by code not exploration quantity from the official item sheet
item_care_package	Occa Berry	446	Route 2	Kanto	item-cheat	NA	NA	10	NA	0	Brock	UNK	NA	NA	NA	NA	NA	NA	NA	NA	TRUE	single placement	data.js:areas[Route 2].item-cheat[0]	Asserted	care-package item, delivered by code not exploration quantity from the official item sheet
item_care_package	Passho Berry	447	Route 2	Kanto	item-cheat	NA	NA	10	NA	0	Brock	UNK	NA	NA	NA	NA	NA	NA	NA	NA	TRUE	single placement	data.js:areas[Route 2].item-cheat[0]	Asserted	care-package item, delivered by code not exploration quantity from the official item sheet
item_care_package	Rindo Berry	449	Route 2	Kanto	item-cheat	NA	NA	10	NA	0	Brock	UNK	NA	NA	NA	NA	NA	NA	NA	NA	TRUE	single placement	data.js:areas[Route 2].item-cheat[0]	Asserted	care-package item, delivered by code not exploration quantity from the official item sheet
item_care_package	Yache Berry	450	Route 2	Kanto	item-cheat	NA	NA	10	NA	0	Brock	UNK	NA	NA	NA	NA	NA	NA	NA	NA	TRUE	single placement	data.js:areas[Route 2].item-cheat[0]	Asserted	care-package item, delivered by code not exploration quantity from the official item sheet
item_care_package	Kebia Berry	452	Route 2	Kanto	item-cheat	NA	NA	10	NA	0	Brock	UNK	NA	NA	NA	NA	NA	NA	NA	NA	TRUE	single placement	data.js:areas[Route 2].item-cheat[0]	Asserted	care-package item, delivered by code not exploration quantity from the official item sheet
item_care_package	Coba Berry	454	Route 2	Kanto	item-cheat	NA	NA	10	NA	0	Brock	UNK	NA	NA	NA	NA	NA	NA	NA	NA	TRUE	single placement	data.js:areas[Route 2].item-cheat[0]	Asserted	care-package item, delivered by code not exploration quantity from the official item sheet
item_care_package	Payapa Berry	455	Route 2	Kanto	item-cheat	NA	NA	10	NA	0	Brock	UNK	NA	NA	NA	NA	NA	NA	NA	NA	TRUE	single placement	data.js:areas[Route 2].item-cheat[0]	Asserted	care-package item, delivered by code not exploration quantity from the official item sheet
item_care_package	Charti Berry	457	Route 2	Kanto	item-cheat	NA	NA	10	NA	0	Brock	UNK	NA	NA	NA	NA	NA	NA	NA	NA	TRUE	single placement	data.js:areas[Route 2].item-cheat[0]	Asserted	care-package item, delivered by code not exploration quantity from the official item sheet
item_care_package	Chilan Berry	462	Route 2	Kanto	item-cheat	NA	NA	10	NA	0	Brock	UNK	NA	NA	NA	NA	NA	NA	NA	NA	TRUE	single placement	data.js:areas[Route 2].item-cheat[0]	Asserted	care-package item, delivered by code not exploration quantity from the official item sheet
item_care_package	Pixie Plate	506	Route 2	Kanto	item-cheat	NA	NA	10	NA	0	Brock	UNK	NA	NA	NA	NA	NA	NA	NA	NA	TRUE	single placement	data.js:areas[Route 2].item-cheat[0]	Asserted	care-package item, delivered by code not exploration quantity from the official item sheet
item_care_package	Absorb Bulb	707	Route 2	Kanto	item-cheat	NA	NA	10	NA	0	Brock	UNK	NA	NA	NA	NA	NA	NA	NA	NA	TRUE	single placement	data.js:areas[Route 2].item-cheat[0]	Asserted	care-package item, delivered by code not exploration quantity from the official item sheet
raid_den	Pinsir	127	Route 2	Kanto	raid1	NA	NA	REPEATABLE	Wishing Piece to re-activate a spent den	0	Brock	UNK	NA	NA	NA	NA	1	NA	NA	Quick Ball,Ultra Ball,Stardust,Yellow Shard,Star Piece,Nugget,Wishing Piece,Leppa Berry,Dream Ball,PP Up,Lucky Egg,Lucky Egg	FALSE	NA	data.js:areas[Route 2].raid1[0]	Measured	NONE
raid_den	Koffing	109	Route 2	Kanto	raid1	NA	NA	REPEATABLE	Wishing Piece to re-activate a spent den	0	Brock	UNK	NA	NA	NA	NA	1	NA	NA	Quick Ball,Ultra Ball,Stardust,Yellow Shard,Star Piece,Nugget,Wishing Piece,Leppa Berry,Dream Ball,PP Up,Lucky Egg,Lucky Egg	FALSE	NA	data.js:areas[Route 2].raid1[0]	Measured	NONE
raid_den	Impidimp	1151	Route 2	Kanto	raid1	NA	NA	REPEATABLE	Wishing Piece to re-activate a spent den	0	Brock	UNK	NA	NA	NA	NA	1	NA	NA	Quick Ball,Ultra Ball,Stardust,Yellow Shard,Star Piece,Nugget,Wishing Piece,Leppa Berry,Dream Ball,PP Up,Lucky Egg,Lucky Egg	FALSE	NA	data.js:areas[Route 2].raid1[0]	Measured	NONE
raid_den	Shellos	711	Route 2	Kanto	raid1	NA	NA	REPEATABLE	Wishing Piece to re-activate a spent den	0	Brock	UNK	NA	NA	NA	NA	1	NA	NA	Quick Ball,Ultra Ball,Stardust,Yellow Shard,Star Piece,Nugget,Wishing Piece,Leppa Berry,Dream Ball,PP Up,Lucky Egg,Lucky Egg	FALSE	NA	data.js:areas[Route 2].raid1[0]	Measured	NONE
raid_den	Spritzee	790	Route 2	Kanto	raid1	NA	NA	REPEATABLE	Wishing Piece to re-activate a spent den	0	Brock	UNK	NA	NA	NA	NA	1	NA	NA	Quick Ball,Ultra Ball,Stardust,Yellow Shard,Star Piece,Nugget,Wishing Piece,Leppa Berry,Dream Ball,PP Up,Lucky Egg,Lucky Egg	FALSE	NA	data.js:areas[Route 2].raid1[0]	Measured	NONE
raid_den	Entei	244	Route 2	Kanto	raid4	NA	NA	REPEATABLE	Wishing Piece to re-activate a spent den	0	Brock	UNK	NA	NA	NA	NA	4	NA	NA	Star Piece,Nugget,Big Nugget,Occa Berry,Dream Patch,PP Up,PP Max,Salac Berry,Wishing Piece,Lucky Egg,Life Orb,Life Orb	FALSE	NA	data.js:areas[Route 2].raid4[0]	Measured	NONE
raid_den	Suicune	245	Route 2	Kanto	raid4	NA	NA	REPEATABLE	Wishing Piece to re-activate a spent den	0	Brock	UNK	NA	NA	NA	NA	4	NA	NA	Star Piece,Nugget,Big Nugget,Occa Berry,Dream Patch,PP Up,PP Max,Salac Berry,Wishing Piece,Lucky Egg,Life Orb,Life Orb	FALSE	NA	data.js:areas[Route 2].raid4[0]	Measured	NONE
raid_den	Raikou	243	Route 2	Kanto	raid4	NA	NA	REPEATABLE	Wishing Piece to re-activate a spent den	0	Brock	UNK	NA	NA	NA	NA	4	NA	NA	Star Piece,Nugget,Big Nugget,Occa Berry,Dream Patch,PP Up,PP Max,Salac Berry,Wishing Piece,Lucky Egg,Life Orb,Life Orb	FALSE	NA	data.js:areas[Route 2].raid4[0]	Measured	NONE
wild_encounter	Caterpie	10	Viridian Forest	Kanto	wild-day	NA	NA	REPEATABLE	NA	0	Brock	UNK	20	4	6	0	NA	NA	NA	NA	FALSE	NA	data.js:areas[Viridian Forest].wild-day[0]	Measured	rate Asserted from the locations sheet
wild_encounter	Weedle	13	Viridian Forest	Kanto	wild-day	NA	NA	REPEATABLE	NA	0	Brock	UNK	20	4	6	1	NA	NA	NA	NA	FALSE	NA	data.js:areas[Viridian Forest].wild-day[0]	Measured	rate Asserted from the locations sheet
wild_encounter	Pikachu	25	Viridian Forest	Kanto	wild-day	NA	NA	REPEATABLE	NA	0	Brock	UNK	10	4	6	2	NA	NA	NA	NA	FALSE	NA	data.js:areas[Viridian Forest].wild-day[0]	Measured	rate Asserted from the locations sheet
wild_encounter	Burmy	707	Viridian Forest	Kanto	wild-day	NA	NA	REPEATABLE	NA	0	Brock	UNK	10	4	6	3	NA	NA	NA	NA	FALSE	NA	data.js:areas[Viridian Forest].wild-day[0]	Measured	rate Asserted from the locations sheet
wild_encounter	Sewaddle	593	Viridian Forest	Kanto	wild-day	NA	NA	REPEATABLE	NA	0	Brock	UNK	10	4	6	4	NA	NA	NA	NA	FALSE	NA	data.js:areas[Viridian Forest].wild-day[0]	Measured	rate Asserted from the locations sheet
wild_encounter	Scatterbug	772	Viridian Forest	Kanto	wild-day	NA	NA	REPEATABLE	NA	0	Brock	UNK	10	4	6	5	NA	NA	NA	NA	FALSE	NA	data.js:areas[Viridian Forest].wild-day[0]	Measured	rate Asserted from the locations sheet
wild_encounter	Ledyba	165	Viridian Forest	Kanto	wild-day	NA	NA	REPEATABLE	NA	0	Brock	UNK	5	4	6	6	NA	NA	NA	NA	FALSE	NA	data.js:areas[Viridian Forest].wild-day[0]	Measured	rate Asserted from the locations sheet
wild_encounter	Surskit	311	Viridian Forest	Kanto	wild-day	NA	NA	REPEATABLE	NA	0	Brock	UNK	5	4	6	7	NA	NA	NA	NA	FALSE	NA	data.js:areas[Viridian Forest].wild-day[0]	Measured	rate Asserted from the locations sheet
wild_encounter	Shroomish	306	Viridian Forest	Kanto	wild-day	NA	NA	REPEATABLE	NA	0	Brock	UNK	4	4	6	8	NA	NA	NA	NA	FALSE	NA	data.js:areas[Viridian Forest].wild-day[0]	Measured	rate Asserted from the locations sheet
wild_encounter	Shroomish	306	Viridian Forest	Kanto	wild-day	NA	NA	REPEATABLE	NA	0	Brock	UNK	4	4	6	9	NA	NA	NA	NA	FALSE	NA	data.js:areas[Viridian Forest].wild-day[0]	Measured	rate Asserted from the locations sheet
wild_encounter	Joltik	648	Viridian Forest	Kanto	wild-day	NA	NA	REPEATABLE	NA	0	Brock	UNK	1	5	7	10	NA	NA	NA	NA	FALSE	NA	data.js:areas[Viridian Forest].wild-day[0]	Measured	rate Asserted from the locations sheet
wild_encounter	Joltik	648	Viridian Forest	Kanto	wild-day	NA	NA	REPEATABLE	NA	0	Brock	UNK	1	4	6	11	NA	NA	NA	NA	FALSE	NA	data.js:areas[Viridian Forest].wild-day[0]	Measured	rate Asserted from the locations sheet
wild_encounter	Spinarak	167	Viridian Forest	Kanto	wild-night	NA	NA	REPEATABLE	NA	0	Brock	UNK	20	4	6	0	NA	NA	NA	NA	FALSE	NA	data.js:areas[Viridian Forest].wild-night[0]	Measured	rate Asserted from the locations sheet
wild_encounter	Wurmple	290	Viridian Forest	Kanto	wild-night	NA	NA	REPEATABLE	NA	0	Brock	UNK	20	4	6	1	NA	NA	NA	NA	FALSE	NA	data.js:areas[Viridian Forest].wild-night[0]	Measured	rate Asserted from the locations sheet
wild_encounter	Pikachu	25	Viridian Forest	Kanto	wild-night	NA	NA	REPEATABLE	NA	0	Brock	UNK	10	4	6	2	NA	NA	NA	NA	FALSE	NA	data.js:areas[Viridian Forest].wild-night[0]	Measured	rate Asserted from the locations sheet
wild_encounter	Burmy	708	Viridian Forest	Kanto	wild-night	NA	NA	REPEATABLE	NA	0	Brock	UNK	10	4	6	3	NA	NA	NA	NA	FALSE	NA	data.js:areas[Viridian Forest].wild-night[0]	Measured	rate Asserted from the locations sheet
wild_encounter	Nincada	301	Viridian Forest	Kanto	wild-night	NA	NA	REPEATABLE	NA	0	Brock	UNK	10	4	6	4	NA	NA	NA	NA	FALSE	NA	data.js:areas[Viridian Forest].wild-night[0]	Measured	rate Asserted from the locations sheet
wild_encounter	Kricketot	454	Viridian Forest	Kanto	wild-night	NA	NA	REPEATABLE	NA	0	Brock	UNK	10	4	6	5	NA	NA	NA	NA	FALSE	NA	data.js:areas[Viridian Forest].wild-night[0]	Measured	rate Asserted from the locations sheet
wild_encounter	Ledyba	165	Viridian Forest	Kanto	wild-night	NA	NA	REPEATABLE	NA	0	Brock	UNK	5	4	6	6	NA	NA	NA	NA	FALSE	NA	data.js:areas[Viridian Forest].wild-night[0]	Measured	rate Asserted from the locations sheet
wild_encounter	Rellor	1318	Viridian Forest	Kanto	wild-night	NA	NA	REPEATABLE	NA	0	Brock	UNK	5	4	6	7	NA	NA	NA	NA	FALSE	NA	data.js:areas[Viridian Forest].wild-night[0]	Measured	rate Asserted from the locations sheet
wild_encounter	Toedscool	1198	Viridian Forest	Kanto	wild-night	NA	NA	REPEATABLE	NA	0	Brock	UNK	4	4	6	8	NA	NA	NA	NA	FALSE	NA	data.js:areas[Viridian Forest].wild-night[0]	Measured	rate Asserted from the locations sheet
wild_encounter	Toedscool	1198	Viridian Forest	Kanto	wild-night	NA	NA	REPEATABLE	NA	0	Brock	UNK	4	4	6	9	NA	NA	NA	NA	FALSE	NA	data.js:areas[Viridian Forest].wild-night[0]	Measured	rate Asserted from the locations sheet
wild_encounter	Snom	1164	Viridian Forest	Kanto	wild-night	NA	NA	REPEATABLE	NA	0	Brock	UNK	1	4	6	10	NA	NA	NA	NA	FALSE	NA	data.js:areas[Viridian Forest].wild-night[0]	Measured	rate Asserted from the locations sheet
wild_encounter	Snom	1164	Viridian Forest	Kanto	wild-night	NA	NA	REPEATABLE	NA	0	Brock	UNK	1	4	6	11	NA	NA	NA	NA	FALSE	NA	data.js:areas[Viridian Forest].wild-night[0]	Measured	rate Asserted from the locations sheet
item_ground	Potion	13	Viridian Forest	Kanto	item-standard	NA	NA	10	NA	0	Brock	UNK	NA	NA	NA	NA	NA	NA	NA	NA	TRUE	single placement	data.js:areas[Viridian Forest].item-standard[0]	Asserted	 quantity from the official item sheet
item_ground	Antidote	14	Viridian Forest	Kanto	item-standard	NA	NA	1	NA	0	Brock	UNK	NA	NA	NA	NA	NA	NA	NA	NA	TRUE	single placement	data.js:areas[Viridian Forest].item-standard[0]	Measured	NONE
item_ground	Exp. Share	182	Viridian Forest	Kanto	item-standard	NA	NA	1	NA	0	Brock	UNK	NA	NA	NA	NA	NA	NA	NA	NA	TRUE	single placement	data.js:areas[Viridian Forest].item-standard[0]	Measured	NONE
item_ground	Stat Scanner	362	Viridian Forest	Kanto	item-standard	NA	NA	1	NA	0	Brock	UNK	NA	NA	NA	NA	NA	NA	NA	NA	TRUE	single placement	data.js:areas[Viridian Forest].item-standard[0]	Measured	NONE
item_hidden	Potion	13	Viridian Forest	Kanto	item-hidden	NA	NA	10	NA	0	Brock	UNK	NA	NA	NA	NA	NA	NA	NA	NA	TRUE	single placement	data.js:areas[Viridian Forest].item-hidden[0]	Asserted	 quantity from the official item sheet
item_hidden	Antidote	14	Viridian Forest	Kanto	item-hidden	NA	NA	1	NA	0	Brock	UNK	NA	NA	NA	NA	NA	NA	NA	NA	TRUE	single placement	data.js:areas[Viridian Forest].item-hidden[0]	Measured	NONE
item_care_package	Rawst Berry	136	Viridian Forest	Kanto	item-cheat	NA	NA	10	NA	0	Brock	UNK	NA	NA	NA	NA	NA	NA	NA	NA	TRUE	single placement	data.js:areas[Viridian Forest].item-cheat[0]	Asserted	care-package item, delivered by code not exploration quantity from the official item sheet
item_care_package	Persim Berry	140	Viridian Forest	Kanto	item-cheat	NA	NA	10	NA	0	Brock	UNK	NA	NA	NA	NA	NA	NA	NA	NA	TRUE	single placement	data.js:areas[Viridian Forest].item-cheat[0]	Asserted	care-package item, delivered by code not exploration quantity from the official item sheet
item_care_package	Miracle Seed	205	Viridian Forest	Kanto	item-cheat	NA	NA	10	NA	0	Brock	UNK	NA	NA	NA	NA	NA	NA	NA	NA	TRUE	single placement	data.js:areas[Viridian Forest].item-cheat[0]	Asserted	care-package item, delivered by code not exploration quantity from the official item sheet
item_care_package	Black Glasses	206	Viridian Forest	Kanto	item-cheat	NA	NA	10	NA	0	Brock	UNK	NA	NA	NA	NA	NA	NA	NA	NA	TRUE	single placement	data.js:areas[Viridian Forest].item-cheat[0]	Asserted	care-package item, delivered by code not exploration quantity from the official item sheet
item_care_package	Black Belt	207	Viridian Forest	Kanto	item-cheat	NA	NA	10	NA	0	Brock	UNK	NA	NA	NA	NA	NA	NA	NA	NA	TRUE	single placement	data.js:areas[Viridian Forest].item-cheat[0]	Asserted	care-package item, delivered by code not exploration quantity from the official item sheet
item_care_package	Dragon Fang	216	Viridian Forest	Kanto	item-cheat	NA	NA	10	NA	0	Brock	UNK	NA	NA	NA	NA	NA	NA	NA	NA	TRUE	single placement	data.js:areas[Viridian Forest].item-cheat[0]	Asserted	care-package item, delivered by code not exploration quantity from the official item sheet
item_care_package	Tanga Berry	456	Viridian Forest	Kanto	item-cheat	NA	NA	10	NA	0	Brock	UNK	NA	NA	NA	NA	NA	NA	NA	NA	TRUE	single placement	data.js:areas[Viridian Forest].item-cheat[0]	Asserted	care-package item, delivered by code not exploration quantity from the official item sheet
item_care_package	Psychic Seed	721	Viridian Forest	Kanto	item-cheat	NA	NA	10	NA	0	Brock	UNK	NA	NA	NA	NA	NA	NA	NA	NA	TRUE	single placement	data.js:areas[Viridian Forest].item-cheat[0]	Asserted	care-package item, delivered by code not exploration quantity from the official item sheet
tutor	tutor_slot_13	13	Viridian Forest	Kanto	tutor	UNK	money	REPEATABLE	NA	0	Brock	UNK	NA	NA	NA	NA	NA	NA	Bug Bite	NA	FALSE	NA	data.js:areas[Viridian Forest].tutors[0]	Measured	value is a tutorMoves slot index, not a move ID
wild_encounter	Caterpie	10	Viridian Forest Heart	Kanto	wild-day	NA	NA	REPEATABLE	NA	0	Brock	UNK	20	4	6	0	NA	NA	NA	NA	FALSE	NA	data.js:areas[Viridian Forest Heart].wild-day[0]	Measured	rate Asserted from the locations sheet
wild_encounter	Weedle	13	Viridian Forest Heart	Kanto	wild-day	NA	NA	REPEATABLE	NA	0	Brock	UNK	20	4	6	1	NA	NA	NA	NA	FALSE	NA	data.js:areas[Viridian Forest Heart].wild-day[0]	Measured	rate Asserted from the locations sheet
wild_encounter	Natu	177	Viridian Forest Heart	Kanto	wild-day	NA	NA	REPEATABLE	NA	0	Brock	UNK	10	4	6	2	NA	NA	NA	NA	FALSE	NA	data.js:areas[Viridian Forest Heart].wild-day[0]	Measured	rate Asserted from the locations sheet
wild_encounter	Burmy	465	Viridian Forest Heart	Kanto	wild-day	NA	NA	REPEATABLE	NA	0	Brock	UNK	10	4	6	3	NA	NA	NA	NA	FALSE	NA	data.js:areas[Viridian Forest Heart].wild-day[0]	Measured	rate Asserted from the locations sheet
wild_encounter	Combee	468	Viridian Forest Heart	Kanto	wild-day	NA	NA	REPEATABLE	NA	0	Brock	UNK	10	4	6	4	NA	NA	NA	NA	FALSE	NA	data.js:areas[Viridian Forest Heart].wild-day[0]	Measured	rate Asserted from the locations sheet
wild_encounter	Kricketot	454	Viridian Forest Heart	Kanto	wild-day	NA	NA	REPEATABLE	NA	0	Brock	UNK	10	4	6	5	NA	NA	NA	NA	FALSE	NA	data.js:areas[Viridian Forest Heart].wild-day[0]	Measured	rate Asserted from the locations sheet
wild_encounter	Slakoth	364	Viridian Forest Heart	Kanto	wild-day	NA	NA	REPEATABLE	NA	0	Brock	UNK	5	4	6	6	NA	NA	NA	NA	FALSE	NA	data.js:areas[Viridian Forest Heart].wild-day[0]	Measured	rate Asserted from the locations sheet
wild_encounter	Grubbin	953	Viridian Forest Heart	Kanto	wild-day	NA	NA	REPEATABLE	NA	0	Brock	UNK	5	4	6	7	NA	NA	NA	NA	FALSE	NA	data.js:areas[Viridian Forest Heart].wild-day[0]	Measured	rate Asserted from the locations sheet
wild_encounter	Bramblin	1351	Viridian Forest Heart	Kanto	wild-day	NA	NA	REPEATABLE	NA	0	Brock	UNK	4	4	6	8	NA	NA	NA	NA	FALSE	NA	data.js:areas[Viridian Forest Heart].wild-day[0]	Measured	rate Asserted from the locations sheet
wild_encounter	Pumpkaboo	853	Viridian Forest Heart	Kanto	wild-day	NA	NA	REPEATABLE	NA	0	Brock	UNK	4	4	6	9	NA	NA	NA	NA	FALSE	NA	data.js:areas[Viridian Forest Heart].wild-day[0]	Measured	rate Asserted from the locations sheet
wild_encounter	Nymble	1316	Viridian Forest Heart	Kanto	wild-day	NA	NA	REPEATABLE	NA	0	Brock	UNK	1	5	7	10	NA	NA	NA	NA	FALSE	NA	data.js:areas[Viridian Forest Heart].wild-day[0]	Measured	rate Asserted from the locations sheet
wild_encounter	Nymble	1316	Viridian Forest Heart	Kanto	wild-day	NA	NA	REPEATABLE	NA	0	Brock	UNK	1	4	6	11	NA	NA	NA	NA	FALSE	NA	data.js:areas[Viridian Forest Heart].wild-day[0]	Measured	rate Asserted from the locations sheet
wild_encounter	Tarountula	1314	Viridian Forest Heart	Kanto	wild-night	NA	NA	REPEATABLE	NA	0	Brock	UNK	20	4	6	0	NA	NA	NA	NA	FALSE	NA	data.js:areas[Viridian Forest Heart].wild-night[0]	Measured	rate Asserted from the locations sheet
wild_encounter	Blipbug	1116	Viridian Forest Heart	Kanto	wild-night	NA	NA	REPEATABLE	NA	0	Brock	UNK	20	4	6	1	NA	NA	NA	NA	FALSE	NA	data.js:areas[Viridian Forest Heart].wild-night[0]	Measured	rate Asserted from the locations sheet
wild_encounter	Chingling	486	Viridian Forest Heart	Kanto	wild-night	NA	NA	REPEATABLE	NA	0	Brock	UNK	10	4	6	2	NA	NA	NA	NA	FALSE	NA	data.js:areas[Viridian Forest Heart].wild-night[0]	Measured	rate Asserted from the locations sheet
wild_encounter	Burmy	708	Viridian Forest Heart	Kanto	wild-night	NA	NA	REPEATABLE	NA	0	Brock	UNK	10	4	6	3	NA	NA	NA	NA	FALSE	NA	data.js:areas[Viridian Forest Heart].wild-night[0]	Measured	rate Asserted from the locations sheet
wild_encounter	Nincada	301	Viridian Forest Heart	Kanto	wild-night	NA	NA	REPEATABLE	NA	0	Brock	UNK	10	4	6	4	NA	NA	NA	NA	FALSE	NA	data.js:areas[Viridian Forest Heart].wild-night[0]	Measured	rate Asserted from the locations sheet
wild_encounter	Kricketot	454	Viridian Forest Heart	Kanto	wild-night	NA	NA	REPEATABLE	NA	0	Brock	UNK	10	4	6	5	NA	NA	NA	NA	FALSE	NA	data.js:areas[Viridian Forest Heart].wild-night[0]	Measured	rate Asserted from the locations sheet
wild_encounter	Slakoth	364	Viridian Forest Heart	Kanto	wild-night	NA	NA	REPEATABLE	NA	0	Brock	UNK	5	4	6	6	NA	NA	NA	NA	FALSE	NA	data.js:areas[Viridian Forest Heart].wild-night[0]	Measured	rate Asserted from the locations sheet
wild_encounter	Rellor	1318	Viridian Forest Heart	Kanto	wild-night	NA	NA	REPEATABLE	NA	0	Brock	UNK	5	4	6	7	NA	NA	NA	NA	FALSE	NA	data.js:areas[Viridian Forest Heart].wild-night[0]	Measured	rate Asserted from the locations sheet
wild_encounter	Bramblin	1351	Viridian Forest Heart	Kanto	wild-night	NA	NA	REPEATABLE	NA	0	Brock	UNK	4	4	6	8	NA	NA	NA	NA	FALSE	NA	data.js:areas[Viridian Forest Heart].wild-night[0]	Measured	rate Asserted from the locations sheet
wild_encounter	Phantump	816	Viridian Forest Heart	Kanto	wild-night	NA	NA	REPEATABLE	NA	0	Brock	UNK	4	4	6	9	NA	NA	NA	NA	FALSE	NA	data.js:areas[Viridian Forest Heart].wild-night[0]	Measured	rate Asserted from the locations sheet
wild_encounter	Nymble	1316	Viridian Forest Heart	Kanto	wild-night	NA	NA	REPEATABLE	NA	0	Brock	UNK	1	4	6	10	NA	NA	NA	NA	FALSE	NA	data.js:areas[Viridian Forest Heart].wild-night[0]	Measured	rate Asserted from the locations sheet
wild_encounter	Nymble	1316	Viridian Forest Heart	Kanto	wild-night	NA	NA	REPEATABLE	NA	0	Brock	UNK	1	4	6	11	NA	NA	NA	NA	FALSE	NA	data.js:areas[Viridian Forest Heart].wild-night[0]	Measured	rate Asserted from the locations sheet
static_pokemon	Virizion	693	Viridian Forest Heart	Kanto	fixed-overworld	NA	NA	1	NA	9	Koga	UNK	NA	NA	NA	NA	NA	NA	NA	NA	TRUE	one-time placement	data.js:areas[Viridian Forest Heart].fixed-overworld[9]	Measured	NONE
item_ground	TM15	303	Viridian Forest Heart	Kanto	item-standard	NA	NA	1	NA	0	Brock	UNK	NA	NA	NA	NA	NA	15	Electroweb	NA	TRUE	single placement	data.js:areas[Viridian Forest Heart].item-standard[0]	Measured	NONE
item_ground	Butterfrite	730	Viridian Forest Heart	Kanto	item-standard	NA	NA	1	NA	9	Koga	UNK	NA	NA	NA	NA	NA	NA	NA	NA	TRUE	single placement	data.js:areas[Viridian Forest Heart].item-standard[9]	Measured	NONE
item_ground	TM81	406	Viridian Forest Heart	Kanto	item-standard	NA	NA	1	NA	9	Koga	UNK	NA	NA	NA	NA	NA	81	X-Scissor	NA	TRUE	single placement	data.js:areas[Viridian Forest Heart].item-standard[9]	Measured	NONE
item_hidden	Potion	13	Viridian Forest Heart	Kanto	item-hidden	NA	NA	10	NA	0	Brock	UNK	NA	NA	NA	NA	NA	NA	NA	NA	TRUE	single placement	data.js:areas[Viridian Forest Heart].item-hidden[0]	Asserted	 quantity from the official item sheet
item_hidden	Antidote	14	Viridian Forest Heart	Kanto	item-hidden	NA	NA	1	NA	0	Brock	UNK	NA	NA	NA	NA	NA	NA	NA	NA	TRUE	single placement	data.js:areas[Viridian Forest Heart].item-hidden[0]	Measured	NONE
raid_den	Gourgeist	856	Viridian Forest Heart	Kanto	raid3	NA	NA	REPEATABLE	Wishing Piece to re-activate a spent den	0	Brock	UNK	NA	NA	NA	NA	3	NA	NA	Star Piece,Nugget,Dusk Ball,Salac Berry,Heal Ball,Leppa Berry,Dream Patch,PP Max,PP Max,PP Max	FALSE	NA	data.js:areas[Viridian Forest Heart].raid3[0]	Measured	NONE
raid_den	Golurk	676	Viridian Forest Heart	Kanto	raid3	NA	NA	REPEATABLE	Wishing Piece to re-activate a spent den	0	Brock	UNK	NA	NA	NA	NA	3	NA	NA	Star Piece,Nugget,Dusk Ball,Salac Berry,Heal Ball,Leppa Berry,Dream Patch,PP Max,PP Max,PP Max	FALSE	NA	data.js:areas[Viridian Forest Heart].raid3[0]	Measured	NONE
raid_den	Granbull	210	Viridian Forest Heart	Kanto	raid3	NA	NA	REPEATABLE	Wishing Piece to re-activate a spent den	0	Brock	UNK	NA	NA	NA	NA	3	NA	NA	Star Piece,Nugget,Dusk Ball,Salac Berry,Heal Ball,Leppa Berry,Dream Patch,PP Max,PP Max,PP Max	FALSE	NA	data.js:areas[Viridian Forest Heart].raid3[0]	Measured	NONE
raid_den	Flutter Mane	1246	Viridian Forest Heart	Kanto	raid5	NA	NA	REPEATABLE	Wishing Piece to re-activate a spent den	0	Brock	UNK	NA	NA	NA	NA	5	NA	NA	Nugget,Big Nugget,Ultra Ball,Wishing Piece,Salac Berry,Heal Ball,Leppa Berry,PP Max,PP Max,Life Orb,Life Orb	FALSE	NA	data.js:areas[Viridian Forest Heart].raid5[0]	Measured	NONE
raid_den	Zarude	1185	Viridian Forest Heart	Kanto	raid5	NA	NA	REPEATABLE	Wishing Piece to re-activate a spent den	0	Brock	UNK	NA	NA	NA	NA	5	NA	NA	Star Piece,Big Nugget,Ultra Ball,Wishing Piece,Salac Berry,Heal Ball,Leppa Berry,PP Max,PP Max,PP Max,PP Max	FALSE	NA	data.js:areas[Viridian Forest Heart].raid5[0]	Measured	NONE
raid_den	Shaymin	545	Viridian Forest Heart	Kanto	raid5	NA	NA	REPEATABLE	Wishing Piece to re-activate a spent den	0	Brock	UNK	NA	NA	NA	NA	5	NA	NA	Star Piece,Big Nugget,Ultra Ball,Wishing Piece,Salac Berry,Heal Ball,Leppa Berry,PP Max,PP Max,Life Orb,Life Orb	FALSE	NA	data.js:areas[Viridian Forest Heart].raid5[0]	Measured	NONE
raid_den	Tapu Bulu	1004	Viridian Forest Heart	Kanto	raid6	NA	NA	REPEATABLE	Wishing Piece to re-activate a spent den	0	Brock	UNK	NA	NA	NA	NA	6	NA	NA	Star Piece,Big Nugget,Ultra Ball,Wishing Piece,Salac Berry,Heal Ball,Leppa Berry,PP Max,Eviolite,Choice Scarf,Choice Scarf	FALSE	NA	data.js:areas[Viridian Forest Heart].raid6[0]	Measured	NONE
wild_encounter	Diglett	50	Diglett's Cave 1F	Kanto	wild-day	NA	NA	REPEATABLE	NA	0	Brock	UNK	20	7	9	0	NA	NA	NA	NA	FALSE	NA	data.js:areas[Diglett's Cave 1F].wild-day[0]	Measured	rate Asserted from the locations sheet
wild_encounter	Nacli	1340	Diglett's Cave 1F	Kanto	wild-day	NA	NA	REPEATABLE	NA	0	Brock	UNK	20	7	9	1	NA	NA	NA	NA	FALSE	NA	data.js:areas[Diglett's Cave 1F].wild-day[0]	Measured	rate Asserted from the locations sheet
wild_encounter	Numel	339	Diglett's Cave 1F	Kanto	wild-day	NA	NA	REPEATABLE	NA	0	Brock	UNK	10	7	9	2	NA	NA	NA	NA	FALSE	NA	data.js:areas[Diglett's Cave 1F].wild-day[0]	Measured	rate Asserted from the locations sheet
wild_encounter	Yamask	615	Diglett's Cave 1F	Kanto	wild-day	NA	NA	REPEATABLE	NA	0	Brock	UNK	10	7	9	3	NA	NA	NA	NA	FALSE	NA	data.js:areas[Diglett's Cave 1F].wild-day[0]	Measured	rate Asserted from the locations sheet
wild_encounter	Sandshrew	27	Diglett's Cave 1F	Kanto	wild-day	NA	NA	REPEATABLE	NA	0	Brock	UNK	10	7	9	4	NA	NA	NA	NA	FALSE	NA	data.js:areas[Diglett's Cave 1F].wild-day[0]	Measured	rate Asserted from the locations sheet
wild_encounter	Geodude	74	Diglett's Cave 1F	Kanto	wild-day	NA	NA	REPEATABLE	NA	0	Brock	UNK	10	7	9	5	NA	NA	NA	NA	FALSE	NA	data.js:areas[Diglett's Cave 1F].wild-day[0]	Measured	rate Asserted from the locations sheet
wild_encounter	Trapinch	332	Diglett's Cave 1F	Kanto	wild-day	NA	NA	REPEATABLE	NA	0	Brock	UNK	5	7	9	6	NA	NA	NA	NA	FALSE	NA	data.js:areas[Diglett's Cave 1F].wild-day[0]	Measured	rate Asserted from the locations sheet
wild_encounter	Silicobra	1135	Diglett's Cave 1F	Kanto	wild-day	NA	NA	REPEATABLE	NA	0	Brock	UNK	5	7	9	7	NA	NA	NA	NA	FALSE	NA	data.js:areas[Diglett's Cave 1F].wild-day[0]	Measured	rate Asserted from the locations sheet
wild_encounter	Bronzor	489	Diglett's Cave 1F	Kanto	wild-day	NA	NA	REPEATABLE	NA	0	Brock	UNK	4	7	9	8	NA	NA	NA	NA	FALSE	NA	data.js:areas[Diglett's Cave 1F].wild-day[0]	Measured	rate Asserted from the locations sheet
wild_encounter	Machop	66	Diglett's Cave 1F	Kanto	wild-day	NA	NA	REPEATABLE	NA	0	Brock	UNK	4	7	9	9	NA	NA	NA	NA	FALSE	NA	data.js:areas[Diglett's Cave 1F].wild-day[0]	Measured	rate Asserted from the locations sheet
wild_encounter	Noibat	822	Diglett's Cave 1F	Kanto	wild-day	NA	NA	REPEATABLE	NA	0	Brock	UNK	1	7	9	10	NA	NA	NA	NA	FALSE	NA	data.js:areas[Diglett's Cave 1F].wild-day[0]	Measured	rate Asserted from the locations sheet
wild_encounter	Noibat	822	Diglett's Cave 1F	Kanto	wild-day	NA	NA	REPEATABLE	NA	0	Brock	UNK	1	7	9	11	NA	NA	NA	NA	FALSE	NA	data.js:areas[Diglett's Cave 1F].wild-day[0]	Measured	rate Asserted from the locations sheet
wild_encounter	Diglett-Alola	1027	Diglett's Cave 1F	Kanto	wild-night	NA	NA	REPEATABLE	NA	0	Brock	UNK	20	7	9	0	NA	NA	NA	NA	FALSE	NA	data.js:areas[Diglett's Cave 1F].wild-night[0]	Measured	rate Asserted from the locations sheet
wild_encounter	Nacli	1340	Diglett's Cave 1F	Kanto	wild-night	NA	NA	REPEATABLE	NA	0	Brock	UNK	20	7	9	1	NA	NA	NA	NA	FALSE	NA	data.js:areas[Diglett's Cave 1F].wild-night[0]	Measured	rate Asserted from the locations sheet
wild_encounter	Numel	339	Diglett's Cave 1F	Kanto	wild-night	NA	NA	REPEATABLE	NA	0	Brock	UNK	10	7	9	2	NA	NA	NA	NA	FALSE	NA	data.js:areas[Diglett's Cave 1F].wild-night[0]	Measured	rate Asserted from the locations sheet
wild_encounter	Yamask-Galar	1228	Diglett's Cave 1F	Kanto	wild-night	NA	NA	REPEATABLE	NA	0	Brock	UNK	10	7	9	3	NA	NA	NA	NA	FALSE	NA	data.js:areas[Diglett's Cave 1F].wild-night[0]	Measured	rate Asserted from the locations sheet
wild_encounter	Sandshrew	27	Diglett's Cave 1F	Kanto	wild-night	NA	NA	REPEATABLE	NA	0	Brock	UNK	10	7	9	4	NA	NA	NA	NA	FALSE	NA	data.js:areas[Diglett's Cave 1F].wild-night[0]	Measured	rate Asserted from the locations sheet
wild_encounter	Geodude-Alola	1031	Diglett's Cave 1F	Kanto	wild-night	NA	NA	REPEATABLE	NA	0	Brock	UNK	10	7	9	5	NA	NA	NA	NA	FALSE	NA	data.js:areas[Diglett's Cave 1F].wild-night[0]	Measured	rate Asserted from the locations sheet
wild_encounter	Trapinch	332	Diglett's Cave 1F	Kanto	wild-night	NA	NA	REPEATABLE	NA	0	Brock	UNK	5	7	9	6	NA	NA	NA	NA	FALSE	NA	data.js:areas[Diglett's Cave 1F].wild-night[0]	Measured	rate Asserted from the locations sheet
wild_encounter	Sandile	604	Diglett's Cave 1F	Kanto	wild-night	NA	NA	REPEATABLE	NA	0	Brock	UNK	5	7	9	7	NA	NA	NA	NA	FALSE	NA	data.js:areas[Diglett's Cave 1F].wild-night[0]	Measured	rate Asserted from the locations sheet
wild_encounter	Bronzor	489	Diglett's Cave 1F	Kanto	wild-night	NA	NA	REPEATABLE	NA	0	Brock	UNK	4	7	9	8	NA	NA	NA	NA	FALSE	NA	data.js:areas[Diglett's Cave 1F].wild-night[0]	Measured	rate Asserted from the locations sheet
wild_encounter	Pancham	782	Diglett's Cave 1F	Kanto	wild-night	NA	NA	REPEATABLE	NA	0	Brock	UNK	4	7	9	9	NA	NA	NA	NA	FALSE	NA	data.js:areas[Diglett's Cave 1F].wild-night[0]	Measured	rate Asserted from the locations sheet
wild_encounter	Noibat	822	Diglett's Cave 1F	Kanto	wild-night	NA	NA	REPEATABLE	NA	0	Brock	UNK	1	7	9	10	NA	NA	NA	NA	FALSE	NA	data.js:areas[Diglett's Cave 1F].wild-night[0]	Measured	rate Asserted from the locations sheet
wild_encounter	Noibat	822	Diglett's Cave 1F	Kanto	wild-night	NA	NA	REPEATABLE	NA	0	Brock	UNK	1	7	9	11	NA	NA	NA	NA	FALSE	NA	data.js:areas[Diglett's Cave 1F].wild-night[0]	Measured	rate Asserted from the locations sheet
item_ground	TM46	334	Diglett's Cave 1F	Kanto	item-standard	NA	NA	1	NA	0	Brock	UNK	NA	NA	NA	NA	NA	46	Thief	NA	TRUE	single placement	data.js:areas[Diglett's Cave 1F].item-standard[0]	Measured	NONE
wild_encounter	Grimer	88	Pewter City	Kanto	wild-day	NA	NA	REPEATABLE	NA	0	Brock	UNK	20	7	9	0	NA	NA	NA	NA	FALSE	NA	data.js:areas[Pewter City].wild-day[0]	Measured	rate Asserted from the locations sheet
wild_encounter	Starly	449	Pewter City	Kanto	wild-day	NA	NA	REPEATABLE	NA	0	Brock	UNK	20	7	9	1	NA	NA	NA	NA	FALSE	NA	data.js:areas[Pewter City].wild-day[0]	Measured	rate Asserted from the locations sheet
wild_encounter	Exeggcute	102	Pewter City	Kanto	wild-day	NA	NA	REPEATABLE	NA	0	Brock	UNK	10	7	9	2	NA	NA	NA	NA	FALSE	NA	data.js:areas[Pewter City].wild-day[0]	Measured	rate Asserted from the locations sheet
wild_encounter	Spoink	351	Pewter City	Kanto	wild-day	NA	NA	REPEATABLE	NA	0	Brock	UNK	10	7	9	3	NA	NA	NA	NA	FALSE	NA	data.js:areas[Pewter City].wild-day[0]	Measured	rate Asserted from the locations sheet
wild_encounter	Hoppip	187	Pewter City	Kanto	wild-day	NA	NA	REPEATABLE	NA	0	Brock	UNK	10	7	9	4	NA	NA	NA	NA	FALSE	NA	data.js:areas[Pewter City].wild-day[0]	Measured	rate Asserted from the locations sheet
wild_encounter	Numel	339	Pewter City	Kanto	wild-day	NA	NA	REPEATABLE	NA	0	Brock	UNK	10	7	9	5	NA	NA	NA	NA	FALSE	NA	data.js:areas[Pewter City].wild-day[0]	Measured	rate Asserted from the locations sheet
wild_encounter	Cutiefly	959	Pewter City	Kanto	wild-day	NA	NA	REPEATABLE	NA	0	Brock	UNK	5	7	9	6	NA	NA	NA	NA	FALSE	NA	data.js:areas[Pewter City].wild-day[0]	Measured	rate Asserted from the locations sheet
wild_encounter	Sinistea	1146	Pewter City	Kanto	wild-day	NA	NA	REPEATABLE	NA	0	Brock	UNK	5	7	9	7	NA	NA	NA	NA	FALSE	NA	data.js:areas[Pewter City].wild-day[0]	Measured	rate Asserted from the locations sheet
wild_encounter	Ekans	23	Pewter City	Kanto	wild-day	NA	NA	REPEATABLE	NA	0	Brock	UNK	4	7	9	8	NA	NA	NA	NA	FALSE	NA	data.js:areas[Pewter City].wild-day[0]	Measured	rate Asserted from the locations sheet
wild_encounter	Phanpy	231	Pewter City	Kanto	wild-day	NA	NA	REPEATABLE	NA	0	Brock	UNK	4	7	9	9	NA	NA	NA	NA	FALSE	NA	data.js:areas[Pewter City].wild-day[0]	Measured	rate Asserted from the locations sheet
wild_encounter	Axew	663	Pewter City	Kanto	wild-day	NA	NA	REPEATABLE	NA	0	Brock	UNK	1	7	9	10	NA	NA	NA	NA	FALSE	NA	data.js:areas[Pewter City].wild-day[0]	Measured	rate Asserted from the locations sheet
wild_encounter	Bonsly	491	Pewter City	Kanto	wild-day	NA	NA	REPEATABLE	NA	0	Brock	UNK	1	7	9	11	NA	NA	NA	NA	FALSE	NA	data.js:areas[Pewter City].wild-day[0]	Measured	rate Asserted from the locations sheet
wild_encounter	Grimer-Alola	1034	Pewter City	Kanto	wild-night	NA	NA	REPEATABLE	NA	0	Brock	UNK	20	7	9	0	NA	NA	NA	NA	FALSE	NA	data.js:areas[Pewter City].wild-night[0]	Measured	rate Asserted from the locations sheet
wild_encounter	Starly	449	Pewter City	Kanto	wild-night	NA	NA	REPEATABLE	NA	0	Brock	UNK	20	7	9	1	NA	NA	NA	NA	FALSE	NA	data.js:areas[Pewter City].wild-night[0]	Measured	rate Asserted from the locations sheet
wild_encounter	Exeggcute	102	Pewter City	Kanto	wild-night	NA	NA	REPEATABLE	NA	0	Brock	UNK	10	7	9	2	NA	NA	NA	NA	FALSE	NA	data.js:areas[Pewter City].wild-night[0]	Measured	rate Asserted from the locations sheet
wild_encounter	Espurr	785	Pewter City	Kanto	wild-night	NA	NA	REPEATABLE	NA	0	Brock	UNK	10	7	9	3	NA	NA	NA	NA	FALSE	NA	data.js:areas[Pewter City].wild-night[0]	Measured	rate Asserted from the locations sheet
wild_encounter	Skiddo	780	Pewter City	Kanto	wild-night	NA	NA	REPEATABLE	NA	0	Brock	UNK	10	7	9	4	NA	NA	NA	NA	FALSE	NA	data.js:areas[Pewter City].wild-night[0]	Measured	rate Asserted from the locations sheet
wild_encounter	Numel	339	Pewter City	Kanto	wild-night	NA	NA	REPEATABLE	NA	0	Brock	UNK	10	7	9	5	NA	NA	NA	NA	FALSE	NA	data.js:areas[Pewter City].wild-night[0]	Measured	rate Asserted from the locations sheet
wild_encounter	Gastly	92	Pewter City	Kanto	wild-night	NA	NA	REPEATABLE	NA	0	Brock	UNK	5	7	9	6	NA	NA	NA	NA	FALSE	NA	data.js:areas[Pewter City].wild-night[0]	Measured	rate Asserted from the locations sheet
wild_encounter	Poltchageist	1361	Pewter City	Kanto	wild-night	NA	NA	REPEATABLE	NA	0	Brock	UNK	5	7	9	7	NA	NA	NA	NA	FALSE	NA	data.js:areas[Pewter City].wild-night[0]	Measured	rate Asserted from the locations sheet
wild_encounter	Ekans	23	Pewter City	Kanto	wild-night	NA	NA	REPEATABLE	NA	0	Brock	UNK	4	7	9	8	NA	NA	NA	NA	FALSE	NA	data.js:areas[Pewter City].wild-night[0]	Measured	rate Asserted from the locations sheet
wild_encounter	Phanpy	231	Pewter City	Kanto	wild-night	NA	NA	REPEATABLE	NA	0	Brock	UNK	4	7	9	9	NA	NA	NA	NA	FALSE	NA	data.js:areas[Pewter City].wild-night[0]	Measured	rate Asserted from the locations sheet
wild_encounter	Axew	663	Pewter City	Kanto	wild-night	NA	NA	REPEATABLE	NA	0	Brock	UNK	1	7	9	10	NA	NA	NA	NA	FALSE	NA	data.js:areas[Pewter City].wild-night[0]	Measured	rate Asserted from the locations sheet
wild_encounter	Bonsly	491	Pewter City	Kanto	wild-night	NA	NA	REPEATABLE	NA	0	Brock	UNK	1	7	9	11	NA	NA	NA	NA	FALSE	NA	data.js:areas[Pewter City].wild-night[0]	Measured	rate Asserted from the locations sheet
item_ground	Exp. Share	182	Pewter City	Kanto	item-standard	NA	NA	1	NA	0	Brock	UNK	NA	NA	NA	NA	NA	NA	NA	NA	TRUE	single placement	data.js:areas[Pewter City].item-standard[0]	Measured	NONE
item_ground	Stat Scanner	362	Pewter City	Kanto	item-standard	NA	NA	1	NA	0	Brock	UNK	NA	NA	NA	NA	NA	NA	NA	NA	TRUE	single placement	data.js:areas[Pewter City].item-standard[0]	Measured	NONE
item_ground	Wishing Piece	641	Pewter City	Kanto	item-standard	NA	NA	5	NA	1	Archer-1	UNK	NA	NA	NA	NA	NA	NA	NA	NA	TRUE	single placement	data.js:areas[Pewter City].item-standard[1]	Asserted	 quantity from the official item sheet
item_ground	Dynamax Band	347	Pewter City	Kanto	item-standard	NA	NA	1	NA	1	Archer-1	UNK	NA	NA	NA	NA	NA	NA	NA	NA	TRUE	single placement	data.js:areas[Pewter City].item-standard[1]	Measured	NONE
item_hidden	Nugget	110	Pewter City	Kanto	item-hidden	NA	NA	10	NA	0	Brock	UNK	NA	NA	NA	NA	NA	NA	NA	NA	TRUE	single placement	data.js:areas[Pewter City].item-hidden[0]	Asserted	 quantity from the official item sheet
item_care_package	Moon Stone	94	Pewter City	Kanto	item-cheat	NA	NA	10	NA	0	Brock	UNK	NA	NA	NA	NA	NA	NA	NA	NA	TRUE	single placement	data.js:areas[Pewter City].item-cheat[0]	Asserted	care-package item, delivered by code not exploration quantity from the official item sheet
item_care_package	Cheri Berry	133	Pewter City	Kanto	item-cheat	NA	NA	10	NA	0	Brock	UNK	NA	NA	NA	NA	NA	NA	NA	NA	TRUE	single placement	data.js:areas[Pewter City].item-cheat[0]	Asserted	care-package item, delivered by code not exploration quantity from the official item sheet
item_care_package	Chople Berry	451	Pewter City	Kanto	item-cheat	NA	NA	10	NA	0	Brock	UNK	NA	NA	NA	NA	NA	NA	NA	NA	TRUE	single placement	data.js:areas[Pewter City].item-cheat[0]	Asserted	care-package item, delivered by code not exploration quantity from the official item sheet
vendor_stock	Ultra Ball	2	Pewter City Poke Mart	Kanto	item-shop	UNK	money	UNLIMITED	NA	0	Brock	UNK	NA	NA	NA	NA	NA	NA	NA	NA	FALSE	NA	data.js:areas[Pewter City Poke Mart].item-shop[0]	Measured	NONE
vendor_stock	Great Ball	3	Pewter City Poke Mart	Kanto	item-shop	UNK	money	UNLIMITED	NA	0	Brock	UNK	NA	NA	NA	NA	NA	NA	NA	NA	FALSE	NA	data.js:areas[Pewter City Poke Mart].item-shop[0]	Measured	NONE
vendor_stock	Poke Ball	4	Pewter City Poke Mart	Kanto	item-shop	UNK	money	UNLIMITED	NA	0	Brock	UNK	NA	NA	NA	NA	NA	NA	NA	NA	FALSE	NA	data.js:areas[Pewter City Poke Mart].item-shop[0]	Measured	NONE
vendor_stock	Potion	13	Pewter City Poke Mart	Kanto	item-shop	UNK	money	UNLIMITED	NA	0	Brock	UNK	NA	NA	NA	NA	NA	NA	NA	NA	FALSE	NA	data.js:areas[Pewter City Poke Mart].item-shop[0]	Measured	NONE
vendor_stock	Antidote	14	Pewter City Poke Mart	Kanto	item-shop	UNK	money	UNLIMITED	NA	0	Brock	UNK	NA	NA	NA	NA	NA	NA	NA	NA	FALSE	NA	data.js:areas[Pewter City Poke Mart].item-shop[0]	Measured	NONE
vendor_stock	Burn Heal	15	Pewter City Poke Mart	Kanto	item-shop	UNK	money	UNLIMITED	NA	0	Brock	UNK	NA	NA	NA	NA	NA	NA	NA	NA	FALSE	NA	data.js:areas[Pewter City Poke Mart].item-shop[0]	Measured	NONE
vendor_stock	Ice Heal	16	Pewter City Poke Mart	Kanto	item-shop	UNK	money	UNLIMITED	NA	0	Brock	UNK	NA	NA	NA	NA	NA	NA	NA	NA	FALSE	NA	data.js:areas[Pewter City Poke Mart].item-shop[0]	Measured	NONE
vendor_stock	Awakening	17	Pewter City Poke Mart	Kanto	item-shop	UNK	money	UNLIMITED	NA	0	Brock	UNK	NA	NA	NA	NA	NA	NA	NA	NA	FALSE	NA	data.js:areas[Pewter City Poke Mart].item-shop[0]	Measured	NONE
vendor_stock	Paralyze Heal	18	Pewter City Poke Mart	Kanto	item-shop	UNK	money	UNLIMITED	NA	0	Brock	UNK	NA	NA	NA	NA	NA	NA	NA	NA	FALSE	NA	data.js:areas[Pewter City Poke Mart].item-shop[0]	Measured	NONE
vendor_stock	Full Restore	19	Pewter City Poke Mart	Kanto	item-shop	UNK	money	UNLIMITED	NA	0	Brock	UNK	NA	NA	NA	NA	NA	NA	NA	NA	FALSE	NA	data.js:areas[Pewter City Poke Mart].item-shop[0]	Measured	NONE
vendor_stock	Max Potion	20	Pewter City Poke Mart	Kanto	item-shop	UNK	money	UNLIMITED	NA	0	Brock	UNK	NA	NA	NA	NA	NA	NA	NA	NA	FALSE	NA	data.js:areas[Pewter City Poke Mart].item-shop[0]	Measured	NONE
vendor_stock	Hyper Potion	21	Pewter City Poke Mart	Kanto	item-shop	UNK	money	UNLIMITED	NA	0	Brock	UNK	NA	NA	NA	NA	NA	NA	NA	NA	FALSE	NA	data.js:areas[Pewter City Poke Mart].item-shop[0]	Measured	NONE
vendor_stock	Super Potion	22	Pewter City Poke Mart	Kanto	item-shop	UNK	money	UNLIMITED	NA	0	Brock	UNK	NA	NA	NA	NA	NA	NA	NA	NA	FALSE	NA	data.js:areas[Pewter City Poke Mart].item-shop[0]	Measured	NONE
vendor_stock	Full Heal	23	Pewter City Poke Mart	Kanto	item-shop	UNK	money	UNLIMITED	NA	0	Brock	UNK	NA	NA	NA	NA	NA	NA	NA	NA	FALSE	NA	data.js:areas[Pewter City Poke Mart].item-shop[0]	Measured	NONE
vendor_stock	Revive	24	Pewter City Poke Mart	Kanto	item-shop	UNK	money	UNLIMITED	NA	0	Brock	UNK	NA	NA	NA	NA	NA	NA	NA	NA	FALSE	NA	data.js:areas[Pewter City Poke Mart].item-shop[0]	Measured	NONE
vendor_stock	Super Repel	83	Pewter City Poke Mart	Kanto	item-shop	UNK	money	UNLIMITED	NA	0	Brock	UNK	NA	NA	NA	NA	NA	NA	NA	NA	FALSE	NA	data.js:areas[Pewter City Poke Mart].item-shop[0]	Measured	NONE
vendor_stock	Max Repel	84	Pewter City Poke Mart	Kanto	item-shop	UNK	money	UNLIMITED	NA	0	Brock	UNK	NA	NA	NA	NA	NA	NA	NA	NA	FALSE	NA	data.js:areas[Pewter City Poke Mart].item-shop[0]	Measured	NONE
vendor_stock	Escape Rope	85	Pewter City Poke Mart	Kanto	item-shop	UNK	money	UNLIMITED	NA	0	Brock	UNK	NA	NA	NA	NA	NA	NA	NA	NA	FALSE	NA	data.js:areas[Pewter City Poke Mart].item-shop[0]	Measured	NONE
vendor_stock	Repel	86	Pewter City Poke Mart	Kanto	item-shop	UNK	money	UNLIMITED	NA	0	Brock	UNK	NA	NA	NA	NA	NA	NA	NA	NA	FALSE	NA	data.js:areas[Pewter City Poke Mart].item-shop[0]	Measured	NONE
item_ground	Old Amber	354	Pewter City Museum 1F	Kanto	item-standard	NA	NA	1	NA	3	Surge	UNK	NA	NA	NA	NA	NA	NA	NA	NA	TRUE	single placement	data.js:areas[Pewter City Museum 1F].item-standard[3]	Measured	NONE
tutor	tutor_slot_46	46	Pewter City Museum 1F	Kanto	tutor	UNK	money	REPEATABLE	NA	0	Brock	UNK	NA	NA	NA	NA	NA	NA	Rock Polish	NA	FALSE	NA	data.js:areas[Pewter City Museum 1F].tutors[0]	Measured	value is a tutorMoves slot index, not a move ID
item_ground	TM51	376	Pewter City Museum 2F	Kanto	item-standard	NA	NA	1	NA	0	Brock	UNK	NA	NA	NA	NA	NA	51	Roost	NA	TRUE	single placement	data.js:areas[Pewter City Museum 2F].item-standard[0]	Measured	NONE
item_ground	TM39	327	Pewter City Gym	Kanto	item-standard	NA	NA	1	NA	1	Archer-1	UNK	NA	NA	NA	NA	NA	39	Rock Tomb	NA	TRUE	single placement	data.js:areas[Pewter City Gym].item-standard[1]	Measured	NONE
item_ground	Aerodactlite	545	Pewter City Gym	Kanto	item-standard	NA	NA	1	NA	9	Koga	UNK	NA	NA	NA	NA	NA	NA	NA	NA	TRUE	single placement	data.js:areas[Pewter City Gym].item-standard[9]	Measured	NONE
item_ground	TM71	396	Pewter City Gym	Kanto	item-standard	NA	NA	1	NA	9	Koga	UNK	NA	NA	NA	NA	NA	71	Stone Edge	NA	TRUE	single placement	data.js:areas[Pewter City Gym].item-standard[9]	Measured	NONE
wild_encounter	Fletchling	769	Route 3	Kanto	wild-day	NA	NA	REPEATABLE	NA	1	Archer-1	UNK	20	10	12	0	NA	NA	NA	NA	FALSE	NA	data.js:areas[Route 3].wild-day[1]	Measured	rate Asserted from the locations sheet
wild_encounter	Ekans	23	Route 3	Kanto	wild-day	NA	NA	REPEATABLE	NA	1	Archer-1	UNK	20	10	12	1	NA	NA	NA	NA	FALSE	NA	data.js:areas[Route 3].wild-day[1]	Measured	rate Asserted from the locations sheet
wild_encounter	Spearow	21	Route 3	Kanto	wild-day	NA	NA	REPEATABLE	NA	1	Archer-1	UNK	10	10	12	2	NA	NA	NA	NA	FALSE	NA	data.js:areas[Route 3].wild-day[1]	Measured	rate Asserted from the locations sheet
wild_encounter	Nidoran-M	32	Route 3	Kanto	wild-day	NA	NA	REPEATABLE	NA	1	Archer-1	UNK	10	10	12	3	NA	NA	NA	NA	FALSE	NA	data.js:areas[Route 3].wild-day[1]	Measured	rate Asserted from the locations sheet
wild_encounter	Nickit	1119	Route 3	Kanto	wild-day	NA	NA	REPEATABLE	NA	1	Archer-1	UNK	10	10	12	4	NA	NA	NA	NA	FALSE	NA	data.js:areas[Route 3].wild-day[1]	Measured	rate Asserted from the locations sheet
wild_encounter	Shroomish	306	Route 3	Kanto	wild-day	NA	NA	REPEATABLE	NA	1	Archer-1	UNK	10	10	12	5	NA	NA	NA	NA	FALSE	NA	data.js:areas[Route 3].wild-day[1]	Measured	rate Asserted from the locations sheet
wild_encounter	Buneary	480	Route 3	Kanto	wild-day	NA	NA	REPEATABLE	NA	1	Archer-1	UNK	5	10	12	6	NA	NA	NA	NA	FALSE	NA	data.js:areas[Route 3].wild-day[1]	Measured	rate Asserted from the locations sheet
wild_encounter	Buneary	480	Route 3	Kanto	wild-day	NA	NA	REPEATABLE	NA	1	Archer-1	UNK	5	10	12	7	NA	NA	NA	NA	FALSE	NA	data.js:areas[Route 3].wild-day[1]	Measured	rate Asserted from the locations sheet
wild_encounter	Litleo	775	Route 3	Kanto	wild-day	NA	NA	REPEATABLE	NA	1	Archer-1	UNK	4	10	12	8	NA	NA	NA	NA	FALSE	NA	data.js:areas[Route 3].wild-day[1]	Measured	rate Asserted from the locations sheet
wild_encounter	Stunky	487	Route 3	Kanto	wild-day	NA	NA	REPEATABLE	NA	1	Archer-1	UNK	4	10	12	9	NA	NA	NA	NA	FALSE	NA	data.js:areas[Route 3].wild-day[1]	Measured	rate Asserted from the locations sheet
wild_encounter	Jigglypuff	39	Route 3	Kanto	wild-day	NA	NA	REPEATABLE	NA	1	Archer-1	UNK	1	10	12	10	NA	NA	NA	NA	FALSE	NA	data.js:areas[Route 3].wild-day[1]	Measured	rate Asserted from the locations sheet
wild_encounter	Meowth-Alola	1029	Route 3	Kanto	wild-day	NA	NA	REPEATABLE	NA	1	Archer-1	UNK	1	10	12	11	NA	NA	NA	NA	FALSE	NA	data.js:areas[Route 3].wild-day[1]	Measured	rate Asserted from the locations sheet
wild_encounter	Fletchling	769	Route 3	Kanto	wild-night	NA	NA	REPEATABLE	NA	1	Archer-1	UNK	20	10	12	0	NA	NA	NA	NA	FALSE	NA	data.js:areas[Route 3].wild-night[1]	Measured	rate Asserted from the locations sheet
wild_encounter	Ekans	23	Route 3	Kanto	wild-night	NA	NA	REPEATABLE	NA	1	Archer-1	UNK	20	10	12	1	NA	NA	NA	NA	FALSE	NA	data.js:areas[Route 3].wild-night[1]	Measured	rate Asserted from the locations sheet
wild_encounter	Spearow	21	Route 3	Kanto	wild-night	NA	NA	REPEATABLE	NA	1	Archer-1	UNK	10	10	12	2	NA	NA	NA	NA	FALSE	NA	data.js:areas[Route 3].wild-night[1]	Measured	rate Asserted from the locations sheet
wild_encounter	Nidoran-F	29	Route 3	Kanto	wild-night	NA	NA	REPEATABLE	NA	1	Archer-1	UNK	10	10	12	3	NA	NA	NA	NA	FALSE	NA	data.js:areas[Route 3].wild-night[1]	Measured	rate Asserted from the locations sheet
wild_encounter	Nickit	1119	Route 3	Kanto	wild-night	NA	NA	REPEATABLE	NA	1	Archer-1	UNK	10	10	12	4	NA	NA	NA	NA	FALSE	NA	data.js:areas[Route 3].wild-night[1]	Measured	rate Asserted from the locations sheet
wild_encounter	Skiddo	780	Route 3	Kanto	wild-night	NA	NA	REPEATABLE	NA	1	Archer-1	UNK	10	10	12	5	NA	NA	NA	NA	FALSE	NA	data.js:areas[Route 3].wild-night[1]	Measured	rate Asserted from the locations sheet
wild_encounter	Shroodle	1345	Route 3	Kanto	wild-night	NA	NA	REPEATABLE	NA	1	Archer-1	UNK	5	10	12	6	NA	NA	NA	NA	FALSE	NA	data.js:areas[Route 3].wild-night[1]	Measured	rate Asserted from the locations sheet
wild_encounter	Shroodle	1345	Route 3	Kanto	wild-night	NA	NA	REPEATABLE	NA	1	Archer-1	UNK	5	10	12	7	NA	NA	NA	NA	FALSE	NA	data.js:areas[Route 3].wild-night[1]	Measured	rate Asserted from the locations sheet
wild_encounter	Litleo	775	Route 3	Kanto	wild-night	NA	NA	REPEATABLE	NA	1	Archer-1	UNK	4	10	12	8	NA	NA	NA	NA	FALSE	NA	data.js:areas[Route 3].wild-night[1]	Measured	rate Asserted from the locations sheet
wild_encounter	Glameow	484	Route 3	Kanto	wild-night	NA	NA	REPEATABLE	NA	1	Archer-1	UNK	4	10	12	9	NA	NA	NA	NA	FALSE	NA	data.js:areas[Route 3].wild-night[1]	Measured	rate Asserted from the locations sheet
wild_encounter	Jigglypuff	39	Route 3	Kanto	wild-night	NA	NA	REPEATABLE	NA	1	Archer-1	UNK	1	10	12	10	NA	NA	NA	NA	FALSE	NA	data.js:areas[Route 3].wild-night[1]	Measured	rate Asserted from the locations sheet
wild_encounter	Meowth-Alola	1029	Route 3	Kanto	wild-night	NA	NA	REPEATABLE	NA	1	Archer-1	UNK	1	10	12	11	NA	NA	NA	NA	FALSE	NA	data.js:areas[Route 3].wild-night[1]	Measured	rate Asserted from the locations sheet
item_ground	ThunderStone	96	Route 3	Kanto	item-standard	NA	NA	1	NA	1	Archer-1	UNK	NA	NA	NA	NA	NA	NA	NA	NA	TRUE	single placement	data.js:areas[Route 3].item-standard[1]	Measured	NONE
item_ground	TM34	322	Route 3	Kanto	item-standard	NA	NA	1	NA	1	Archer-1	UNK	NA	NA	NA	NA	NA	34	Teleport	NA	TRUE	single placement	data.js:areas[Route 3].item-standard[1]	Measured	NONE
item_hidden	Oran Berry	139	Route 3	Kanto	item-hidden	NA	NA	10	NA	1	Archer-1	UNK	NA	NA	NA	NA	NA	NA	NA	NA	TRUE	single placement	data.js:areas[Route 3].item-hidden[1]	Asserted	 quantity from the official item sheet
item_care_package	Ether	34	Route 3	Kanto	item-cheat	NA	NA	10	NA	1	Archer-1	UNK	NA	NA	NA	NA	NA	NA	NA	NA	TRUE	single placement	data.js:areas[Route 3].item-cheat[1]	Asserted	care-package item, delivered by code not exploration quantity from the official item sheet
item_care_package	Berry Juice	44	Route 3	Kanto	item-cheat	NA	NA	10	NA	1	Archer-1	UNK	NA	NA	NA	NA	NA	NA	NA	NA	TRUE	single placement	data.js:areas[Route 3].item-cheat[1]	Asserted	care-package item, delivered by code not exploration quantity from the official item sheet
item_care_package	Muscle Wing	58	Route 3	Kanto	item-cheat	NA	NA	10	NA	1	Archer-1	UNK	NA	NA	NA	NA	NA	NA	NA	NA	TRUE	single placement	data.js:areas[Route 3].item-cheat[1]	Asserted	care-package item, delivered by code not exploration quantity from the official item sheet
item_care_package	Swift Wing	62	Route 3	Kanto	item-cheat	NA	NA	10	NA	1	Archer-1	UNK	NA	NA	NA	NA	NA	NA	NA	NA	TRUE	single placement	data.js:areas[Route 3].item-cheat[1]	Asserted	care-package item, delivered by code not exploration quantity from the official item sheet
item_care_package	Protein	64	Route 3	Kanto	item-cheat	NA	NA	10	NA	1	Archer-1	UNK	NA	NA	NA	NA	NA	NA	NA	NA	TRUE	single placement	data.js:areas[Route 3].item-cheat[1]	Asserted	care-package item, delivered by code not exploration quantity from the official item sheet
item_care_package	Carbos	66	Route 3	Kanto	item-cheat	NA	NA	10	NA	1	Archer-1	UNK	NA	NA	NA	NA	NA	NA	NA	NA	TRUE	single placement	data.js:areas[Route 3].item-cheat[1]	Asserted	care-package item, delivered by code not exploration quantity from the official item sheet
item_care_package	PP Up	69	Route 3	Kanto	item-cheat	NA	NA	10	NA	1	Archer-1	UNK	NA	NA	NA	NA	NA	NA	NA	NA	TRUE	single placement	data.js:areas[Route 3].item-cheat[1]	Asserted	care-package item, delivered by code not exploration quantity from the official item sheet
item_care_package	Stardust	108	Route 3	Kanto	item-cheat	NA	NA	10	NA	1	Archer-1	UNK	NA	NA	NA	NA	NA	NA	NA	NA	TRUE	single placement	data.js:areas[Route 3].item-cheat[1]	Asserted	care-package item, delivered by code not exploration quantity from the official item sheet
item_care_package	Chesto Berry	134	Route 3	Kanto	item-cheat	NA	NA	10	NA	1	Archer-1	UNK	NA	NA	NA	NA	NA	NA	NA	NA	TRUE	single placement	data.js:areas[Route 3].item-cheat[1]	Asserted	care-package item, delivered by code not exploration quantity from the official item sheet
item_care_package	Leppa Berry	138	Route 3	Kanto	item-cheat	NA	NA	10	NA	1	Archer-1	UNK	NA	NA	NA	NA	NA	NA	NA	NA	TRUE	single placement	data.js:areas[Route 3].item-cheat[1]	Asserted	care-package item, delivered by code not exploration quantity from the official item sheet
item_care_package	Sitrus Berry	142	Route 3	Kanto	item-cheat	NA	NA	10	NA	1	Archer-1	UNK	NA	NA	NA	NA	NA	NA	NA	NA	TRUE	single placement	data.js:areas[Route 3].item-cheat[1]	Asserted	care-package item, delivered by code not exploration quantity from the official item sheet
item_care_package	Lucky Egg	197	Route 3	Kanto	item-cheat	NA	NA	10	NA	1	Archer-1	UNK	NA	NA	NA	NA	NA	NA	NA	NA	TRUE	single placement	data.js:areas[Route 3].item-cheat[1]	Asserted	care-package item, delivered by code not exploration quantity from the official item sheet
item_care_package	Heal Ball	241	Route 3	Kanto	item-cheat	NA	NA	50	NA	1	Archer-1	UNK	NA	NA	NA	NA	NA	NA	NA	NA	TRUE	single placement	data.js:areas[Route 3].item-cheat[1]	Asserted	care-package item, delivered by code not exploration quantity from the official item sheet
item_care_package	Iron Ball	686	Route 3	Kanto	item-cheat	NA	NA	10	NA	1	Archer-1	UNK	NA	NA	NA	NA	NA	NA	NA	NA	TRUE	single placement	data.js:areas[Route 3].item-cheat[1]	Asserted	care-package item, delivered by code not exploration quantity from the official item sheet
item_care_package	Throat Spray	727	Route 3	Kanto	item-cheat	NA	NA	10	NA	1	Archer-1	UNK	NA	NA	NA	NA	NA	NA	NA	NA	TRUE	single placement	data.js:areas[Route 3].item-cheat[1]	Asserted	care-package item, delivered by code not exploration quantity from the official item sheet
raid_den	Meowth-Galar	1208	Route 3	Kanto	raid1	NA	NA	REPEATABLE	Wishing Piece to re-activate a spent den	1	Archer-1	UNK	NA	NA	NA	NA	1	NA	NA	Oran Berry,Stardust,Muscle Wing,Chesto Berry,Coba Berry,Berry Juice,Heal Ball,Leppa Berry,Wishing Piece,Protein,PP Up,Lucky Egg	FALSE	NA	data.js:areas[Route 3].raid1[1]	Measured	NONE
raid_den	Fletchling	769	Route 3	Kanto	raid1	NA	NA	REPEATABLE	Wishing Piece to re-activate a spent den	1	Archer-1	UNK	NA	NA	NA	NA	1	NA	NA	Oran Berry,Stardust,Muscle Wing,Chesto Berry,Coba Berry,Berry Juice,Heal Ball,Leppa Berry,Wishing Piece,Protein,PP Up,Lucky Egg	FALSE	NA	data.js:areas[Route 3].raid1[1]	Measured	NONE
raid_den	Nidoran-M	32	Route 3	Kanto	raid1	NA	NA	REPEATABLE	Wishing Piece to re-activate a spent den	1	Archer-1	UNK	NA	NA	NA	NA	1	NA	NA	Oran Berry,Stardust,Muscle Wing,Chesto Berry,Coba Berry,Berry Juice,Heal Ball,Leppa Berry,Wishing Piece,Protein,PP Up,Lucky Egg	FALSE	NA	data.js:areas[Route 3].raid1[1]	Measured	NONE
raid_den	Capsakid	1327	Route 3	Kanto	raid1	NA	NA	REPEATABLE	Wishing Piece to re-activate a spent den	1	Archer-1	UNK	NA	NA	NA	NA	1	NA	NA	Oran Berry,Stardust,Muscle Wing,Chesto Berry,Coba Berry,Berry Juice,Heal Ball,Leppa Berry,Wishing Piece,Protein,PP Up,Lucky Egg	FALSE	NA	data.js:areas[Route 3].raid1[1]	Measured	NONE
raid_den	Tandemaus	1330	Route 3	Kanto	raid1	NA	NA	REPEATABLE	Wishing Piece to re-activate a spent den	1	Archer-1	UNK	NA	NA	NA	NA	1	NA	NA	Oran Berry,Stardust,Muscle Wing,Coba Berry,Sitrus Berry,Heal Ball,Leppa Berry,Wishing Piece,Protein,PP Up,Lucky Egg	FALSE	NA	data.js:areas[Route 3].raid1[1]	Measured	NONE
wild_encounter	Pidove	572	Route 4	Kanto	wild-day	NA	NA	REPEATABLE	NA	1	Archer-1	UNK	20	13	15	0	NA	NA	NA	NA	FALSE	NA	data.js:areas[Route 4].wild-day[1]	Measured	rate Asserted from the locations sheet
wild_encounter	Bellsprout	69	Route 4	Kanto	wild-day	NA	NA	REPEATABLE	NA	1	Archer-1	UNK	20	13	15	1	NA	NA	NA	NA	FALSE	NA	data.js:areas[Route 4].wild-day[1]	Measured	rate Asserted from the locations sheet
wild_encounter	Shinx	456	Route 4	Kanto	wild-day	NA	NA	REPEATABLE	NA	1	Archer-1	UNK	10	13	15	2	NA	NA	NA	NA	FALSE	NA	data.js:areas[Route 4].wild-day[1]	Measured	rate Asserted from the locations sheet
wild_encounter	Pachirisu	470	Route 4	Kanto	wild-day	NA	NA	REPEATABLE	NA	1	Archer-1	UNK	10	13	15	3	NA	NA	NA	NA	FALSE	NA	data.js:areas[Route 4].wild-day[1]	Measured	rate Asserted from the locations sheet
wild_encounter	Glameow	484	Route 4	Kanto	wild-day	NA	NA	REPEATABLE	NA	1	Archer-1	UNK	10	13	15	4	NA	NA	NA	NA	FALSE	NA	data.js:areas[Route 4].wild-day[1]	Measured	rate Asserted from the locations sheet
wild_encounter	Tandemaus	1330	Route 4	Kanto	wild-day	NA	NA	REPEATABLE	NA	1	Archer-1	UNK	10	13	15	5	NA	NA	NA	NA	FALSE	NA	data.js:areas[Route 4].wild-day[1]	Measured	rate Asserted from the locations sheet
wild_encounter	Pumpkaboo	818	Route 4	Kanto	wild-day	NA	NA	REPEATABLE	NA	1	Archer-1	UNK	5	13	15	6	NA	NA	NA	NA	FALSE	NA	data.js:areas[Route 4].wild-day[1]	Measured	rate Asserted from the locations sheet
wild_encounter	Flabébé	777	Route 4	Kanto	wild-day	NA	NA	REPEATABLE	NA	1	Archer-1	UNK	5	13	15	7	NA	NA	NA	NA	FALSE	NA	data.js:areas[Route 4].wild-day[1]	Measured	rate Asserted from the locations sheet
wild_encounter	Pumpkaboo	855	Route 4	Kanto	wild-day	NA	NA	REPEATABLE	NA	1	Archer-1	UNK	4	13	15	8	NA	NA	NA	NA	FALSE	NA	data.js:areas[Route 4].wild-day[1]	Measured	rate Asserted from the locations sheet
wild_encounter	Pumpkaboo	855	Route 4	Kanto	wild-day	NA	NA	REPEATABLE	NA	1	Archer-1	UNK	4	13	15	9	NA	NA	NA	NA	FALSE	NA	data.js:areas[Route 4].wild-day[1]	Measured	rate Asserted from the locations sheet
wild_encounter	Yanma	193	Route 4	Kanto	wild-day	NA	NA	REPEATABLE	NA	1	Archer-1	UNK	1	13	15	10	NA	NA	NA	NA	FALSE	NA	data.js:areas[Route 4].wild-day[1]	Measured	rate Asserted from the locations sheet
wild_encounter	Rookidee	1113	Route 4	Kanto	wild-day	NA	NA	REPEATABLE	NA	1	Archer-1	UNK	1	13	15	11	NA	NA	NA	NA	FALSE	NA	data.js:areas[Route 4].wild-day[1]	Measured	rate Asserted from the locations sheet
wild_encounter	Pidove	572	Route 4	Kanto	wild-night	NA	NA	REPEATABLE	NA	1	Archer-1	UNK	20	13	15	0	NA	NA	NA	NA	FALSE	NA	data.js:areas[Route 4].wild-night[1]	Measured	rate Asserted from the locations sheet
wild_encounter	Oddish	43	Route 4	Kanto	wild-night	NA	NA	REPEATABLE	NA	1	Archer-1	UNK	20	13	15	1	NA	NA	NA	NA	FALSE	NA	data.js:areas[Route 4].wild-night[1]	Measured	rate Asserted from the locations sheet
wild_encounter	Mareep	179	Route 4	Kanto	wild-night	NA	NA	REPEATABLE	NA	1	Archer-1	UNK	10	13	15	2	NA	NA	NA	NA	FALSE	NA	data.js:areas[Route 4].wild-night[1]	Measured	rate Asserted from the locations sheet
wild_encounter	Pachirisu	470	Route 4	Kanto	wild-night	NA	NA	REPEATABLE	NA	1	Archer-1	UNK	10	13	15	3	NA	NA	NA	NA	FALSE	NA	data.js:areas[Route 4].wild-night[1]	Measured	rate Asserted from the locations sheet
wild_encounter	Stunky	487	Route 4	Kanto	wild-night	NA	NA	REPEATABLE	NA	1	Archer-1	UNK	10	13	15	4	NA	NA	NA	NA	FALSE	NA	data.js:areas[Route 4].wild-night[1]	Measured	rate Asserted from the locations sheet
wild_encounter	Tandemaus	1330	Route 4	Kanto	wild-night	NA	NA	REPEATABLE	NA	1	Archer-1	UNK	10	13	15	5	NA	NA	NA	NA	FALSE	NA	data.js:areas[Route 4].wild-night[1]	Measured	rate Asserted from the locations sheet
wild_encounter	Phantump	816	Route 4	Kanto	wild-night	NA	NA	REPEATABLE	NA	1	Archer-1	UNK	5	13	15	6	NA	NA	NA	NA	FALSE	NA	data.js:areas[Route 4].wild-night[1]	Measured	rate Asserted from the locations sheet
wild_encounter	Flabébé	777	Route 4	Kanto	wild-night	NA	NA	REPEATABLE	NA	1	Archer-1	UNK	5	13	15	7	NA	NA	NA	NA	FALSE	NA	data.js:areas[Route 4].wild-night[1]	Measured	rate Asserted from the locations sheet
wild_encounter	Pumpkaboo	854	Route 4	Kanto	wild-night	NA	NA	REPEATABLE	NA	1	Archer-1	UNK	4	13	15	8	NA	NA	NA	NA	FALSE	NA	data.js:areas[Route 4].wild-night[1]	Measured	rate Asserted from the locations sheet
wild_encounter	Pumpkaboo	854	Route 4	Kanto	wild-night	NA	NA	REPEATABLE	NA	1	Archer-1	UNK	4	13	15	9	NA	NA	NA	NA	FALSE	NA	data.js:areas[Route 4].wild-night[1]	Measured	rate Asserted from the locations sheet
wild_encounter	Yanma	193	Route 4	Kanto	wild-night	NA	NA	REPEATABLE	NA	1	Archer-1	UNK	1	13	15	10	NA	NA	NA	NA	FALSE	NA	data.js:areas[Route 4].wild-night[1]	Measured	rate Asserted from the locations sheet
wild_encounter	Rookidee	1113	Route 4	Kanto	wild-night	NA	NA	REPEATABLE	NA	1	Archer-1	UNK	1	13	15	11	NA	NA	NA	NA	FALSE	NA	data.js:areas[Route 4].wild-night[1]	Measured	rate Asserted from the locations sheet
item_ground	Water Stone	97	Route 4	Kanto	item-standard	NA	NA	1	NA	1	Archer-1	UNK	NA	NA	NA	NA	NA	NA	NA	NA	TRUE	single placement	data.js:areas[Route 4].item-standard[1]	Measured	NONE
item_ground	Sun Stone	93	Route 4	Kanto	item-standard	NA	NA	1	NA	2	Misty	UNK	NA	NA	NA	NA	NA	NA	NA	NA	TRUE	single placement	data.js:areas[Route 4].item-standard[2]	Measured	NONE
item_ground	Macho Brace	181	Route 4	Kanto	item-standard	NA	NA	1	NA	2	Misty	UNK	NA	NA	NA	NA	NA	NA	NA	NA	TRUE	single placement	data.js:areas[Route 4].item-standard[2]	Measured	NONE
item_ground	PP Up	69	Route 4	Kanto	item-standard	NA	NA	10	NA	2	Misty	UNK	NA	NA	NA	NA	NA	NA	NA	NA	TRUE	single placement	data.js:areas[Route 4].item-standard[2]	Asserted	 quantity from the official item sheet
item_ground	TM40	328	Route 4	Kanto	item-standard	NA	NA	1	NA	2	Misty	UNK	NA	NA	NA	NA	NA	40	Low Kick	NA	TRUE	single placement	data.js:areas[Route 4].item-standard[2]	Measured	NONE
item_ground	TM05	293	Route 4	Kanto	item-standard	NA	NA	1	NA	2	Misty	UNK	NA	NA	NA	NA	NA	5	Roar	NA	TRUE	single placement	data.js:areas[Route 4].item-standard[2]	Measured	NONE
item_ground	Salamencite	569	Route 4	Kanto	item-standard	NA	NA	1	NA	14	Clair	UNK	NA	NA	NA	NA	NA	NA	NA	NA	TRUE	single placement	data.js:areas[Route 4].item-standard[14]	Measured	NONE
item_ground	Mewtwonite Y	547	Route 4	Kanto	item-standard	NA	NA	1	NA	14	Clair	UNK	NA	NA	NA	NA	NA	NA	NA	NA	TRUE	single placement	data.js:areas[Route 4].item-standard[14]	Measured	NONE
item_hidden	Persim Berry	140	Route 4	Kanto	item-hidden	NA	NA	10	NA	1	Archer-1	UNK	NA	NA	NA	NA	NA	NA	NA	NA	TRUE	single placement	data.js:areas[Route 4].item-hidden[1]	Asserted	 quantity from the official item sheet
item_hidden	Razz Berry	148	Route 4	Kanto	item-hidden	NA	NA	1	NA	2	Misty	UNK	NA	NA	NA	NA	NA	NA	NA	NA	TRUE	single placement	data.js:areas[Route 4].item-hidden[2]	Measured	NONE
item_hidden	Great Ball	3	Route 4	Kanto	item-hidden	NA	NA	10	NA	2	Misty	UNK	NA	NA	NA	NA	NA	NA	NA	NA	TRUE	single placement	data.js:areas[Route 4].item-hidden[2]	Asserted	 quantity from the official item sheet
item_care_package	Genius Wing	60	Route 4	Kanto	item-cheat	NA	NA	10	NA	1	Archer-1	UNK	NA	NA	NA	NA	NA	NA	NA	NA	TRUE	single placement	data.js:areas[Route 4].item-cheat[1]	Asserted	care-package item, delivered by code not exploration quantity from the official item sheet
item_care_package	Swift Wing	62	Route 4	Kanto	item-cheat	NA	NA	10	NA	1	Archer-1	UNK	NA	NA	NA	NA	NA	NA	NA	NA	TRUE	single placement	data.js:areas[Route 4].item-cheat[1]	Asserted	care-package item, delivered by code not exploration quantity from the official item sheet
item_care_package	Carbos	66	Route 4	Kanto	item-cheat	NA	NA	10	NA	1	Archer-1	UNK	NA	NA	NA	NA	NA	NA	NA	NA	TRUE	single placement	data.js:areas[Route 4].item-cheat[1]	Asserted	care-package item, delivered by code not exploration quantity from the official item sheet
item_care_package	Calcium	67	Route 4	Kanto	item-cheat	NA	NA	10	NA	1	Archer-1	UNK	NA	NA	NA	NA	NA	NA	NA	NA	TRUE	single placement	data.js:areas[Route 4].item-cheat[1]	Asserted	care-package item, delivered by code not exploration quantity from the official item sheet
item_care_package	Star Piece	109	Route 4	Kanto	item-cheat	NA	NA	10	NA	1	Archer-1	UNK	NA	NA	NA	NA	NA	NA	NA	NA	TRUE	single placement	data.js:areas[Route 4].item-cheat[1]	Asserted	care-package item, delivered by code not exploration quantity from the official item sheet
item_care_package	Colbur Berry	460	Route 4	Kanto	item-cheat	NA	NA	10	NA	1	Archer-1	UNK	NA	NA	NA	NA	NA	NA	NA	NA	TRUE	single placement	data.js:areas[Route 4].item-cheat[1]	Asserted	care-package item, delivered by code not exploration quantity from the official item sheet
item_care_package	Wide Lens	673	Route 4	Kanto	item-cheat	NA	NA	10	NA	1	Archer-1	UNK	NA	NA	NA	NA	NA	NA	NA	NA	TRUE	single placement	data.js:areas[Route 4].item-cheat[1]	Asserted	care-package item, delivered by code not exploration quantity from the official item sheet
item_care_package	Heat Rock	692	Route 4	Kanto	item-cheat	NA	NA	10	NA	1	Archer-1	UNK	NA	NA	NA	NA	NA	NA	NA	NA	TRUE	single placement	data.js:areas[Route 4].item-cheat[1]	Asserted	care-package item, delivered by code not exploration quantity from the official item sheet
raid_den	Pawmi	843	Route 4	Kanto	raid1	NA	NA	REPEATABLE	Wishing Piece to re-activate a spent den	1	Archer-1	UNK	NA	NA	NA	NA	1	NA	NA	Stardust,Genius Wing,Chesto Berry,Colbur Berry,Sitrus Berry,Heal Ball,Leppa Berry,Wishing Piece,Calcium,PP Up,Lucky Egg	FALSE	NA	data.js:areas[Route 4].raid1[1]	Measured	NONE
raid_den	Tatsugiri	1334	Route 4	Kanto	raid1	NA	NA	REPEATABLE	Wishing Piece to re-activate a spent den	1	Archer-1	UNK	NA	NA	NA	NA	1	NA	NA	Stardust,Genius Wing,Chesto Berry,Colbur Berry,Sitrus Berry,Heal Ball,Leppa Berry,Wishing Piece,Calcium,PP Up,Lucky Egg	FALSE	NA	data.js:areas[Route 4].raid1[1]	Measured	NONE
raid_den	Pansear	566	Route 4	Kanto	raid1	NA	NA	REPEATABLE	Wishing Piece to re-activate a spent den	1	Archer-1	UNK	NA	NA	NA	NA	1	NA	NA	Stardust,Genius Wing,Chesto Berry,Colbur Berry,Sitrus Berry,Heal Ball,Leppa Berry,Wishing Piece,Calcium,PP Up,Lucky Egg	FALSE	NA	data.js:areas[Route 4].raid1[1]	Measured	NONE
raid_den	Pansage	564	Route 4	Kanto	raid1	NA	NA	REPEATABLE	Wishing Piece to re-activate a spent den	1	Archer-1	UNK	NA	NA	NA	NA	1	NA	NA	Stardust,Genius Wing,Chesto Berry,Colbur Berry,Sitrus Berry,Heal Ball,Leppa Berry,Wishing Piece,Calcium,PP Up,Lucky Egg	FALSE	NA	data.js:areas[Route 4].raid1[1]	Measured	NONE
raid_den	Panpour	568	Route 4	Kanto	raid1	NA	NA	REPEATABLE	Wishing Piece to re-activate a spent den	1	Archer-1	UNK	NA	NA	NA	NA	1	NA	NA	Stardust,Genius Wing,Chesto Berry,Colbur Berry,Sitrus Berry,Heal Ball,Leppa Berry,Wishing Piece,Calcium,PP Up,Lucky Egg	FALSE	NA	data.js:areas[Route 4].raid1[1]	Measured	NONE
gift_pokemon	Magikarp	129	Route 4 Poke Center	Kanto	fixed-gift	NA	NA	1	NA	1	Archer-1	UNK	NA	NA	NA	NA	NA	NA	NA	NA	TRUE	one-time placement	data.js:areas[Route 4 Poke Center].fixed-gift[1]	Measured	NONE
wild_encounter	Geodude	74	Mt. Moon 1F	Kanto	wild-day	NA	NA	REPEATABLE	NA	1	Archer-1	UNK	20	12	14	0	NA	NA	NA	NA	FALSE	NA	data.js:areas[Mt. Moon 1F].wild-day[1]	Measured	rate Asserted from the locations sheet
wild_encounter	Zubat	41	Mt. Moon 1F	Kanto	wild-day	NA	NA	REPEATABLE	NA	1	Archer-1	UNK	20	12	14	1	NA	NA	NA	NA	FALSE	NA	data.js:areas[Mt. Moon 1F].wild-day[1]	Measured	rate Asserted from the locations sheet
wild_encounter	Rockruff	961	Mt. Moon 1F	Kanto	wild-day	NA	NA	REPEATABLE	NA	1	Archer-1	UNK	10	12	14	2	NA	NA	NA	NA	FALSE	NA	data.js:areas[Mt. Moon 1F].wild-day[1]	Measured	rate Asserted from the locations sheet
wild_encounter	Timburr	585	Mt. Moon 1F	Kanto	wild-day	NA	NA	REPEATABLE	NA	1	Archer-1	UNK	10	12	14	3	NA	NA	NA	NA	FALSE	NA	data.js:areas[Mt. Moon 1F].wild-day[1]	Measured	rate Asserted from the locations sheet
wild_encounter	Woobat	580	Mt. Moon 1F	Kanto	wild-day	NA	NA	REPEATABLE	NA	1	Archer-1	UNK	10	12	14	4	NA	NA	NA	NA	FALSE	NA	data.js:areas[Mt. Moon 1F].wild-day[1]	Measured	rate Asserted from the locations sheet
wild_encounter	Chewtle	1125	Mt. Moon 1F	Kanto	wild-day	NA	NA	REPEATABLE	NA	1	Archer-1	UNK	10	12	14	5	NA	NA	NA	NA	FALSE	NA	data.js:areas[Mt. Moon 1F].wild-day[1]	Measured	rate Asserted from the locations sheet
wild_encounter	Makuhita	335	Mt. Moon 1F	Kanto	wild-day	NA	NA	REPEATABLE	NA	1	Archer-1	UNK	5	12	14	6	NA	NA	NA	NA	FALSE	NA	data.js:areas[Mt. Moon 1F].wild-day[1]	Measured	rate Asserted from the locations sheet
wild_encounter	Makuhita	335	Mt. Moon 1F	Kanto	wild-day	NA	NA	REPEATABLE	NA	1	Archer-1	UNK	5	12	14	7	NA	NA	NA	NA	FALSE	NA	data.js:areas[Mt. Moon 1F].wild-day[1]	Measured	rate Asserted from the locations sheet
wild_encounter	Tyrogue	236	Mt. Moon 1F	Kanto	wild-day	NA	NA	REPEATABLE	NA	1	Archer-1	UNK	4	12	14	8	NA	NA	NA	NA	FALSE	NA	data.js:areas[Mt. Moon 1F].wild-day[1]	Measured	rate Asserted from the locations sheet
wild_encounter	Clefairy	35	Mt. Moon 1F	Kanto	wild-day	NA	NA	REPEATABLE	NA	1	Archer-1	UNK	4	12	14	9	NA	NA	NA	NA	FALSE	NA	data.js:areas[Mt. Moon 1F].wild-day[1]	Measured	rate Asserted from the locations sheet
wild_encounter	Elgyem	658	Mt. Moon 1F	Kanto	wild-day	NA	NA	REPEATABLE	NA	1	Archer-1	UNK	1	12	14	10	NA	NA	NA	NA	FALSE	NA	data.js:areas[Mt. Moon 1F].wild-day[1]	Measured	rate Asserted from the locations sheet
wild_encounter	Throh	591	Mt. Moon 1F	Kanto	wild-day	NA	NA	REPEATABLE	NA	1	Archer-1	UNK	1	12	14	11	NA	NA	NA	NA	FALSE	NA	data.js:areas[Mt. Moon 1F].wild-day[1]	Measured	rate Asserted from the locations sheet
wild_encounter	Geodude-Alola	1031	Mt. Moon 1F	Kanto	wild-night	NA	NA	REPEATABLE	NA	1	Archer-1	UNK	20	12	14	0	NA	NA	NA	NA	FALSE	NA	data.js:areas[Mt. Moon 1F].wild-night[1]	Measured	rate Asserted from the locations sheet
wild_encounter	Zubat	41	Mt. Moon 1F	Kanto	wild-night	NA	NA	REPEATABLE	NA	1	Archer-1	UNK	20	12	14	1	NA	NA	NA	NA	FALSE	NA	data.js:areas[Mt. Moon 1F].wild-night[1]	Measured	rate Asserted from the locations sheet
wild_encounter	Rockruff	961	Mt. Moon 1F	Kanto	wild-night	NA	NA	REPEATABLE	NA	1	Archer-1	UNK	10	12	14	2	NA	NA	NA	NA	FALSE	NA	data.js:areas[Mt. Moon 1F].wild-night[1]	Measured	rate Asserted from the locations sheet
wild_encounter	Machop	66	Mt. Moon 1F	Kanto	wild-night	NA	NA	REPEATABLE	NA	1	Archer-1	UNK	10	12	14	3	NA	NA	NA	NA	FALSE	NA	data.js:areas[Mt. Moon 1F].wild-night[1]	Measured	rate Asserted from the locations sheet
wild_encounter	Noibat	822	Mt. Moon 1F	Kanto	wild-night	NA	NA	REPEATABLE	NA	1	Archer-1	UNK	10	10	11	4	NA	NA	NA	NA	FALSE	NA	data.js:areas[Mt. Moon 1F].wild-night[1]	Measured	rate Asserted from the locations sheet
wild_encounter	Tympole	588	Mt. Moon 1F	Kanto	wild-night	NA	NA	REPEATABLE	NA	1	Archer-1	UNK	10	12	14	5	NA	NA	NA	NA	FALSE	NA	data.js:areas[Mt. Moon 1F].wild-night[1]	Measured	rate Asserted from the locations sheet
wild_encounter	Dunsparce	206	Mt. Moon 1F	Kanto	wild-night	NA	NA	REPEATABLE	NA	1	Archer-1	UNK	5	12	14	6	NA	NA	NA	NA	FALSE	NA	data.js:areas[Mt. Moon 1F].wild-night[1]	Measured	rate Asserted from the locations sheet
wild_encounter	Dunsparce	206	Mt. Moon 1F	Kanto	wild-night	NA	NA	REPEATABLE	NA	1	Archer-1	UNK	5	12	14	7	NA	NA	NA	NA	FALSE	NA	data.js:areas[Mt. Moon 1F].wild-night[1]	Measured	rate Asserted from the locations sheet
wild_encounter	Tyrogue	236	Mt. Moon 1F	Kanto	wild-night	NA	NA	REPEATABLE	NA	1	Archer-1	UNK	4	12	14	8	NA	NA	NA	NA	FALSE	NA	data.js:areas[Mt. Moon 1F].wild-night[1]	Measured	rate Asserted from the locations sheet
wild_encounter	Clefairy	35	Mt. Moon 1F	Kanto	wild-night	NA	NA	REPEATABLE	NA	1	Archer-1	UNK	4	12	14	9	NA	NA	NA	NA	FALSE	NA	data.js:areas[Mt. Moon 1F].wild-night[1]	Measured	rate Asserted from the locations sheet
wild_encounter	Elgyem	658	Mt. Moon 1F	Kanto	wild-night	NA	NA	REPEATABLE	NA	1	Archer-1	UNK	1	12	14	10	NA	NA	NA	NA	FALSE	NA	data.js:areas[Mt. Moon 1F].wild-night[1]	Measured	rate Asserted from the locations sheet
wild_encounter	Sawk	592	Mt. Moon 1F	Kanto	wild-night	NA	NA	REPEATABLE	NA	1	Archer-1	UNK	1	12	14	11	NA	NA	NA	NA	FALSE	NA	data.js:areas[Mt. Moon 1F].wild-night[1]	Measured	rate Asserted from the locations sheet
item_ground	Potion	13	Mt. Moon 1F	Kanto	item-standard	NA	NA	10	NA	1	Archer-1	UNK	NA	NA	NA	NA	NA	NA	NA	NA	TRUE	single placement	data.js:areas[Mt. Moon 1F].item-standard[1]	Asserted	 quantity from the official item sheet
item_ground	Paralyze Heal	18	Mt. Moon 1F	Kanto	item-standard	NA	NA	1	NA	1	Archer-1	UNK	NA	NA	NA	NA	NA	NA	NA	NA	TRUE	single placement	data.js:areas[Mt. Moon 1F].item-standard[1]	Measured	NONE
item_ground	Rare Candy	68	Mt. Moon 1F	Kanto	item-standard	NA	NA	1	NA	1	Archer-1	UNK	NA	NA	NA	NA	NA	NA	NA	NA	TRUE	single placement	data.js:areas[Mt. Moon 1F].item-standard[1]	Measured	NONE
item_ground	Escape Rope	85	Mt. Moon 1F	Kanto	item-standard	NA	NA	1	NA	1	Archer-1	UNK	NA	NA	NA	NA	NA	NA	NA	NA	TRUE	single placement	data.js:areas[Mt. Moon 1F].item-standard[1]	Measured	NONE
item_ground	Moon Stone	94	Mt. Moon 1F	Kanto	item-standard	NA	NA	10	NA	1	Archer-1	UNK	NA	NA	NA	NA	NA	NA	NA	NA	TRUE	single placement	data.js:areas[Mt. Moon 1F].item-standard[1]	Asserted	 quantity from the official item sheet
item_ground	TM09	297	Mt. Moon 1F	Kanto	item-standard	NA	NA	1	NA	1	Archer-1	UNK	NA	NA	NA	NA	NA	9	Bullet Seed	NA	TRUE	single placement	data.js:areas[Mt. Moon 1F].item-standard[1]	Measured	NONE
item_ground	Muscle Band	674	Mt. Moon 1F	Kanto	item-standard	NA	NA	1	NA	1	Archer-1	UNK	NA	NA	NA	NA	NA	NA	NA	NA	TRUE	single placement	data.js:areas[Mt. Moon 1F].item-standard[1]	Measured	NONE
raid_den	Cetoddle	1332	Mt. Moon 1F	Kanto	raid1	NA	NA	REPEATABLE	Wishing Piece to re-activate a spent den	1	Archer-1	UNK	NA	NA	NA	NA	1	NA	NA	Swift Wing,Stardust,Charti Berry,Swift Wing,Sitrus Berry,Moon Stone,Leppa Berry,Wishing Piece,Carbos,PP Up,Lucky Egg	FALSE	NA	data.js:areas[Mt. Moon 1F].raid1[1]	Measured	NONE
raid_den	Cufant	1170	Mt. Moon 1F	Kanto	raid1	NA	NA	REPEATABLE	Wishing Piece to re-activate a spent den	1	Archer-1	UNK	NA	NA	NA	NA	1	NA	NA	Swift Wing,Stardust,Charti Berry,Swift Wing,Sitrus Berry,Moon Stone,Leppa Berry,Wishing Piece,Carbos,PP Up,Lucky Egg	FALSE	NA	data.js:areas[Mt. Moon 1F].raid1[1]	Measured	NONE
raid_den	Lunatone	348	Mt. Moon 1F	Kanto	raid1	NA	NA	REPEATABLE	Wishing Piece to re-activate a spent den	1	Archer-1	UNK	NA	NA	NA	NA	1	NA	NA	Swift Wing,Stardust,Charti Berry,Swift Wing,Sitrus Berry,Moon Stone,Leppa Berry,Wishing Piece,Carbos,PP Up,Lucky Egg	FALSE	NA	data.js:areas[Mt. Moon 1F].raid1[1]	Measured	NONE
raid_den	Magnemite	81	Mt. Moon 1F	Kanto	raid1	NA	NA	REPEATABLE	Wishing Piece to re-activate a spent den	1	Archer-1	UNK	NA	NA	NA	NA	1	NA	NA	Swift Wing,Stardust,Charti Berry,Swift Wing,Sitrus Berry,Moon Stone,Leppa Berry,Wishing Piece,Carbos,PP Up,Lucky Egg	FALSE	NA	data.js:areas[Mt. Moon 1F].raid1[1]	Measured	NONE
raid_den	Varoom	835	Mt. Moon 1F	Kanto	raid1	NA	NA	REPEATABLE	Wishing Piece to re-activate a spent den	1	Archer-1	UNK	NA	NA	NA	NA	1	NA	NA	Swift Wing,Stardust,Charti Berry,Swift Wing,Sitrus Berry,Moon Stone,Leppa Berry,Wishing Piece,Carbos,PP Up,Lucky Egg	FALSE	NA	data.js:areas[Mt. Moon 1F].raid1[1]	Measured	NONE
raid_den	Regirock	401	Mt. Moon 1F	Kanto	raid3	NA	NA	REPEATABLE	Wishing Piece to re-activate a spent den	1	Archer-1	UNK	NA	NA	NA	NA	3	NA	NA	Swift Wing,Stardust,Charti Berry,Swift Wing,Sitrus Berry,Moon Stone,Leppa Berry,Wishing Piece,Carbos,PP Up,Lucky Egg	FALSE	NA	data.js:areas[Mt. Moon 1F].raid3[1]	Measured	NONE
raid_den	Registeel	403	Mt. Moon 1F	Kanto	raid3	NA	NA	REPEATABLE	Wishing Piece to re-activate a spent den	1	Archer-1	UNK	NA	NA	NA	NA	3	NA	NA	Swift Wing,Stardust,Charti Berry,Swift Wing,Sitrus Berry,Moon Stone,Leppa Berry,Wishing Piece,Carbos,PP Up,Lucky Egg	FALSE	NA	data.js:areas[Mt. Moon 1F].raid3[1]	Measured	NONE
raid_den	Regice	402	Mt. Moon 1F	Kanto	raid3	NA	NA	REPEATABLE	Wishing Piece to re-activate a spent den	1	Archer-1	UNK	NA	NA	NA	NA	3	NA	NA	Swift Wing,Stardust,Charti Berry,Swift Wing,Sitrus Berry,Moon Stone,Leppa Berry,Wishing Piece,Carbos,PP Up,Lucky Egg	FALSE	NA	data.js:areas[Mt. Moon 1F].raid3[1]	Measured	NONE
raid_den	Regigigas	539	Mt. Moon 1F	Kanto	raid6	NA	NA	REPEATABLE	Wishing Piece to re-activate a spent den	1	Archer-1	UNK	NA	NA	NA	NA	6	NA	NA	Star Piece,Nugget,Big Nugget,Protein,Calcium,PP Up,PP Max,Wishing Piece,Rocky Helmet,Eviolite,Choice Band,Choice Band	FALSE	NA	data.js:areas[Mt. Moon 1F].raid6[1]	Measured	NONE
wild_encounter	Paras	46	Mt. Moon B1F	Kanto	wild-day	NA	NA	REPEATABLE	NA	1	Archer-1	UNK	20	12	14	0	NA	NA	NA	NA	FALSE	NA	data.js:areas[Mt. Moon B1F].wild-day[1]	Measured	rate Asserted from the locations sheet
wild_encounter	Nacli	1340	Mt. Moon B1F	Kanto	wild-day	NA	NA	REPEATABLE	NA	1	Archer-1	UNK	20	12	14	1	NA	NA	NA	NA	FALSE	NA	data.js:areas[Mt. Moon B1F].wild-day[1]	Measured	rate Asserted from the locations sheet
wild_encounter	Rolycoly	1129	Mt. Moon B1F	Kanto	wild-day	NA	NA	REPEATABLE	NA	1	Archer-1	UNK	10	12	14	2	NA	NA	NA	NA	FALSE	NA	data.js:areas[Mt. Moon B1F].wild-day[1]	Measured	rate Asserted from the locations sheet
wild_encounter	Slugma	218	Mt. Moon B1F	Kanto	wild-day	NA	NA	REPEATABLE	NA	1	Archer-1	UNK	10	12	14	3	NA	NA	NA	NA	FALSE	NA	data.js:areas[Mt. Moon B1F].wild-day[1]	Measured	rate Asserted from the locations sheet
wild_encounter	Torkoal	321	Mt. Moon B1F	Kanto	wild-day	NA	NA	REPEATABLE	NA	1	Archer-1	UNK	10	12	14	4	NA	NA	NA	NA	FALSE	NA	data.js:areas[Mt. Moon B1F].wild-day[1]	Measured	rate Asserted from the locations sheet
wild_encounter	Teddiursa	216	Mt. Moon B1F	Kanto	wild-day	NA	NA	REPEATABLE	NA	1	Archer-1	UNK	10	12	14	5	NA	NA	NA	NA	FALSE	NA	data.js:areas[Mt. Moon B1F].wild-day[1]	Measured	rate Asserted from the locations sheet
wild_encounter	Tinkatink	840	Mt. Moon B1F	Kanto	wild-day	NA	NA	REPEATABLE	NA	1	Archer-1	UNK	5	12	14	6	NA	NA	NA	NA	FALSE	NA	data.js:areas[Mt. Moon B1F].wild-day[1]	Measured	rate Asserted from the locations sheet
wild_encounter	Baltoy	318	Mt. Moon B1F	Kanto	wild-day	NA	NA	REPEATABLE	NA	1	Archer-1	UNK	5	12	14	7	NA	NA	NA	NA	FALSE	NA	data.js:areas[Mt. Moon B1F].wild-day[1]	Measured	rate Asserted from the locations sheet
wild_encounter	Shuppet	377	Mt. Moon B1F	Kanto	wild-day	NA	NA	REPEATABLE	NA	1	Archer-1	UNK	4	12	14	8	NA	NA	NA	NA	FALSE	NA	data.js:areas[Mt. Moon B1F].wild-day[1]	Measured	rate Asserted from the locations sheet
wild_encounter	Shuppet	377	Mt. Moon B1F	Kanto	wild-day	NA	NA	REPEATABLE	NA	1	Archer-1	UNK	4	12	14	9	NA	NA	NA	NA	FALSE	NA	data.js:areas[Mt. Moon B1F].wild-day[1]	Measured	rate Asserted from the locations sheet
wild_encounter	Tinkatink	840	Mt. Moon B1F	Kanto	wild-day	NA	NA	REPEATABLE	NA	1	Archer-1	UNK	1	12	14	10	NA	NA	NA	NA	FALSE	NA	data.js:areas[Mt. Moon B1F].wild-day[1]	Measured	rate Asserted from the locations sheet
wild_encounter	Riolu	500	Mt. Moon B1F	Kanto	wild-day	NA	NA	REPEATABLE	NA	1	Archer-1	UNK	1	12	14	11	NA	NA	NA	NA	FALSE	NA	data.js:areas[Mt. Moon B1F].wild-day[1]	Measured	rate Asserted from the locations sheet
wild_encounter	Paras	46	Mt. Moon B1F	Kanto	wild-night	NA	NA	REPEATABLE	NA	1	Archer-1	UNK	20	12	14	0	NA	NA	NA	NA	FALSE	NA	data.js:areas[Mt. Moon B1F].wild-night[1]	Measured	rate Asserted from the locations sheet
wild_encounter	Nacli	1340	Mt. Moon B1F	Kanto	wild-night	NA	NA	REPEATABLE	NA	1	Archer-1	UNK	20	12	14	1	NA	NA	NA	NA	FALSE	NA	data.js:areas[Mt. Moon B1F].wild-night[1]	Measured	rate Asserted from the locations sheet
wild_encounter	Roggenrola	577	Mt. Moon B1F	Kanto	wild-night	NA	NA	REPEATABLE	NA	1	Archer-1	UNK	10	12	14	2	NA	NA	NA	NA	FALSE	NA	data.js:areas[Mt. Moon B1F].wild-night[1]	Measured	rate Asserted from the locations sheet
wild_encounter	Slugma	218	Mt. Moon B1F	Kanto	wild-night	NA	NA	REPEATABLE	NA	1	Archer-1	UNK	10	12	14	3	NA	NA	NA	NA	FALSE	NA	data.js:areas[Mt. Moon B1F].wild-night[1]	Measured	rate Asserted from the locations sheet
wild_encounter	Torkoal	321	Mt. Moon B1F	Kanto	wild-night	NA	NA	REPEATABLE	NA	1	Archer-1	UNK	10	12	14	4	NA	NA	NA	NA	FALSE	NA	data.js:areas[Mt. Moon B1F].wild-night[1]	Measured	rate Asserted from the locations sheet
wild_encounter	Teddiursa	216	Mt. Moon B1F	Kanto	wild-night	NA	NA	REPEATABLE	NA	1	Archer-1	UNK	10	12	14	5	NA	NA	NA	NA	FALSE	NA	data.js:areas[Mt. Moon B1F].wild-night[1]	Measured	rate Asserted from the locations sheet
wild_encounter	Tinkatink	840	Mt. Moon B1F	Kanto	wild-night	NA	NA	REPEATABLE	NA	1	Archer-1	UNK	5	12	14	6	NA	NA	NA	NA	FALSE	NA	data.js:areas[Mt. Moon B1F].wild-night[1]	Measured	rate Asserted from the locations sheet
wild_encounter	Sandile	604	Mt. Moon B1F	Kanto	wild-night	NA	NA	REPEATABLE	NA	1	Archer-1	UNK	5	12	14	7	NA	NA	NA	NA	FALSE	NA	data.js:areas[Mt. Moon B1F].wild-night[1]	Measured	rate Asserted from the locations sheet
wild_encounter	Misdreavus	200	Mt. Moon B1F	Kanto	wild-night	NA	NA	REPEATABLE	NA	1	Archer-1	UNK	4	12	14	8	NA	NA	NA	NA	FALSE	NA	data.js:areas[Mt. Moon B1F].wild-night[1]	Measured	rate Asserted from the locations sheet
wild_encounter	Misdreavus	200	Mt. Moon B1F	Kanto	wild-night	NA	NA	REPEATABLE	NA	1	Archer-1	UNK	4	12	14	9	NA	NA	NA	NA	FALSE	NA	data.js:areas[Mt. Moon B1F].wild-night[1]	Measured	rate Asserted from the locations sheet
wild_encounter	Tinkatink	840	Mt. Moon B1F	Kanto	wild-night	NA	NA	REPEATABLE	NA	1	Archer-1	UNK	1	12	14	10	NA	NA	NA	NA	FALSE	NA	data.js:areas[Mt. Moon B1F].wild-night[1]	Measured	rate Asserted from the locations sheet
wild_encounter	Riolu	500	Mt. Moon B1F	Kanto	wild-night	NA	NA	REPEATABLE	NA	1	Archer-1	UNK	1	12	14	11	NA	NA	NA	NA	FALSE	NA	data.js:areas[Mt. Moon B1F].wild-night[1]	Measured	rate Asserted from the locations sheet
item_hidden	TinyMushroom	103	Mt. Moon B1F	Kanto	item-hidden	NA	NA	1	NA	1	Archer-1	UNK	NA	NA	NA	NA	NA	NA	NA	NA	TRUE	single placement	data.js:areas[Mt. Moon B1F].item-hidden[1]	Measured	NONE
item_hidden	Big Mushroom	104	Mt. Moon B1F	Kanto	item-hidden	NA	NA	10	NA	1	Archer-1	UNK	NA	NA	NA	NA	NA	NA	NA	NA	TRUE	single placement	data.js:areas[Mt. Moon B1F].item-hidden[1]	Asserted	 quantity from the official item sheet
wild_encounter	Varoom	835	Mt. Moon B2F	Kanto	wild-day	NA	NA	REPEATABLE	NA	1	Archer-1	UNK	20	12	14	0	NA	NA	NA	NA	FALSE	NA	data.js:areas[Mt. Moon B2F].wild-day[1]	Measured	rate Asserted from the locations sheet
wild_encounter	Zubat	41	Mt. Moon B2F	Kanto	wild-day	NA	NA	REPEATABLE	NA	1	Archer-1	UNK	20	12	14	1	NA	NA	NA	NA	FALSE	NA	data.js:areas[Mt. Moon B2F].wild-day[1]	Measured	rate Asserted from the locations sheet
wild_encounter	Pawniard	677	Mt. Moon B2F	Kanto	wild-day	NA	NA	REPEATABLE	NA	1	Archer-1	UNK	10	12	14	2	NA	NA	NA	NA	FALSE	NA	data.js:areas[Mt. Moon B2F].wild-day[1]	Measured	rate Asserted from the locations sheet
wild_encounter	Numel	339	Mt. Moon B2F	Kanto	wild-day	NA	NA	REPEATABLE	NA	1	Archer-1	UNK	10	12	14	3	NA	NA	NA	NA	FALSE	NA	data.js:areas[Mt. Moon B2F].wild-day[1]	Measured	rate Asserted from the locations sheet
wild_encounter	Cranidos	461	Mt. Moon B2F	Kanto	wild-day	NA	NA	REPEATABLE	NA	1	Archer-1	UNK	10	12	14	4	NA	NA	NA	NA	FALSE	NA	data.js:areas[Mt. Moon B2F].wild-day[1]	Measured	rate Asserted from the locations sheet
wild_encounter	Drilbur	582	Mt. Moon B2F	Kanto	wild-day	NA	NA	REPEATABLE	NA	1	Archer-1	UNK	10	12	14	5	NA	NA	NA	NA	FALSE	NA	data.js:areas[Mt. Moon B2F].wild-day[1]	Measured	rate Asserted from the locations sheet
wild_encounter	Mudbray	966	Mt. Moon B2F	Kanto	wild-day	NA	NA	REPEATABLE	NA	1	Archer-1	UNK	5	12	14	6	NA	NA	NA	NA	FALSE	NA	data.js:areas[Mt. Moon B2F].wild-day[1]	Measured	rate Asserted from the locations sheet
wild_encounter	Smoochum	238	Mt. Moon B2F	Kanto	wild-day	NA	NA	REPEATABLE	NA	1	Archer-1	UNK	5	12	14	7	NA	NA	NA	NA	FALSE	NA	data.js:areas[Mt. Moon B2F].wild-day[1]	Measured	rate Asserted from the locations sheet
wild_encounter	Smoochum	238	Mt. Moon B2F	Kanto	wild-day	NA	NA	REPEATABLE	NA	1	Archer-1	UNK	4	12	14	8	NA	NA	NA	NA	FALSE	NA	data.js:areas[Mt. Moon B2F].wild-day[1]	Measured	rate Asserted from the locations sheet
wild_encounter	Solrock	349	Mt. Moon B2F	Kanto	wild-day	NA	NA	REPEATABLE	NA	1	Archer-1	UNK	4	12	14	9	NA	NA	NA	NA	FALSE	NA	data.js:areas[Mt. Moon B2F].wild-day[1]	Measured	rate Asserted from the locations sheet
wild_encounter	Onix	95	Mt. Moon B2F	Kanto	wild-day	NA	NA	REPEATABLE	NA	1	Archer-1	UNK	1	12	14	10	NA	NA	NA	NA	FALSE	NA	data.js:areas[Mt. Moon B2F].wild-day[1]	Measured	rate Asserted from the locations sheet
wild_encounter	Onix	95	Mt. Moon B2F	Kanto	wild-day	NA	NA	REPEATABLE	NA	1	Archer-1	UNK	1	12	14	11	NA	NA	NA	NA	FALSE	NA	data.js:areas[Mt. Moon B2F].wild-day[1]	Measured	rate Asserted from the locations sheet
wild_encounter	Mawile	355	Mt. Moon B2F	Kanto	wild-night	NA	NA	REPEATABLE	NA	1	Archer-1	UNK	20	12	14	0	NA	NA	NA	NA	FALSE	NA	data.js:areas[Mt. Moon B2F].wild-night[1]	Measured	rate Asserted from the locations sheet
wild_encounter	Zubat	41	Mt. Moon B2F	Kanto	wild-night	NA	NA	REPEATABLE	NA	1	Archer-1	UNK	20	12	14	1	NA	NA	NA	NA	FALSE	NA	data.js:areas[Mt. Moon B2F].wild-night[1]	Measured	rate Asserted from the locations sheet
wild_encounter	Pawniard	677	Mt. Moon B2F	Kanto	wild-night	NA	NA	REPEATABLE	NA	1	Archer-1	UNK	10	12	14	2	NA	NA	NA	NA	FALSE	NA	data.js:areas[Mt. Moon B2F].wild-night[1]	Measured	rate Asserted from the locations sheet
wild_encounter	Rolycoly	1129	Mt. Moon B2F	Kanto	wild-night	NA	NA	REPEATABLE	NA	1	Archer-1	UNK	10	12	14	3	NA	NA	NA	NA	FALSE	NA	data.js:areas[Mt. Moon B2F].wild-night[1]	Measured	rate Asserted from the locations sheet
wild_encounter	Shieldon	463	Mt. Moon B2F	Kanto	wild-night	NA	NA	REPEATABLE	NA	1	Archer-1	UNK	10	12	14	4	NA	NA	NA	NA	FALSE	NA	data.js:areas[Mt. Moon B2F].wild-night[1]	Measured	rate Asserted from the locations sheet
wild_encounter	Drilbur	582	Mt. Moon B2F	Kanto	wild-night	NA	NA	REPEATABLE	NA	1	Archer-1	UNK	10	12	14	5	NA	NA	NA	NA	FALSE	NA	data.js:areas[Mt. Moon B2F].wild-night[1]	Measured	rate Asserted from the locations sheet
wild_encounter	Mudbray	966	Mt. Moon B2F	Kanto	wild-night	NA	NA	REPEATABLE	NA	1	Archer-1	UNK	5	12	14	6	NA	NA	NA	NA	FALSE	NA	data.js:areas[Mt. Moon B2F].wild-night[1]	Measured	rate Asserted from the locations sheet
wild_encounter	Munna	570	Mt. Moon B2F	Kanto	wild-night	NA	NA	REPEATABLE	NA	1	Archer-1	UNK	5	12	14	7	NA	NA	NA	NA	FALSE	NA	data.js:areas[Mt. Moon B2F].wild-night[1]	Measured	rate Asserted from the locations sheet
wild_encounter	Munna	570	Mt. Moon B2F	Kanto	wild-night	NA	NA	REPEATABLE	NA	1	Archer-1	UNK	4	12	14	8	NA	NA	NA	NA	FALSE	NA	data.js:areas[Mt. Moon B2F].wild-night[1]	Measured	rate Asserted from the locations sheet
wild_encounter	Lunatone	348	Mt. Moon B2F	Kanto	wild-night	NA	NA	REPEATABLE	NA	1	Archer-1	UNK	4	12	14	9	NA	NA	NA	NA	FALSE	NA	data.js:areas[Mt. Moon B2F].wild-night[1]	Measured	rate Asserted from the locations sheet
wild_encounter	Onix	95	Mt. Moon B2F	Kanto	wild-night	NA	NA	REPEATABLE	NA	1	Archer-1	UNK	1	12	14	10	NA	NA	NA	NA	FALSE	NA	data.js:areas[Mt. Moon B2F].wild-night[1]	Measured	rate Asserted from the locations sheet
wild_encounter	Onix	95	Mt. Moon B2F	Kanto	wild-night	NA	NA	REPEATABLE	NA	1	Archer-1	UNK	1	12	14	11	NA	NA	NA	NA	FALSE	NA	data.js:areas[Mt. Moon B2F].wild-night[1]	Measured	rate Asserted from the locations sheet
static_pokemon	Cobalion	691	Mt. Moon B2F	Kanto	fixed-overworld	NA	NA	1	NA	9	Koga	UNK	NA	NA	NA	NA	NA	NA	NA	NA	TRUE	one-time placement	data.js:areas[Mt. Moon B2F].fixed-overworld[9]	Measured	NONE
item_ground	Revive	24	Mt. Moon B2F	Kanto	item-standard	NA	NA	10	NA	1	Archer-1	UNK	NA	NA	NA	NA	NA	NA	NA	NA	TRUE	single placement	data.js:areas[Mt. Moon B2F].item-standard[1]	Asserted	 quantity from the official item sheet
item_ground	Star Piece	109	Mt. Moon B2F	Kanto	item-standard	NA	NA	10	NA	1	Archer-1	UNK	NA	NA	NA	NA	NA	NA	NA	NA	TRUE	single placement	data.js:areas[Mt. Moon B2F].item-standard[1]	Asserted	 quantity from the official item sheet
item_ground	Helix Fossil	357	Mt. Moon B2F	Kanto	item-standard	NA	NA	1	NA	1	Archer-1	UNK	NA	NA	NA	NA	NA	NA	NA	NA	TRUE	single placement	data.js:areas[Mt. Moon B2F].item-standard[1]	Measured	NONE
item_ground	Dome Fossil	358	Mt. Moon B2F	Kanto	item-standard	NA	NA	1	NA	1	Archer-1	UNK	NA	NA	NA	NA	NA	NA	NA	NA	TRUE	single placement	data.js:areas[Mt. Moon B2F].item-standard[1]	Measured	NONE
item_ground	TM78	403	Mt. Moon B2F	Kanto	item-standard	NA	NA	1	NA	1	Archer-1	UNK	NA	NA	NA	NA	NA	78	Low Sweep	NA	TRUE	single placement	data.js:areas[Mt. Moon B2F].item-standard[1]	Measured	NONE
item_ground	Antidote	14	Mt. Moon B2F	Kanto	item-standard	NA	NA	1	NA	2	Misty	UNK	NA	NA	NA	NA	NA	NA	NA	NA	TRUE	single placement	data.js:areas[Mt. Moon B2F].item-standard[2]	Measured	NONE
item_ground	Scope Lens	198	Mt. Moon B2F	Kanto	item-standard	NA	NA	1	NA	9	Koga	UNK	NA	NA	NA	NA	NA	NA	NA	NA	TRUE	single placement	data.js:areas[Mt. Moon B2F].item-standard[9]	Measured	NONE
item_hidden	Moon Stone	94	Mt. Moon B2F	Kanto	item-hidden	NA	NA	10	NA	1	Archer-1	UNK	NA	NA	NA	NA	NA	NA	NA	NA	TRUE	single placement	data.js:areas[Mt. Moon B2F].item-hidden[1]	Asserted	 quantity from the official item sheet
item_hidden	TinyMushroom	103	Mt. Moon B2F	Kanto	item-hidden	NA	NA	1	NA	2	Misty	UNK	NA	NA	NA	NA	NA	NA	NA	NA	TRUE	single placement	data.js:areas[Mt. Moon B2F].item-hidden[2]	Measured	NONE
item_hidden	Ether	34	Mt. Moon B2F	Kanto	item-hidden	NA	NA	10	NA	9	Koga	UNK	NA	NA	NA	NA	NA	NA	NA	NA	TRUE	single placement	data.js:areas[Mt. Moon B2F].item-hidden[9]	Asserted	 quantity from the official item sheet
wild_encounter	Golduck	55	Cerulean City	Kanto	wild-surf	NA	NA	REPEATABLE	NA	10	May	UNK	60	56	58	0	NA	NA	NA	NA	FALSE	NA	data.js:areas[Cerulean City].wild-surf[10]	Measured	rate Asserted from the locations sheet
wild_encounter	Golduck	55	Cerulean City	Kanto	wild-surf	NA	NA	REPEATABLE	NA	10	May	UNK	30	56	58	1	NA	NA	NA	NA	FALSE	NA	data.js:areas[Cerulean City].wild-surf[10]	Measured	rate Asserted from the locations sheet
wild_encounter	Golduck	55	Cerulean City	Kanto	wild-surf	NA	NA	REPEATABLE	NA	10	May	UNK	5	56	58	2	NA	NA	NA	NA	FALSE	NA	data.js:areas[Cerulean City].wild-surf[10]	Measured	rate Asserted from the locations sheet
wild_encounter	Dondozo	1322	Cerulean City	Kanto	wild-surf	NA	NA	REPEATABLE	NA	10	May	UNK	4	56	58	3	NA	NA	NA	NA	FALSE	NA	data.js:areas[Cerulean City].wild-surf[10]	Measured	rate Asserted from the locations sheet
wild_encounter	Dondozo	1322	Cerulean City	Kanto	wild-surf	NA	NA	REPEATABLE	NA	10	May	UNK	1	56	58	4	NA	NA	NA	NA	FALSE	NA	data.js:areas[Cerulean City].wild-surf[10]	Measured	rate Asserted from the locations sheet
item_ground	TM28	316	Cerulean City	Kanto	item-standard	NA	NA	1	NA	2	Misty	UNK	NA	NA	NA	NA	NA	28	Dig	NA	TRUE	single placement	data.js:areas[Cerulean City].item-standard[2]	Measured	NONE
item_ground	Poke Rider	363	Cerulean City	Kanto	item-standard	NA	NA	1	NA	2	Misty	UNK	NA	NA	NA	NA	NA	NA	NA	NA	TRUE	single placement	data.js:areas[Cerulean City].item-standard[2]	Measured	NONE
item_ground	Punching Glove	747	Cerulean City	Kanto	item-standard	NA	NA	1	NA	2	Misty	UNK	NA	NA	NA	NA	NA	NA	NA	NA	TRUE	single placement	data.js:areas[Cerulean City].item-standard[2]	Measured	NONE
item_hidden	Rare Candy	68	Cerulean City	Kanto	item-hidden	NA	NA	1	NA	2	Misty	UNK	NA	NA	NA	NA	NA	NA	NA	NA	TRUE	single placement	data.js:areas[Cerulean City].item-hidden[2]	Measured	NONE
item_care_package	Ultra Ball	2	Cerulean City	Kanto	item-cheat	NA	NA	10	NA	2	Misty	UNK	NA	NA	NA	NA	NA	NA	NA	NA	TRUE	single placement	data.js:areas[Cerulean City].item-cheat[2]	Asserted	care-package item, delivered by code not exploration quantity from the official item sheet
item_care_package	Resist Wing	59	Cerulean City	Kanto	item-cheat	NA	NA	50	NA	2	Misty	UNK	NA	NA	NA	NA	NA	NA	NA	NA	TRUE	single placement	data.js:areas[Cerulean City].item-cheat[2]	Asserted	care-package item, delivered by code not exploration quantity from the official item sheet
item_care_package	Clever Wing	61	Cerulean City	Kanto	item-cheat	NA	NA	50	NA	2	Misty	UNK	NA	NA	NA	NA	NA	NA	NA	NA	TRUE	single placement	data.js:areas[Cerulean City].item-cheat[2]	Asserted	care-package item, delivered by code not exploration quantity from the official item sheet
item_care_package	Iron	65	Cerulean City	Kanto	item-cheat	NA	NA	10	NA	2	Misty	UNK	NA	NA	NA	NA	NA	NA	NA	NA	TRUE	single placement	data.js:areas[Cerulean City].item-cheat[2]	Asserted	care-package item, delivered by code not exploration quantity from the official item sheet
item_care_package	Zinc	70	Cerulean City	Kanto	item-cheat	NA	NA	10	NA	2	Misty	UNK	NA	NA	NA	NA	NA	NA	NA	NA	TRUE	single placement	data.js:areas[Cerulean City].item-cheat[2]	Asserted	care-package item, delivered by code not exploration quantity from the official item sheet
item_care_package	Ability Pill	72	Cerulean City	Kanto	item-cheat	NA	NA	306	NA	2	Misty	UNK	NA	NA	NA	NA	NA	NA	NA	NA	TRUE	single placement	data.js:areas[Cerulean City].item-cheat[2]	Asserted	care-package item, delivered by code not exploration quantity from the official item sheet
item_care_package	Pearl	106	Cerulean City	Kanto	item-cheat	NA	NA	10	NA	2	Misty	UNK	NA	NA	NA	NA	NA	NA	NA	NA	TRUE	single placement	data.js:areas[Cerulean City].item-cheat[2]	Asserted	care-package item, delivered by code not exploration quantity from the official item sheet
item_care_package	Big Pearl	107	Cerulean City	Kanto	item-cheat	NA	NA	10	NA	2	Misty	UNK	NA	NA	NA	NA	NA	NA	NA	NA	TRUE	single placement	data.js:areas[Cerulean City].item-cheat[2]	Asserted	care-package item, delivered by code not exploration quantity from the official item sheet
item_care_package	Charcoal	215	Cerulean City	Kanto	item-cheat	NA	NA	10	NA	2	Misty	UNK	NA	NA	NA	NA	NA	NA	NA	NA	TRUE	single placement	data.js:areas[Cerulean City].item-cheat[2]	Asserted	care-package item, delivered by code not exploration quantity from the official item sheet
item_care_package	Haban Berry	459	Cerulean City	Kanto	item-cheat	NA	NA	10	NA	2	Misty	UNK	NA	NA	NA	NA	NA	NA	NA	NA	TRUE	single placement	data.js:areas[Cerulean City].item-cheat[2]	Asserted	care-package item, delivered by code not exploration quantity from the official item sheet
item_care_package	Air Balloon	703	Cerulean City	Kanto	item-cheat	NA	NA	10	NA	2	Misty	UNK	NA	NA	NA	NA	NA	NA	NA	NA	TRUE	single placement	data.js:areas[Cerulean City].item-cheat[2]	Asserted	care-package item, delivered by code not exploration quantity from the official item sheet
item_care_package	Terrain Extender	716	Cerulean City	Kanto	item-cheat	NA	NA	10	NA	2	Misty	UNK	NA	NA	NA	NA	NA	NA	NA	NA	TRUE	single placement	data.js:areas[Cerulean City].item-cheat[2]	Asserted	care-package item, delivered by code not exploration quantity from the official item sheet
wild_encounter	Chewtle	1125	Cerulean City	Kanto	wild-oldRod	NA	NA	REPEATABLE	NA	2	Misty	UNK	70	2	4	0	NA	NA	NA	NA	FALSE	NA	data.js:areas[Cerulean City].wild-oldRod[2]	Measured	rate Asserted from the locations sheet
wild_encounter	Clauncher	800	Cerulean City	Kanto	wild-oldRod	NA	NA	REPEATABLE	NA	2	Misty	UNK	30	2	4	1	NA	NA	NA	NA	FALSE	NA	data.js:areas[Cerulean City].wild-oldRod[2]	Measured	rate Asserted from the locations sheet
wild_encounter	Wishiwashi	963	Cerulean City	Kanto	wild-goodRod	NA	NA	REPEATABLE	NA	3	Surge	UNK	60	27	29	0	NA	NA	NA	NA	FALSE	NA	data.js:areas[Cerulean City].wild-goodRod[3]	Measured	rate Asserted from the locations sheet
wild_encounter	Tatsugiri	1334	Cerulean City	Kanto	wild-goodRod	NA	NA	REPEATABLE	NA	3	Surge	UNK	20	27	29	1	NA	NA	NA	NA	FALSE	NA	data.js:areas[Cerulean City].wild-goodRod[3]	Measured	rate Asserted from the locations sheet
wild_encounter	Remoraid	223	Cerulean City	Kanto	wild-goodRod	NA	NA	REPEATABLE	NA	3	Surge	UNK	20	27	29	2	NA	NA	NA	NA	FALSE	NA	data.js:areas[Cerulean City].wild-goodRod[3]	Measured	rate Asserted from the locations sheet
wild_encounter	Luvdisc	325	Cerulean City	Kanto	wild-superRod	NA	NA	REPEATABLE	NA	9	Koga	UNK	40	53	55	0	NA	NA	NA	NA	FALSE	NA	data.js:areas[Cerulean City].wild-superRod[9]	Measured	rate Asserted from the locations sheet
wild_encounter	Luvdisc	325	Cerulean City	Kanto	wild-superRod	NA	NA	REPEATABLE	NA	9	Koga	UNK	40	53	55	1	NA	NA	NA	NA	FALSE	NA	data.js:areas[Cerulean City].wild-superRod[9]	Measured	rate Asserted from the locations sheet
wild_encounter	Sharpedo	331	Cerulean City	Kanto	wild-superRod	NA	NA	REPEATABLE	NA	9	Koga	UNK	15	53	55	2	NA	NA	NA	NA	FALSE	NA	data.js:areas[Cerulean City].wild-superRod[9]	Measured	rate Asserted from the locations sheet
wild_encounter	Octillery	224	Cerulean City	Kanto	wild-superRod	NA	NA	REPEATABLE	NA	9	Koga	UNK	4	53	55	3	NA	NA	NA	NA	FALSE	NA	data.js:areas[Cerulean City].wild-superRod[9]	Measured	rate Asserted from the locations sheet
wild_encounter	Octillery	224	Cerulean City	Kanto	wild-superRod	NA	NA	REPEATABLE	NA	9	Koga	UNK	1	53	55	4	NA	NA	NA	NA	FALSE	NA	data.js:areas[Cerulean City].wild-superRod[9]	Measured	rate Asserted from the locations sheet
trade_pokemon	Carnivine	508	Cerulean City Central House	Kanto	fixed-trade	NA	NA	1	NA	2	Misty	UNK	NA	NA	NA	NA	NA	NA	NA	NA	FALSE	NA	data.js:areas[Cerulean City Central House].fixed-trade[2]	Measured	NONE
tutor	tutor_slot_90	90	Cerulean City North House	Kanto	tutor	UNK	money	REPEATABLE	NA	2	Misty	UNK	NA	NA	NA	NA	NA	NA	Fire Fang	NA	FALSE	NA	data.js:areas[Cerulean City North House].tutors[2]	Measured	value is a tutorMoves slot index, not a move ID
tutor	tutor_slot_89	89	Cerulean City North House	Kanto	tutor	UNK	money	REPEATABLE	NA	2	Misty	UNK	NA	NA	NA	NA	NA	NA	Ice Fang	NA	FALSE	NA	data.js:areas[Cerulean City North House].tutors[2]	Measured	value is a tutorMoves slot index, not a move ID
tutor	tutor_slot_88	88	Cerulean City North House	Kanto	tutor	UNK	money	REPEATABLE	NA	2	Misty	UNK	NA	NA	NA	NA	NA	NA	Thunder Fang	NA	FALSE	NA	data.js:areas[Cerulean City North House].tutors[2]	Measured	value is a tutorMoves slot index, not a move ID
item_ground	Bicycle	360	Cerulean City Bike Shop	Kanto	item-standard	NA	NA	1	NA	2	Misty	UNK	NA	NA	NA	NA	NA	NA	NA	NA	TRUE	single placement	data.js:areas[Cerulean City Bike Shop].item-standard[2]	Measured	NONE
vendor_stock	Ultra Ball	2	Cerulean City Poke Mart	Kanto	item-shop	UNK	money	UNLIMITED	NA	2	Misty	UNK	NA	NA	NA	NA	NA	NA	NA	NA	FALSE	NA	data.js:areas[Cerulean City Poke Mart].item-shop[2]	Measured	NONE
vendor_stock	Great Ball	3	Cerulean City Poke Mart	Kanto	item-shop	UNK	money	UNLIMITED	NA	2	Misty	UNK	NA	NA	NA	NA	NA	NA	NA	NA	FALSE	NA	data.js:areas[Cerulean City Poke Mart].item-shop[2]	Measured	NONE
vendor_stock	Poke Ball	4	Cerulean City Poke Mart	Kanto	item-shop	UNK	money	UNLIMITED	NA	2	Misty	UNK	NA	NA	NA	NA	NA	NA	NA	NA	FALSE	NA	data.js:areas[Cerulean City Poke Mart].item-shop[2]	Measured	NONE
vendor_stock	Potion	13	Cerulean City Poke Mart	Kanto	item-shop	UNK	money	UNLIMITED	NA	2	Misty	UNK	NA	NA	NA	NA	NA	NA	NA	NA	FALSE	NA	data.js:areas[Cerulean City Poke Mart].item-shop[2]	Measured	NONE
vendor_stock	Antidote	14	Cerulean City Poke Mart	Kanto	item-shop	UNK	money	UNLIMITED	NA	2	Misty	UNK	NA	NA	NA	NA	NA	NA	NA	NA	FALSE	NA	data.js:areas[Cerulean City Poke Mart].item-shop[2]	Measured	NONE
vendor_stock	Burn Heal	15	Cerulean City Poke Mart	Kanto	item-shop	UNK	money	UNLIMITED	NA	2	Misty	UNK	NA	NA	NA	NA	NA	NA	NA	NA	FALSE	NA	data.js:areas[Cerulean City Poke Mart].item-shop[2]	Measured	NONE
vendor_stock	Ice Heal	16	Cerulean City Poke Mart	Kanto	item-shop	UNK	money	UNLIMITED	NA	2	Misty	UNK	NA	NA	NA	NA	NA	NA	NA	NA	FALSE	NA	data.js:areas[Cerulean City Poke Mart].item-shop[2]	Measured	NONE
vendor_stock	Awakening	17	Cerulean City Poke Mart	Kanto	item-shop	UNK	money	UNLIMITED	NA	2	Misty	UNK	NA	NA	NA	NA	NA	NA	NA	NA	FALSE	NA	data.js:areas[Cerulean City Poke Mart].item-shop[2]	Measured	NONE
vendor_stock	Paralyze Heal	18	Cerulean City Poke Mart	Kanto	item-shop	UNK	money	UNLIMITED	NA	2	Misty	UNK	NA	NA	NA	NA	NA	NA	NA	NA	FALSE	NA	data.js:areas[Cerulean City Poke Mart].item-shop[2]	Measured	NONE
vendor_stock	Full Restore	19	Cerulean City Poke Mart	Kanto	item-shop	UNK	money	UNLIMITED	NA	2	Misty	UNK	NA	NA	NA	NA	NA	NA	NA	NA	FALSE	NA	data.js:areas[Cerulean City Poke Mart].item-shop[2]	Measured	NONE
vendor_stock	Max Potion	20	Cerulean City Poke Mart	Kanto	item-shop	UNK	money	UNLIMITED	NA	2	Misty	UNK	NA	NA	NA	NA	NA	NA	NA	NA	FALSE	NA	data.js:areas[Cerulean City Poke Mart].item-shop[2]	Measured	NONE
vendor_stock	Hyper Potion	21	Cerulean City Poke Mart	Kanto	item-shop	UNK	money	UNLIMITED	NA	2	Misty	UNK	NA	NA	NA	NA	NA	NA	NA	NA	FALSE	NA	data.js:areas[Cerulean City Poke Mart].item-shop[2]	Measured	NONE
vendor_stock	Super Potion	22	Cerulean City Poke Mart	Kanto	item-shop	UNK	money	UNLIMITED	NA	2	Misty	UNK	NA	NA	NA	NA	NA	NA	NA	NA	FALSE	NA	data.js:areas[Cerulean City Poke Mart].item-shop[2]	Measured	NONE
vendor_stock	Full Heal	23	Cerulean City Poke Mart	Kanto	item-shop	UNK	money	UNLIMITED	NA	2	Misty	UNK	NA	NA	NA	NA	NA	NA	NA	NA	FALSE	NA	data.js:areas[Cerulean City Poke Mart].item-shop[2]	Measured	NONE
vendor_stock	Revive	24	Cerulean City Poke Mart	Kanto	item-shop	UNK	money	UNLIMITED	NA	2	Misty	UNK	NA	NA	NA	NA	NA	NA	NA	NA	FALSE	NA	data.js:areas[Cerulean City Poke Mart].item-shop[2]	Measured	NONE
vendor_stock	Super Repel	83	Cerulean City Poke Mart	Kanto	item-shop	UNK	money	UNLIMITED	NA	2	Misty	UNK	NA	NA	NA	NA	NA	NA	NA	NA	FALSE	NA	data.js:areas[Cerulean City Poke Mart].item-shop[2]	Measured	NONE
vendor_stock	Max Repel	84	Cerulean City Poke Mart	Kanto	item-shop	UNK	money	UNLIMITED	NA	2	Misty	UNK	NA	NA	NA	NA	NA	NA	NA	NA	FALSE	NA	data.js:areas[Cerulean City Poke Mart].item-shop[2]	Measured	NONE
vendor_stock	Escape Rope	85	Cerulean City Poke Mart	Kanto	item-shop	UNK	money	UNLIMITED	NA	2	Misty	UNK	NA	NA	NA	NA	NA	NA	NA	NA	FALSE	NA	data.js:areas[Cerulean City Poke Mart].item-shop[2]	Measured	NONE
vendor_stock	Repel	86	Cerulean City Poke Mart	Kanto	item-shop	UNK	money	UNLIMITED	NA	2	Misty	UNK	NA	NA	NA	NA	NA	NA	NA	NA	FALSE	NA	data.js:areas[Cerulean City Poke Mart].item-shop[2]	Measured	NONE
vendor_stock	TM21	309	Cerulean City Poke Mart	Kanto	item-shop	UNK	money	UNLIMITED	NA	2	Misty	UNK	NA	NA	NA	NA	NA	21	Icy Wind	NA	FALSE	NA	data.js:areas[Cerulean City Poke Mart].item-shop[2]	Measured	NONE
vendor_stock	TM47	335	Cerulean City Poke Mart	Kanto	item-shop	UNK	money	UNLIMITED	NA	2	Misty	UNK	NA	NA	NA	NA	NA	47	Steel Wing	NA	FALSE	NA	data.js:areas[Cerulean City Poke Mart].item-shop[2]	Measured	NONE
vendor_stock	TM87	412	Cerulean City Poke Mart	Kanto	item-shop	UNK	money	UNLIMITED	NA	2	Misty	UNK	NA	NA	NA	NA	NA	87	Aerial Ace	NA	FALSE	NA	data.js:areas[Cerulean City Poke Mart].item-shop[2]	Measured	NONE
vendor_stock	TM88	413	Cerulean City Poke Mart	Kanto	item-shop	UNK	money	UNLIMITED	NA	2	Misty	UNK	NA	NA	NA	NA	NA	88	Pluck	NA	FALSE	NA	data.js:areas[Cerulean City Poke Mart].item-shop[2]	Measured	NONE
vendor_stock	TM108	433	Cerulean City Poke Mart	Kanto	item-shop	UNK	money	UNLIMITED	NA	2	Misty	UNK	NA	NA	NA	NA	NA	108	Snarl	NA	FALSE	NA	data.js:areas[Cerulean City Poke Mart].item-shop[2]	Measured	NONE
vendor_stock	TM111	436	Cerulean City Poke Mart	Kanto	item-shop	UNK	money	UNLIMITED	NA	2	Misty	UNK	NA	NA	NA	NA	NA	111	Vacuum Wave	NA	FALSE	NA	data.js:areas[Cerulean City Poke Mart].item-shop[2]	Measured	NONE
wild_encounter	Snubbull	209	Route 24	Kanto	wild-day	NA	NA	REPEATABLE	NA	2	Misty	UNK	20	14	16	0	NA	NA	NA	NA	FALSE	NA	data.js:areas[Route 24].wild-day[2]	Measured	rate Asserted from the locations sheet
wild_encounter	Petilil	601	Route 24	Kanto	wild-day	NA	NA	REPEATABLE	NA	2	Misty	UNK	20	14	16	1	NA	NA	NA	NA	FALSE	NA	data.js:areas[Route 24].wild-day[2]	Measured	rate Asserted from the locations sheet
wild_encounter	Yamper	1127	Route 24	Kanto	wild-day	NA	NA	REPEATABLE	NA	2	Misty	UNK	10	14	16	2	NA	NA	NA	NA	FALSE	NA	data.js:areas[Route 24].wild-day[2]	Measured	rate Asserted from the locations sheet
wild_encounter	Charcadet	938	Route 24	Kanto	wild-day	NA	NA	REPEATABLE	NA	2	Misty	UNK	10	14	16	3	NA	NA	NA	NA	FALSE	NA	data.js:areas[Route 24].wild-day[2]	Measured	rate Asserted from the locations sheet
wild_encounter	Elekid	239	Route 24	Kanto	wild-day	NA	NA	REPEATABLE	NA	2	Misty	UNK	10	14	16	4	NA	NA	NA	NA	FALSE	NA	data.js:areas[Route 24].wild-day[2]	Measured	rate Asserted from the locations sheet
wild_encounter	Volbeat	386	Route 24	Kanto	wild-day	NA	NA	REPEATABLE	NA	2	Misty	UNK	10	14	16	5	NA	NA	NA	NA	FALSE	NA	data.js:areas[Route 24].wild-day[2]	Measured	rate Asserted from the locations sheet
wild_encounter	Marill	183	Route 24	Kanto	wild-day	NA	NA	REPEATABLE	NA	2	Misty	UNK	5	14	16	6	NA	NA	NA	NA	FALSE	NA	data.js:areas[Route 24].wild-day[2]	Measured	rate Asserted from the locations sheet
wild_encounter	Farfetch’d	83	Route 24	Kanto	wild-day	NA	NA	REPEATABLE	NA	2	Misty	UNK	5	14	16	7	NA	NA	NA	NA	FALSE	NA	data.js:areas[Route 24].wild-day[2]	Measured	rate Asserted from the locations sheet
wild_encounter	Ralts	392	Route 24	Kanto	wild-day	NA	NA	REPEATABLE	NA	2	Misty	UNK	4	14	16	8	NA	NA	NA	NA	FALSE	NA	data.js:areas[Route 24].wild-day[2]	Measured	rate Asserted from the locations sheet
wild_encounter	Abra	63	Route 24	Kanto	wild-day	NA	NA	REPEATABLE	NA	2	Misty	UNK	4	14	16	9	NA	NA	NA	NA	FALSE	NA	data.js:areas[Route 24].wild-day[2]	Measured	rate Asserted from the locations sheet
wild_encounter	Klawf	706	Route 24	Kanto	wild-day	NA	NA	REPEATABLE	NA	2	Misty	UNK	1	14	16	10	NA	NA	NA	NA	FALSE	NA	data.js:areas[Route 24].wild-day[2]	Measured	rate Asserted from the locations sheet
wild_encounter	Klawf	706	Route 24	Kanto	wild-day	NA	NA	REPEATABLE	NA	2	Misty	UNK	1	14	16	11	NA	NA	NA	NA	FALSE	NA	data.js:areas[Route 24].wild-day[2]	Measured	rate Asserted from the locations sheet
wild_encounter	Snubbull	209	Route 24	Kanto	wild-night	NA	NA	REPEATABLE	NA	2	Misty	UNK	20	14	16	0	NA	NA	NA	NA	FALSE	NA	data.js:areas[Route 24].wild-night[2]	Measured	rate Asserted from the locations sheet
wild_encounter	Cottonee	599	Route 24	Kanto	wild-night	NA	NA	REPEATABLE	NA	2	Misty	UNK	20	14	16	1	NA	NA	NA	NA	FALSE	NA	data.js:areas[Route 24].wild-night[2]	Measured	rate Asserted from the locations sheet
wild_encounter	Yamper	1127	Route 24	Kanto	wild-night	NA	NA	REPEATABLE	NA	2	Misty	UNK	10	14	16	2	NA	NA	NA	NA	FALSE	NA	data.js:areas[Route 24].wild-night[2]	Measured	rate Asserted from the locations sheet
wild_encounter	Charcadet	938	Route 24	Kanto	wild-night	NA	NA	REPEATABLE	NA	2	Misty	UNK	10	14	16	3	NA	NA	NA	NA	FALSE	NA	data.js:areas[Route 24].wild-night[2]	Measured	rate Asserted from the locations sheet
wild_encounter	Magby	240	Route 24	Kanto	wild-night	NA	NA	REPEATABLE	NA	2	Misty	UNK	10	14	16	4	NA	NA	NA	NA	FALSE	NA	data.js:areas[Route 24].wild-night[2]	Measured	rate Asserted from the locations sheet
wild_encounter	Illumise	387	Route 24	Kanto	wild-night	NA	NA	REPEATABLE	NA	2	Misty	UNK	10	14	16	5	NA	NA	NA	NA	FALSE	NA	data.js:areas[Route 24].wild-night[2]	Measured	rate Asserted from the locations sheet
wild_encounter	Buizel	471	Route 24	Kanto	wild-night	NA	NA	REPEATABLE	NA	2	Misty	UNK	5	14	16	6	NA	NA	NA	NA	FALSE	NA	data.js:areas[Route 24].wild-night[2]	Measured	rate Asserted from the locations sheet
wild_encounter	Murkrow	198	Route 24	Kanto	wild-night	NA	NA	REPEATABLE	NA	2	Misty	UNK	5	14	16	7	NA	NA	NA	NA	FALSE	NA	data.js:areas[Route 24].wild-night[2]	Measured	rate Asserted from the locations sheet
wild_encounter	Ralts	392	Route 24	Kanto	wild-night	NA	NA	REPEATABLE	NA	2	Misty	UNK	4	14	16	8	NA	NA	NA	NA	FALSE	NA	data.js:areas[Route 24].wild-night[2]	Measured	rate Asserted from the locations sheet
wild_encounter	Abra	63	Route 24	Kanto	wild-night	NA	NA	REPEATABLE	NA	2	Misty	UNK	4	14	16	9	NA	NA	NA	NA	FALSE	NA	data.js:areas[Route 24].wild-night[2]	Measured	rate Asserted from the locations sheet
wild_encounter	Klawf	706	Route 24	Kanto	wild-night	NA	NA	REPEATABLE	NA	2	Misty	UNK	1	14	16	10	NA	NA	NA	NA	FALSE	NA	data.js:areas[Route 24].wild-night[2]	Measured	rate Asserted from the locations sheet
wild_encounter	Klawf	706	Route 24	Kanto	wild-night	NA	NA	REPEATABLE	NA	2	Misty	UNK	1	14	16	11	NA	NA	NA	NA	FALSE	NA	data.js:areas[Route 24].wild-night[2]	Measured	rate Asserted from the locations sheet
wild_encounter	Golduck	55	Route 24	Kanto	wild-surf	NA	NA	REPEATABLE	NA	10	May	UNK	60	56	58	0	NA	NA	NA	NA	FALSE	NA	data.js:areas[Route 24].wild-surf[10]	Measured	rate Asserted from the locations sheet
wild_encounter	Golduck	55	Route 24	Kanto	wild-surf	NA	NA	REPEATABLE	NA	10	May	UNK	30	56	58	1	NA	NA	NA	NA	FALSE	NA	data.js:areas[Route 24].wild-surf[10]	Measured	rate Asserted from the locations sheet
wild_encounter	Golduck	55	Route 24	Kanto	wild-surf	NA	NA	REPEATABLE	NA	10	May	UNK	5	56	58	2	NA	NA	NA	NA	FALSE	NA	data.js:areas[Route 24].wild-surf[10]	Measured	rate Asserted from the locations sheet
wild_encounter	Golduck	55	Route 24	Kanto	wild-surf	NA	NA	REPEATABLE	NA	10	May	UNK	4	56	58	3	NA	NA	NA	NA	FALSE	NA	data.js:areas[Route 24].wild-surf[10]	Measured	rate Asserted from the locations sheet
wild_encounter	Golduck	55	Route 24	Kanto	wild-surf	NA	NA	REPEATABLE	NA	10	May	UNK	1	56	58	4	NA	NA	NA	NA	FALSE	NA	data.js:areas[Route 24].wild-surf[10]	Measured	rate Asserted from the locations sheet
item_ground	Big Nugget	115	Route 24	Kanto	item-standard	NA	NA	10	NA	2	Misty	UNK	NA	NA	NA	NA	NA	NA	NA	NA	TRUE	single placement	data.js:areas[Route 24].item-standard[2]	Asserted	 quantity from the official item sheet
item_ground	TM45	333	Route 24	Kanto	item-standard	NA	NA	1	NA	2	Misty	UNK	NA	NA	NA	NA	NA	45	Drain Kiss	NA	TRUE	single placement	data.js:areas[Route 24].item-standard[2]	Measured	NONE
item_ground	TM77	402	Route 24	Kanto	item-standard	NA	NA	1	NA	2	Misty	UNK	NA	NA	NA	NA	NA	77	Thunder Punch	NA	TRUE	single placement	data.js:areas[Route 24].item-standard[2]	Measured	NONE
item_ground	Tyranitarite	553	Route 24	Kanto	item-standard	NA	NA	1	NA	10	May	UNK	NA	NA	NA	NA	NA	NA	NA	NA	TRUE	single placement	data.js:areas[Route 24].item-standard[10]	Measured	NONE
item_hidden	Pecha Berry	135	Route 24	Kanto	item-hidden	NA	NA	10	NA	2	Misty	UNK	NA	NA	NA	NA	NA	NA	NA	NA	TRUE	single placement	data.js:areas[Route 24].item-hidden[2]	Asserted	 quantity from the official item sheet
item_care_package	Health Wing	57	Route 24	Kanto	item-cheat	NA	NA	10	NA	2	Misty	UNK	NA	NA	NA	NA	NA	NA	NA	NA	TRUE	single placement	data.js:areas[Route 24].item-cheat[2]	Asserted	care-package item, delivered by code not exploration quantity from the official item sheet
item_care_package	HP Up	63	Route 24	Kanto	item-cheat	NA	NA	10	NA	2	Misty	UNK	NA	NA	NA	NA	NA	NA	NA	NA	TRUE	single placement	data.js:areas[Route 24].item-cheat[2]	Asserted	care-package item, delivered by code not exploration quantity from the official item sheet
item_care_package	Silk Scarf	217	Route 24	Kanto	item-cheat	NA	NA	10	NA	2	Misty	UNK	NA	NA	NA	NA	NA	NA	NA	NA	TRUE	single placement	data.js:areas[Route 24].item-cheat[2]	Asserted	care-package item, delivered by code not exploration quantity from the official item sheet
item_care_package	Leek Stick	225	Route 24	Kanto	item-cheat	NA	NA	10	NA	2	Misty	UNK	NA	NA	NA	NA	NA	NA	NA	NA	TRUE	single placement	data.js:areas[Route 24].item-cheat[2]	Asserted	care-package item, delivered by code not exploration quantity from the official item sheet
item_care_package	Wacan Berry	448	Route 24	Kanto	item-cheat	NA	NA	10	NA	2	Misty	UNK	NA	NA	NA	NA	NA	NA	NA	NA	TRUE	single placement	data.js:areas[Route 24].item-cheat[2]	Asserted	care-package item, delivered by code not exploration quantity from the official item sheet
raid_den	Shroodle	1345	Route 24	Kanto	raid1	NA	NA	REPEATABLE	Wishing Piece to re-activate a spent den	2	Misty	UNK	NA	NA	NA	NA	1	NA	NA	Stardust,Health Wing,Wishing Piece,Sitrus Berry,Passho Berry,Leppa Berry,Nugget,HP Up,PP Up,Lucky Egg	FALSE	NA	data.js:areas[Route 24].raid1[2]	Measured	NONE
raid_den	Abra	63	Route 24	Kanto	raid1	NA	NA	REPEATABLE	Wishing Piece to re-activate a spent den	2	Misty	UNK	NA	NA	NA	NA	1	NA	NA	Stardust,Health Wing,Wishing Piece,Sitrus Berry,Passho Berry,Leppa Berry,Nugget,HP Up,PP Up,Lucky Egg	FALSE	NA	data.js:areas[Route 24].raid1[2]	Measured	NONE
raid_den	Charcadet	938	Route 24	Kanto	raid1	NA	NA	REPEATABLE	Wishing Piece to re-activate a spent den	2	Misty	UNK	NA	NA	NA	NA	1	NA	NA	Stardust,Health Wing,Wishing Piece,Sitrus Berry,Passho Berry,Leppa Berry,Nugget,HP Up,PP Up,Lucky Egg	FALSE	NA	data.js:areas[Route 24].raid1[2]	Measured	NONE
raid_den	Applin	1132	Route 24	Kanto	raid1	NA	NA	REPEATABLE	Wishing Piece to re-activate a spent den	2	Misty	UNK	NA	NA	NA	NA	1	NA	NA	Stardust,Health Wing,Wishing Piece,Sitrus Berry,Passho Berry,Leppa Berry,Nugget,HP Up,PP Up,Lucky Egg	FALSE	NA	data.js:areas[Route 24].raid1[2]	Measured	NONE
raid_den	Lotad	295	Route 24	Kanto	raid1	NA	NA	REPEATABLE	Wishing Piece to re-activate a spent den	2	Misty	UNK	NA	NA	NA	NA	1	NA	NA	Stardust,Health Wing,Wishing Piece,Sitrus Berry,Passho Berry,Leppa Berry,Nugget,HP Up,PP Up,Lucky Egg	FALSE	NA	data.js:areas[Route 24].raid1[2]	Measured	NONE
wild_encounter	Carvanha	330	Route 24	Kanto	wild-oldRod	NA	NA	REPEATABLE	NA	2	Misty	UNK	70	2	4	0	NA	NA	NA	NA	FALSE	NA	data.js:areas[Route 24].wild-oldRod[2]	Measured	rate Asserted from the locations sheet
wild_encounter	Lotad	295	Route 24	Kanto	wild-oldRod	NA	NA	REPEATABLE	NA	2	Misty	UNK	30	2	4	1	NA	NA	NA	NA	FALSE	NA	data.js:areas[Route 24].wild-oldRod[2]	Measured	rate Asserted from the locations sheet
wild_encounter	Wailmer	313	Route 24	Kanto	wild-goodRod	NA	NA	REPEATABLE	NA	3	Surge	UNK	60	27	29	0	NA	NA	NA	NA	FALSE	NA	data.js:areas[Route 24].wild-goodRod[3]	Measured	rate Asserted from the locations sheet
wild_encounter	Wishiwashi	963	Route 24	Kanto	wild-goodRod	NA	NA	REPEATABLE	NA	3	Surge	UNK	20	27	29	1	NA	NA	NA	NA	FALSE	NA	data.js:areas[Route 24].wild-goodRod[3]	Measured	rate Asserted from the locations sheet
wild_encounter	Clobbopus	1144	Route 24	Kanto	wild-goodRod	NA	NA	REPEATABLE	NA	3	Surge	UNK	20	27	29	2	NA	NA	NA	NA	FALSE	NA	data.js:areas[Route 24].wild-goodRod[3]	Measured	rate Asserted from the locations sheet
wild_encounter	Luvdisc	325	Route 24	Kanto	wild-superRod	NA	NA	REPEATABLE	NA	9	Koga	UNK	40	53	55	0	NA	NA	NA	NA	FALSE	NA	data.js:areas[Route 24].wild-superRod[9]	Measured	rate Asserted from the locations sheet
wild_encounter	Luvdisc	325	Route 24	Kanto	wild-superRod	NA	NA	REPEATABLE	NA	9	Koga	UNK	40	53	55	1	NA	NA	NA	NA	FALSE	NA	data.js:areas[Route 24].wild-superRod[9]	Measured	rate Asserted from the locations sheet
wild_encounter	Sharpedo	331	Route 24	Kanto	wild-superRod	NA	NA	REPEATABLE	NA	9	Koga	UNK	15	53	55	2	NA	NA	NA	NA	FALSE	NA	data.js:areas[Route 24].wild-superRod[9]	Measured	rate Asserted from the locations sheet
wild_encounter	Octillery	224	Route 24	Kanto	wild-superRod	NA	NA	REPEATABLE	NA	9	Koga	UNK	4	53	55	3	NA	NA	NA	NA	FALSE	NA	data.js:areas[Route 24].wild-superRod[9]	Measured	rate Asserted from the locations sheet
wild_encounter	Octillery	224	Route 24	Kanto	wild-superRod	NA	NA	REPEATABLE	NA	9	Koga	UNK	1	53	55	4	NA	NA	NA	NA	FALSE	NA	data.js:areas[Route 24].wild-superRod[9]	Measured	rate Asserted from the locations sheet
wild_encounter	Swablu	358	Route 25	Kanto	wild-day	NA	NA	REPEATABLE	NA	2	Misty	UNK	20	16	18	0	NA	NA	NA	NA	FALSE	NA	data.js:areas[Route 25].wild-day[2]	Measured	rate Asserted from the locations sheet
wild_encounter	Taillow	304	Route 25	Kanto	wild-day	NA	NA	REPEATABLE	NA	2	Misty	UNK	20	16	18	1	NA	NA	NA	NA	FALSE	NA	data.js:areas[Route 25].wild-day[2]	Measured	rate Asserted from the locations sheet
wild_encounter	Pineco	204	Route 25	Kanto	wild-day	NA	NA	REPEATABLE	NA	2	Misty	UNK	10	16	18	2	NA	NA	NA	NA	FALSE	NA	data.js:areas[Route 25].wild-day[2]	Measured	rate Asserted from the locations sheet
wild_encounter	Tadbulb	861	Route 25	Kanto	wild-day	NA	NA	REPEATABLE	NA	2	Misty	UNK	10	16	18	3	NA	NA	NA	NA	FALSE	NA	data.js:areas[Route 25].wild-day[2]	Measured	rate Asserted from the locations sheet
wild_encounter	Karrablast	641	Route 25	Kanto	wild-day	NA	NA	REPEATABLE	NA	2	Misty	UNK	10	16	18	4	NA	NA	NA	NA	FALSE	NA	data.js:areas[Route 25].wild-day[2]	Measured	rate Asserted from the locations sheet
wild_encounter	Doduo	84	Route 25	Kanto	wild-day	NA	NA	REPEATABLE	NA	2	Misty	UNK	10	16	18	5	NA	NA	NA	NA	FALSE	NA	data.js:areas[Route 25].wild-day[2]	Measured	rate Asserted from the locations sheet
wild_encounter	Aipom	190	Route 25	Kanto	wild-day	NA	NA	REPEATABLE	NA	2	Misty	UNK	5	16	18	6	NA	NA	NA	NA	FALSE	NA	data.js:areas[Route 25].wild-day[2]	Measured	rate Asserted from the locations sheet
wild_encounter	Whismur	370	Route 25	Kanto	wild-day	NA	NA	REPEATABLE	NA	2	Misty	UNK	5	16	18	7	NA	NA	NA	NA	FALSE	NA	data.js:areas[Route 25].wild-day[2]	Measured	rate Asserted from the locations sheet
wild_encounter	Squawkabilly	1338	Route 25	Kanto	wild-day	NA	NA	REPEATABLE	NA	2	Misty	UNK	4	16	18	8	NA	NA	NA	NA	FALSE	NA	data.js:areas[Route 25].wild-day[2]	Measured	rate Asserted from the locations sheet
wild_encounter	Audino	584	Route 25	Kanto	wild-day	NA	NA	REPEATABLE	NA	2	Misty	UNK	4	16	18	9	NA	NA	NA	NA	FALSE	NA	data.js:areas[Route 25].wild-day[2]	Measured	rate Asserted from the locations sheet
wild_encounter	Zangoose	380	Route 25	Kanto	wild-day	NA	NA	REPEATABLE	NA	2	Misty	UNK	1	16	18	10	NA	NA	NA	NA	FALSE	NA	data.js:areas[Route 25].wild-day[2]	Measured	rate Asserted from the locations sheet
wild_encounter	Zangoose	380	Route 25	Kanto	wild-day	NA	NA	REPEATABLE	NA	2	Misty	UNK	1	16	18	11	NA	NA	NA	NA	FALSE	NA	data.js:areas[Route 25].wild-day[2]	Measured	rate Asserted from the locations sheet
wild_encounter	Swablu	358	Route 25	Kanto	wild-night	NA	NA	REPEATABLE	NA	2	Misty	UNK	20	16	18	0	NA	NA	NA	NA	FALSE	NA	data.js:areas[Route 25].wild-night[2]	Measured	rate Asserted from the locations sheet
wild_encounter	Taillow	304	Route 25	Kanto	wild-night	NA	NA	REPEATABLE	NA	2	Misty	UNK	20	16	18	1	NA	NA	NA	NA	FALSE	NA	data.js:areas[Route 25].wild-night[2]	Measured	rate Asserted from the locations sheet
wild_encounter	Venonat	48	Route 25	Kanto	wild-night	NA	NA	REPEATABLE	NA	2	Misty	UNK	10	16	18	2	NA	NA	NA	NA	FALSE	NA	data.js:areas[Route 25].wild-night[2]	Measured	rate Asserted from the locations sheet
wild_encounter	Tadbulb	861	Route 25	Kanto	wild-night	NA	NA	REPEATABLE	NA	2	Misty	UNK	10	16	18	3	NA	NA	NA	NA	FALSE	NA	data.js:areas[Route 25].wild-night[2]	Measured	rate Asserted from the locations sheet
wild_encounter	Karrablast	641	Route 25	Kanto	wild-night	NA	NA	REPEATABLE	NA	2	Misty	UNK	10	16	18	4	NA	NA	NA	NA	FALSE	NA	data.js:areas[Route 25].wild-night[2]	Measured	rate Asserted from the locations sheet
wild_encounter	Doduo	84	Route 25	Kanto	wild-night	NA	NA	REPEATABLE	NA	2	Misty	UNK	10	16	18	5	NA	NA	NA	NA	FALSE	NA	data.js:areas[Route 25].wild-night[2]	Measured	rate Asserted from the locations sheet
wild_encounter	Aipom	190	Route 25	Kanto	wild-night	NA	NA	REPEATABLE	NA	2	Misty	UNK	5	16	18	6	NA	NA	NA	NA	FALSE	NA	data.js:areas[Route 25].wild-night[2]	Measured	rate Asserted from the locations sheet
wild_encounter	Purrloin	562	Route 25	Kanto	wild-night	NA	NA	REPEATABLE	NA	2	Misty	UNK	5	16	18	7	NA	NA	NA	NA	FALSE	NA	data.js:areas[Route 25].wild-night[2]	Measured	rate Asserted from the locations sheet
wild_encounter	Squawkabilly-White	1355	Route 25	Kanto	wild-night	NA	NA	REPEATABLE	NA	2	Misty	UNK	4	16	18	8	NA	NA	NA	NA	FALSE	NA	data.js:areas[Route 25].wild-night[2]	Measured	rate Asserted from the locations sheet
wild_encounter	Audino	584	Route 25	Kanto	wild-night	NA	NA	REPEATABLE	NA	2	Misty	UNK	4	16	18	9	NA	NA	NA	NA	FALSE	NA	data.js:areas[Route 25].wild-night[2]	Measured	rate Asserted from the locations sheet
wild_encounter	Seviper	379	Route 25	Kanto	wild-night	NA	NA	REPEATABLE	NA	2	Misty	UNK	1	16	18	10	NA	NA	NA	NA	FALSE	NA	data.js:areas[Route 25].wild-night[2]	Measured	rate Asserted from the locations sheet
wild_encounter	Seviper	379	Route 25	Kanto	wild-night	NA	NA	REPEATABLE	NA	2	Misty	UNK	1	16	18	11	NA	NA	NA	NA	FALSE	NA	data.js:areas[Route 25].wild-night[2]	Measured	rate Asserted from the locations sheet
wild_encounter	Psyduck	54	Route 25	Kanto	wild-surf	NA	NA	REPEATABLE	NA	10	May	UNK	60	56	58	0	NA	NA	NA	NA	FALSE	NA	data.js:areas[Route 25].wild-surf[10]	Measured	rate Asserted from the locations sheet
wild_encounter	Psyduck	54	Route 25	Kanto	wild-surf	NA	NA	REPEATABLE	NA	10	May	UNK	30	56	58	1	NA	NA	NA	NA	FALSE	NA	data.js:areas[Route 25].wild-surf[10]	Measured	rate Asserted from the locations sheet
wild_encounter	Psyduck	54	Route 25	Kanto	wild-surf	NA	NA	REPEATABLE	NA	10	May	UNK	5	56	58	2	NA	NA	NA	NA	FALSE	NA	data.js:areas[Route 25].wild-surf[10]	Measured	rate Asserted from the locations sheet
wild_encounter	Psyduck	54	Route 25	Kanto	wild-surf	NA	NA	REPEATABLE	NA	10	May	UNK	4	56	58	3	NA	NA	NA	NA	FALSE	NA	data.js:areas[Route 25].wild-surf[10]	Measured	rate Asserted from the locations sheet
wild_encounter	Psyduck	54	Route 25	Kanto	wild-surf	NA	NA	REPEATABLE	NA	10	May	UNK	1	56	58	4	NA	NA	NA	NA	FALSE	NA	data.js:areas[Route 25].wild-surf[10]	Measured	rate Asserted from the locations sheet
item_ground	Nest Ball	8	Route 25	Kanto	item-standard	NA	NA	5	NA	2	Misty	UNK	NA	NA	NA	NA	NA	NA	NA	NA	TRUE	single placement	data.js:areas[Route 25].item-standard[2]	Asserted	 quantity from the official item sheet
item_ground	Leaf Stone	98	Route 25	Kanto	item-standard	NA	NA	1	NA	2	Misty	UNK	NA	NA	NA	NA	NA	NA	NA	NA	TRUE	single placement	data.js:areas[Route 25].item-standard[2]	Measured	NONE
item_ground	TM43	331	Route 25	Kanto	item-standard	NA	NA	1	NA	2	Misty	UNK	NA	NA	NA	NA	NA	43	Defog	NA	TRUE	single placement	data.js:areas[Route 25].item-standard[2]	Measured	NONE
item_ground	TM89	414	Route 25	Kanto	item-standard	NA	NA	1	NA	2	Misty	UNK	NA	NA	NA	NA	NA	89	U-turn	NA	TRUE	single placement	data.js:areas[Route 25].item-standard[2]	Measured	NONE
item_hidden	Ether	34	Route 25	Kanto	item-hidden	NA	NA	10	NA	2	Misty	UNK	NA	NA	NA	NA	NA	NA	NA	NA	TRUE	single placement	data.js:areas[Route 25].item-hidden[2]	Asserted	 quantity from the official item sheet
item_hidden	Elixir	36	Route 25	Kanto	item-hidden	NA	NA	1	NA	2	Misty	UNK	NA	NA	NA	NA	NA	NA	NA	NA	TRUE	single placement	data.js:areas[Route 25].item-hidden[2]	Measured	NONE
item_hidden	Oran Berry	139	Route 25	Kanto	item-hidden	NA	NA	10	NA	2	Misty	UNK	NA	NA	NA	NA	NA	NA	NA	NA	TRUE	single placement	data.js:areas[Route 25].item-hidden[2]	Asserted	 quantity from the official item sheet
item_hidden	Bluk Berry	149	Route 25	Kanto	item-hidden	NA	NA	1	NA	2	Misty	UNK	NA	NA	NA	NA	NA	NA	NA	NA	TRUE	single placement	data.js:areas[Route 25].item-hidden[2]	Measured	NONE
raid_den	Tadbulb	861	Route 25	Kanto	raid1	NA	NA	REPEATABLE	Wishing Piece to re-activate a spent den	2	Misty	UNK	NA	NA	NA	NA	1	NA	NA	Quick Ball,Stardust,Swift Wing,Wishing Piece,Sitrus Berry,Tanga Berry,Leppa Berry,Nugget,Carbos,PP Up,Lucky Egg	FALSE	NA	data.js:areas[Route 25].raid1[2]	Measured	NONE
raid_den	Psyduck	54	Route 25	Kanto	raid1	NA	NA	REPEATABLE	Wishing Piece to re-activate a spent den	2	Misty	UNK	NA	NA	NA	NA	1	NA	NA	Quick Ball,Stardust,Swift Wing,Wishing Piece,Sitrus Berry,Tanga Berry,Leppa Berry,Nugget,Carbos,PP Up,Lucky Egg	FALSE	NA	data.js:areas[Route 25].raid1[2]	Measured	NONE
raid_den	Klawf	706	Route 25	Kanto	raid1	NA	NA	REPEATABLE	Wishing Piece to re-activate a spent den	2	Misty	UNK	NA	NA	NA	NA	1	NA	NA	Quick Ball,Stardust,Swift Wing,Wishing Piece,Sitrus Berry,Tanga Berry,Leppa Berry,Nugget,Carbos,PP Up,Lucky Egg	FALSE	NA	data.js:areas[Route 25].raid1[2]	Measured	NONE
raid_den	Milcery	1160	Route 25	Kanto	raid1	NA	NA	REPEATABLE	Wishing Piece to re-activate a spent den	2	Misty	UNK	NA	NA	NA	NA	1	NA	NA	Quick Ball,Stardust,Swift Wing,Wishing Piece,Sitrus Berry,Tanga Berry,Leppa Berry,Nugget,Carbos,PP Up,Lucky Egg	FALSE	NA	data.js:areas[Route 25].raid1[2]	Measured	NONE
raid_den	Clauncher	800	Route 25	Kanto	raid1	NA	NA	REPEATABLE	Wishing Piece to re-activate a spent den	2	Misty	UNK	NA	NA	NA	NA	1	NA	NA	Quick Ball,Stardust,Swift Wing,Wishing Piece,Sitrus Berry,Tanga Berry,Leppa Berry,Nugget,Carbos,PP Up,Lucky Egg	FALSE	NA	data.js:areas[Route 25].raid1[2]	Measured	NONE
raid_den	Necrozma	1017	Route 25	Kanto	raid4	NA	NA	REPEATABLE	Wishing Piece to re-activate a spent den	2	Misty	UNK	NA	NA	NA	NA	4	NA	NA	Star Piece,Nugget,Big Nugget,Occa Berry,Dream Patch,PP Up,PP Max,Salac Berry,Wishing Piece,Lucky Egg,Life Orb,Life Orb	FALSE	NA	data.js:areas[Route 25].raid4[2]	Measured	NONE
raid_den	Calyrex	1187	Route 25	Kanto	raid4	NA	NA	REPEATABLE	Wishing Piece to re-activate a spent den	2	Misty	UNK	NA	NA	NA	NA	4	NA	NA	Star Piece,Nugget,Big Nugget,Occa Berry,Dream Patch,PP Up,PP Max,Liechi Berry,Wishing Piece,Lucky Egg,Life Orb,Life Orb	FALSE	NA	data.js:areas[Route 25].raid4[2]	Measured	NONE
raid_den	Celebi	251	Route 25	Kanto	raid4	NA	NA	REPEATABLE	Wishing Piece to re-activate a spent den	2	Misty	UNK	NA	NA	NA	NA	4	NA	NA	Star Piece,Nugget,Big Nugget,Occa Berry,Dream Patch,PP Up,PP Max,Liechi Berry,Wishing Piece,Lucky Egg,Life Orb,Life Orb	FALSE	NA	data.js:areas[Route 25].raid4[2]	Measured	NONE
wild_encounter	Magikarp	129	Route 25	Kanto	wild-oldRod	NA	NA	REPEATABLE	NA	2	Misty	UNK	70	2	4	0	NA	NA	NA	NA	FALSE	NA	data.js:areas[Route 25].wild-oldRod[2]	Measured	rate Asserted from the locations sheet
wild_encounter	Chinchou	170	Route 25	Kanto	wild-oldRod	NA	NA	REPEATABLE	NA	2	Misty	UNK	30	2	4	1	NA	NA	NA	NA	FALSE	NA	data.js:areas[Route 25].wild-oldRod[2]	Measured	rate Asserted from the locations sheet
wild_encounter	Dewpider	968	Route 25	Kanto	wild-goodRod	NA	NA	REPEATABLE	NA	3	Surge	UNK	60	27	29	0	NA	NA	NA	NA	FALSE	NA	data.js:areas[Route 25].wild-goodRod[3]	Measured	rate Asserted from the locations sheet
wild_encounter	Mantyke	511	Route 25	Kanto	wild-goodRod	NA	NA	REPEATABLE	NA	3	Surge	UNK	20	27	29	1	NA	NA	NA	NA	FALSE	NA	data.js:areas[Route 25].wild-goodRod[3]	Measured	rate Asserted from the locations sheet
wild_encounter	Goldeen	118	Route 25	Kanto	wild-goodRod	NA	NA	REPEATABLE	NA	3	Surge	UNK	20	27	29	2	NA	NA	NA	NA	FALSE	NA	data.js:areas[Route 25].wild-goodRod[3]	Measured	rate Asserted from the locations sheet
wild_encounter	Poliwag	60	Route 25	Kanto	wild-superRod	NA	NA	REPEATABLE	NA	9	Koga	UNK	40	53	55	0	NA	NA	NA	NA	FALSE	NA	data.js:areas[Route 25].wild-superRod[9]	Measured	rate Asserted from the locations sheet
wild_encounter	Poliwhirl	61	Route 25	Kanto	wild-superRod	NA	NA	REPEATABLE	NA	9	Koga	UNK	40	53	55	1	NA	NA	NA	NA	FALSE	NA	data.js:areas[Route 25].wild-superRod[9]	Measured	rate Asserted from the locations sheet
wild_encounter	Gyarados	130	Route 25	Kanto	wild-superRod	NA	NA	REPEATABLE	NA	9	Koga	UNK	15	53	55	2	NA	NA	NA	NA	FALSE	NA	data.js:areas[Route 25].wild-superRod[9]	Measured	rate Asserted from the locations sheet
wild_encounter	Psyduck	54	Route 25	Kanto	wild-superRod	NA	NA	REPEATABLE	NA	9	Koga	UNK	4	53	55	3	NA	NA	NA	NA	FALSE	NA	data.js:areas[Route 25].wild-superRod[9]	Measured	rate Asserted from the locations sheet
wild_encounter	Psyduck	54	Route 25	Kanto	wild-superRod	NA	NA	REPEATABLE	NA	9	Koga	UNK	1	53	55	4	NA	NA	NA	NA	FALSE	NA	data.js:areas[Route 25].wild-superRod[9]	Measured	rate Asserted from the locations sheet
item_ground	S.S. Ticket	265	Route 25 Bill's House	Kanto	item-standard	NA	NA	1	NA	2	Misty	UNK	NA	NA	NA	NA	NA	NA	NA	NA	TRUE	single placement	data.js:areas[Route 25 Bill's House].item-standard[2]	Measured	NONE
wild_encounter	Meowth	52	Route 5	Kanto	wild-day	NA	NA	REPEATABLE	NA	2	Misty	UNK	20	18	20	0	NA	NA	NA	NA	FALSE	NA	data.js:areas[Route 5].wild-day[2]	Measured	rate Asserted from the locations sheet
wild_encounter	Hatenna	1148	Route 5	Kanto	wild-day	NA	NA	REPEATABLE	NA	2	Misty	UNK	20	18	20	1	NA	NA	NA	NA	FALSE	NA	data.js:areas[Route 5].wild-day[2]	Measured	rate Asserted from the locations sheet
wild_encounter	Solosis	630	Route 5	Kanto	wild-day	NA	NA	REPEATABLE	NA	2	Misty	UNK	10	18	20	2	NA	NA	NA	NA	FALSE	NA	data.js:areas[Route 5].wild-day[2]	Measured	rate Asserted from the locations sheet
wild_encounter	Growlithe	58	Route 5	Kanto	wild-day	NA	NA	REPEATABLE	NA	2	Misty	UNK	10	18	20	3	NA	NA	NA	NA	FALSE	NA	data.js:areas[Route 5].wild-day[2]	Measured	rate Asserted from the locations sheet
wild_encounter	Swirlix	792	Route 5	Kanto	wild-day	NA	NA	REPEATABLE	NA	2	Misty	UNK	10	18	20	4	NA	NA	NA	NA	FALSE	NA	data.js:areas[Route 5].wild-day[2]	Measured	rate Asserted from the locations sheet
wild_encounter	Morelull	972	Route 5	Kanto	wild-day	NA	NA	REPEATABLE	NA	2	Misty	UNK	10	18	20	5	NA	NA	NA	NA	FALSE	NA	data.js:areas[Route 5].wild-day[2]	Measured	rate Asserted from the locations sheet
wild_encounter	Vulpix	37	Route 5	Kanto	wild-day	NA	NA	REPEATABLE	NA	2	Misty	UNK	5	18	20	6	NA	NA	NA	NA	FALSE	NA	data.js:areas[Route 5].wild-day[2]	Measured	rate Asserted from the locations sheet
wild_encounter	Solosis	630	Route 5	Kanto	wild-day	NA	NA	REPEATABLE	NA	2	Misty	UNK	5	18	20	7	NA	NA	NA	NA	FALSE	NA	data.js:areas[Route 5].wild-day[2]	Measured	rate Asserted from the locations sheet
wild_encounter	Grimer	88	Route 5	Kanto	wild-day	NA	NA	REPEATABLE	NA	2	Misty	UNK	4	18	20	8	NA	NA	NA	NA	FALSE	NA	data.js:areas[Route 5].wild-day[2]	Measured	rate Asserted from the locations sheet
wild_encounter	Grimer	88	Route 5	Kanto	wild-day	NA	NA	REPEATABLE	NA	2	Misty	UNK	4	18	20	9	NA	NA	NA	NA	FALSE	NA	data.js:areas[Route 5].wild-day[2]	Measured	rate Asserted from the locations sheet
wild_encounter	Drifloon	478	Route 5	Kanto	wild-day	NA	NA	REPEATABLE	NA	2	Misty	UNK	1	18	20	10	NA	NA	NA	NA	FALSE	NA	data.js:areas[Route 5].wild-day[2]	Measured	rate Asserted from the locations sheet
wild_encounter	Drifloon	478	Route 5	Kanto	wild-day	NA	NA	REPEATABLE	NA	2	Misty	UNK	1	18	20	11	NA	NA	NA	NA	FALSE	NA	data.js:areas[Route 5].wild-day[2]	Measured	rate Asserted from the locations sheet
wild_encounter	Meowth-Galar	1208	Route 5	Kanto	wild-night	NA	NA	REPEATABLE	NA	2	Misty	UNK	20	18	20	0	NA	NA	NA	NA	FALSE	NA	data.js:areas[Route 5].wild-night[2]	Measured	rate Asserted from the locations sheet
wild_encounter	Hatenna	1148	Route 5	Kanto	wild-night	NA	NA	REPEATABLE	NA	2	Misty	UNK	20	18	20	1	NA	NA	NA	NA	FALSE	NA	data.js:areas[Route 5].wild-night[2]	Measured	rate Asserted from the locations sheet
wild_encounter	Gothita	627	Route 5	Kanto	wild-night	NA	NA	REPEATABLE	NA	2	Misty	UNK	10	18	20	2	NA	NA	NA	NA	FALSE	NA	data.js:areas[Route 5].wild-night[2]	Measured	rate Asserted from the locations sheet
wild_encounter	Vulpix-Alola	1025	Route 5	Kanto	wild-night	NA	NA	REPEATABLE	NA	2	Misty	UNK	10	18	20	3	NA	NA	NA	NA	FALSE	NA	data.js:areas[Route 5].wild-night[2]	Measured	rate Asserted from the locations sheet
wild_encounter	Spritzee	790	Route 5	Kanto	wild-night	NA	NA	REPEATABLE	NA	2	Misty	UNK	10	18	20	4	NA	NA	NA	NA	FALSE	NA	data.js:areas[Route 5].wild-night[2]	Measured	rate Asserted from the locations sheet
wild_encounter	Morelull	972	Route 5	Kanto	wild-night	NA	NA	REPEATABLE	NA	2	Misty	UNK	10	18	20	5	NA	NA	NA	NA	FALSE	NA	data.js:areas[Route 5].wild-night[2]	Measured	rate Asserted from the locations sheet
wild_encounter	Growlithe-Hisui	1271	Route 5	Kanto	wild-night	NA	NA	REPEATABLE	NA	2	Misty	UNK	5	18	20	6	NA	NA	NA	NA	FALSE	NA	data.js:areas[Route 5].wild-night[2]	Measured	rate Asserted from the locations sheet
wild_encounter	Gothita	627	Route 5	Kanto	wild-night	NA	NA	REPEATABLE	NA	2	Misty	UNK	5	18	20	7	NA	NA	NA	NA	FALSE	NA	data.js:areas[Route 5].wild-night[2]	Measured	rate Asserted from the locations sheet
wild_encounter	Grimer-Alola	1034	Route 5	Kanto	wild-night	NA	NA	REPEATABLE	NA	2	Misty	UNK	4	18	20	8	NA	NA	NA	NA	FALSE	NA	data.js:areas[Route 5].wild-night[2]	Measured	rate Asserted from the locations sheet
wild_encounter	Grimer-Alola	1034	Route 5	Kanto	wild-night	NA	NA	REPEATABLE	NA	2	Misty	UNK	4	18	20	9	NA	NA	NA	NA	FALSE	NA	data.js:areas[Route 5].wild-night[2]	Measured	rate Asserted from the locations sheet
wild_encounter	Drifloon	478	Route 5	Kanto	wild-night	NA	NA	REPEATABLE	NA	2	Misty	UNK	1	18	20	10	NA	NA	NA	NA	FALSE	NA	data.js:areas[Route 5].wild-night[2]	Measured	rate Asserted from the locations sheet
wild_encounter	Drifloon	478	Route 5	Kanto	wild-night	NA	NA	REPEATABLE	NA	2	Misty	UNK	1	18	20	11	NA	NA	NA	NA	FALSE	NA	data.js:areas[Route 5].wild-night[2]	Measured	rate Asserted from the locations sheet
item_ground	TM96	421	Route 5	Kanto	item-standard	NA	NA	1	NA	2	Misty	UNK	NA	NA	NA	NA	NA	96	Bulldoze	NA	TRUE	single placement	data.js:areas[Route 5].item-standard[2]	Measured	NONE
raid_den	Hatenna	1148	Route 5	Kanto	raid1	NA	NA	REPEATABLE	Wishing Piece to re-activate a spent den	2	Misty	UNK	NA	NA	NA	NA	1	NA	NA	Quick Ball,Ultra Ball,Resist Wing,Wacan Berry,Nugget,Sitrus Berry,Ability Pill,Wishing Piece,Iron,PP Up,Lucky Egg	FALSE	NA	data.js:areas[Route 5].raid1[2]	Measured	NONE
raid_den	Flamigo	1339	Route 5	Kanto	raid1	NA	NA	REPEATABLE	Wishing Piece to re-activate a spent den	2	Misty	UNK	NA	NA	NA	NA	1	NA	NA	Quick Ball,Ultra Ball,Resist Wing,Wacan Berry,Nugget,Sitrus Berry,Ability Pill,Wishing Piece,Iron,PP Up,Lucky Egg	FALSE	NA	data.js:areas[Route 5].raid1[2]	Measured	NONE
raid_den	Flittle	1320	Route 5	Kanto	raid1	NA	NA	REPEATABLE	Wishing Piece to re-activate a spent den	2	Misty	UNK	NA	NA	NA	NA	1	NA	NA	Quick Ball,Ultra Ball,Resist Wing,Wacan Berry,Nugget,Sitrus Berry,Ability Pill,Wishing Piece,Iron,PP Up,Lucky Egg	FALSE	NA	data.js:areas[Route 5].raid1[2]	Measured	NONE
raid_den	Rhyhorn	111	Route 5	Kanto	raid1	NA	NA	REPEATABLE	Wishing Piece to re-activate a spent den	2	Misty	UNK	NA	NA	NA	NA	1	NA	NA	Quick Ball,Ultra Ball,Resist Wing,Wacan Berry,Nugget,Sitrus Berry,Ability Pill,Wishing Piece,Iron,PP Up,Lucky Egg	FALSE	NA	data.js:areas[Route 5].raid1[2]	Measured	NONE
raid_den	Oricorio	958	Route 5	Kanto	raid1	NA	NA	REPEATABLE	Wishing Piece to re-activate a spent den	2	Misty	UNK	NA	NA	NA	NA	1	NA	NA	Quick Ball,Ultra Ball,Resist Wing,Wacan Berry,Nugget,Sitrus Berry,Ability Pill,Wishing Piece,Iron,PP Up,Lucky Egg	FALSE	NA	data.js:areas[Route 5].raid1[2]	Measured	NONE
gift_pokemon	Eevee	133	Route 5 Daycare	Kanto	fixed-gift	NA	NA	1	NA	2	Misty	UNK	NA	NA	NA	NA	NA	NA	NA	NA	TRUE	one-time placement	data.js:areas[Route 5 Daycare].fixed-gift[2]	Measured	NONE
trade_pokemon	Eiscue	1167	Underground Path Route 5 Entrance	Kanto	fixed-trade	NA	NA	1	NA	4	Erika	UNK	NA	NA	NA	NA	NA	NA	NA	NA	FALSE	NA	data.js:areas[Underground Path Route 5 Entrance].fixed-trade[4]	Measured	NONE
item_hidden	Potion	13	Underground Path Vertical	Kanto	item-hidden	NA	NA	10	NA	2	Misty	UNK	NA	NA	NA	NA	NA	NA	NA	NA	TRUE	single placement	data.js:areas[Underground Path Vertical].item-hidden[2]	Asserted	 quantity from the official item sheet
item_hidden	Antidote	14	Underground Path Vertical	Kanto	item-hidden	NA	NA	1	NA	2	Misty	UNK	NA	NA	NA	NA	NA	NA	NA	NA	TRUE	single placement	data.js:areas[Underground Path Vertical].item-hidden[2]	Measured	NONE
item_hidden	Burn Heal	15	Underground Path Vertical	Kanto	item-hidden	NA	NA	1	NA	2	Misty	UNK	NA	NA	NA	NA	NA	NA	NA	NA	TRUE	single placement	data.js:areas[Underground Path Vertical].item-hidden[2]	Measured	NONE
item_hidden	Ice Heal	16	Underground Path Vertical	Kanto	item-hidden	NA	NA	1	NA	2	Misty	UNK	NA	NA	NA	NA	NA	NA	NA	NA	TRUE	single placement	data.js:areas[Underground Path Vertical].item-hidden[2]	Measured	NONE
item_hidden	Awakening	17	Underground Path Vertical	Kanto	item-hidden	NA	NA	1	NA	2	Misty	UNK	NA	NA	NA	NA	NA	NA	NA	NA	TRUE	single placement	data.js:areas[Underground Path Vertical].item-hidden[2]	Measured	NONE
item_hidden	Paralyze Heal	18	Underground Path Vertical	Kanto	item-hidden	NA	NA	1	NA	2	Misty	UNK	NA	NA	NA	NA	NA	NA	NA	NA	TRUE	single placement	data.js:areas[Underground Path Vertical].item-hidden[2]	Measured	NONE
item_hidden	Ether	34	Underground Path Vertical	Kanto	item-hidden	NA	NA	10	NA	2	Misty	UNK	NA	NA	NA	NA	NA	NA	NA	NA	TRUE	single placement	data.js:areas[Underground Path Vertical].item-hidden[2]	Asserted	 quantity from the official item sheet
wild_encounter	Sunkern	191	Route 6	Kanto	wild-day	NA	NA	REPEATABLE	NA	2	Misty	UNK	20	16	18	0	NA	NA	NA	NA	FALSE	NA	data.js:areas[Route 6].wild-day[2]	Measured	rate Asserted from the locations sheet
wild_encounter	Cherubi	473	Route 6	Kanto	wild-day	NA	NA	REPEATABLE	NA	2	Misty	UNK	20	16	18	1	NA	NA	NA	NA	FALSE	NA	data.js:areas[Route 6].wild-day[2]	Measured	rate Asserted from the locations sheet
wild_encounter	Gulpin	367	Route 6	Kanto	wild-day	NA	NA	REPEATABLE	NA	2	Misty	UNK	10	16	18	2	NA	NA	NA	NA	FALSE	NA	data.js:areas[Route 6].wild-day[2]	Measured	rate Asserted from the locations sheet
wild_encounter	Furfrou	784	Route 6	Kanto	wild-day	NA	NA	REPEATABLE	NA	2	Misty	UNK	10	16	18	3	NA	NA	NA	NA	FALSE	NA	data.js:areas[Route 6].wild-day[2]	Measured	rate Asserted from the locations sheet
wild_encounter	Sizzlipede	1142	Route 6	Kanto	wild-day	NA	NA	REPEATABLE	NA	2	Misty	UNK	10	16	18	4	NA	NA	NA	NA	FALSE	NA	data.js:areas[Route 6].wild-day[2]	Measured	rate Asserted from the locations sheet
wild_encounter	Dedenne	810	Route 6	Kanto	wild-day	NA	NA	REPEATABLE	NA	2	Misty	UNK	10	16	18	5	NA	NA	NA	NA	FALSE	NA	data.js:areas[Route 6].wild-day[2]	Measured	rate Asserted from the locations sheet
wild_encounter	Lickitung	108	Route 6	Kanto	wild-day	NA	NA	REPEATABLE	NA	2	Misty	UNK	5	16	18	6	NA	NA	NA	NA	FALSE	NA	data.js:areas[Route 6].wild-day[2]	Measured	rate Asserted from the locations sheet
wild_encounter	Lickitung	108	Route 6	Kanto	wild-day	NA	NA	REPEATABLE	NA	2	Misty	UNK	5	16	18	7	NA	NA	NA	NA	FALSE	NA	data.js:areas[Route 6].wild-day[2]	Measured	rate Asserted from the locations sheet
wild_encounter	Flittle	1320	Route 6	Kanto	wild-day	NA	NA	REPEATABLE	NA	2	Misty	UNK	4	16	18	8	NA	NA	NA	NA	FALSE	NA	data.js:areas[Route 6].wild-day[2]	Measured	rate Asserted from the locations sheet
wild_encounter	Flittle	1320	Route 6	Kanto	wild-day	NA	NA	REPEATABLE	NA	2	Misty	UNK	4	16	18	9	NA	NA	NA	NA	FALSE	NA	data.js:areas[Route 6].wild-day[2]	Measured	rate Asserted from the locations sheet
wild_encounter	Togepi	175	Route 6	Kanto	wild-day	NA	NA	REPEATABLE	NA	2	Misty	UNK	1	16	18	10	NA	NA	NA	NA	FALSE	NA	data.js:areas[Route 6].wild-day[2]	Measured	rate Asserted from the locations sheet
wild_encounter	Togepi	175	Route 6	Kanto	wild-day	NA	NA	REPEATABLE	NA	2	Misty	UNK	1	16	18	11	NA	NA	NA	NA	FALSE	NA	data.js:areas[Route 6].wild-day[2]	Measured	rate Asserted from the locations sheet
wild_encounter	Bounsweet	978	Route 6	Kanto	wild-night	NA	NA	REPEATABLE	NA	2	Misty	UNK	20	16	18	0	NA	NA	NA	NA	FALSE	NA	data.js:areas[Route 6].wild-night[2]	Measured	rate Asserted from the locations sheet
wild_encounter	Gossifleur	1121	Route 6	Kanto	wild-night	NA	NA	REPEATABLE	NA	2	Misty	UNK	20	16	18	1	NA	NA	NA	NA	FALSE	NA	data.js:areas[Route 6].wild-night[2]	Measured	rate Asserted from the locations sheet
wild_encounter	Trubbish	621	Route 6	Kanto	wild-night	NA	NA	REPEATABLE	NA	2	Misty	UNK	10	16	18	2	NA	NA	NA	NA	FALSE	NA	data.js:areas[Route 6].wild-night[2]	Measured	rate Asserted from the locations sheet
wild_encounter	Furfrou	784	Route 6	Kanto	wild-night	NA	NA	REPEATABLE	NA	2	Misty	UNK	10	16	18	3	NA	NA	NA	NA	FALSE	NA	data.js:areas[Route 6].wild-night[2]	Measured	rate Asserted from the locations sheet
wild_encounter	Sizzlipede	1142	Route 6	Kanto	wild-night	NA	NA	REPEATABLE	NA	2	Misty	UNK	10	16	18	4	NA	NA	NA	NA	FALSE	NA	data.js:areas[Route 6].wild-night[2]	Measured	rate Asserted from the locations sheet
wild_encounter	Dedenne	810	Route 6	Kanto	wild-night	NA	NA	REPEATABLE	NA	2	Misty	UNK	10	16	18	5	NA	NA	NA	NA	FALSE	NA	data.js:areas[Route 6].wild-night[2]	Measured	rate Asserted from the locations sheet
wild_encounter	Komala	992	Route 6	Kanto	wild-night	NA	NA	REPEATABLE	NA	2	Misty	UNK	5	16	18	6	NA	NA	NA	NA	FALSE	NA	data.js:areas[Route 6].wild-night[2]	Measured	rate Asserted from the locations sheet
wild_encounter	Komala	992	Route 6	Kanto	wild-night	NA	NA	REPEATABLE	NA	2	Misty	UNK	5	16	18	7	NA	NA	NA	NA	FALSE	NA	data.js:areas[Route 6].wild-night[2]	Measured	rate Asserted from the locations sheet
wild_encounter	Meditite	356	Route 6	Kanto	wild-night	NA	NA	REPEATABLE	NA	2	Misty	UNK	4	16	18	8	NA	NA	NA	NA	FALSE	NA	data.js:areas[Route 6].wild-night[2]	Measured	rate Asserted from the locations sheet
wild_encounter	Meditite	356	Route 6	Kanto	wild-night	NA	NA	REPEATABLE	NA	2	Misty	UNK	4	16	18	9	NA	NA	NA	NA	FALSE	NA	data.js:areas[Route 6].wild-night[2]	Measured	rate Asserted from the locations sheet
wild_encounter	Togepi	175	Route 6	Kanto	wild-night	NA	NA	REPEATABLE	NA	2	Misty	UNK	1	16	18	10	NA	NA	NA	NA	FALSE	NA	data.js:areas[Route 6].wild-night[2]	Measured	rate Asserted from the locations sheet
wild_encounter	Togepi	175	Route 6	Kanto	wild-night	NA	NA	REPEATABLE	NA	2	Misty	UNK	1	16	18	11	NA	NA	NA	NA	FALSE	NA	data.js:areas[Route 6].wild-night[2]	Measured	rate Asserted from the locations sheet
wild_encounter	Psyduck	54	Route 6	Kanto	wild-surf	NA	NA	REPEATABLE	NA	10	May	UNK	60	56	58	0	NA	NA	NA	NA	FALSE	NA	data.js:areas[Route 6].wild-surf[10]	Measured	rate Asserted from the locations sheet
wild_encounter	Psyduck	54	Route 6	Kanto	wild-surf	NA	NA	REPEATABLE	NA	10	May	UNK	30	56	58	1	NA	NA	NA	NA	FALSE	NA	data.js:areas[Route 6].wild-surf[10]	Measured	rate Asserted from the locations sheet
wild_encounter	Psyduck	54	Route 6	Kanto	wild-surf	NA	NA	REPEATABLE	NA	10	May	UNK	5	56	58	2	NA	NA	NA	NA	FALSE	NA	data.js:areas[Route 6].wild-surf[10]	Measured	rate Asserted from the locations sheet
wild_encounter	Psyduck	54	Route 6	Kanto	wild-surf	NA	NA	REPEATABLE	NA	10	May	UNK	4	56	58	3	NA	NA	NA	NA	FALSE	NA	data.js:areas[Route 6].wild-surf[10]	Measured	rate Asserted from the locations sheet
wild_encounter	Psyduck	54	Route 6	Kanto	wild-surf	NA	NA	REPEATABLE	NA	10	May	UNK	1	56	58	4	NA	NA	NA	NA	FALSE	NA	data.js:areas[Route 6].wild-surf[10]	Measured	rate Asserted from the locations sheet
item_ground	TM63	388	Route 6	Kanto	item-standard	NA	NA	1	NA	2	Misty	UNK	NA	NA	NA	NA	NA	63	Venoshock	NA	TRUE	single placement	data.js:areas[Route 6].item-standard[2]	Measured	NONE
item_ground	Pinsirite	543	Route 6	Kanto	item-standard	NA	NA	1	NA	9	Koga	UNK	NA	NA	NA	NA	NA	NA	NA	NA	TRUE	single placement	data.js:areas[Route 6].item-standard[9]	Measured	NONE
item_hidden	Rare Candy	68	Route 6	Kanto	item-hidden	NA	NA	1	NA	2	Misty	UNK	NA	NA	NA	NA	NA	NA	NA	NA	TRUE	single placement	data.js:areas[Route 6].item-hidden[2]	Measured	NONE
item_hidden	Sitrus Berry	142	Route 6	Kanto	item-hidden	NA	NA	10	NA	2	Misty	UNK	NA	NA	NA	NA	NA	NA	NA	NA	TRUE	single placement	data.js:areas[Route 6].item-hidden[2]	Asserted	 quantity from the official item sheet
item_care_package	Great Ball	3	Route 6	Kanto	item-cheat	NA	NA	10	NA	2	Misty	UNK	NA	NA	NA	NA	NA	NA	NA	NA	TRUE	single placement	data.js:areas[Route 6].item-cheat[2]	Asserted	care-package item, delivered by code not exploration quantity from the official item sheet
item_care_package	Yellow Shard	50	Route 6	Kanto	item-cheat	NA	NA	10	NA	2	Misty	UNK	NA	NA	NA	NA	NA	NA	NA	NA	TRUE	single placement	data.js:areas[Route 6].item-cheat[2]	Asserted	care-package item, delivered by code not exploration quantity from the official item sheet
item_care_package	Prism Scale	176	Route 6	Kanto	item-cheat	NA	NA	10	NA	2	Misty	UNK	NA	NA	NA	NA	NA	NA	NA	NA	TRUE	single placement	data.js:areas[Route 6].item-cheat[2]	Asserted	care-package item, delivered by code not exploration quantity from the official item sheet
item_care_package	Shuca Berry	453	Route 6	Kanto	item-cheat	NA	NA	10	NA	2	Misty	UNK	NA	NA	NA	NA	NA	NA	NA	NA	TRUE	single placement	data.js:areas[Route 6].item-cheat[2]	Asserted	care-package item, delivered by code not exploration quantity from the official item sheet
item_care_package	Roseli Berry	467	Route 6	Kanto	item-cheat	NA	NA	10	NA	2	Misty	UNK	NA	NA	NA	NA	NA	NA	NA	NA	TRUE	single placement	data.js:areas[Route 6].item-cheat[2]	Asserted	care-package item, delivered by code not exploration quantity from the official item sheet
raid_den	Applin	1132	Route 6	Kanto	raid1	NA	NA	REPEATABLE	Wishing Piece to re-activate a spent den	2	Misty	UNK	NA	NA	NA	NA	1	NA	NA	Quick Ball,Haban Berry,Clever Wing,Chilan Berry,Nugget,Sitrus Berry,Ability Pill,Wishing Piece,Zinc,Dream Patch,Lucky Egg	FALSE	NA	data.js:areas[Route 6].raid1[2]	Measured	NONE
raid_den	Litleo	775	Route 6	Kanto	raid1	NA	NA	REPEATABLE	Wishing Piece to re-activate a spent den	2	Misty	UNK	NA	NA	NA	NA	1	NA	NA	Quick Ball,Haban Berry,Clever Wing,Chilan Berry,Nugget,Sitrus Berry,Ability Pill,Wishing Piece,Zinc,Dream Patch,Lucky Egg	FALSE	NA	data.js:areas[Route 6].raid1[2]	Measured	NONE
raid_den	Mienfoo	672	Route 6	Kanto	raid1	NA	NA	REPEATABLE	Wishing Piece to re-activate a spent den	2	Misty	UNK	NA	NA	NA	NA	1	NA	NA	Quick Ball,Haban Berry,Clever Wing,Chilan Berry,Nugget,Sitrus Berry,Ability Pill,Wishing Piece,Zinc,Dream Patch,Lucky Egg	FALSE	NA	data.js:areas[Route 6].raid1[2]	Measured	NONE
raid_den	Blitzle	575	Route 6	Kanto	raid1	NA	NA	REPEATABLE	Wishing Piece to re-activate a spent den	2	Misty	UNK	NA	NA	NA	NA	1	NA	NA	Quick Ball,Haban Berry,Clever Wing,Chilan Berry,Nugget,Sitrus Berry,Ability Pill,Wishing Piece,Zinc,Dream Patch,Lucky Egg	FALSE	NA	data.js:areas[Route 6].raid1[2]	Measured	NONE
raid_den	Squawkabilly	1338	Route 6	Kanto	raid1	NA	NA	REPEATABLE	Wishing Piece to re-activate a spent den	2	Misty	UNK	NA	NA	NA	NA	1	NA	NA	Quick Ball,Haban Berry,Clever Wing,Chilan Berry,Nugget,Sitrus Berry,Ability Pill,Wishing Piece,Zinc,Dream Patch,Lucky Egg	FALSE	NA	data.js:areas[Route 6].raid1[2]	Measured	NONE
wild_encounter	Chinchou	170	Route 6	Kanto	wild-oldRod	NA	NA	REPEATABLE	NA	2	Misty	UNK	70	2	4	0	NA	NA	NA	NA	FALSE	NA	data.js:areas[Route 6].wild-oldRod[2]	Measured	rate Asserted from the locations sheet
wild_encounter	Shellder	90	Route 6	Kanto	wild-oldRod	NA	NA	REPEATABLE	NA	2	Misty	UNK	30	2	4	1	NA	NA	NA	NA	FALSE	NA	data.js:areas[Route 6].wild-oldRod[2]	Measured	rate Asserted from the locations sheet
wild_encounter	Slowpoke-Galar	1211	Route 6	Kanto	wild-goodRod	NA	NA	REPEATABLE	NA	3	Surge	UNK	60	27	29	0	NA	NA	NA	NA	FALSE	NA	data.js:areas[Route 6].wild-goodRod[3]	Measured	rate Asserted from the locations sheet
wild_encounter	Skrelp	798	Route 6	Kanto	wild-goodRod	NA	NA	REPEATABLE	NA	3	Surge	UNK	20	27	29	1	NA	NA	NA	NA	FALSE	NA	data.js:areas[Route 6].wild-goodRod[3]	Measured	rate Asserted from the locations sheet
wild_encounter	Basculin	603	Route 6	Kanto	wild-goodRod	NA	NA	REPEATABLE	NA	3	Surge	UNK	20	27	29	2	NA	NA	NA	NA	FALSE	NA	data.js:areas[Route 6].wild-goodRod[3]	Measured	rate Asserted from the locations sheet
wild_encounter	Slowbro-Galar	1212	Route 6	Kanto	wild-superRod	NA	NA	REPEATABLE	NA	9	Koga	UNK	40	53	55	0	NA	NA	NA	NA	FALSE	NA	data.js:areas[Route 6].wild-superRod[9]	Measured	rate Asserted from the locations sheet
wild_encounter	Lanturn	171	Route 6	Kanto	wild-superRod	NA	NA	REPEATABLE	NA	9	Koga	UNK	40	53	55	1	NA	NA	NA	NA	FALSE	NA	data.js:areas[Route 6].wild-superRod[9]	Measured	rate Asserted from the locations sheet
wild_encounter	Gyarados	130	Route 6	Kanto	wild-superRod	NA	NA	REPEATABLE	NA	9	Koga	UNK	15	53	55	2	NA	NA	NA	NA	FALSE	NA	data.js:areas[Route 6].wild-superRod[9]	Measured	rate Asserted from the locations sheet
wild_encounter	Psyduck	54	Route 6	Kanto	wild-superRod	NA	NA	REPEATABLE	NA	9	Koga	UNK	4	53	55	3	NA	NA	NA	NA	FALSE	NA	data.js:areas[Route 6].wild-superRod[9]	Measured	rate Asserted from the locations sheet
wild_encounter	Golduck	55	Route 6	Kanto	wild-superRod	NA	NA	REPEATABLE	NA	9	Koga	UNK	1	53	55	4	NA	NA	NA	NA	FALSE	NA	data.js:areas[Route 6].wild-superRod[9]	Measured	rate Asserted from the locations sheet
wild_encounter	Tentacool	72	Vermilion City	Kanto	wild-surf	NA	NA	REPEATABLE	NA	10	May	UNK	60	56	58	0	NA	NA	NA	NA	FALSE	NA	data.js:areas[Vermilion City].wild-surf[10]	Measured	rate Asserted from the locations sheet
wild_encounter	Pelipper	310	Vermilion City	Kanto	wild-surf	NA	NA	REPEATABLE	NA	10	May	UNK	30	56	58	1	NA	NA	NA	NA	FALSE	NA	data.js:areas[Vermilion City].wild-surf[10]	Measured	rate Asserted from the locations sheet
wild_encounter	Cramorant	1137	Vermilion City	Kanto	wild-surf	NA	NA	REPEATABLE	NA	10	May	UNK	5	56	58	2	NA	NA	NA	NA	FALSE	NA	data.js:areas[Vermilion City].wild-surf[10]	Measured	rate Asserted from the locations sheet
wild_encounter	Cramorant	1137	Vermilion City	Kanto	wild-surf	NA	NA	REPEATABLE	NA	10	May	UNK	4	56	58	3	NA	NA	NA	NA	FALSE	NA	data.js:areas[Vermilion City].wild-surf[10]	Measured	rate Asserted from the locations sheet
wild_encounter	Cramorant	1137	Vermilion City	Kanto	wild-surf	NA	NA	REPEATABLE	NA	10	May	UNK	1	56	58	4	NA	NA	NA	NA	FALSE	NA	data.js:areas[Vermilion City].wild-surf[10]	Measured	rate Asserted from the locations sheet
item_ground	Copperajite	738	Vermilion City	Kanto	item-standard	NA	NA	1	NA	10	May	UNK	NA	NA	NA	NA	NA	NA	NA	NA	TRUE	single placement	data.js:areas[Vermilion City].item-standard[10]	Measured	NONE
item_hidden	Max Ether	35	Vermilion City	Kanto	item-hidden	NA	NA	1	NA	2	Misty	UNK	NA	NA	NA	NA	NA	NA	NA	NA	TRUE	single placement	data.js:areas[Vermilion City].item-hidden[2]	Measured	NONE
wild_encounter	Arrokuda	1138	Vermilion City	Kanto	wild-oldRod	NA	NA	REPEATABLE	NA	2	Misty	UNK	70	2	4	0	NA	NA	NA	NA	FALSE	NA	data.js:areas[Vermilion City].wild-oldRod[2]	Measured	rate Asserted from the locations sheet
wild_encounter	Finneon	509	Vermilion City	Kanto	wild-oldRod	NA	NA	REPEATABLE	NA	2	Misty	UNK	30	2	4	1	NA	NA	NA	NA	FALSE	NA	data.js:areas[Vermilion City].wild-oldRod[2]	Measured	rate Asserted from the locations sheet
wild_encounter	Frillish	645	Vermilion City	Kanto	wild-goodRod	NA	NA	REPEATABLE	NA	3	Surge	UNK	60	27	29	0	NA	NA	NA	NA	FALSE	NA	data.js:areas[Vermilion City].wild-goodRod[3]	Measured	rate Asserted from the locations sheet
wild_encounter	Staryu	120	Vermilion City	Kanto	wild-goodRod	NA	NA	REPEATABLE	NA	3	Surge	UNK	20	27	29	1	NA	NA	NA	NA	FALSE	NA	data.js:areas[Vermilion City].wild-goodRod[3]	Measured	rate Asserted from the locations sheet
wild_encounter	Wimpod	984	Vermilion City	Kanto	wild-goodRod	NA	NA	REPEATABLE	NA	3	Surge	UNK	20	27	29	2	NA	NA	NA	NA	FALSE	NA	data.js:areas[Vermilion City].wild-goodRod[3]	Measured	rate Asserted from the locations sheet
wild_encounter	Luvdisc	325	Vermilion City	Kanto	wild-superRod	NA	NA	REPEATABLE	NA	9	Koga	UNK	40	53	55	0	NA	NA	NA	NA	FALSE	NA	data.js:areas[Vermilion City].wild-superRod[9]	Measured	rate Asserted from the locations sheet
wild_encounter	Luvdisc	325	Vermilion City	Kanto	wild-superRod	NA	NA	REPEATABLE	NA	9	Koga	UNK	40	53	55	1	NA	NA	NA	NA	FALSE	NA	data.js:areas[Vermilion City].wild-superRod[9]	Measured	rate Asserted from the locations sheet
wild_encounter	Alomomola	647	Vermilion City	Kanto	wild-superRod	NA	NA	REPEATABLE	NA	9	Koga	UNK	15	53	55	2	NA	NA	NA	NA	FALSE	NA	data.js:areas[Vermilion City].wild-superRod[9]	Measured	rate Asserted from the locations sheet
wild_encounter	Seadra	117	Vermilion City	Kanto	wild-superRod	NA	NA	REPEATABLE	NA	9	Koga	UNK	4	53	55	3	NA	NA	NA	NA	FALSE	NA	data.js:areas[Vermilion City].wild-superRod[9]	Measured	rate Asserted from the locations sheet
wild_encounter	Gyarados	130	Vermilion City	Kanto	wild-superRod	NA	NA	REPEATABLE	NA	9	Koga	UNK	1	53	55	4	NA	NA	NA	NA	FALSE	NA	data.js:areas[Vermilion City].wild-superRod[9]	Measured	rate Asserted from the locations sheet
item_ground	Good Rod	263	Vermilion City Fisherman's House	Kanto	item-standard	NA	NA	1	NA	2	Misty	UNK	NA	NA	NA	NA	NA	NA	NA	NA	TRUE	single placement	data.js:areas[Vermilion City Fisherman's House].item-standard[2]	Measured	NONE
gift_pokemon	Omanyte	138	Vermilion City Pokemon Fan Club	Kanto	fixed-gift	NA	NA	1	NA	2	Misty	UNK	NA	NA	NA	NA	NA	NA	NA	NA	TRUE	one-time placement	data.js:areas[Vermilion City Pokemon Fan Club].fixed-gift[2]	Measured	NONE
gift_pokemon	Kabuto	140	Vermilion City Pokemon Fan Club	Kanto	fixed-gift	NA	NA	1	NA	2	Misty	UNK	NA	NA	NA	NA	NA	NA	NA	NA	TRUE	one-time placement	data.js:areas[Vermilion City Pokemon Fan Club].fixed-gift[2]	Measured	NONE
gift_pokemon	Lileep	388	Vermilion City Pokemon Fan Club	Kanto	fixed-gift	NA	NA	1	NA	2	Misty	UNK	NA	NA	NA	NA	NA	NA	NA	NA	TRUE	one-time placement	data.js:areas[Vermilion City Pokemon Fan Club].fixed-gift[2]	Measured	NONE
gift_pokemon	Anorith	390	Vermilion City Pokemon Fan Club	Kanto	fixed-gift	NA	NA	1	NA	2	Misty	UNK	NA	NA	NA	NA	NA	NA	NA	NA	TRUE	one-time placement	data.js:areas[Vermilion City Pokemon Fan Club].fixed-gift[2]	Measured	NONE
gift_pokemon	Cranidos	461	Vermilion City Pokemon Fan Club	Kanto	fixed-gift	NA	NA	1	NA	2	Misty	UNK	NA	NA	NA	NA	NA	NA	NA	NA	TRUE	one-time placement	data.js:areas[Vermilion City Pokemon Fan Club].fixed-gift[2]	Measured	NONE
gift_pokemon	Shieldon	463	Vermilion City Pokemon Fan Club	Kanto	fixed-gift	NA	NA	1	NA	2	Misty	UNK	NA	NA	NA	NA	NA	NA	NA	NA	TRUE	one-time placement	data.js:areas[Vermilion City Pokemon Fan Club].fixed-gift[2]	Measured	NONE
gift_pokemon	Tirtouga	617	Vermilion City Pokemon Fan Club	Kanto	fixed-gift	NA	NA	1	NA	2	Misty	UNK	NA	NA	NA	NA	NA	NA	NA	NA	TRUE	one-time placement	data.js:areas[Vermilion City Pokemon Fan Club].fixed-gift[2]	Measured	NONE
gift_pokemon	Archen	619	Vermilion City Pokemon Fan Club	Kanto	fixed-gift	NA	NA	1	NA	2	Misty	UNK	NA	NA	NA	NA	NA	NA	NA	NA	TRUE	one-time placement	data.js:areas[Vermilion City Pokemon Fan Club].fixed-gift[2]	Measured	NONE
gift_pokemon	Tyrunt	804	Vermilion City Pokemon Fan Club	Kanto	fixed-gift	NA	NA	1	NA	2	Misty	UNK	NA	NA	NA	NA	NA	NA	NA	NA	TRUE	one-time placement	data.js:areas[Vermilion City Pokemon Fan Club].fixed-gift[2]	Measured	NONE
gift_pokemon	Amaura	806	Vermilion City Pokemon Fan Club	Kanto	fixed-gift	NA	NA	1	NA	2	Misty	UNK	NA	NA	NA	NA	NA	NA	NA	NA	TRUE	one-time placement	data.js:areas[Vermilion City Pokemon Fan Club].fixed-gift[2]	Measured	NONE
gift_pokemon	Aerodactyl	142	Vermilion City Pokemon Fan Club	Kanto	fixed-gift	NA	NA	1	NA	3	Surge	UNK	NA	NA	NA	NA	NA	NA	NA	NA	TRUE	one-time placement	data.js:areas[Vermilion City Pokemon Fan Club].fixed-gift[3]	Measured	NONE
item_ground	Bike Voucher	352	Vermilion City Pokemon Fan Club	Kanto	item-standard	NA	NA	1	NA	2	Misty	UNK	NA	NA	NA	NA	NA	NA	NA	NA	TRUE	single placement	data.js:areas[Vermilion City Pokemon Fan Club].item-standard[2]	Measured	NONE
item_ground	Wishing Piece	641	Vermilion City Pokemon Fan Club	Kanto	item-standard	NA	NA	5	NA	2	Misty	UNK	NA	NA	NA	NA	NA	NA	NA	NA	TRUE	single placement	data.js:areas[Vermilion City Pokemon Fan Club].item-standard[2]	Asserted	 quantity from the official item sheet
tutor	tutor_slot_2	2	Vermilion City Pokemon Fan Club	Kanto	tutor	UNK	money	REPEATABLE	NA	2	Misty	UNK	NA	NA	NA	NA	NA	NA	Flame Charge	NA	FALSE	NA	data.js:areas[Vermilion City Pokemon Fan Club].tutors[2]	Measured	value is a tutorMoves slot index, not a move ID
tutor	tutor_slot_114	114	Vermilion City Pokemon Fan Club	Kanto	tutor	UNK	money	REPEATABLE	NA	2	Misty	UNK	NA	NA	NA	NA	NA	NA	Trailblaze	NA	FALSE	NA	data.js:areas[Vermilion City Pokemon Fan Club].tutors[2]	Measured	value is a tutorMoves slot index, not a move ID
tutor	tutor_slot_1	1	Vermilion City Pokemon Fan Club	Kanto	tutor	UNK	money	REPEATABLE	NA	2	Misty	UNK	NA	NA	NA	NA	NA	NA	Power-Up Punch	NA	FALSE	NA	data.js:areas[Vermilion City Pokemon Fan Club].tutors[2]	Measured	value is a tutorMoves slot index, not a move ID
tutor	tutor_slot_11	11	Vermilion City Pokemon Fan Club	Kanto	tutor	UNK	money	REPEATABLE	NA	2	Misty	UNK	NA	NA	NA	NA	NA	NA	Charge Beam	NA	FALSE	NA	data.js:areas[Vermilion City Pokemon Fan Club].tutors[2]	Measured	value is a tutorMoves slot index, not a move ID
tutor	tutor_slot_0	0	Vermilion City Pokemon Fan Club	Kanto	tutor	UNK	money	REPEATABLE	NA	2	Misty	UNK	NA	NA	NA	NA	NA	NA	Work Up	NA	FALSE	NA	data.js:areas[Vermilion City Pokemon Fan Club].tutors[2]	Measured	value is a tutorMoves slot index, not a move ID
tutor	tutor_slot_102	102	Vermilion City Pokemon Fan Club	Kanto	tutor	UNK	money	REPEATABLE	NA	2	Misty	UNK	NA	NA	NA	NA	NA	NA	Hone Claws	NA	FALSE	NA	data.js:areas[Vermilion City Pokemon Fan Club].tutors[2]	Measured	value is a tutorMoves slot index, not a move ID
trade_pokemon	Farfetch’d-Galar	1213	Vermilion City Central House	Kanto	fixed-trade	NA	NA	1	NA	2	Misty	UNK	NA	NA	NA	NA	NA	NA	NA	NA	FALSE	NA	data.js:areas[Vermilion City Central House].fixed-trade[2]	Measured	NONE
vendor_stock	Ultra Ball	2	Vermilion City Poke Mart	Kanto	item-shop	UNK	money	UNLIMITED	NA	2	Misty	UNK	NA	NA	NA	NA	NA	NA	NA	NA	FALSE	NA	data.js:areas[Vermilion City Poke Mart].item-shop[2]	Measured	NONE
vendor_stock	Great Ball	3	Vermilion City Poke Mart	Kanto	item-shop	UNK	money	UNLIMITED	NA	2	Misty	UNK	NA	NA	NA	NA	NA	NA	NA	NA	FALSE	NA	data.js:areas[Vermilion City Poke Mart].item-shop[2]	Measured	NONE
vendor_stock	Poke Ball	4	Vermilion City Poke Mart	Kanto	item-shop	UNK	money	UNLIMITED	NA	2	Misty	UNK	NA	NA	NA	NA	NA	NA	NA	NA	FALSE	NA	data.js:areas[Vermilion City Poke Mart].item-shop[2]	Measured	NONE
vendor_stock	Potion	13	Vermilion City Poke Mart	Kanto	item-shop	UNK	money	UNLIMITED	NA	2	Misty	UNK	NA	NA	NA	NA	NA	NA	NA	NA	FALSE	NA	data.js:areas[Vermilion City Poke Mart].item-shop[2]	Measured	NONE
vendor_stock	Antidote	14	Vermilion City Poke Mart	Kanto	item-shop	UNK	money	UNLIMITED	NA	2	Misty	UNK	NA	NA	NA	NA	NA	NA	NA	NA	FALSE	NA	data.js:areas[Vermilion City Poke Mart].item-shop[2]	Measured	NONE
vendor_stock	Burn Heal	15	Vermilion City Poke Mart	Kanto	item-shop	UNK	money	UNLIMITED	NA	2	Misty	UNK	NA	NA	NA	NA	NA	NA	NA	NA	FALSE	NA	data.js:areas[Vermilion City Poke Mart].item-shop[2]	Measured	NONE
vendor_stock	Ice Heal	16	Vermilion City Poke Mart	Kanto	item-shop	UNK	money	UNLIMITED	NA	2	Misty	UNK	NA	NA	NA	NA	NA	NA	NA	NA	FALSE	NA	data.js:areas[Vermilion City Poke Mart].item-shop[2]	Measured	NONE
vendor_stock	Awakening	17	Vermilion City Poke Mart	Kanto	item-shop	UNK	money	UNLIMITED	NA	2	Misty	UNK	NA	NA	NA	NA	NA	NA	NA	NA	FALSE	NA	data.js:areas[Vermilion City Poke Mart].item-shop[2]	Measured	NONE
vendor_stock	Paralyze Heal	18	Vermilion City Poke Mart	Kanto	item-shop	UNK	money	UNLIMITED	NA	2	Misty	UNK	NA	NA	NA	NA	NA	NA	NA	NA	FALSE	NA	data.js:areas[Vermilion City Poke Mart].item-shop[2]	Measured	NONE
vendor_stock	Full Restore	19	Vermilion City Poke Mart	Kanto	item-shop	UNK	money	UNLIMITED	NA	2	Misty	UNK	NA	NA	NA	NA	NA	NA	NA	NA	FALSE	NA	data.js:areas[Vermilion City Poke Mart].item-shop[2]	Measured	NONE
vendor_stock	Max Potion	20	Vermilion City Poke Mart	Kanto	item-shop	UNK	money	UNLIMITED	NA	2	Misty	UNK	NA	NA	NA	NA	NA	NA	NA	NA	FALSE	NA	data.js:areas[Vermilion City Poke Mart].item-shop[2]	Measured	NONE
vendor_stock	Hyper Potion	21	Vermilion City Poke Mart	Kanto	item-shop	UNK	money	UNLIMITED	NA	2	Misty	UNK	NA	NA	NA	NA	NA	NA	NA	NA	FALSE	NA	data.js:areas[Vermilion City Poke Mart].item-shop[2]	Measured	NONE
vendor_stock	Super Potion	22	Vermilion City Poke Mart	Kanto	item-shop	UNK	money	UNLIMITED	NA	2	Misty	UNK	NA	NA	NA	NA	NA	NA	NA	NA	FALSE	NA	data.js:areas[Vermilion City Poke Mart].item-shop[2]	Measured	NONE
vendor_stock	Full Heal	23	Vermilion City Poke Mart	Kanto	item-shop	UNK	money	UNLIMITED	NA	2	Misty	UNK	NA	NA	NA	NA	NA	NA	NA	NA	FALSE	NA	data.js:areas[Vermilion City Poke Mart].item-shop[2]	Measured	NONE
vendor_stock	Revive	24	Vermilion City Poke Mart	Kanto	item-shop	UNK	money	UNLIMITED	NA	2	Misty	UNK	NA	NA	NA	NA	NA	NA	NA	NA	FALSE	NA	data.js:areas[Vermilion City Poke Mart].item-shop[2]	Measured	NONE
vendor_stock	Super Repel	83	Vermilion City Poke Mart	Kanto	item-shop	UNK	money	UNLIMITED	NA	2	Misty	UNK	NA	NA	NA	NA	NA	NA	NA	NA	FALSE	NA	data.js:areas[Vermilion City Poke Mart].item-shop[2]	Measured	NONE
vendor_stock	Max Repel	84	Vermilion City Poke Mart	Kanto	item-shop	UNK	money	UNLIMITED	NA	2	Misty	UNK	NA	NA	NA	NA	NA	NA	NA	NA	FALSE	NA	data.js:areas[Vermilion City Poke Mart].item-shop[2]	Measured	NONE
vendor_stock	Escape Rope	85	Vermilion City Poke Mart	Kanto	item-shop	UNK	money	UNLIMITED	NA	2	Misty	UNK	NA	NA	NA	NA	NA	NA	NA	NA	FALSE	NA	data.js:areas[Vermilion City Poke Mart].item-shop[2]	Measured	NONE
vendor_stock	Repel	86	Vermilion City Poke Mart	Kanto	item-shop	UNK	money	UNLIMITED	NA	2	Misty	UNK	NA	NA	NA	NA	NA	NA	NA	NA	FALSE	NA	data.js:areas[Vermilion City Poke Mart].item-shop[2]	Measured	NONE
wild_encounter	Diglett	50	Diglett's Cave B1F	Kanto	wild-day	NA	NA	REPEATABLE	NA	2	Misty	UNK	20	23	25	0	NA	NA	NA	NA	FALSE	NA	data.js:areas[Diglett's Cave B1F].wild-day[2]	Measured	rate Asserted from the locations sheet
wild_encounter	Diglett	50	Diglett's Cave B1F	Kanto	wild-day	NA	NA	REPEATABLE	NA	2	Misty	UNK	20	23	25	1	NA	NA	NA	NA	FALSE	NA	data.js:areas[Diglett's Cave B1F].wild-day[2]	Measured	rate Asserted from the locations sheet
wild_encounter	Stunfisk	671	Diglett's Cave B1F	Kanto	wild-day	NA	NA	REPEATABLE	NA	2	Misty	UNK	10	23	25	2	NA	NA	NA	NA	FALSE	NA	data.js:areas[Diglett's Cave B1F].wild-day[2]	Measured	rate Asserted from the locations sheet
wild_encounter	Silicobra	1135	Diglett's Cave B1F	Kanto	wild-day	NA	NA	REPEATABLE	NA	2	Misty	UNK	10	23	25	3	NA	NA	NA	NA	FALSE	NA	data.js:areas[Diglett's Cave B1F].wild-day[2]	Measured	rate Asserted from the locations sheet
wild_encounter	Golett	675	Diglett's Cave B1F	Kanto	wild-day	NA	NA	REPEATABLE	NA	2	Misty	UNK	10	23	25	4	NA	NA	NA	NA	FALSE	NA	data.js:areas[Diglett's Cave B1F].wild-day[2]	Measured	rate Asserted from the locations sheet
wild_encounter	Sandile	604	Diglett's Cave B1F	Kanto	wild-day	NA	NA	REPEATABLE	NA	2	Misty	UNK	10	23	25	5	NA	NA	NA	NA	FALSE	NA	data.js:areas[Diglett's Cave B1F].wild-day[2]	Measured	rate Asserted from the locations sheet
wild_encounter	Drilbur	582	Diglett's Cave B1F	Kanto	wild-day	NA	NA	REPEATABLE	NA	2	Misty	UNK	5	23	25	6	NA	NA	NA	NA	FALSE	NA	data.js:areas[Diglett's Cave B1F].wild-day[2]	Measured	rate Asserted from the locations sheet
wild_encounter	Gligar	207	Diglett's Cave B1F	Kanto	wild-day	NA	NA	REPEATABLE	NA	2	Misty	UNK	5	23	25	7	NA	NA	NA	NA	FALSE	NA	data.js:areas[Diglett's Cave B1F].wild-day[2]	Measured	rate Asserted from the locations sheet
wild_encounter	Golett	675	Diglett's Cave B1F	Kanto	wild-day	NA	NA	REPEATABLE	NA	2	Misty	UNK	4	23	25	8	NA	NA	NA	NA	FALSE	NA	data.js:areas[Diglett's Cave B1F].wild-day[2]	Measured	rate Asserted from the locations sheet
wild_encounter	Dugtrio	51	Diglett's Cave B1F	Kanto	wild-day	NA	NA	REPEATABLE	NA	2	Misty	UNK	4	23	25	9	NA	NA	NA	NA	FALSE	NA	data.js:areas[Diglett's Cave B1F].wild-day[2]	Measured	rate Asserted from the locations sheet
wild_encounter	Hippopotas	502	Diglett's Cave B1F	Kanto	wild-day	NA	NA	REPEATABLE	NA	2	Misty	UNK	1	23	25	10	NA	NA	NA	NA	FALSE	NA	data.js:areas[Diglett's Cave B1F].wild-day[2]	Measured	rate Asserted from the locations sheet
wild_encounter	Hippopotas	502	Diglett's Cave B1F	Kanto	wild-day	NA	NA	REPEATABLE	NA	2	Misty	UNK	1	23	25	11	NA	NA	NA	NA	FALSE	NA	data.js:areas[Diglett's Cave B1F].wild-day[2]	Measured	rate Asserted from the locations sheet
wild_encounter	Diglett-Alola	1027	Diglett's Cave B1F	Kanto	wild-night	NA	NA	REPEATABLE	NA	2	Misty	UNK	20	23	25	0	NA	NA	NA	NA	FALSE	NA	data.js:areas[Diglett's Cave B1F].wild-night[2]	Measured	rate Asserted from the locations sheet
wild_encounter	Diglett-Alola	1027	Diglett's Cave B1F	Kanto	wild-night	NA	NA	REPEATABLE	NA	2	Misty	UNK	20	23	25	1	NA	NA	NA	NA	FALSE	NA	data.js:areas[Diglett's Cave B1F].wild-night[2]	Measured	rate Asserted from the locations sheet
wild_encounter	Stunfisk-Galar	1229	Diglett's Cave B1F	Kanto	wild-night	NA	NA	REPEATABLE	NA	2	Misty	UNK	10	23	25	2	NA	NA	NA	NA	FALSE	NA	data.js:areas[Diglett's Cave B1F].wild-night[2]	Measured	rate Asserted from the locations sheet
wild_encounter	Silicobra	1135	Diglett's Cave B1F	Kanto	wild-night	NA	NA	REPEATABLE	NA	2	Misty	UNK	10	23	25	3	NA	NA	NA	NA	FALSE	NA	data.js:areas[Diglett's Cave B1F].wild-night[2]	Measured	rate Asserted from the locations sheet
wild_encounter	Shellos	475	Diglett's Cave B1F	Kanto	wild-night	NA	NA	REPEATABLE	NA	2	Misty	UNK	10	23	25	4	NA	NA	NA	NA	FALSE	NA	data.js:areas[Diglett's Cave B1F].wild-night[2]	Measured	rate Asserted from the locations sheet
wild_encounter	Sandile	604	Diglett's Cave B1F	Kanto	wild-night	NA	NA	REPEATABLE	NA	2	Misty	UNK	10	23	25	5	NA	NA	NA	NA	FALSE	NA	data.js:areas[Diglett's Cave B1F].wild-night[2]	Measured	rate Asserted from the locations sheet
wild_encounter	Drilbur	582	Diglett's Cave B1F	Kanto	wild-night	NA	NA	REPEATABLE	NA	2	Misty	UNK	5	23	25	6	NA	NA	NA	NA	FALSE	NA	data.js:areas[Diglett's Cave B1F].wild-night[2]	Measured	rate Asserted from the locations sheet
wild_encounter	Gligar	207	Diglett's Cave B1F	Kanto	wild-night	NA	NA	REPEATABLE	NA	2	Misty	UNK	5	23	25	7	NA	NA	NA	NA	FALSE	NA	data.js:areas[Diglett's Cave B1F].wild-night[2]	Measured	rate Asserted from the locations sheet
wild_encounter	Sandygast	986	Diglett's Cave B1F	Kanto	wild-night	NA	NA	REPEATABLE	NA	2	Misty	UNK	4	23	25	8	NA	NA	NA	NA	FALSE	NA	data.js:areas[Diglett's Cave B1F].wild-night[2]	Measured	rate Asserted from the locations sheet
wild_encounter	Dugtrio-Alola	1028	Diglett's Cave B1F	Kanto	wild-night	NA	NA	REPEATABLE	NA	2	Misty	UNK	4	23	25	9	NA	NA	NA	NA	FALSE	NA	data.js:areas[Diglett's Cave B1F].wild-night[2]	Measured	rate Asserted from the locations sheet
wild_encounter	Hippopotas	502	Diglett's Cave B1F	Kanto	wild-night	NA	NA	REPEATABLE	NA	2	Misty	UNK	1	23	25	10	NA	NA	NA	NA	FALSE	NA	data.js:areas[Diglett's Cave B1F].wild-night[2]	Measured	rate Asserted from the locations sheet
wild_encounter	Hippopotas	502	Diglett's Cave B1F	Kanto	wild-night	NA	NA	REPEATABLE	NA	2	Misty	UNK	1	23	25	11	NA	NA	NA	NA	FALSE	NA	data.js:areas[Diglett's Cave B1F].wild-night[2]	Measured	rate Asserted from the locations sheet
item_ground	TM44	332	Diglett's Cave B1F	Kanto	item-standard	NA	NA	1	NA	2	Misty	UNK	NA	NA	NA	NA	NA	44	Rest	NA	TRUE	single placement	data.js:areas[Diglett's Cave B1F].item-standard[2]	Measured	NONE
raid_den	Gligar	207	Diglett's Cave B1F	Kanto	raid1	NA	NA	REPEATABLE	Wishing Piece to re-activate a spent den	2	Misty	UNK	NA	NA	NA	NA	1	NA	NA	Quick Ball,Great Ball,Star Piece,Yellow Shard,Shuca Berry,Nugget,Sitrus Berry,Ability Pill,Wishing Piece,PP Up,Dream Patch,Dream Patch	FALSE	NA	data.js:areas[Diglett's Cave B1F].raid1[2]	Measured	NONE
raid_den	Sandile	604	Diglett's Cave B1F	Kanto	raid1	NA	NA	REPEATABLE	Wishing Piece to re-activate a spent den	2	Misty	UNK	NA	NA	NA	NA	1	NA	NA	Quick Ball,Great Ball,Star Piece,Green Shard,Shuca Berry,Nugget,Sitrus Berry,Ability Pill,Wishing Piece,PP Up,Dream Patch,Dream Patch	FALSE	NA	data.js:areas[Diglett's Cave B1F].raid1[2]	Measured	NONE
raid_den	Stonjourner	1166	Diglett's Cave B1F	Kanto	raid1	NA	NA	REPEATABLE	Wishing Piece to re-activate a spent den	2	Misty	UNK	NA	NA	NA	NA	1	NA	NA	Quick Ball,Great Ball,Star Piece,Red Shard,Shuca Berry,Nugget,Sitrus Berry,Ability Pill,Wishing Piece,PP Up,Dream Patch,Dream Patch	FALSE	NA	data.js:areas[Diglett's Cave B1F].raid1[2]	Measured	NONE
raid_den	Misdreavus	200	Diglett's Cave B1F	Kanto	raid1	NA	NA	REPEATABLE	Wishing Piece to re-activate a spent den	2	Misty	UNK	NA	NA	NA	NA	1	NA	NA	Quick Ball,Great Ball,Star Piece,Yellow Shard,Shuca Berry,Nugget,Sitrus Berry,Ability Pill,Wishing Piece,PP Up,Dream Patch,Dream Patch	FALSE	NA	data.js:areas[Diglett's Cave B1F].raid1[2]	Measured	NONE
raid_den	Klink	652	Diglett's Cave B1F	Kanto	raid1	NA	NA	REPEATABLE	Wishing Piece to re-activate a spent den	2	Misty	UNK	NA	NA	NA	NA	1	NA	NA	Quick Ball,Great Ball,Star Piece,Blue Shard,Shuca Berry,Nugget,Sitrus Berry,Ability Pill,Wishing Piece,PP Up,Dream Patch,Dream Patch	FALSE	NA	data.js:areas[Diglett's Cave B1F].raid1[2]	Measured	NONE
trade_pokemon	Chillet	1375	Route 2 House	Kanto	fixed-trade	NA	NA	1	NA	2	Misty	UNK	NA	NA	NA	NA	NA	NA	NA	NA	FALSE	NA	data.js:areas[Route 2 House].fixed-trade[2]	Measured	NONE
wild_encounter	Stufful	976	Route 11	Kanto	wild-day	NA	NA	REPEATABLE	NA	2	Misty	UNK	20	23	25	0	NA	NA	NA	NA	FALSE	NA	data.js:areas[Route 11].wild-day[2]	Measured	rate Asserted from the locations sheet
wild_encounter	Ducklett	633	Route 11	Kanto	wild-day	NA	NA	REPEATABLE	NA	2	Misty	UNK	20	23	25	1	NA	NA	NA	NA	FALSE	NA	data.js:areas[Route 11].wild-day[2]	Measured	rate Asserted from the locations sheet
wild_encounter	Drowzee	96	Route 11	Kanto	wild-day	NA	NA	REPEATABLE	NA	2	Misty	UNK	10	23	25	2	NA	NA	NA	NA	FALSE	NA	data.js:areas[Route 11].wild-day[2]	Measured	rate Asserted from the locations sheet
wild_encounter	Baltoy	318	Route 11	Kanto	wild-day	NA	NA	REPEATABLE	NA	2	Misty	UNK	10	23	25	3	NA	NA	NA	NA	FALSE	NA	data.js:areas[Route 11].wild-day[2]	Measured	rate Asserted from the locations sheet
wild_encounter	Maractus	609	Route 11	Kanto	wild-day	NA	NA	REPEATABLE	NA	2	Misty	UNK	10	23	25	4	NA	NA	NA	NA	FALSE	NA	data.js:areas[Route 11].wild-day[2]	Measured	rate Asserted from the locations sheet
wild_encounter	Bunnelby	767	Route 11	Kanto	wild-day	NA	NA	REPEATABLE	NA	2	Misty	UNK	10	23	25	5	NA	NA	NA	NA	FALSE	NA	data.js:areas[Route 11].wild-day[2]	Measured	rate Asserted from the locations sheet
wild_encounter	Crabrawler	956	Route 11	Kanto	wild-day	NA	NA	REPEATABLE	NA	2	Misty	UNK	5	23	25	6	NA	NA	NA	NA	FALSE	NA	data.js:areas[Route 11].wild-day[2]	Measured	rate Asserted from the locations sheet
wild_encounter	Crabrawler	956	Route 11	Kanto	wild-day	NA	NA	REPEATABLE	NA	2	Misty	UNK	5	23	25	7	NA	NA	NA	NA	FALSE	NA	data.js:areas[Route 11].wild-day[2]	Measured	rate Asserted from the locations sheet
wild_encounter	Flamigo	1339	Route 11	Kanto	wild-day	NA	NA	REPEATABLE	NA	2	Misty	UNK	4	23	25	8	NA	NA	NA	NA	FALSE	NA	data.js:areas[Route 11].wild-day[2]	Measured	rate Asserted from the locations sheet
wild_encounter	Flamigo	1339	Route 11	Kanto	wild-day	NA	NA	REPEATABLE	NA	2	Misty	UNK	4	23	25	9	NA	NA	NA	NA	FALSE	NA	data.js:areas[Route 11].wild-day[2]	Measured	rate Asserted from the locations sheet
wild_encounter	Sigilyph	614	Route 11	Kanto	wild-day	NA	NA	REPEATABLE	NA	2	Misty	UNK	1	23	25	10	NA	NA	NA	NA	FALSE	NA	data.js:areas[Route 11].wild-day[2]	Measured	rate Asserted from the locations sheet
wild_encounter	Sigilyph	614	Route 11	Kanto	wild-day	NA	NA	REPEATABLE	NA	2	Misty	UNK	1	23	25	11	NA	NA	NA	NA	FALSE	NA	data.js:areas[Route 11].wild-day[2]	Measured	rate Asserted from the locations sheet
wild_encounter	Pancham	782	Route 11	Kanto	wild-night	NA	NA	REPEATABLE	NA	2	Misty	UNK	20	23	25	0	NA	NA	NA	NA	FALSE	NA	data.js:areas[Route 11].wild-night[2]	Measured	rate Asserted from the locations sheet
wild_encounter	Ducklett	633	Route 11	Kanto	wild-night	NA	NA	REPEATABLE	NA	2	Misty	UNK	20	23	25	1	NA	NA	NA	NA	FALSE	NA	data.js:areas[Route 11].wild-night[2]	Measured	rate Asserted from the locations sheet
wild_encounter	Drowzee	96	Route 11	Kanto	wild-night	NA	NA	REPEATABLE	NA	2	Misty	UNK	10	23	25	2	NA	NA	NA	NA	FALSE	NA	data.js:areas[Route 11].wild-night[2]	Measured	rate Asserted from the locations sheet
wild_encounter	Baltoy	318	Route 11	Kanto	wild-night	NA	NA	REPEATABLE	NA	2	Misty	UNK	10	23	25	3	NA	NA	NA	NA	FALSE	NA	data.js:areas[Route 11].wild-night[2]	Measured	rate Asserted from the locations sheet
wild_encounter	Cacnea	344	Route 11	Kanto	wild-night	NA	NA	REPEATABLE	NA	2	Misty	UNK	10	23	25	4	NA	NA	NA	NA	FALSE	NA	data.js:areas[Route 11].wild-night[2]	Measured	rate Asserted from the locations sheet
wild_encounter	Bunnelby	767	Route 11	Kanto	wild-night	NA	NA	REPEATABLE	NA	2	Misty	UNK	10	23	25	5	NA	NA	NA	NA	FALSE	NA	data.js:areas[Route 11].wild-night[2]	Measured	rate Asserted from the locations sheet
wild_encounter	Scraggy	612	Route 11	Kanto	wild-night	NA	NA	REPEATABLE	NA	2	Misty	UNK	5	23	25	6	NA	NA	NA	NA	FALSE	NA	data.js:areas[Route 11].wild-night[2]	Measured	rate Asserted from the locations sheet
wild_encounter	Scraggy	612	Route 11	Kanto	wild-night	NA	NA	REPEATABLE	NA	2	Misty	UNK	5	23	25	7	NA	NA	NA	NA	FALSE	NA	data.js:areas[Route 11].wild-night[2]	Measured	rate Asserted from the locations sheet
wild_encounter	Bombirdier	1337	Route 11	Kanto	wild-night	NA	NA	REPEATABLE	NA	2	Misty	UNK	4	23	25	8	NA	NA	NA	NA	FALSE	NA	data.js:areas[Route 11].wild-night[2]	Measured	rate Asserted from the locations sheet
wild_encounter	Bombirdier	1337	Route 11	Kanto	wild-night	NA	NA	REPEATABLE	NA	2	Misty	UNK	4	23	25	9	NA	NA	NA	NA	FALSE	NA	data.js:areas[Route 11].wild-night[2]	Measured	rate Asserted from the locations sheet
wild_encounter	Sigilyph	614	Route 11	Kanto	wild-night	NA	NA	REPEATABLE	NA	2	Misty	UNK	1	23	25	10	NA	NA	NA	NA	FALSE	NA	data.js:areas[Route 11].wild-night[2]	Measured	rate Asserted from the locations sheet
wild_encounter	Sigilyph	614	Route 11	Kanto	wild-night	NA	NA	REPEATABLE	NA	2	Misty	UNK	1	23	25	11	NA	NA	NA	NA	FALSE	NA	data.js:areas[Route 11].wild-night[2]	Measured	rate Asserted from the locations sheet
item_ground	Fire Stone	95	Route 11	Kanto	item-standard	NA	NA	1	NA	2	Misty	UNK	NA	NA	NA	NA	NA	NA	NA	NA	TRUE	single placement	data.js:areas[Route 11].item-standard[2]	Measured	NONE
item_ground	Soft Sand	203	Route 11	Kanto	item-standard	NA	NA	10	NA	2	Misty	UNK	NA	NA	NA	NA	NA	NA	NA	NA	TRUE	single placement	data.js:areas[Route 11].item-standard[2]	Asserted	 quantity from the official item sheet
item_ground	TM98	423	Route 11	Kanto	item-standard	NA	NA	1	NA	2	Misty	UNK	NA	NA	NA	NA	NA	98	Fire Punch	NA	TRUE	single placement	data.js:areas[Route 11].item-standard[2]	Measured	NONE
item_ground	Normal Gem	655	Route 11	Kanto	item-standard	NA	NA	1	NA	2	Misty	UNK	NA	NA	NA	NA	NA	NA	NA	NA	TRUE	single placement	data.js:areas[Route 11].item-standard[2]	Measured	NONE
item_ground	Eviolite	700	Route 11	Kanto	item-standard	NA	NA	10	NA	2	Misty	UNK	NA	NA	NA	NA	NA	NA	NA	NA	TRUE	single placement	data.js:areas[Route 11].item-standard[2]	Asserted	 quantity from the official item sheet
item_hidden	Escape Rope	85	Route 11	Kanto	item-hidden	NA	NA	1	NA	2	Misty	UNK	NA	NA	NA	NA	NA	NA	NA	NA	TRUE	single placement	data.js:areas[Route 11].item-hidden[2]	Measured	NONE
raid_den	Scraggy	612	Route 11	Kanto	raid1	NA	NA	REPEATABLE	Wishing Piece to re-activate a spent den	2	Misty	UNK	NA	NA	NA	NA	1	NA	NA	Quick Ball,Chilan Berry,Clever Wing,Wishing Piece,Roseli Berry,Nugget,Ability Pill,Leppa Berry,Wishing Piece,Calcium,Dream Patch,Lucky Egg	FALSE	NA	data.js:areas[Route 11].raid1[2]	Measured	NONE
raid_den	Veluza	1323	Route 11	Kanto	raid1	NA	NA	REPEATABLE	Wishing Piece to re-activate a spent den	2	Misty	UNK	NA	NA	NA	NA	1	NA	NA	Quick Ball,Chilan Berry,Clever Wing,Wishing Piece,Roseli Berry,Nugget,Ability Pill,Leppa Berry,Wishing Piece,Calcium,Dream Patch,Lucky Egg	FALSE	NA	data.js:areas[Route 11].raid1[2]	Measured	NONE
raid_den	Drowzee	96	Route 11	Kanto	raid1	NA	NA	REPEATABLE	Wishing Piece to re-activate a spent den	2	Misty	UNK	NA	NA	NA	NA	1	NA	NA	Quick Ball,Chilan Berry,Clever Wing,Wishing Piece,Roseli Berry,Nugget,Ability Pill,Leppa Berry,Wishing Piece,Calcium,Dream Patch,Lucky Egg	FALSE	NA	data.js:areas[Route 11].raid1[2]	Measured	NONE
raid_den	Misdreavus	200	Route 11	Kanto	raid1	NA	NA	REPEATABLE	Wishing Piece to re-activate a spent den	2	Misty	UNK	NA	NA	NA	NA	1	NA	NA	Quick Ball,Chilan Berry,Clever Wing,Wishing Piece,Roseli Berry,Nugget,Ability Pill,Leppa Berry,Wishing Piece,Calcium,Dream Patch,Lucky Egg	FALSE	NA	data.js:areas[Route 11].raid1[2]	Measured	NONE
raid_den	Swadloon	594	Route 11	Kanto	raid1	NA	NA	REPEATABLE	Wishing Piece to re-activate a spent den	2	Misty	UNK	NA	NA	NA	NA	1	NA	NA	Quick Ball,Chilan Berry,Clever Wing,Wishing Piece,Roseli Berry,Nugget,Ability Pill,Leppa Berry,Wishing Piece,Calcium,Dream Patch,Lucky Egg	FALSE	NA	data.js:areas[Route 11].raid1[2]	Measured	NONE
wild_encounter	Krabby	98	Route 11	Kanto	wild-oldRod	NA	NA	REPEATABLE	NA	2	Misty	UNK	70	2	4	0	NA	NA	NA	NA	FALSE	NA	data.js:areas[Route 11].wild-oldRod[2]	Measured	rate Asserted from the locations sheet
wild_encounter	Horsea	116	Route 11	Kanto	wild-oldRod	NA	NA	REPEATABLE	NA	2	Misty	UNK	30	2	4	1	NA	NA	NA	NA	FALSE	NA	data.js:areas[Route 11].wild-oldRod[2]	Measured	rate Asserted from the locations sheet
wild_encounter	Bruxish	996	Route 11	Kanto	wild-goodRod	NA	NA	REPEATABLE	NA	3	Surge	UNK	60	27	29	0	NA	NA	NA	NA	FALSE	NA	data.js:areas[Route 11].wild-goodRod[3]	Measured	rate Asserted from the locations sheet
wild_encounter	Frillish	645	Route 11	Kanto	wild-goodRod	NA	NA	REPEATABLE	NA	3	Surge	UNK	20	27	29	1	NA	NA	NA	NA	FALSE	NA	data.js:areas[Route 11].wild-goodRod[3]	Measured	rate Asserted from the locations sheet
wild_encounter	Relicanth	381	Route 11	Kanto	wild-goodRod	NA	NA	REPEATABLE	NA	3	Surge	UNK	20	27	29	2	NA	NA	NA	NA	FALSE	NA	data.js:areas[Route 11].wild-goodRod[3]	Measured	rate Asserted from the locations sheet
wild_encounter	Luvdisc	325	Route 11	Kanto	wild-superRod	NA	NA	REPEATABLE	NA	9	Koga	UNK	40	53	55	0	NA	NA	NA	NA	FALSE	NA	data.js:areas[Route 11].wild-superRod[9]	Measured	rate Asserted from the locations sheet
wild_encounter	Luvdisc	325	Route 11	Kanto	wild-superRod	NA	NA	REPEATABLE	NA	9	Koga	UNK	40	53	55	1	NA	NA	NA	NA	FALSE	NA	data.js:areas[Route 11].wild-superRod[9]	Measured	rate Asserted from the locations sheet
wild_encounter	Alomomola	647	Route 11	Kanto	wild-superRod	NA	NA	REPEATABLE	NA	9	Koga	UNK	15	53	55	2	NA	NA	NA	NA	FALSE	NA	data.js:areas[Route 11].wild-superRod[9]	Measured	rate Asserted from the locations sheet
wild_encounter	Seadra	117	Route 11	Kanto	wild-superRod	NA	NA	REPEATABLE	NA	9	Koga	UNK	4	53	55	3	NA	NA	NA	NA	FALSE	NA	data.js:areas[Route 11].wild-superRod[9]	Measured	rate Asserted from the locations sheet
wild_encounter	Gyarados	130	Route 11	Kanto	wild-superRod	NA	NA	REPEATABLE	NA	9	Koga	UNK	1	53	55	4	NA	NA	NA	NA	FALSE	NA	data.js:areas[Route 11].wild-superRod[9]	Measured	rate Asserted from the locations sheet
trade_pokemon	Floette-Eternal	848	Route 11 Gatehouse 2F	Kanto	fixed-trade	NA	NA	1	NA	2	Misty	UNK	NA	NA	NA	NA	NA	NA	NA	NA	FALSE	NA	data.js:areas[Route 11 Gatehouse 2F].fixed-trade[2]	Measured	NONE
item_ground	Itemfinder	261	Route 11 Gatehouse 2F	Kanto	item-standard	NA	NA	1	NA	2	Misty	UNK	NA	NA	NA	NA	NA	NA	NA	NA	TRUE	single placement	data.js:areas[Route 11 Gatehouse 2F].item-standard[2]	Measured	NONE
wild_encounter	Wimpod	984	S.S. Anne Port	Kanto	wild-oldRod	NA	NA	REPEATABLE	NA	2	Misty	UNK	70	2	4	0	NA	NA	NA	NA	FALSE	NA	data.js:areas[S.S. Anne Port].wild-oldRod[2]	Measured	rate Asserted from the locations sheet
wild_encounter	Finneon	509	S.S. Anne Port	Kanto	wild-oldRod	NA	NA	REPEATABLE	NA	2	Misty	UNK	30	2	4	1	NA	NA	NA	NA	FALSE	NA	data.js:areas[S.S. Anne Port].wild-oldRod[2]	Measured	rate Asserted from the locations sheet
wild_encounter	Veluza	1323	S.S. Anne Port	Kanto	wild-goodRod	NA	NA	REPEATABLE	NA	3	Surge	UNK	60	27	29	0	NA	NA	NA	NA	FALSE	NA	data.js:areas[S.S. Anne Port].wild-goodRod[3]	Measured	rate Asserted from the locations sheet
wild_encounter	Staryu	120	S.S. Anne Port	Kanto	wild-goodRod	NA	NA	REPEATABLE	NA	3	Surge	UNK	20	27	29	1	NA	NA	NA	NA	FALSE	NA	data.js:areas[S.S. Anne Port].wild-goodRod[3]	Measured	rate Asserted from the locations sheet
wild_encounter	Krabby	98	S.S. Anne Port	Kanto	wild-goodRod	NA	NA	REPEATABLE	NA	3	Surge	UNK	20	27	29	2	NA	NA	NA	NA	FALSE	NA	data.js:areas[S.S. Anne Port].wild-goodRod[3]	Measured	rate Asserted from the locations sheet
item_ground	TM31	319	S.S. Anne 1F Room 2	Kanto	item-standard	NA	NA	1	NA	2	Misty	UNK	NA	NA	NA	NA	NA	31	Brick Break	NA	TRUE	single placement	data.js:areas[S.S. Anne 1F Room 2].item-standard[2]	Measured	NONE
item_hidden	Hyper Potion	21	S.S. Anne B1F	Kanto	item-hidden	NA	NA	1	NA	2	Misty	UNK	NA	NA	NA	NA	NA	NA	NA	NA	TRUE	single placement	data.js:areas[S.S. Anne B1F].item-hidden[2]	Measured	NONE
item_ground	Rare Candy	68	S.S. Anne B1F Room 2	Kanto	item-standard	NA	NA	1	NA	2	Misty	UNK	NA	NA	NA	NA	NA	NA	NA	NA	TRUE	single placement	data.js:areas[S.S. Anne B1F Room 2].item-standard[2]	Measured	NONE
item_ground	Ether	34	S.S. Anne B1F Room 3	Kanto	item-standard	NA	NA	10	NA	2	Misty	UNK	NA	NA	NA	NA	NA	NA	NA	NA	TRUE	single placement	data.js:areas[S.S. Anne B1F Room 3].item-standard[2]	Asserted	 quantity from the official item sheet
item_ground	Super Potion	22	S.S. Anne B1F Room 5	Kanto	item-standard	NA	NA	1	NA	2	Misty	UNK	NA	NA	NA	NA	NA	NA	NA	NA	TRUE	single placement	data.js:areas[S.S. Anne B1F Room 5].item-standard[2]	Measured	NONE
item_ground	Great Ball	3	S.S. Anne Kitchen	Kanto	item-standard	NA	NA	10	NA	2	Misty	UNK	NA	NA	NA	NA	NA	NA	NA	NA	TRUE	single placement	data.js:areas[S.S. Anne Kitchen].item-standard[2]	Asserted	 quantity from the official item sheet
item_hidden	Cheri Berry	133	S.S. Anne Kitchen	Kanto	item-hidden	NA	NA	10	NA	2	Misty	UNK	NA	NA	NA	NA	NA	NA	NA	NA	TRUE	single placement	data.js:areas[S.S. Anne Kitchen].item-hidden[2]	Asserted	 quantity from the official item sheet
item_hidden	Chesto Berry	134	S.S. Anne Kitchen	Kanto	item-hidden	NA	NA	10	NA	2	Misty	UNK	NA	NA	NA	NA	NA	NA	NA	NA	TRUE	single placement	data.js:areas[S.S. Anne Kitchen].item-hidden[2]	Asserted	 quantity from the official item sheet
item_hidden	Pecha Berry	135	S.S. Anne Kitchen	Kanto	item-hidden	NA	NA	10	NA	2	Misty	UNK	NA	NA	NA	NA	NA	NA	NA	NA	TRUE	single placement	data.js:areas[S.S. Anne Kitchen].item-hidden[2]	Asserted	 quantity from the official item sheet
item_ground	Shiny Stone	99	S.S. Anne 2F	Kanto	item-standard	NA	NA	1	NA	2	Misty	UNK	NA	NA	NA	NA	NA	NA	NA	NA	TRUE	single placement	data.js:areas[S.S. Anne 2F].item-standard[2]	Measured	NONE
item_ground	Lucky Egg	197	S.S. Anne 2F	Kanto	item-standard	NA	NA	10	NA	2	Misty	UNK	NA	NA	NA	NA	NA	NA	NA	NA	TRUE	single placement	data.js:areas[S.S. Anne 2F].item-standard[2]	Asserted	 quantity from the official item sheet
item_ground	Stardust	108	S.S. Anne 2F Room 2	Kanto	item-standard	NA	NA	10	NA	2	Misty	UNK	NA	NA	NA	NA	NA	NA	NA	NA	TRUE	single placement	data.js:areas[S.S. Anne 2F Room 2].item-standard[2]	Asserted	 quantity from the official item sheet
item_ground	TM69	394	S.S. Anne 2F Room 4	Kanto	item-standard	NA	NA	1	NA	2	Misty	UNK	NA	NA	NA	NA	NA	69	Stomping Tantrum	NA	TRUE	single placement	data.js:areas[S.S. Anne 2F Room 4].item-standard[2]	Measured	NONE
item_ground	HM01	339	S.S. Anne Captain's Quarters	Kanto	item-standard	NA	NA	1	NA	2	Misty	UNK	NA	NA	NA	NA	NA	NA	NA	NA	TRUE	single placement	data.js:areas[S.S. Anne Captain's Quarters].item-standard[2]	Measured	NONE
gift_pokemon	Finizen	863	Cerulean City Gym	Kanto	fixed-gift	NA	NA	1	NA	9	Koga	UNK	NA	NA	NA	NA	NA	NA	NA	NA	TRUE	one-time placement	data.js:areas[Cerulean City Gym].fixed-gift[9]	Measured	NONE
gift_pokemon	Drednaw	1126	Cerulean City Gym	Kanto	fixed-gift	NA	NA	1	NA	17	Post-Game	UNK	NA	NA	NA	NA	NA	NA	NA	NA	TRUE	one-time placement	data.js:areas[Cerulean City Gym].fixed-gift[17]	Measured	NONE
item_ground	TM03	291	Cerulean City Gym	Kanto	item-standard	NA	NA	1	NA	3	Surge	UNK	NA	NA	NA	NA	NA	3	Flip Turn	NA	TRUE	single placement	data.js:areas[Cerulean City Gym].item-standard[3]	Measured	NONE
item_ground	Gyaradosite	544	Cerulean City Gym	Kanto	item-standard	NA	NA	1	NA	9	Koga	UNK	NA	NA	NA	NA	NA	NA	NA	NA	TRUE	single placement	data.js:areas[Cerulean City Gym].item-standard[9]	Measured	NONE
item_ground	Waterium Z	590	Cerulean City Gym	Kanto	item-standard	NA	NA	1	NA	17	Post-Game	UNK	NA	NA	NA	NA	NA	NA	NA	NA	TRUE	single placement	data.js:areas[Cerulean City Gym].item-standard[17]	Measured	NONE
item_ground	HM05	343	Route 2 Gatehouse	Kanto	item-standard	NA	NA	1	NA	3	Surge	UNK	NA	NA	NA	NA	NA	NA	NA	NA	TRUE	single placement	data.js:areas[Route 2 Gatehouse].item-standard[3]	Measured	NONE
wild_encounter	Shelmet	669	Route 9	Kanto	wild-day	NA	NA	REPEATABLE	NA	3	Surge	UNK	20	25	27	0	NA	NA	NA	NA	FALSE	NA	data.js:areas[Route 9].wild-day[3]	Measured	rate Asserted from the locations sheet
wild_encounter	Exeggcute	102	Route 9	Kanto	wild-day	NA	NA	REPEATABLE	NA	3	Surge	UNK	20	25	27	1	NA	NA	NA	NA	FALSE	NA	data.js:areas[Route 9].wild-day[3]	Measured	rate Asserted from the locations sheet
wild_encounter	Darumaka	607	Route 9	Kanto	wild-day	NA	NA	REPEATABLE	NA	3	Surge	UNK	10	25	27	2	NA	NA	NA	NA	FALSE	NA	data.js:areas[Route 9].wild-day[3]	Measured	rate Asserted from the locations sheet
wild_encounter	Dewpider	968	Route 9	Kanto	wild-day	NA	NA	REPEATABLE	NA	3	Surge	UNK	10	25	27	3	NA	NA	NA	NA	FALSE	NA	data.js:areas[Route 9].wild-day[3]	Measured	rate Asserted from the locations sheet
wild_encounter	Indeedee	1168	Route 9	Kanto	wild-day	NA	NA	REPEATABLE	NA	3	Surge	UNK	10	25	27	4	NA	NA	NA	NA	FALSE	NA	data.js:areas[Route 9].wild-day[3]	Measured	rate Asserted from the locations sheet
wild_encounter	Rufflet	680	Route 9	Kanto	wild-day	NA	NA	REPEATABLE	NA	3	Surge	UNK	10	25	27	5	NA	NA	NA	NA	FALSE	NA	data.js:areas[Route 9].wild-day[3]	Measured	rate Asserted from the locations sheet
wild_encounter	Mime Jr.	492	Route 9	Kanto	wild-day	NA	NA	REPEATABLE	NA	3	Surge	UNK	5	25	27	6	NA	NA	NA	NA	FALSE	NA	data.js:areas[Route 9].wild-day[3]	Measured	rate Asserted from the locations sheet
wild_encounter	Mime Jr.	492	Route 9	Kanto	wild-day	NA	NA	REPEATABLE	NA	3	Surge	UNK	5	25	27	7	NA	NA	NA	NA	FALSE	NA	data.js:areas[Route 9].wild-day[3]	Measured	rate Asserted from the locations sheet
wild_encounter	Tropius	369	Route 9	Kanto	wild-day	NA	NA	REPEATABLE	NA	3	Surge	UNK	4	25	27	8	NA	NA	NA	NA	FALSE	NA	data.js:areas[Route 9].wild-day[3]	Measured	rate Asserted from the locations sheet
wild_encounter	Tropius	369	Route 9	Kanto	wild-day	NA	NA	REPEATABLE	NA	3	Surge	UNK	4	25	27	9	NA	NA	NA	NA	FALSE	NA	data.js:areas[Route 9].wild-day[3]	Measured	rate Asserted from the locations sheet
wild_encounter	Skorupi	504	Route 9	Kanto	wild-day	NA	NA	REPEATABLE	NA	3	Surge	UNK	1	25	27	10	NA	NA	NA	NA	FALSE	NA	data.js:areas[Route 9].wild-day[3]	Measured	rate Asserted from the locations sheet
wild_encounter	Skorupi	504	Route 9	Kanto	wild-day	NA	NA	REPEATABLE	NA	3	Surge	UNK	1	25	27	11	NA	NA	NA	NA	FALSE	NA	data.js:areas[Route 9].wild-day[3]	Measured	rate Asserted from the locations sheet
wild_encounter	Shelmet	669	Route 9	Kanto	wild-night	NA	NA	REPEATABLE	NA	3	Surge	UNK	20	25	27	0	NA	NA	NA	NA	FALSE	NA	data.js:areas[Route 9].wild-night[3]	Measured	rate Asserted from the locations sheet
wild_encounter	Exeggcute	102	Route 9	Kanto	wild-night	NA	NA	REPEATABLE	NA	3	Surge	UNK	20	25	27	1	NA	NA	NA	NA	FALSE	NA	data.js:areas[Route 9].wild-night[3]	Measured	rate Asserted from the locations sheet
wild_encounter	Salandit	974	Route 9	Kanto	wild-night	NA	NA	REPEATABLE	NA	3	Surge	UNK	10	25	27	2	NA	NA	NA	NA	FALSE	NA	data.js:areas[Route 9].wild-night[3]	Measured	rate Asserted from the locations sheet
wild_encounter	Dewpider	968	Route 9	Kanto	wild-night	NA	NA	REPEATABLE	NA	3	Surge	UNK	10	25	27	3	NA	NA	NA	NA	FALSE	NA	data.js:areas[Route 9].wild-night[3]	Measured	rate Asserted from the locations sheet
wild_encounter	Indeedee-F	1202	Route 9	Kanto	wild-night	NA	NA	REPEATABLE	NA	3	Surge	UNK	10	25	27	4	NA	NA	NA	NA	FALSE	NA	data.js:areas[Route 9].wild-night[3]	Measured	rate Asserted from the locations sheet
wild_encounter	Rufflet	680	Route 9	Kanto	wild-night	NA	NA	REPEATABLE	NA	3	Surge	UNK	10	25	27	5	NA	NA	NA	NA	FALSE	NA	data.js:areas[Route 9].wild-night[3]	Measured	rate Asserted from the locations sheet
wild_encounter	Espurr	785	Route 9	Kanto	wild-night	NA	NA	REPEATABLE	NA	3	Surge	UNK	5	25	27	6	NA	NA	NA	NA	FALSE	NA	data.js:areas[Route 9].wild-night[3]	Measured	rate Asserted from the locations sheet
wild_encounter	Espurr	785	Route 9	Kanto	wild-night	NA	NA	REPEATABLE	NA	3	Surge	UNK	5	25	27	7	NA	NA	NA	NA	FALSE	NA	data.js:areas[Route 9].wild-night[3]	Measured	rate Asserted from the locations sheet
wild_encounter	Tropius	369	Route 9	Kanto	wild-night	NA	NA	REPEATABLE	NA	3	Surge	UNK	4	25	27	8	NA	NA	NA	NA	FALSE	NA	data.js:areas[Route 9].wild-night[3]	Measured	rate Asserted from the locations sheet
wild_encounter	Tropius	369	Route 9	Kanto	wild-night	NA	NA	REPEATABLE	NA	3	Surge	UNK	4	25	27	9	NA	NA	NA	NA	FALSE	NA	data.js:areas[Route 9].wild-night[3]	Measured	rate Asserted from the locations sheet
wild_encounter	Skorupi	504	Route 9	Kanto	wild-night	NA	NA	REPEATABLE	NA	3	Surge	UNK	1	25	27	10	NA	NA	NA	NA	FALSE	NA	data.js:areas[Route 9].wild-night[3]	Measured	rate Asserted from the locations sheet
wild_encounter	Skorupi	504	Route 9	Kanto	wild-night	NA	NA	REPEATABLE	NA	3	Surge	UNK	1	25	27	11	NA	NA	NA	NA	FALSE	NA	data.js:areas[Route 9].wild-night[3]	Measured	rate Asserted from the locations sheet
item_ground	Burn Heal	15	Route 9	Kanto	item-standard	NA	NA	1	NA	3	Surge	UNK	NA	NA	NA	NA	NA	NA	NA	NA	TRUE	single placement	data.js:areas[Route 9].item-standard[3]	Measured	NONE
item_ground	TM101	426	Route 9	Kanto	item-standard	NA	NA	1	NA	3	Surge	UNK	NA	NA	NA	NA	NA	101	Ice Punch	NA	TRUE	single placement	data.js:areas[Route 9].item-standard[3]	Measured	NONE
item_hidden	Ether	34	Route 9	Kanto	item-hidden	NA	NA	10	NA	3	Surge	UNK	NA	NA	NA	NA	NA	NA	NA	NA	TRUE	single placement	data.js:areas[Route 9].item-hidden[3]	Asserted	 quantity from the official item sheet
item_hidden	Rare Candy	68	Route 9	Kanto	item-hidden	NA	NA	1	NA	3	Surge	UNK	NA	NA	NA	NA	NA	NA	NA	NA	TRUE	single placement	data.js:areas[Route 9].item-hidden[3]	Measured	NONE
item_hidden	Chesto Berry	134	Route 9	Kanto	item-hidden	NA	NA	10	NA	3	Surge	UNK	NA	NA	NA	NA	NA	NA	NA	NA	TRUE	single placement	data.js:areas[Route 9].item-hidden[3]	Asserted	 quantity from the official item sheet
item_care_package	Smoke Ball	194	Route 9	Kanto	item-cheat	NA	NA	10	NA	3	Surge	UNK	NA	NA	NA	NA	NA	NA	NA	NA	TRUE	single placement	data.js:areas[Route 9].item-cheat[3]	Asserted	care-package item, delivered by code not exploration quantity from the official item sheet
item_care_package	Everstone	195	Route 9	Kanto	item-cheat	NA	NA	10	NA	3	Surge	UNK	NA	NA	NA	NA	NA	NA	NA	NA	TRUE	single placement	data.js:areas[Route 9].item-cheat[3]	Asserted	care-package item, delivered by code not exploration quantity from the official item sheet
item_care_package	Thick Club	224	Route 9	Kanto	item-cheat	NA	NA	10	NA	3	Surge	UNK	NA	NA	NA	NA	NA	NA	NA	NA	TRUE	single placement	data.js:areas[Route 9].item-cheat[3]	Asserted	care-package item, delivered by code not exploration quantity from the official item sheet
item_care_package	Kasib Berry	458	Route 9	Kanto	item-cheat	NA	NA	10	NA	3	Surge	UNK	NA	NA	NA	NA	NA	NA	NA	NA	TRUE	single placement	data.js:areas[Route 9].item-cheat[3]	Asserted	care-package item, delivered by code not exploration quantity from the official item sheet
item_care_package	Babiri Berry	461	Route 9	Kanto	item-cheat	NA	NA	10	NA	3	Surge	UNK	NA	NA	NA	NA	NA	NA	NA	NA	TRUE	single placement	data.js:areas[Route 9].item-cheat[3]	Asserted	care-package item, delivered by code not exploration quantity from the official item sheet
item_care_package	Flame Orb	681	Route 9	Kanto	item-cheat	NA	NA	10	NA	3	Surge	UNK	NA	NA	NA	NA	NA	NA	NA	NA	TRUE	single placement	data.js:areas[Route 9].item-cheat[3]	Asserted	care-package item, delivered by code not exploration quantity from the official item sheet
item_care_package	Black Sludge	689	Route 9	Kanto	item-cheat	NA	NA	10	NA	3	Surge	UNK	NA	NA	NA	NA	NA	NA	NA	NA	TRUE	single placement	data.js:areas[Route 9].item-cheat[3]	Asserted	care-package item, delivered by code not exploration quantity from the official item sheet
item_care_package	Weakness Policy	710	Route 9	Kanto	item-cheat	NA	NA	10	NA	3	Surge	UNK	NA	NA	NA	NA	NA	NA	NA	NA	TRUE	single placement	data.js:areas[Route 9].item-cheat[3]	Asserted	care-package item, delivered by code not exploration quantity from the official item sheet
raid_den	Shelmet	669	Route 9	Kanto	raid1	NA	NA	REPEATABLE	Wishing Piece to re-activate a spent den	3	Surge	UNK	NA	NA	NA	NA	1	NA	NA	Quick Ball,Ultra Ball,Chople Berry,Yellow Shard,Star Piece,Nugget,Wishing Piece,Chesto Berry,Dream Ball,PP Up,Dream Patch,Dream Patch	FALSE	NA	data.js:areas[Route 9].raid1[3]	Measured	NONE
raid_den	Electrode-Hisui	1296	Route 9	Kanto	raid1	NA	NA	REPEATABLE	Wishing Piece to re-activate a spent den	3	Surge	UNK	NA	NA	NA	NA	1	NA	NA	Quick Ball,Ultra Ball,Chople Berry,Yellow Shard,Star Piece,Nugget,Wishing Piece,Chesto Berry,Dream Ball,PP Up,Dream Patch,Dream Patch	FALSE	NA	data.js:areas[Route 9].raid1[3]	Measured	NONE
raid_den	Falinks	1162	Route 9	Kanto	raid1	NA	NA	REPEATABLE	Wishing Piece to re-activate a spent den	3	Surge	UNK	NA	NA	NA	NA	1	NA	NA	Quick Ball,Ultra Ball,Chople Berry,Yellow Shard,Star Piece,Nugget,Wishing Piece,Chesto Berry,Dream Ball,PP Up,Dream Patch,Dream Patch	FALSE	NA	data.js:areas[Route 9].raid1[3]	Measured	NONE
raid_den	Turtonator	993	Route 9	Kanto	raid1	NA	NA	REPEATABLE	Wishing Piece to re-activate a spent den	3	Surge	UNK	NA	NA	NA	NA	1	NA	NA	Quick Ball,Ultra Ball,Chople Berry,Yellow Shard,Star Piece,Nugget,Wishing Piece,Chesto Berry,Dream Ball,PP Up,Dream Patch,Dream Patch	FALSE	NA	data.js:areas[Route 9].raid1[3]	Measured	NONE
raid_den	Tangela	114	Route 9	Kanto	raid1	NA	NA	REPEATABLE	Wishing Piece to re-activate a spent den	3	Surge	UNK	NA	NA	NA	NA	1	NA	NA	Quick Ball,Ultra Ball,Chople Berry,Yellow Shard,Star Piece,Nugget,Wishing Piece,Chesto Berry,Dream Ball,PP Up,Dream Patch,Dream Patch	FALSE	NA	data.js:areas[Route 9].raid1[3]	Measured	NONE
wild_encounter	Voltorb	100	Route 10	Kanto	wild-day	NA	NA	REPEATABLE	NA	3	Surge	UNK	20	27	29	0	NA	NA	NA	NA	FALSE	NA	data.js:areas[Route 10].wild-day[3]	Measured	rate Asserted from the locations sheet
wild_encounter	Helioptile	802	Route 10	Kanto	wild-day	NA	NA	REPEATABLE	NA	3	Surge	UNK	20	27	29	1	NA	NA	NA	NA	FALSE	NA	data.js:areas[Route 10].wild-day[3]	Measured	rate Asserted from the locations sheet
wild_encounter	Blitzle	575	Route 10	Kanto	wild-day	NA	NA	REPEATABLE	NA	3	Surge	UNK	10	27	29	2	NA	NA	NA	NA	FALSE	NA	data.js:areas[Route 10].wild-day[3]	Measured	rate Asserted from the locations sheet
wild_encounter	Pincurchin	1163	Route 10	Kanto	wild-day	NA	NA	REPEATABLE	NA	3	Surge	UNK	10	27	29	3	NA	NA	NA	NA	FALSE	NA	data.js:areas[Route 10].wild-day[3]	Measured	rate Asserted from the locations sheet
wild_encounter	Plusle	353	Route 10	Kanto	wild-day	NA	NA	REPEATABLE	NA	3	Surge	UNK	10	27	29	4	NA	NA	NA	NA	FALSE	NA	data.js:areas[Route 10].wild-day[3]	Measured	rate Asserted from the locations sheet
wild_encounter	Skitty	315	Route 10	Kanto	wild-day	NA	NA	REPEATABLE	NA	3	Surge	UNK	10	27	29	5	NA	NA	NA	NA	FALSE	NA	data.js:areas[Route 10].wild-day[3]	Measured	rate Asserted from the locations sheet
wild_encounter	Tadbulb	861	Route 10	Kanto	wild-day	NA	NA	REPEATABLE	NA	3	Surge	UNK	5	27	29	6	NA	NA	NA	NA	FALSE	NA	data.js:areas[Route 10].wild-day[3]	Measured	rate Asserted from the locations sheet
wild_encounter	Tadbulb	861	Route 10	Kanto	wild-day	NA	NA	REPEATABLE	NA	3	Surge	UNK	5	27	29	7	NA	NA	NA	NA	FALSE	NA	data.js:areas[Route 10].wild-day[3]	Measured	rate Asserted from the locations sheet
wild_encounter	Magnemite	81	Route 10	Kanto	wild-day	NA	NA	REPEATABLE	NA	3	Surge	UNK	4	27	29	8	NA	NA	NA	NA	FALSE	NA	data.js:areas[Route 10].wild-day[3]	Measured	rate Asserted from the locations sheet
wild_encounter	Magnemite	81	Route 10	Kanto	wild-day	NA	NA	REPEATABLE	NA	3	Surge	UNK	4	27	29	9	NA	NA	NA	NA	FALSE	NA	data.js:areas[Route 10].wild-day[3]	Measured	rate Asserted from the locations sheet
wild_encounter	Sneasel-Hisui	1304	Route 10	Kanto	wild-day	NA	NA	REPEATABLE	NA	3	Surge	UNK	1	27	29	10	NA	NA	NA	NA	FALSE	NA	data.js:areas[Route 10].wild-day[3]	Measured	rate Asserted from the locations sheet
wild_encounter	Sneasel-Hisui	1304	Route 10	Kanto	wild-day	NA	NA	REPEATABLE	NA	3	Surge	UNK	1	27	29	11	NA	NA	NA	NA	FALSE	NA	data.js:areas[Route 10].wild-day[3]	Measured	rate Asserted from the locations sheet
wild_encounter	Voltorb-Hisui	1295	Route 10	Kanto	wild-night	NA	NA	REPEATABLE	NA	3	Surge	UNK	20	27	29	0	NA	NA	NA	NA	FALSE	NA	data.js:areas[Route 10].wild-night[3]	Measured	rate Asserted from the locations sheet
wild_encounter	Electrike	337	Route 10	Kanto	wild-night	NA	NA	REPEATABLE	NA	3	Surge	UNK	20	27	29	1	NA	NA	NA	NA	FALSE	NA	data.js:areas[Route 10].wild-night[3]	Measured	rate Asserted from the locations sheet
wild_encounter	Blitzle	575	Route 10	Kanto	wild-night	NA	NA	REPEATABLE	NA	3	Surge	UNK	10	27	29	2	NA	NA	NA	NA	FALSE	NA	data.js:areas[Route 10].wild-night[3]	Measured	rate Asserted from the locations sheet
wild_encounter	Pincurchin	1163	Route 10	Kanto	wild-night	NA	NA	REPEATABLE	NA	3	Surge	UNK	10	27	29	3	NA	NA	NA	NA	FALSE	NA	data.js:areas[Route 10].wild-night[3]	Measured	rate Asserted from the locations sheet
wild_encounter	Minun	354	Route 10	Kanto	wild-night	NA	NA	REPEATABLE	NA	3	Surge	UNK	10	27	29	4	NA	NA	NA	NA	FALSE	NA	data.js:areas[Route 10].wild-night[3]	Measured	rate Asserted from the locations sheet
wild_encounter	Skitty	315	Route 10	Kanto	wild-night	NA	NA	REPEATABLE	NA	3	Surge	UNK	10	27	29	5	NA	NA	NA	NA	FALSE	NA	data.js:areas[Route 10].wild-night[3]	Measured	rate Asserted from the locations sheet
wild_encounter	Emolga	640	Route 10	Kanto	wild-night	NA	NA	REPEATABLE	NA	3	Surge	UNK	5	27	29	6	NA	NA	NA	NA	FALSE	NA	data.js:areas[Route 10].wild-night[3]	Measured	rate Asserted from the locations sheet
wild_encounter	Emolga	640	Route 10	Kanto	wild-night	NA	NA	REPEATABLE	NA	3	Surge	UNK	5	27	29	7	NA	NA	NA	NA	FALSE	NA	data.js:areas[Route 10].wild-night[3]	Measured	rate Asserted from the locations sheet
wild_encounter	Magnemite	81	Route 10	Kanto	wild-night	NA	NA	REPEATABLE	NA	3	Surge	UNK	4	27	29	8	NA	NA	NA	NA	FALSE	NA	data.js:areas[Route 10].wild-night[3]	Measured	rate Asserted from the locations sheet
wild_encounter	Magnemite	81	Route 10	Kanto	wild-night	NA	NA	REPEATABLE	NA	3	Surge	UNK	4	27	29	9	NA	NA	NA	NA	FALSE	NA	data.js:areas[Route 10].wild-night[3]	Measured	rate Asserted from the locations sheet
wild_encounter	Croagunk	506	Route 10	Kanto	wild-night	NA	NA	REPEATABLE	NA	3	Surge	UNK	1	27	29	10	NA	NA	NA	NA	FALSE	NA	data.js:areas[Route 10].wild-night[3]	Measured	rate Asserted from the locations sheet
wild_encounter	Croagunk	506	Route 10	Kanto	wild-night	NA	NA	REPEATABLE	NA	3	Surge	UNK	1	27	29	11	NA	NA	NA	NA	FALSE	NA	data.js:areas[Route 10].wild-night[3]	Measured	rate Asserted from the locations sheet
wild_encounter	Tentacool	72	Route 10	Kanto	wild-surf	NA	NA	REPEATABLE	NA	10	May	UNK	60	56	58	0	NA	NA	NA	NA	FALSE	NA	data.js:areas[Route 10].wild-surf[10]	Measured	rate Asserted from the locations sheet
wild_encounter	Tentacool	72	Route 10	Kanto	wild-surf	NA	NA	REPEATABLE	NA	10	May	UNK	30	56	58	1	NA	NA	NA	NA	FALSE	NA	data.js:areas[Route 10].wild-surf[10]	Measured	rate Asserted from the locations sheet
wild_encounter	Tentacool	72	Route 10	Kanto	wild-surf	NA	NA	REPEATABLE	NA	10	May	UNK	5	56	58	2	NA	NA	NA	NA	FALSE	NA	data.js:areas[Route 10].wild-surf[10]	Measured	rate Asserted from the locations sheet
wild_encounter	Wingull	309	Route 10	Kanto	wild-surf	NA	NA	REPEATABLE	NA	10	May	UNK	4	56	58	3	NA	NA	NA	NA	FALSE	NA	data.js:areas[Route 10].wild-surf[10]	Measured	rate Asserted from the locations sheet
wild_encounter	Wingull	309	Route 10	Kanto	wild-surf	NA	NA	REPEATABLE	NA	10	May	UNK	1	56	58	4	NA	NA	NA	NA	FALSE	NA	data.js:areas[Route 10].wild-surf[10]	Measured	rate Asserted from the locations sheet
item_ground	TM42	330	Route 10	Kanto	item-standard	NA	NA	1	NA	3	Surge	UNK	NA	NA	NA	NA	NA	42	Facade	NA	TRUE	single placement	data.js:areas[Route 10].item-standard[3]	Measured	NONE
item_ground	TM99	424	Route 10	Kanto	item-standard	NA	NA	1	NA	10	May	UNK	NA	NA	NA	NA	NA	99	Wild Charge	NA	TRUE	single placement	data.js:areas[Route 10].item-standard[10]	Measured	NONE
item_hidden	Super Potion	22	Route 10	Kanto	item-hidden	NA	NA	1	NA	3	Surge	UNK	NA	NA	NA	NA	NA	NA	NA	NA	TRUE	single placement	data.js:areas[Route 10].item-hidden[3]	Measured	NONE
item_hidden	Cheri Berry	133	Route 10	Kanto	item-hidden	NA	NA	10	NA	3	Surge	UNK	NA	NA	NA	NA	NA	NA	NA	NA	TRUE	single placement	data.js:areas[Route 10].item-hidden[3]	Asserted	 quantity from the official item sheet
item_hidden	Persim Berry	140	Route 10	Kanto	item-hidden	NA	NA	10	NA	3	Surge	UNK	NA	NA	NA	NA	NA	NA	NA	NA	TRUE	single placement	data.js:areas[Route 10].item-hidden[3]	Asserted	 quantity from the official item sheet
item_hidden	Nanab Berry	150	Route 10	Kanto	item-hidden	NA	NA	1	NA	3	Surge	UNK	NA	NA	NA	NA	NA	NA	NA	NA	TRUE	single placement	data.js:areas[Route 10].item-hidden[3]	Measured	NONE
item_hidden	Max Ether	35	Route 10	Kanto	item-hidden	NA	NA	1	NA	10	May	UNK	NA	NA	NA	NA	NA	NA	NA	NA	TRUE	single placement	data.js:areas[Route 10].item-hidden[10]	Measured	NONE
item_care_package	Dive Ball	7	Route 10	Kanto	item-cheat	NA	NA	10	NA	3	Surge	UNK	NA	NA	NA	NA	NA	NA	NA	NA	TRUE	single placement	data.js:areas[Route 10].item-cheat[3]	Asserted	care-package item, delivered by code not exploration quantity from the official item sheet
item_care_package	Moomoo Milk	29	Route 10	Kanto	item-cheat	NA	NA	10	NA	3	Surge	UNK	NA	NA	NA	NA	NA	NA	NA	NA	TRUE	single placement	data.js:areas[Route 10].item-cheat[3]	Asserted	care-package item, delivered by code not exploration quantity from the official item sheet
item_care_package	Big Nugget	115	Route 10	Kanto	item-cheat	NA	NA	10	NA	3	Surge	UNK	NA	NA	NA	NA	NA	NA	NA	NA	TRUE	single placement	data.js:areas[Route 10].item-cheat[3]	Asserted	care-package item, delivered by code not exploration quantity from the official item sheet
item_care_package	Dusk Ball	240	Route 10	Kanto	item-cheat	NA	NA	10	NA	3	Surge	UNK	NA	NA	NA	NA	NA	NA	NA	NA	TRUE	single placement	data.js:areas[Route 10].item-cheat[3]	Asserted	care-package item, delivered by code not exploration quantity from the official item sheet
item_care_package	Misty Seed	720	Route 10	Kanto	item-cheat	NA	NA	10	NA	3	Surge	UNK	NA	NA	NA	NA	NA	NA	NA	NA	TRUE	single placement	data.js:areas[Route 10].item-cheat[3]	Asserted	care-package item, delivered by code not exploration quantity from the official item sheet
raid_den	Zorua-Hisui	1280	Route 10	Kanto	raid1	NA	NA	REPEATABLE	Wishing Piece to re-activate a spent den	3	Surge	UNK	NA	NA	NA	NA	1	NA	NA	Quick Ball,Ultra Ball,Kasib Berry,Yellow Shard,Star Piece,Nugget,Wishing Piece,Ability Pill,Dream Ball,PP Up,Lucky Egg,Lucky Egg	FALSE	NA	data.js:areas[Route 10].raid1[3]	Measured	NONE
raid_den	Zorua	623	Route 10	Kanto	raid1	NA	NA	REPEATABLE	Wishing Piece to re-activate a spent den	3	Surge	UNK	NA	NA	NA	NA	1	NA	NA	Quick Ball,Ultra Ball,Kasib Berry,Yellow Shard,Star Piece,Nugget,Wishing Piece,Ability Pill,Dream Ball,PP Up,Lucky Egg,Lucky Egg	FALSE	NA	data.js:areas[Route 10].raid1[3]	Measured	NONE
raid_den	Eevee	133	Route 10	Kanto	raid1	NA	NA	REPEATABLE	Wishing Piece to re-activate a spent den	3	Surge	UNK	NA	NA	NA	NA	1	NA	NA	Quick Ball,Ultra Ball,Kasib Berry,Yellow Shard,Star Piece,Nugget,Wishing Piece,Ability Pill,Dream Ball,PP Up,Lucky Egg,Lucky Egg	FALSE	NA	data.js:areas[Route 10].raid1[3]	Measured	NONE
raid_den	Heracross	214	Route 10	Kanto	raid1	NA	NA	REPEATABLE	Wishing Piece to re-activate a spent den	3	Surge	UNK	NA	NA	NA	NA	1	NA	NA	Quick Ball,Ultra Ball,Kasib Berry,Yellow Shard,Star Piece,Nugget,Wishing Piece,Ability Pill,Dream Ball,PP Up,Lucky Egg,Lucky Egg	FALSE	NA	data.js:areas[Route 10].raid1[3]	Measured	NONE
raid_den	Toxel	1140	Route 10	Kanto	raid1	NA	NA	REPEATABLE	Wishing Piece to re-activate a spent den	3	Surge	UNK	NA	NA	NA	NA	1	NA	NA	Quick Ball,Ultra Ball,Kasib Berry,Yellow Shard,Star Piece,Nugget,Wishing Piece,Ability Pill,Dream Ball,PP Up,Lucky Egg,Lucky Egg	FALSE	NA	data.js:areas[Route 10].raid1[3]	Measured	NONE
raid_den	Azelf	535	Route 10	Kanto	raid4	NA	NA	REPEATABLE	Wishing Piece to re-activate a spent den	3	Surge	UNK	NA	NA	NA	NA	4	NA	NA	Star Piece,Nugget,Big Nugget,Occa Berry,Dream Patch,PP Up,PP Max,Salac Berry,Wishing Piece,Lucky Egg,Life Orb,Life Orb	FALSE	NA	data.js:areas[Route 10].raid4[3]	Measured	NONE
raid_den	Mesprit	534	Route 10	Kanto	raid4	NA	NA	REPEATABLE	Wishing Piece to re-activate a spent den	3	Surge	UNK	NA	NA	NA	NA	4	NA	NA	Star Piece,Nugget,Big Nugget,Occa Berry,Dream Patch,PP Up,PP Max,Salac Berry,Wishing Piece,Lucky Egg,Life Orb,Life Orb	FALSE	NA	data.js:areas[Route 10].raid4[3]	Measured	NONE
raid_den	Uxie	533	Route 10	Kanto	raid4	NA	NA	REPEATABLE	Wishing Piece to re-activate a spent den	3	Surge	UNK	NA	NA	NA	NA	4	NA	NA	Star Piece,Nugget,Big Nugget,Occa Berry,Dream Patch,PP Up,PP Max,Salac Berry,Wishing Piece,Lucky Egg,Life Orb,Life Orb	FALSE	NA	data.js:areas[Route 10].raid4[3]	Measured	NONE
wild_encounter	Wooper	194	Route 10	Kanto	wild-oldRod	NA	NA	REPEATABLE	NA	3	Surge	UNK	70	2	4	0	NA	NA	NA	NA	FALSE	NA	data.js:areas[Route 10].wild-oldRod[3]	Measured	rate Asserted from the locations sheet
wild_encounter	Tynamo	655	Route 10	Kanto	wild-oldRod	NA	NA	REPEATABLE	NA	3	Surge	UNK	30	2	4	1	NA	NA	NA	NA	FALSE	NA	data.js:areas[Route 10].wild-oldRod[3]	Measured	rate Asserted from the locations sheet
wild_encounter	Barboach	323	Route 10	Kanto	wild-goodRod	NA	NA	REPEATABLE	NA	3	Surge	UNK	60	27	29	0	NA	NA	NA	NA	FALSE	NA	data.js:areas[Route 10].wild-goodRod[3]	Measured	rate Asserted from the locations sheet
wild_encounter	Shellos	711	Route 10	Kanto	wild-goodRod	NA	NA	REPEATABLE	NA	3	Surge	UNK	20	27	29	1	NA	NA	NA	NA	FALSE	NA	data.js:areas[Route 10].wild-goodRod[3]	Measured	rate Asserted from the locations sheet
wild_encounter	Corsola-Galar	1221	Route 10	Kanto	wild-goodRod	NA	NA	REPEATABLE	NA	3	Surge	UNK	20	27	29	2	NA	NA	NA	NA	FALSE	NA	data.js:areas[Route 10].wild-goodRod[3]	Measured	rate Asserted from the locations sheet
wild_encounter	Whiscash	324	Route 10	Kanto	wild-superRod	NA	NA	REPEATABLE	NA	9	Koga	UNK	40	53	55	0	NA	NA	NA	NA	FALSE	NA	data.js:areas[Route 10].wild-superRod[9]	Measured	rate Asserted from the locations sheet
wild_encounter	Whiscash	324	Route 10	Kanto	wild-superRod	NA	NA	REPEATABLE	NA	9	Koga	UNK	40	53	55	1	NA	NA	NA	NA	FALSE	NA	data.js:areas[Route 10].wild-superRod[9]	Measured	rate Asserted from the locations sheet
wild_encounter	Basculin-Blue-Striped	736	Route 10	Kanto	wild-superRod	NA	NA	REPEATABLE	NA	9	Koga	UNK	15	53	55	2	NA	NA	NA	NA	FALSE	NA	data.js:areas[Route 10].wild-superRod[9]	Measured	rate Asserted from the locations sheet
wild_encounter	Seadra	117	Route 10	Kanto	wild-superRod	NA	NA	REPEATABLE	NA	9	Koga	UNK	4	53	55	3	NA	NA	NA	NA	FALSE	NA	data.js:areas[Route 10].wild-superRod[9]	Measured	rate Asserted from the locations sheet
wild_encounter	Seadra	117	Route 10	Kanto	wild-superRod	NA	NA	REPEATABLE	NA	9	Koga	UNK	1	53	55	4	NA	NA	NA	NA	FALSE	NA	data.js:areas[Route 10].wild-superRod[9]	Measured	rate Asserted from the locations sheet
item_ground	Everstone	195	Route 10 Poke Center	Kanto	item-standard	NA	NA	10	NA	3	Surge	UNK	NA	NA	NA	NA	NA	NA	NA	NA	TRUE	single placement	data.js:areas[Route 10 Poke Center].item-standard[3]	Asserted	 quantity from the official item sheet
wild_encounter	Graveler	75	Rock Tunnel 1F	Kanto	wild-day	NA	NA	REPEATABLE	NA	3	Surge	UNK	20	29	31	0	NA	NA	NA	NA	FALSE	NA	data.js:areas[Rock Tunnel 1F].wild-day[3]	Measured	rate Asserted from the locations sheet
wild_encounter	Aron	382	Rock Tunnel 1F	Kanto	wild-day	NA	NA	REPEATABLE	NA	3	Surge	UNK	20	29	31	1	NA	NA	NA	NA	FALSE	NA	data.js:areas[Rock Tunnel 1F].wild-day[3]	Measured	rate Asserted from the locations sheet
wild_encounter	Shuckle	213	Rock Tunnel 1F	Kanto	wild-day	NA	NA	REPEATABLE	NA	3	Surge	UNK	10	29	31	2	NA	NA	NA	NA	FALSE	NA	data.js:areas[Rock Tunnel 1F].wild-day[3]	Measured	rate Asserted from the locations sheet
wild_encounter	Solrock	349	Rock Tunnel 1F	Kanto	wild-day	NA	NA	REPEATABLE	NA	3	Surge	UNK	10	29	31	3	NA	NA	NA	NA	FALSE	NA	data.js:areas[Rock Tunnel 1F].wild-day[3]	Measured	rate Asserted from the locations sheet
wild_encounter	Carkol	1130	Rock Tunnel 1F	Kanto	wild-day	NA	NA	REPEATABLE	NA	3	Surge	UNK	10	29	31	4	NA	NA	NA	NA	FALSE	NA	data.js:areas[Rock Tunnel 1F].wild-day[3]	Measured	rate Asserted from the locations sheet
wild_encounter	Carbink	811	Rock Tunnel 1F	Kanto	wild-day	NA	NA	REPEATABLE	NA	3	Surge	UNK	10	29	31	5	NA	NA	NA	NA	FALSE	NA	data.js:areas[Rock Tunnel 1F].wild-day[3]	Measured	rate Asserted from the locations sheet
wild_encounter	Minior-Meteor	991	Rock Tunnel 1F	Kanto	wild-day	NA	NA	REPEATABLE	NA	3	Surge	UNK	5	29	31	6	NA	NA	NA	NA	FALSE	NA	data.js:areas[Rock Tunnel 1F].wild-day[3]	Measured	rate Asserted from the locations sheet
wild_encounter	Ferroseed	650	Rock Tunnel 1F	Kanto	wild-day	NA	NA	REPEATABLE	NA	3	Surge	UNK	5	29	31	7	NA	NA	NA	NA	FALSE	NA	data.js:areas[Rock Tunnel 1F].wild-day[3]	Measured	rate Asserted from the locations sheet
wild_encounter	Stonjourner	1166	Rock Tunnel 1F	Kanto	wild-day	NA	NA	REPEATABLE	NA	3	Surge	UNK	4	29	31	8	NA	NA	NA	NA	FALSE	NA	data.js:areas[Rock Tunnel 1F].wild-day[3]	Measured	rate Asserted from the locations sheet
wild_encounter	Heatmor	684	Rock Tunnel 1F	Kanto	wild-day	NA	NA	REPEATABLE	NA	3	Surge	UNK	4	29	31	9	NA	NA	NA	NA	FALSE	NA	data.js:areas[Rock Tunnel 1F].wild-day[3]	Measured	rate Asserted from the locations sheet
wild_encounter	Durant	685	Rock Tunnel 1F	Kanto	wild-day	NA	NA	REPEATABLE	NA	3	Surge	UNK	1	29	31	10	NA	NA	NA	NA	FALSE	NA	data.js:areas[Rock Tunnel 1F].wild-day[3]	Measured	rate Asserted from the locations sheet
wild_encounter	Durant	685	Rock Tunnel 1F	Kanto	wild-day	NA	NA	REPEATABLE	NA	3	Surge	UNK	1	29	31	11	NA	NA	NA	NA	FALSE	NA	data.js:areas[Rock Tunnel 1F].wild-day[3]	Measured	rate Asserted from the locations sheet
wild_encounter	Graveler-Alola	1032	Rock Tunnel 1F	Kanto	wild-night	NA	NA	REPEATABLE	NA	3	Surge	UNK	20	29	31	0	NA	NA	NA	NA	FALSE	NA	data.js:areas[Rock Tunnel 1F].wild-night[3]	Measured	rate Asserted from the locations sheet
wild_encounter	Aron	382	Rock Tunnel 1F	Kanto	wild-night	NA	NA	REPEATABLE	NA	3	Surge	UNK	20	29	31	1	NA	NA	NA	NA	FALSE	NA	data.js:areas[Rock Tunnel 1F].wild-night[3]	Measured	rate Asserted from the locations sheet
wild_encounter	Dwebble	610	Rock Tunnel 1F	Kanto	wild-night	NA	NA	REPEATABLE	NA	3	Surge	UNK	10	29	31	2	NA	NA	NA	NA	FALSE	NA	data.js:areas[Rock Tunnel 1F].wild-night[3]	Measured	rate Asserted from the locations sheet
wild_encounter	Lunatone	348	Rock Tunnel 1F	Kanto	wild-night	NA	NA	REPEATABLE	NA	3	Surge	UNK	10	29	31	3	NA	NA	NA	NA	FALSE	NA	data.js:areas[Rock Tunnel 1F].wild-night[3]	Measured	rate Asserted from the locations sheet
wild_encounter	Onix	95	Rock Tunnel 1F	Kanto	wild-night	NA	NA	REPEATABLE	NA	3	Surge	UNK	10	29	31	4	NA	NA	NA	NA	FALSE	NA	data.js:areas[Rock Tunnel 1F].wild-night[3]	Measured	rate Asserted from the locations sheet
wild_encounter	Carbink	811	Rock Tunnel 1F	Kanto	wild-night	NA	NA	REPEATABLE	NA	3	Surge	UNK	10	29	31	5	NA	NA	NA	NA	FALSE	NA	data.js:areas[Rock Tunnel 1F].wild-night[3]	Measured	rate Asserted from the locations sheet
wild_encounter	Minior-Meteor	991	Rock Tunnel 1F	Kanto	wild-night	NA	NA	REPEATABLE	NA	3	Surge	UNK	5	29	31	6	NA	NA	NA	NA	FALSE	NA	data.js:areas[Rock Tunnel 1F].wild-night[3]	Measured	rate Asserted from the locations sheet
wild_encounter	Ferroseed	650	Rock Tunnel 1F	Kanto	wild-night	NA	NA	REPEATABLE	NA	3	Surge	UNK	5	29	31	7	NA	NA	NA	NA	FALSE	NA	data.js:areas[Rock Tunnel 1F].wild-night[3]	Measured	rate Asserted from the locations sheet
wild_encounter	Stonjourner	1166	Rock Tunnel 1F	Kanto	wild-night	NA	NA	REPEATABLE	NA	3	Surge	UNK	4	29	31	8	NA	NA	NA	NA	FALSE	NA	data.js:areas[Rock Tunnel 1F].wild-night[3]	Measured	rate Asserted from the locations sheet
wild_encounter	Heatmor	684	Rock Tunnel 1F	Kanto	wild-night	NA	NA	REPEATABLE	NA	3	Surge	UNK	4	29	31	9	NA	NA	NA	NA	FALSE	NA	data.js:areas[Rock Tunnel 1F].wild-night[3]	Measured	rate Asserted from the locations sheet
wild_encounter	Durant	685	Rock Tunnel 1F	Kanto	wild-night	NA	NA	REPEATABLE	NA	3	Surge	UNK	1	29	31	10	NA	NA	NA	NA	FALSE	NA	data.js:areas[Rock Tunnel 1F].wild-night[3]	Measured	rate Asserted from the locations sheet
wild_encounter	Durant	685	Rock Tunnel 1F	Kanto	wild-night	NA	NA	REPEATABLE	NA	3	Surge	UNK	1	29	31	11	NA	NA	NA	NA	FALSE	NA	data.js:areas[Rock Tunnel 1F].wild-night[3]	Measured	rate Asserted from the locations sheet
item_ground	Escape Rope	85	Rock Tunnel 1F	Kanto	item-standard	NA	NA	1	NA	3	Surge	UNK	NA	NA	NA	NA	NA	NA	NA	NA	TRUE	single placement	data.js:areas[Rock Tunnel 1F].item-standard[3]	Measured	NONE
item_ground	Repel	86	Rock Tunnel 1F	Kanto	item-standard	NA	NA	1	NA	3	Surge	UNK	NA	NA	NA	NA	NA	NA	NA	NA	TRUE	single placement	data.js:areas[Rock Tunnel 1F].item-standard[3]	Measured	NONE
item_ground	TM23	311	Rock Tunnel 1F	Kanto	item-standard	NA	NA	1	NA	3	Surge	UNK	NA	NA	NA	NA	NA	23	Iron Head	NA	TRUE	single placement	data.js:areas[Rock Tunnel 1F].item-standard[3]	Measured	NONE
wild_encounter	Sandslash	28	Rock Tunnel B1F	Kanto	wild-day	NA	NA	REPEATABLE	NA	3	Surge	UNK	20	30	32	0	NA	NA	NA	NA	FALSE	NA	data.js:areas[Rock Tunnel B1F].wild-day[3]	Measured	rate Asserted from the locations sheet
wild_encounter	Boldore	578	Rock Tunnel B1F	Kanto	wild-day	NA	NA	REPEATABLE	NA	3	Surge	UNK	20	30	32	1	NA	NA	NA	NA	FALSE	NA	data.js:areas[Rock Tunnel B1F].wild-day[3]	Measured	rate Asserted from the locations sheet
wild_encounter	Swinub	220	Rock Tunnel B1F	Kanto	wild-day	NA	NA	REPEATABLE	NA	3	Surge	UNK	10	30	32	2	NA	NA	NA	NA	FALSE	NA	data.js:areas[Rock Tunnel B1F].wild-day[3]	Measured	rate Asserted from the locations sheet
wild_encounter	Snorunt	346	Rock Tunnel B1F	Kanto	wild-day	NA	NA	REPEATABLE	NA	3	Surge	UNK	10	30	32	3	NA	NA	NA	NA	FALSE	NA	data.js:areas[Rock Tunnel B1F].wild-day[3]	Measured	rate Asserted from the locations sheet
wild_encounter	Bronzor	489	Rock Tunnel B1F	Kanto	wild-day	NA	NA	REPEATABLE	NA	3	Surge	UNK	10	30	32	4	NA	NA	NA	NA	FALSE	NA	data.js:areas[Rock Tunnel B1F].wild-day[3]	Measured	rate Asserted from the locations sheet
wild_encounter	Bonsly	491	Rock Tunnel B1F	Kanto	wild-day	NA	NA	REPEATABLE	NA	3	Surge	UNK	10	30	32	5	NA	NA	NA	NA	FALSE	NA	data.js:areas[Rock Tunnel B1F].wild-day[3]	Measured	rate Asserted from the locations sheet
wild_encounter	Cetoddle	1332	Rock Tunnel B1F	Kanto	wild-day	NA	NA	REPEATABLE	NA	3	Surge	UNK	5	30	32	6	NA	NA	NA	NA	FALSE	NA	data.js:areas[Rock Tunnel B1F].wild-day[3]	Measured	rate Asserted from the locations sheet
wild_encounter	Cetoddle	1332	Rock Tunnel B1F	Kanto	wild-day	NA	NA	REPEATABLE	NA	3	Surge	UNK	5	30	32	7	NA	NA	NA	NA	FALSE	NA	data.js:areas[Rock Tunnel B1F].wild-day[3]	Measured	rate Asserted from the locations sheet
wild_encounter	Cubchoo	666	Rock Tunnel B1F	Kanto	wild-day	NA	NA	REPEATABLE	NA	3	Surge	UNK	4	30	32	8	NA	NA	NA	NA	FALSE	NA	data.js:areas[Rock Tunnel B1F].wild-day[3]	Measured	rate Asserted from the locations sheet
wild_encounter	Cubchoo	666	Rock Tunnel B1F	Kanto	wild-day	NA	NA	REPEATABLE	NA	3	Surge	UNK	4	30	32	9	NA	NA	NA	NA	FALSE	NA	data.js:areas[Rock Tunnel B1F].wild-day[3]	Measured	rate Asserted from the locations sheet
wild_encounter	Glimmet	1343	Rock Tunnel B1F	Kanto	wild-day	NA	NA	REPEATABLE	NA	3	Surge	UNK	1	30	32	10	NA	NA	NA	NA	FALSE	NA	data.js:areas[Rock Tunnel B1F].wild-day[3]	Measured	rate Asserted from the locations sheet
wild_encounter	Glimmet	1343	Rock Tunnel B1F	Kanto	wild-day	NA	NA	REPEATABLE	NA	3	Surge	UNK	1	30	32	11	NA	NA	NA	NA	FALSE	NA	data.js:areas[Rock Tunnel B1F].wild-day[3]	Measured	rate Asserted from the locations sheet
wild_encounter	Bergmite	820	Rock Tunnel B1F	Kanto	wild-night	NA	NA	REPEATABLE	NA	3	Surge	UNK	20	30	32	0	NA	NA	NA	NA	FALSE	NA	data.js:areas[Rock Tunnel B1F].wild-night[3]	Measured	rate Asserted from the locations sheet
wild_encounter	Rhyhorn	111	Rock Tunnel B1F	Kanto	wild-night	NA	NA	REPEATABLE	NA	3	Surge	UNK	20	30	32	1	NA	NA	NA	NA	FALSE	NA	data.js:areas[Rock Tunnel B1F].wild-night[3]	Measured	rate Asserted from the locations sheet
wild_encounter	Swinub	220	Rock Tunnel B1F	Kanto	wild-night	NA	NA	REPEATABLE	NA	3	Surge	UNK	10	30	32	2	NA	NA	NA	NA	FALSE	NA	data.js:areas[Rock Tunnel B1F].wild-night[3]	Measured	rate Asserted from the locations sheet
wild_encounter	Cubone	104	Rock Tunnel B1F	Kanto	wild-night	NA	NA	REPEATABLE	NA	3	Surge	UNK	10	30	32	3	NA	NA	NA	NA	FALSE	NA	data.js:areas[Rock Tunnel B1F].wild-night[3]	Measured	rate Asserted from the locations sheet
wild_encounter	Nosepass	320	Rock Tunnel B1F	Kanto	wild-night	NA	NA	REPEATABLE	NA	3	Surge	UNK	10	30	32	4	NA	NA	NA	NA	FALSE	NA	data.js:areas[Rock Tunnel B1F].wild-night[3]	Measured	rate Asserted from the locations sheet
wild_encounter	Cryogonal	668	Rock Tunnel B1F	Kanto	wild-night	NA	NA	REPEATABLE	NA	3	Surge	UNK	10	30	32	5	NA	NA	NA	NA	FALSE	NA	data.js:areas[Rock Tunnel B1F].wild-night[3]	Measured	rate Asserted from the locations sheet
wild_encounter	Cetoddle	1332	Rock Tunnel B1F	Kanto	wild-night	NA	NA	REPEATABLE	NA	3	Surge	UNK	5	30	32	6	NA	NA	NA	NA	FALSE	NA	data.js:areas[Rock Tunnel B1F].wild-night[3]	Measured	rate Asserted from the locations sheet
wild_encounter	Cetoddle	1332	Rock Tunnel B1F	Kanto	wild-night	NA	NA	REPEATABLE	NA	3	Surge	UNK	5	30	32	7	NA	NA	NA	NA	FALSE	NA	data.js:areas[Rock Tunnel B1F].wild-night[3]	Measured	rate Asserted from the locations sheet
wild_encounter	Sneasel	215	Rock Tunnel B1F	Kanto	wild-night	NA	NA	REPEATABLE	NA	3	Surge	UNK	4	30	32	8	NA	NA	NA	NA	FALSE	NA	data.js:areas[Rock Tunnel B1F].wild-night[3]	Measured	rate Asserted from the locations sheet
wild_encounter	Sneasel	215	Rock Tunnel B1F	Kanto	wild-night	NA	NA	REPEATABLE	NA	3	Surge	UNK	4	30	32	9	NA	NA	NA	NA	FALSE	NA	data.js:areas[Rock Tunnel B1F].wild-night[3]	Measured	rate Asserted from the locations sheet
wild_encounter	Glimmet	1343	Rock Tunnel B1F	Kanto	wild-night	NA	NA	REPEATABLE	NA	3	Surge	UNK	1	30	32	10	NA	NA	NA	NA	FALSE	NA	data.js:areas[Rock Tunnel B1F].wild-night[3]	Measured	rate Asserted from the locations sheet
wild_encounter	Glimmet	1343	Rock Tunnel B1F	Kanto	wild-night	NA	NA	REPEATABLE	NA	3	Surge	UNK	1	30	32	11	NA	NA	NA	NA	FALSE	NA	data.js:areas[Rock Tunnel B1F].wild-night[3]	Measured	rate Asserted from the locations sheet
static_pokemon	Terrakion	692	Rock Tunnel B1F	Kanto	fixed-overworld	NA	NA	1	NA	9	Koga	UNK	NA	NA	NA	NA	NA	NA	NA	NA	TRUE	one-time placement	data.js:areas[Rock Tunnel B1F].fixed-overworld[9]	Measured	NONE
item_ground	Revive	24	Rock Tunnel B1F	Kanto	item-standard	NA	NA	10	NA	3	Surge	UNK	NA	NA	NA	NA	NA	NA	NA	NA	TRUE	single placement	data.js:areas[Rock Tunnel B1F].item-standard[3]	Asserted	 quantity from the official item sheet
item_ground	Max Ether	35	Rock Tunnel B1F	Kanto	item-standard	NA	NA	1	NA	3	Surge	UNK	NA	NA	NA	NA	NA	NA	NA	NA	TRUE	single placement	data.js:areas[Rock Tunnel B1F].item-standard[3]	Measured	NONE
item_ground	TM80	405	Rock Tunnel B1F	Kanto	item-standard	NA	NA	1	NA	3	Surge	UNK	NA	NA	NA	NA	NA	80	Rock Slide	NA	TRUE	single placement	data.js:areas[Rock Tunnel B1F].item-standard[3]	Measured	NONE
item_ground	Coalossite	735	Rock Tunnel B1F	Kanto	item-standard	NA	NA	1	NA	9	Koga	UNK	NA	NA	NA	NA	NA	NA	NA	NA	TRUE	single placement	data.js:areas[Rock Tunnel B1F].item-standard[9]	Measured	NONE
raid_den	Delibird	225	Rock Tunnel B1F	Kanto	raid1	NA	NA	REPEATABLE	Wishing Piece to re-activate a spent den	3	Surge	UNK	NA	NA	NA	NA	1	NA	NA	Quick Ball,Ultra Ball,Babiri Berry,Yellow Shard,Star Piece,Nugget,Wishing Piece,Ability Pill,Dream Ball,PP Up,Lucky Egg,Lucky Egg	FALSE	NA	data.js:areas[Rock Tunnel B1F].raid1[3]	Measured	NONE
raid_den	Tinkatuff	841	Rock Tunnel B1F	Kanto	raid1	NA	NA	REPEATABLE	Wishing Piece to re-activate a spent den	3	Surge	UNK	NA	NA	NA	NA	1	NA	NA	Quick Ball,Ultra Ball,Babiri Berry,Red Shard,Star Piece,Nugget,Wishing Piece,Ability Pill,Dream Ball,PP Up,Lucky Egg,Lucky Egg	FALSE	NA	data.js:areas[Rock Tunnel B1F].raid1[3]	Measured	NONE
raid_den	Ferroseed	650	Rock Tunnel B1F	Kanto	raid1	NA	NA	REPEATABLE	Wishing Piece to re-activate a spent den	3	Surge	UNK	NA	NA	NA	NA	1	NA	NA	Quick Ball,Ultra Ball,Babiri Berry,Red Shard,Star Piece,Nugget,Wishing Piece,Ability Pill,Dream Ball,PP Up,Lucky Egg,Lucky Egg	FALSE	NA	data.js:areas[Rock Tunnel B1F].raid1[3]	Measured	NONE
raid_den	Sandshrew-Alola	1023	Rock Tunnel B1F	Kanto	raid1	NA	NA	REPEATABLE	Wishing Piece to re-activate a spent den	3	Surge	UNK	NA	NA	NA	NA	1	NA	NA	Quick Ball,Ultra Ball,Babiri Berry,Blue Shard,Star Piece,Nugget,Wishing Piece,Ability Pill,Dream Ball,PP Up,Lucky Egg,Lucky Egg	FALSE	NA	data.js:areas[Rock Tunnel B1F].raid1[3]	Measured	NONE
raid_den	Orthworm	1329	Rock Tunnel B1F	Kanto	raid1	NA	NA	REPEATABLE	Wishing Piece to re-activate a spent den	3	Surge	UNK	NA	NA	NA	NA	1	NA	NA	Quick Ball,Ultra Ball,Babiri Berry,Green Shard,Star Piece,Nugget,Wishing Piece,Ability Pill,Dream Ball,PP Up,Lucky Egg,Lucky Egg	FALSE	NA	data.js:areas[Rock Tunnel B1F].raid1[3]	Measured	NONE
raid_den	Iron Boulder	1373	Rock Tunnel B1F	Kanto	raid5	NA	NA	REPEATABLE	Wishing Piece to re-activate a spent den	3	Surge	UNK	NA	NA	NA	NA	5	NA	NA	Nugget,Big Nugget,Ultra Ball,Wishing Piece,Salac Berry,Heal Ball,Leppa Berry,PP Max,PP Max,Life Orb,Life Orb	FALSE	NA	data.js:areas[Rock Tunnel B1F].raid5[3]	Measured	NONE
raid_den	Iron Leaves	1353	Rock Tunnel B1F	Kanto	raid5	NA	NA	REPEATABLE	Wishing Piece to re-activate a spent den	3	Surge	UNK	NA	NA	NA	NA	5	NA	NA	Nugget,Big Nugget,Ultra Ball,Wishing Piece,Salac Berry,Heal Ball,Leppa Berry,PP Max,PP Max,Life Orb,Life Orb	FALSE	NA	data.js:areas[Rock Tunnel B1F].raid5[3]	Measured	NONE
raid_den	Iron Crown	1368	Rock Tunnel B1F	Kanto	raid5	NA	NA	REPEATABLE	Wishing Piece to re-activate a spent den	3	Surge	UNK	NA	NA	NA	NA	5	NA	NA	Nugget,Big Nugget,Ultra Ball,Wishing Piece,Salac Berry,Heal Ball,Leppa Berry,PP Max,PP Max,Life Orb,Life Orb	FALSE	NA	data.js:areas[Rock Tunnel B1F].raid5[3]	Measured	NONE
item_ground	Soothe Bell	184	Lavender Town Mr. Fuji's House	Kanto	item-standard	NA	NA	1	NA	3	Surge	UNK	NA	NA	NA	NA	NA	NA	NA	NA	TRUE	single placement	data.js:areas[Lavender Town Mr. Fuji's House].item-standard[3]	Measured	NONE
item_ground	TM30	318	Lavender Town Mr. Fuji's House	Kanto	item-standard	NA	NA	1	NA	3	Surge	UNK	NA	NA	NA	NA	NA	30	Shadow Ball	NA	TRUE	single placement	data.js:areas[Lavender Town Mr. Fuji's House].item-standard[3]	Measured	NONE
item_ground	Shed Shell	698	Lavender Town Mr. Fuji's House	Kanto	item-standard	NA	NA	1	NA	3	Surge	UNK	NA	NA	NA	NA	NA	NA	NA	NA	TRUE	single placement	data.js:areas[Lavender Town Mr. Fuji's House].item-standard[3]	Measured	NONE
item_ground	Poke Flute	350	Lavender Town Mr. Fuji's House	Kanto	item-standard	NA	NA	1	NA	6	Archer-2	UNK	NA	NA	NA	NA	NA	NA	NA	NA	TRUE	single placement	data.js:areas[Lavender Town Mr. Fuji's House].item-standard[6]	Measured	NONE
item_ground	Gengarite	541	Lavender Town Mr. Fuji's House	Kanto	item-standard	NA	NA	1	NA	8	Sabrina	UNK	NA	NA	NA	NA	NA	NA	NA	NA	TRUE	single placement	data.js:areas[Lavender Town Mr. Fuji's House].item-standard[8]	Measured	NONE
vendor_stock	Ultra Ball	2	Lavender Town Poke Mart	Kanto	item-shop	UNK	money	UNLIMITED	NA	3	Surge	UNK	NA	NA	NA	NA	NA	NA	NA	NA	FALSE	NA	data.js:areas[Lavender Town Poke Mart].item-shop[3]	Measured	NONE
vendor_stock	Great Ball	3	Lavender Town Poke Mart	Kanto	item-shop	UNK	money	UNLIMITED	NA	3	Surge	UNK	NA	NA	NA	NA	NA	NA	NA	NA	FALSE	NA	data.js:areas[Lavender Town Poke Mart].item-shop[3]	Measured	NONE
vendor_stock	Poke Ball	4	Lavender Town Poke Mart	Kanto	item-shop	UNK	money	UNLIMITED	NA	3	Surge	UNK	NA	NA	NA	NA	NA	NA	NA	NA	FALSE	NA	data.js:areas[Lavender Town Poke Mart].item-shop[3]	Measured	NONE
vendor_stock	Potion	13	Lavender Town Poke Mart	Kanto	item-shop	UNK	money	UNLIMITED	NA	3	Surge	UNK	NA	NA	NA	NA	NA	NA	NA	NA	FALSE	NA	data.js:areas[Lavender Town Poke Mart].item-shop[3]	Measured	NONE
vendor_stock	Antidote	14	Lavender Town Poke Mart	Kanto	item-shop	UNK	money	UNLIMITED	NA	3	Surge	UNK	NA	NA	NA	NA	NA	NA	NA	NA	FALSE	NA	data.js:areas[Lavender Town Poke Mart].item-shop[3]	Measured	NONE
vendor_stock	Burn Heal	15	Lavender Town Poke Mart	Kanto	item-shop	UNK	money	UNLIMITED	NA	3	Surge	UNK	NA	NA	NA	NA	NA	NA	NA	NA	FALSE	NA	data.js:areas[Lavender Town Poke Mart].item-shop[3]	Measured	NONE
vendor_stock	Ice Heal	16	Lavender Town Poke Mart	Kanto	item-shop	UNK	money	UNLIMITED	NA	3	Surge	UNK	NA	NA	NA	NA	NA	NA	NA	NA	FALSE	NA	data.js:areas[Lavender Town Poke Mart].item-shop[3]	Measured	NONE
vendor_stock	Awakening	17	Lavender Town Poke Mart	Kanto	item-shop	UNK	money	UNLIMITED	NA	3	Surge	UNK	NA	NA	NA	NA	NA	NA	NA	NA	FALSE	NA	data.js:areas[Lavender Town Poke Mart].item-shop[3]	Measured	NONE
vendor_stock	Paralyze Heal	18	Lavender Town Poke Mart	Kanto	item-shop	UNK	money	UNLIMITED	NA	3	Surge	UNK	NA	NA	NA	NA	NA	NA	NA	NA	FALSE	NA	data.js:areas[Lavender Town Poke Mart].item-shop[3]	Measured	NONE
vendor_stock	Full Restore	19	Lavender Town Poke Mart	Kanto	item-shop	UNK	money	UNLIMITED	NA	3	Surge	UNK	NA	NA	NA	NA	NA	NA	NA	NA	FALSE	NA	data.js:areas[Lavender Town Poke Mart].item-shop[3]	Measured	NONE
vendor_stock	Max Potion	20	Lavender Town Poke Mart	Kanto	item-shop	UNK	money	UNLIMITED	NA	3	Surge	UNK	NA	NA	NA	NA	NA	NA	NA	NA	FALSE	NA	data.js:areas[Lavender Town Poke Mart].item-shop[3]	Measured	NONE
vendor_stock	Hyper Potion	21	Lavender Town Poke Mart	Kanto	item-shop	UNK	money	UNLIMITED	NA	3	Surge	UNK	NA	NA	NA	NA	NA	NA	NA	NA	FALSE	NA	data.js:areas[Lavender Town Poke Mart].item-shop[3]	Measured	NONE
vendor_stock	Super Potion	22	Lavender Town Poke Mart	Kanto	item-shop	UNK	money	UNLIMITED	NA	3	Surge	UNK	NA	NA	NA	NA	NA	NA	NA	NA	FALSE	NA	data.js:areas[Lavender Town Poke Mart].item-shop[3]	Measured	NONE
vendor_stock	Full Heal	23	Lavender Town Poke Mart	Kanto	item-shop	UNK	money	UNLIMITED	NA	3	Surge	UNK	NA	NA	NA	NA	NA	NA	NA	NA	FALSE	NA	data.js:areas[Lavender Town Poke Mart].item-shop[3]	Measured	NONE
vendor_stock	Revive	24	Lavender Town Poke Mart	Kanto	item-shop	UNK	money	UNLIMITED	NA	3	Surge	UNK	NA	NA	NA	NA	NA	NA	NA	NA	FALSE	NA	data.js:areas[Lavender Town Poke Mart].item-shop[3]	Measured	NONE
vendor_stock	Super Repel	83	Lavender Town Poke Mart	Kanto	item-shop	UNK	money	UNLIMITED	NA	3	Surge	UNK	NA	NA	NA	NA	NA	NA	NA	NA	FALSE	NA	data.js:areas[Lavender Town Poke Mart].item-shop[3]	Measured	NONE
vendor_stock	Max Repel	84	Lavender Town Poke Mart	Kanto	item-shop	UNK	money	UNLIMITED	NA	3	Surge	UNK	NA	NA	NA	NA	NA	NA	NA	NA	FALSE	NA	data.js:areas[Lavender Town Poke Mart].item-shop[3]	Measured	NONE
vendor_stock	Escape Rope	85	Lavender Town Poke Mart	Kanto	item-shop	UNK	money	UNLIMITED	NA	3	Surge	UNK	NA	NA	NA	NA	NA	NA	NA	NA	FALSE	NA	data.js:areas[Lavender Town Poke Mart].item-shop[3]	Measured	NONE
vendor_stock	Repel	86	Lavender Town Poke Mart	Kanto	item-shop	UNK	money	UNLIMITED	NA	3	Surge	UNK	NA	NA	NA	NA	NA	NA	NA	NA	FALSE	NA	data.js:areas[Lavender Town Poke Mart].item-shop[3]	Measured	NONE
wild_encounter	Haunter	93	Pokemon Tower 3F	Kanto	wild-day	NA	NA	REPEATABLE	NA	3	Surge	UNK	20	45	47	0	NA	NA	NA	NA	FALSE	NA	data.js:areas[Pokemon Tower 3F].wild-day[3]	Measured	rate Asserted from the locations sheet
wild_encounter	Cofagrigus	616	Pokemon Tower 3F	Kanto	wild-day	NA	NA	REPEATABLE	NA	3	Surge	UNK	20	45	47	1	NA	NA	NA	NA	FALSE	NA	data.js:areas[Pokemon Tower 3F].wild-day[3]	Measured	rate Asserted from the locations sheet
wild_encounter	Dusclops	362	Pokemon Tower 3F	Kanto	wild-day	NA	NA	REPEATABLE	NA	3	Surge	UNK	10	45	47	2	NA	NA	NA	NA	FALSE	NA	data.js:areas[Pokemon Tower 3F].wild-day[3]	Measured	rate Asserted from the locations sheet
wild_encounter	Mismagius	482	Pokemon Tower 3F	Kanto	wild-day	NA	NA	REPEATABLE	NA	3	Surge	UNK	10	45	47	3	NA	NA	NA	NA	FALSE	NA	data.js:areas[Pokemon Tower 3F].wild-day[3]	Measured	rate Asserted from the locations sheet
wild_encounter	Mismagius	482	Pokemon Tower 3F	Kanto	wild-day	NA	NA	REPEATABLE	NA	3	Surge	UNK	10	45	47	4	NA	NA	NA	NA	FALSE	NA	data.js:areas[Pokemon Tower 3F].wild-day[3]	Measured	rate Asserted from the locations sheet
wild_encounter	Cubone	104	Pokemon Tower 3F	Kanto	wild-day	NA	NA	REPEATABLE	NA	3	Surge	UNK	10	45	47	5	NA	NA	NA	NA	FALSE	NA	data.js:areas[Pokemon Tower 3F].wild-day[3]	Measured	rate Asserted from the locations sheet
wild_encounter	Spiritomb	495	Pokemon Tower 3F	Kanto	wild-day	NA	NA	REPEATABLE	NA	3	Surge	UNK	5	45	47	6	NA	NA	NA	NA	FALSE	NA	data.js:areas[Pokemon Tower 3F].wild-day[3]	Measured	rate Asserted from the locations sheet
wild_encounter	Sableye	322	Pokemon Tower 3F	Kanto	wild-day	NA	NA	REPEATABLE	NA	3	Surge	UNK	5	45	47	7	NA	NA	NA	NA	FALSE	NA	data.js:areas[Pokemon Tower 3F].wild-day[3]	Measured	rate Asserted from the locations sheet
wild_encounter	Polteageist	1147	Pokemon Tower 3F	Kanto	wild-day	NA	NA	REPEATABLE	NA	3	Surge	UNK	4	45	47	8	NA	NA	NA	NA	FALSE	NA	data.js:areas[Pokemon Tower 3F].wild-day[3]	Measured	rate Asserted from the locations sheet
wild_encounter	Polteageist	1147	Pokemon Tower 3F	Kanto	wild-day	NA	NA	REPEATABLE	NA	3	Surge	UNK	4	45	47	9	NA	NA	NA	NA	FALSE	NA	data.js:areas[Pokemon Tower 3F].wild-day[3]	Measured	rate Asserted from the locations sheet
wild_encounter	Lampent	661	Pokemon Tower 3F	Kanto	wild-day	NA	NA	REPEATABLE	NA	3	Surge	UNK	1	45	47	10	NA	NA	NA	NA	FALSE	NA	data.js:areas[Pokemon Tower 3F].wild-day[3]	Measured	rate Asserted from the locations sheet
wild_encounter	Lampent	661	Pokemon Tower 3F	Kanto	wild-day	NA	NA	REPEATABLE	NA	3	Surge	UNK	1	45	47	11	NA	NA	NA	NA	FALSE	NA	data.js:areas[Pokemon Tower 3F].wild-day[3]	Measured	rate Asserted from the locations sheet
wild_encounter	Haunter	93	Pokemon Tower 3F	Kanto	wild-night	NA	NA	REPEATABLE	NA	3	Surge	UNK	20	45	47	0	NA	NA	NA	NA	FALSE	NA	data.js:areas[Pokemon Tower 3F].wild-night[3]	Measured	rate Asserted from the locations sheet
wild_encounter	Runerigus	1159	Pokemon Tower 3F	Kanto	wild-night	NA	NA	REPEATABLE	NA	3	Surge	UNK	20	45	47	1	NA	NA	NA	NA	FALSE	NA	data.js:areas[Pokemon Tower 3F].wild-night[3]	Measured	rate Asserted from the locations sheet
wild_encounter	Dusclops	362	Pokemon Tower 3F	Kanto	wild-night	NA	NA	REPEATABLE	NA	3	Surge	UNK	10	45	47	2	NA	NA	NA	NA	FALSE	NA	data.js:areas[Pokemon Tower 3F].wild-night[3]	Measured	rate Asserted from the locations sheet
wild_encounter	Mismagius	482	Pokemon Tower 3F	Kanto	wild-night	NA	NA	REPEATABLE	NA	3	Surge	UNK	10	45	47	3	NA	NA	NA	NA	FALSE	NA	data.js:areas[Pokemon Tower 3F].wild-night[3]	Measured	rate Asserted from the locations sheet
wild_encounter	Mismagius	482	Pokemon Tower 3F	Kanto	wild-night	NA	NA	REPEATABLE	NA	3	Surge	UNK	10	45	47	4	NA	NA	NA	NA	FALSE	NA	data.js:areas[Pokemon Tower 3F].wild-night[3]	Measured	rate Asserted from the locations sheet
wild_encounter	Cubone	104	Pokemon Tower 3F	Kanto	wild-night	NA	NA	REPEATABLE	NA	3	Surge	UNK	10	45	47	5	NA	NA	NA	NA	FALSE	NA	data.js:areas[Pokemon Tower 3F].wild-night[3]	Measured	rate Asserted from the locations sheet
wild_encounter	Spiritomb	495	Pokemon Tower 3F	Kanto	wild-night	NA	NA	REPEATABLE	NA	3	Surge	UNK	5	45	47	6	NA	NA	NA	NA	FALSE	NA	data.js:areas[Pokemon Tower 3F].wild-night[3]	Measured	rate Asserted from the locations sheet
wild_encounter	Sableye	322	Pokemon Tower 3F	Kanto	wild-night	NA	NA	REPEATABLE	NA	3	Surge	UNK	5	45	47	7	NA	NA	NA	NA	FALSE	NA	data.js:areas[Pokemon Tower 3F].wild-night[3]	Measured	rate Asserted from the locations sheet
wild_encounter	Polteageist	1147	Pokemon Tower 3F	Kanto	wild-night	NA	NA	REPEATABLE	NA	3	Surge	UNK	4	45	47	8	NA	NA	NA	NA	FALSE	NA	data.js:areas[Pokemon Tower 3F].wild-night[3]	Measured	rate Asserted from the locations sheet
wild_encounter	Polteageist	1147	Pokemon Tower 3F	Kanto	wild-night	NA	NA	REPEATABLE	NA	3	Surge	UNK	4	45	47	9	NA	NA	NA	NA	FALSE	NA	data.js:areas[Pokemon Tower 3F].wild-night[3]	Measured	rate Asserted from the locations sheet
wild_encounter	Lampent	661	Pokemon Tower 3F	Kanto	wild-night	NA	NA	REPEATABLE	NA	3	Surge	UNK	1	45	47	10	NA	NA	NA	NA	FALSE	NA	data.js:areas[Pokemon Tower 3F].wild-night[3]	Measured	rate Asserted from the locations sheet
wild_encounter	Lampent	661	Pokemon Tower 3F	Kanto	wild-night	NA	NA	REPEATABLE	NA	3	Surge	UNK	1	45	47	11	NA	NA	NA	NA	FALSE	NA	data.js:areas[Pokemon Tower 3F].wild-night[3]	Measured	rate Asserted from the locations sheet
item_ground	Sablenite	558	Pokemon Tower 3F	Kanto	item-standard	NA	NA	1	NA	3	Surge	UNK	NA	NA	NA	NA	NA	NA	NA	NA	TRUE	single placement	data.js:areas[Pokemon Tower 3F].item-standard[3]	Measured	NONE
wild_encounter	Haunter	93	Pokemon Tower 4F	Kanto	wild-day	NA	NA	REPEATABLE	NA	3	Surge	UNK	20	45	47	0	NA	NA	NA	NA	FALSE	NA	data.js:areas[Pokemon Tower 4F].wild-day[3]	Measured	rate Asserted from the locations sheet
wild_encounter	Cofagrigus	616	Pokemon Tower 4F	Kanto	wild-day	NA	NA	REPEATABLE	NA	3	Surge	UNK	20	45	47	1	NA	NA	NA	NA	FALSE	NA	data.js:areas[Pokemon Tower 4F].wild-day[3]	Measured	rate Asserted from the locations sheet
wild_encounter	Dusclops	362	Pokemon Tower 4F	Kanto	wild-day	NA	NA	REPEATABLE	NA	3	Surge	UNK	10	45	47	2	NA	NA	NA	NA	FALSE	NA	data.js:areas[Pokemon Tower 4F].wild-day[3]	Measured	rate Asserted from the locations sheet
wild_encounter	Mismagius	482	Pokemon Tower 4F	Kanto	wild-day	NA	NA	REPEATABLE	NA	3	Surge	UNK	10	45	47	3	NA	NA	NA	NA	FALSE	NA	data.js:areas[Pokemon Tower 4F].wild-day[3]	Measured	rate Asserted from the locations sheet
wild_encounter	Mismagius	482	Pokemon Tower 4F	Kanto	wild-day	NA	NA	REPEATABLE	NA	3	Surge	UNK	10	45	47	4	NA	NA	NA	NA	FALSE	NA	data.js:areas[Pokemon Tower 4F].wild-day[3]	Measured	rate Asserted from the locations sheet
wild_encounter	Cubone	104	Pokemon Tower 4F	Kanto	wild-day	NA	NA	REPEATABLE	NA	3	Surge	UNK	10	45	47	5	NA	NA	NA	NA	FALSE	NA	data.js:areas[Pokemon Tower 4F].wild-day[3]	Measured	rate Asserted from the locations sheet
wild_encounter	Spiritomb	495	Pokemon Tower 4F	Kanto	wild-day	NA	NA	REPEATABLE	NA	3	Surge	UNK	5	45	47	6	NA	NA	NA	NA	FALSE	NA	data.js:areas[Pokemon Tower 4F].wild-day[3]	Measured	rate Asserted from the locations sheet
wild_encounter	Sableye	322	Pokemon Tower 4F	Kanto	wild-day	NA	NA	REPEATABLE	NA	3	Surge	UNK	5	45	47	7	NA	NA	NA	NA	FALSE	NA	data.js:areas[Pokemon Tower 4F].wild-day[3]	Measured	rate Asserted from the locations sheet
wild_encounter	Houndstone	860	Pokemon Tower 4F	Kanto	wild-day	NA	NA	REPEATABLE	NA	3	Surge	UNK	4	45	47	8	NA	NA	NA	NA	FALSE	NA	data.js:areas[Pokemon Tower 4F].wild-day[3]	Measured	rate Asserted from the locations sheet
wild_encounter	Houndstone	860	Pokemon Tower 4F	Kanto	wild-day	NA	NA	REPEATABLE	NA	3	Surge	UNK	4	45	47	9	NA	NA	NA	NA	FALSE	NA	data.js:areas[Pokemon Tower 4F].wild-day[3]	Measured	rate Asserted from the locations sheet
wild_encounter	Lampent	661	Pokemon Tower 4F	Kanto	wild-day	NA	NA	REPEATABLE	NA	3	Surge	UNK	1	45	47	10	NA	NA	NA	NA	FALSE	NA	data.js:areas[Pokemon Tower 4F].wild-day[3]	Measured	rate Asserted from the locations sheet
wild_encounter	Lampent	661	Pokemon Tower 4F	Kanto	wild-day	NA	NA	REPEATABLE	NA	3	Surge	UNK	1	45	47	11	NA	NA	NA	NA	FALSE	NA	data.js:areas[Pokemon Tower 4F].wild-day[3]	Measured	rate Asserted from the locations sheet
wild_encounter	Haunter	93	Pokemon Tower 4F	Kanto	wild-night	NA	NA	REPEATABLE	NA	3	Surge	UNK	20	45	47	0	NA	NA	NA	NA	FALSE	NA	data.js:areas[Pokemon Tower 4F].wild-night[3]	Measured	rate Asserted from the locations sheet
wild_encounter	Runerigus	1159	Pokemon Tower 4F	Kanto	wild-night	NA	NA	REPEATABLE	NA	3	Surge	UNK	20	45	47	1	NA	NA	NA	NA	FALSE	NA	data.js:areas[Pokemon Tower 4F].wild-night[3]	Measured	rate Asserted from the locations sheet
wild_encounter	Dusclops	362	Pokemon Tower 4F	Kanto	wild-night	NA	NA	REPEATABLE	NA	3	Surge	UNK	10	45	47	2	NA	NA	NA	NA	FALSE	NA	data.js:areas[Pokemon Tower 4F].wild-night[3]	Measured	rate Asserted from the locations sheet
wild_encounter	Mismagius	482	Pokemon Tower 4F	Kanto	wild-night	NA	NA	REPEATABLE	NA	3	Surge	UNK	10	45	47	3	NA	NA	NA	NA	FALSE	NA	data.js:areas[Pokemon Tower 4F].wild-night[3]	Measured	rate Asserted from the locations sheet
wild_encounter	Mismagius	482	Pokemon Tower 4F	Kanto	wild-night	NA	NA	REPEATABLE	NA	3	Surge	UNK	10	45	47	4	NA	NA	NA	NA	FALSE	NA	data.js:areas[Pokemon Tower 4F].wild-night[3]	Measured	rate Asserted from the locations sheet
wild_encounter	Cubone	104	Pokemon Tower 4F	Kanto	wild-night	NA	NA	REPEATABLE	NA	3	Surge	UNK	10	45	47	5	NA	NA	NA	NA	FALSE	NA	data.js:areas[Pokemon Tower 4F].wild-night[3]	Measured	rate Asserted from the locations sheet
wild_encounter	Spiritomb	495	Pokemon Tower 4F	Kanto	wild-night	NA	NA	REPEATABLE	NA	3	Surge	UNK	5	45	47	6	NA	NA	NA	NA	FALSE	NA	data.js:areas[Pokemon Tower 4F].wild-night[3]	Measured	rate Asserted from the locations sheet
wild_encounter	Sableye	322	Pokemon Tower 4F	Kanto	wild-night	NA	NA	REPEATABLE	NA	3	Surge	UNK	5	45	47	7	NA	NA	NA	NA	FALSE	NA	data.js:areas[Pokemon Tower 4F].wild-night[3]	Measured	rate Asserted from the locations sheet
wild_encounter	Houndstone	860	Pokemon Tower 4F	Kanto	wild-night	NA	NA	REPEATABLE	NA	3	Surge	UNK	4	45	47	8	NA	NA	NA	NA	FALSE	NA	data.js:areas[Pokemon Tower 4F].wild-night[3]	Measured	rate Asserted from the locations sheet
wild_encounter	Houndstone	860	Pokemon Tower 4F	Kanto	wild-night	NA	NA	REPEATABLE	NA	3	Surge	UNK	4	45	47	9	NA	NA	NA	NA	FALSE	NA	data.js:areas[Pokemon Tower 4F].wild-night[3]	Measured	rate Asserted from the locations sheet
wild_encounter	Lampent	661	Pokemon Tower 4F	Kanto	wild-night	NA	NA	REPEATABLE	NA	3	Surge	UNK	1	45	47	10	NA	NA	NA	NA	FALSE	NA	data.js:areas[Pokemon Tower 4F].wild-night[3]	Measured	rate Asserted from the locations sheet
wild_encounter	Lampent	661	Pokemon Tower 4F	Kanto	wild-night	NA	NA	REPEATABLE	NA	3	Surge	UNK	1	45	47	11	NA	NA	NA	NA	FALSE	NA	data.js:areas[Pokemon Tower 4F].wild-night[3]	Measured	rate Asserted from the locations sheet
item_ground	Great Ball	3	Pokemon Tower 4F	Kanto	item-standard	NA	NA	10	NA	3	Surge	UNK	NA	NA	NA	NA	NA	NA	NA	NA	TRUE	single placement	data.js:areas[Pokemon Tower 4F].item-standard[3]	Asserted	 quantity from the official item sheet
item_ground	Awakening	17	Pokemon Tower 4F	Kanto	item-standard	NA	NA	1	NA	3	Surge	UNK	NA	NA	NA	NA	NA	NA	NA	NA	TRUE	single placement	data.js:areas[Pokemon Tower 4F].item-standard[3]	Measured	NONE
item_ground	Elixir	36	Pokemon Tower 4F	Kanto	item-standard	NA	NA	1	NA	3	Surge	UNK	NA	NA	NA	NA	NA	NA	NA	NA	TRUE	single placement	data.js:areas[Pokemon Tower 4F].item-standard[3]	Measured	NONE
wild_encounter	Haunter	93	Pokemon Tower 5F	Kanto	wild-day	NA	NA	REPEATABLE	NA	3	Surge	UNK	20	45	47	0	NA	NA	NA	NA	FALSE	NA	data.js:areas[Pokemon Tower 5F].wild-day[3]	Measured	rate Asserted from the locations sheet
wild_encounter	Cofagrigus	616	Pokemon Tower 5F	Kanto	wild-day	NA	NA	REPEATABLE	NA	3	Surge	UNK	20	45	47	1	NA	NA	NA	NA	FALSE	NA	data.js:areas[Pokemon Tower 5F].wild-day[3]	Measured	rate Asserted from the locations sheet
wild_encounter	Dusclops	362	Pokemon Tower 5F	Kanto	wild-day	NA	NA	REPEATABLE	NA	3	Surge	UNK	10	45	47	2	NA	NA	NA	NA	FALSE	NA	data.js:areas[Pokemon Tower 5F].wild-day[3]	Measured	rate Asserted from the locations sheet
wild_encounter	Mismagius	482	Pokemon Tower 5F	Kanto	wild-day	NA	NA	REPEATABLE	NA	3	Surge	UNK	10	45	47	3	NA	NA	NA	NA	FALSE	NA	data.js:areas[Pokemon Tower 5F].wild-day[3]	Measured	rate Asserted from the locations sheet
wild_encounter	Mismagius	482	Pokemon Tower 5F	Kanto	wild-day	NA	NA	REPEATABLE	NA	3	Surge	UNK	10	45	47	4	NA	NA	NA	NA	FALSE	NA	data.js:areas[Pokemon Tower 5F].wild-day[3]	Measured	rate Asserted from the locations sheet
wild_encounter	Cubone	104	Pokemon Tower 5F	Kanto	wild-day	NA	NA	REPEATABLE	NA	3	Surge	UNK	10	45	47	5	NA	NA	NA	NA	FALSE	NA	data.js:areas[Pokemon Tower 5F].wild-day[3]	Measured	rate Asserted from the locations sheet
wild_encounter	Spiritomb	495	Pokemon Tower 5F	Kanto	wild-day	NA	NA	REPEATABLE	NA	3	Surge	UNK	5	45	47	6	NA	NA	NA	NA	FALSE	NA	data.js:areas[Pokemon Tower 5F].wild-day[3]	Measured	rate Asserted from the locations sheet
wild_encounter	Sableye	322	Pokemon Tower 5F	Kanto	wild-day	NA	NA	REPEATABLE	NA	3	Surge	UNK	5	45	47	7	NA	NA	NA	NA	FALSE	NA	data.js:areas[Pokemon Tower 5F].wild-day[3]	Measured	rate Asserted from the locations sheet
wild_encounter	Polteageist	1147	Pokemon Tower 5F	Kanto	wild-day	NA	NA	REPEATABLE	NA	3	Surge	UNK	4	45	47	8	NA	NA	NA	NA	FALSE	NA	data.js:areas[Pokemon Tower 5F].wild-day[3]	Measured	rate Asserted from the locations sheet
wild_encounter	Polteageist	1147	Pokemon Tower 5F	Kanto	wild-day	NA	NA	REPEATABLE	NA	3	Surge	UNK	4	45	47	9	NA	NA	NA	NA	FALSE	NA	data.js:areas[Pokemon Tower 5F].wild-day[3]	Measured	rate Asserted from the locations sheet
wild_encounter	Lampent	661	Pokemon Tower 5F	Kanto	wild-day	NA	NA	REPEATABLE	NA	3	Surge	UNK	1	45	47	10	NA	NA	NA	NA	FALSE	NA	data.js:areas[Pokemon Tower 5F].wild-day[3]	Measured	rate Asserted from the locations sheet
wild_encounter	Lampent	661	Pokemon Tower 5F	Kanto	wild-day	NA	NA	REPEATABLE	NA	3	Surge	UNK	1	45	47	11	NA	NA	NA	NA	FALSE	NA	data.js:areas[Pokemon Tower 5F].wild-day[3]	Measured	rate Asserted from the locations sheet
wild_encounter	Haunter	93	Pokemon Tower 5F	Kanto	wild-night	NA	NA	REPEATABLE	NA	3	Surge	UNK	20	45	47	0	NA	NA	NA	NA	FALSE	NA	data.js:areas[Pokemon Tower 5F].wild-night[3]	Measured	rate Asserted from the locations sheet
wild_encounter	Runerigus	1159	Pokemon Tower 5F	Kanto	wild-night	NA	NA	REPEATABLE	NA	3	Surge	UNK	20	45	47	1	NA	NA	NA	NA	FALSE	NA	data.js:areas[Pokemon Tower 5F].wild-night[3]	Measured	rate Asserted from the locations sheet
wild_encounter	Dusclops	362	Pokemon Tower 5F	Kanto	wild-night	NA	NA	REPEATABLE	NA	3	Surge	UNK	10	45	47	2	NA	NA	NA	NA	FALSE	NA	data.js:areas[Pokemon Tower 5F].wild-night[3]	Measured	rate Asserted from the locations sheet
wild_encounter	Mismagius	482	Pokemon Tower 5F	Kanto	wild-night	NA	NA	REPEATABLE	NA	3	Surge	UNK	10	45	47	3	NA	NA	NA	NA	FALSE	NA	data.js:areas[Pokemon Tower 5F].wild-night[3]	Measured	rate Asserted from the locations sheet
wild_encounter	Mismagius	482	Pokemon Tower 5F	Kanto	wild-night	NA	NA	REPEATABLE	NA	3	Surge	UNK	10	45	47	4	NA	NA	NA	NA	FALSE	NA	data.js:areas[Pokemon Tower 5F].wild-night[3]	Measured	rate Asserted from the locations sheet
wild_encounter	Cubone	104	Pokemon Tower 5F	Kanto	wild-night	NA	NA	REPEATABLE	NA	3	Surge	UNK	10	45	47	5	NA	NA	NA	NA	FALSE	NA	data.js:areas[Pokemon Tower 5F].wild-night[3]	Measured	rate Asserted from the locations sheet
wild_encounter	Spiritomb	495	Pokemon Tower 5F	Kanto	wild-night	NA	NA	REPEATABLE	NA	3	Surge	UNK	5	45	47	6	NA	NA	NA	NA	FALSE	NA	data.js:areas[Pokemon Tower 5F].wild-night[3]	Measured	rate Asserted from the locations sheet
wild_encounter	Sableye	322	Pokemon Tower 5F	Kanto	wild-night	NA	NA	REPEATABLE	NA	3	Surge	UNK	5	45	47	7	NA	NA	NA	NA	FALSE	NA	data.js:areas[Pokemon Tower 5F].wild-night[3]	Measured	rate Asserted from the locations sheet
wild_encounter	Polteageist	1147	Pokemon Tower 5F	Kanto	wild-night	NA	NA	REPEATABLE	NA	3	Surge	UNK	4	45	47	8	NA	NA	NA	NA	FALSE	NA	data.js:areas[Pokemon Tower 5F].wild-night[3]	Measured	rate Asserted from the locations sheet
wild_encounter	Polteageist	1147	Pokemon Tower 5F	Kanto	wild-night	NA	NA	REPEATABLE	NA	3	Surge	UNK	4	45	47	9	NA	NA	NA	NA	FALSE	NA	data.js:areas[Pokemon Tower 5F].wild-night[3]	Measured	rate Asserted from the locations sheet
wild_encounter	Lampent	661	Pokemon Tower 5F	Kanto	wild-night	NA	NA	REPEATABLE	NA	3	Surge	UNK	1	45	47	10	NA	NA	NA	NA	FALSE	NA	data.js:areas[Pokemon Tower 5F].wild-night[3]	Measured	rate Asserted from the locations sheet
wild_encounter	Lampent	661	Pokemon Tower 5F	Kanto	wild-night	NA	NA	REPEATABLE	NA	3	Surge	UNK	1	45	47	11	NA	NA	NA	NA	FALSE	NA	data.js:areas[Pokemon Tower 5F].wild-night[3]	Measured	rate Asserted from the locations sheet
item_ground	Nugget	110	Pokemon Tower 5F	Kanto	item-standard	NA	NA	10	NA	3	Surge	UNK	NA	NA	NA	NA	NA	NA	NA	NA	TRUE	single placement	data.js:areas[Pokemon Tower 5F].item-standard[3]	Asserted	 quantity from the official item sheet
item_ground	Cleanse Tag	190	Pokemon Tower 5F	Kanto	item-standard	NA	NA	10	NA	3	Surge	UNK	NA	NA	NA	NA	NA	NA	NA	NA	TRUE	single placement	data.js:areas[Pokemon Tower 5F].item-standard[3]	Asserted	 quantity from the official item sheet
item_hidden	Big Mushroom	104	Pokemon Tower 5F	Kanto	item-hidden	NA	NA	10	NA	3	Surge	UNK	NA	NA	NA	NA	NA	NA	NA	NA	TRUE	single placement	data.js:areas[Pokemon Tower 5F].item-hidden[3]	Asserted	 quantity from the official item sheet
wild_encounter	Haunter	93	Pokemon Tower 6F	Kanto	wild-day	NA	NA	REPEATABLE	NA	3	Surge	UNK	20	45	47	0	NA	NA	NA	NA	FALSE	NA	data.js:areas[Pokemon Tower 6F].wild-day[3]	Measured	rate Asserted from the locations sheet
wild_encounter	Cofagrigus	616	Pokemon Tower 6F	Kanto	wild-day	NA	NA	REPEATABLE	NA	3	Surge	UNK	20	45	47	1	NA	NA	NA	NA	FALSE	NA	data.js:areas[Pokemon Tower 6F].wild-day[3]	Measured	rate Asserted from the locations sheet
wild_encounter	Dusclops	362	Pokemon Tower 6F	Kanto	wild-day	NA	NA	REPEATABLE	NA	3	Surge	UNK	10	45	47	2	NA	NA	NA	NA	FALSE	NA	data.js:areas[Pokemon Tower 6F].wild-day[3]	Measured	rate Asserted from the locations sheet
wild_encounter	Annihilape	937	Pokemon Tower 6F	Kanto	wild-day	NA	NA	REPEATABLE	NA	3	Surge	UNK	10	45	47	3	NA	NA	NA	NA	FALSE	NA	data.js:areas[Pokemon Tower 6F].wild-day[3]	Measured	rate Asserted from the locations sheet
wild_encounter	Annihilape	937	Pokemon Tower 6F	Kanto	wild-day	NA	NA	REPEATABLE	NA	3	Surge	UNK	10	45	47	4	NA	NA	NA	NA	FALSE	NA	data.js:areas[Pokemon Tower 6F].wild-day[3]	Measured	rate Asserted from the locations sheet
wild_encounter	Cubone	104	Pokemon Tower 6F	Kanto	wild-day	NA	NA	REPEATABLE	NA	3	Surge	UNK	10	45	47	5	NA	NA	NA	NA	FALSE	NA	data.js:areas[Pokemon Tower 6F].wild-day[3]	Measured	rate Asserted from the locations sheet
wild_encounter	Spiritomb	495	Pokemon Tower 6F	Kanto	wild-day	NA	NA	REPEATABLE	NA	3	Surge	UNK	5	45	47	6	NA	NA	NA	NA	FALSE	NA	data.js:areas[Pokemon Tower 6F].wild-day[3]	Measured	rate Asserted from the locations sheet
wild_encounter	Sableye	322	Pokemon Tower 6F	Kanto	wild-day	NA	NA	REPEATABLE	NA	3	Surge	UNK	5	45	47	7	NA	NA	NA	NA	FALSE	NA	data.js:areas[Pokemon Tower 6F].wild-day[3]	Measured	rate Asserted from the locations sheet
wild_encounter	Polteageist	1147	Pokemon Tower 6F	Kanto	wild-day	NA	NA	REPEATABLE	NA	3	Surge	UNK	4	45	47	8	NA	NA	NA	NA	FALSE	NA	data.js:areas[Pokemon Tower 6F].wild-day[3]	Measured	rate Asserted from the locations sheet
wild_encounter	Polteageist	1147	Pokemon Tower 6F	Kanto	wild-day	NA	NA	REPEATABLE	NA	3	Surge	UNK	4	45	47	9	NA	NA	NA	NA	FALSE	NA	data.js:areas[Pokemon Tower 6F].wild-day[3]	Measured	rate Asserted from the locations sheet
wild_encounter	Lampent	661	Pokemon Tower 6F	Kanto	wild-day	NA	NA	REPEATABLE	NA	3	Surge	UNK	1	45	47	10	NA	NA	NA	NA	FALSE	NA	data.js:areas[Pokemon Tower 6F].wild-day[3]	Measured	rate Asserted from the locations sheet
wild_encounter	Lampent	661	Pokemon Tower 6F	Kanto	wild-day	NA	NA	REPEATABLE	NA	3	Surge	UNK	1	45	47	11	NA	NA	NA	NA	FALSE	NA	data.js:areas[Pokemon Tower 6F].wild-day[3]	Measured	rate Asserted from the locations sheet
wild_encounter	Haunter	93	Pokemon Tower 6F	Kanto	wild-night	NA	NA	REPEATABLE	NA	3	Surge	UNK	20	45	47	0	NA	NA	NA	NA	FALSE	NA	data.js:areas[Pokemon Tower 6F].wild-night[3]	Measured	rate Asserted from the locations sheet
wild_encounter	Runerigus	1159	Pokemon Tower 6F	Kanto	wild-night	NA	NA	REPEATABLE	NA	3	Surge	UNK	20	45	47	1	NA	NA	NA	NA	FALSE	NA	data.js:areas[Pokemon Tower 6F].wild-night[3]	Measured	rate Asserted from the locations sheet
wild_encounter	Dusclops	362	Pokemon Tower 6F	Kanto	wild-night	NA	NA	REPEATABLE	NA	3	Surge	UNK	10	45	47	2	NA	NA	NA	NA	FALSE	NA	data.js:areas[Pokemon Tower 6F].wild-night[3]	Measured	rate Asserted from the locations sheet
wild_encounter	Annihilape	937	Pokemon Tower 6F	Kanto	wild-night	NA	NA	REPEATABLE	NA	3	Surge	UNK	10	45	47	3	NA	NA	NA	NA	FALSE	NA	data.js:areas[Pokemon Tower 6F].wild-night[3]	Measured	rate Asserted from the locations sheet
wild_encounter	Annihilape	937	Pokemon Tower 6F	Kanto	wild-night	NA	NA	REPEATABLE	NA	3	Surge	UNK	10	45	47	4	NA	NA	NA	NA	FALSE	NA	data.js:areas[Pokemon Tower 6F].wild-night[3]	Measured	rate Asserted from the locations sheet
wild_encounter	Cubone	104	Pokemon Tower 6F	Kanto	wild-night	NA	NA	REPEATABLE	NA	3	Surge	UNK	10	45	47	5	NA	NA	NA	NA	FALSE	NA	data.js:areas[Pokemon Tower 6F].wild-night[3]	Measured	rate Asserted from the locations sheet
wild_encounter	Spiritomb	495	Pokemon Tower 6F	Kanto	wild-night	NA	NA	REPEATABLE	NA	3	Surge	UNK	5	45	47	6	NA	NA	NA	NA	FALSE	NA	data.js:areas[Pokemon Tower 6F].wild-night[3]	Measured	rate Asserted from the locations sheet
wild_encounter	Sableye	322	Pokemon Tower 6F	Kanto	wild-night	NA	NA	REPEATABLE	NA	3	Surge	UNK	5	45	47	7	NA	NA	NA	NA	FALSE	NA	data.js:areas[Pokemon Tower 6F].wild-night[3]	Measured	rate Asserted from the locations sheet
wild_encounter	Polteageist	1147	Pokemon Tower 6F	Kanto	wild-night	NA	NA	REPEATABLE	NA	3	Surge	UNK	4	45	47	8	NA	NA	NA	NA	FALSE	NA	data.js:areas[Pokemon Tower 6F].wild-night[3]	Measured	rate Asserted from the locations sheet
wild_encounter	Polteageist	1147	Pokemon Tower 6F	Kanto	wild-night	NA	NA	REPEATABLE	NA	3	Surge	UNK	4	45	47	9	NA	NA	NA	NA	FALSE	NA	data.js:areas[Pokemon Tower 6F].wild-night[3]	Measured	rate Asserted from the locations sheet
wild_encounter	Lampent	661	Pokemon Tower 6F	Kanto	wild-night	NA	NA	REPEATABLE	NA	3	Surge	UNK	1	45	47	10	NA	NA	NA	NA	FALSE	NA	data.js:areas[Pokemon Tower 6F].wild-night[3]	Measured	rate Asserted from the locations sheet
wild_encounter	Lampent	661	Pokemon Tower 6F	Kanto	wild-night	NA	NA	REPEATABLE	NA	3	Surge	UNK	1	45	47	11	NA	NA	NA	NA	FALSE	NA	data.js:areas[Pokemon Tower 6F].wild-night[3]	Measured	rate Asserted from the locations sheet
item_ground	Rare Candy	68	Pokemon Tower 6F	Kanto	item-standard	NA	NA	1	NA	3	Surge	UNK	NA	NA	NA	NA	NA	NA	NA	NA	TRUE	single placement	data.js:areas[Pokemon Tower 6F].item-standard[3]	Measured	NONE
item_ground	Reaper Cloth	92	Pokemon Tower 6F	Kanto	item-standard	NA	NA	1	NA	3	Surge	UNK	NA	NA	NA	NA	NA	NA	NA	NA	TRUE	single placement	data.js:areas[Pokemon Tower 6F].item-standard[3]	Measured	NONE
item_ground	Thick Club	224	Pokemon Tower 6F	Kanto	item-standard	NA	NA	10	NA	3	Surge	UNK	NA	NA	NA	NA	NA	NA	NA	NA	TRUE	single placement	data.js:areas[Pokemon Tower 6F].item-standard[3]	Asserted	 quantity from the official item sheet
item_ground	TM61	386	Pokemon Tower 6F	Kanto	item-standard	NA	NA	1	NA	3	Surge	UNK	NA	NA	NA	NA	NA	61	Will-O-Wisp	NA	TRUE	single placement	data.js:areas[Pokemon Tower 6F].item-standard[3]	Measured	NONE
wild_encounter	Sneasel	215	Route 12	Kanto	wild-day	NA	NA	REPEATABLE	NA	9	Koga	UNK	20	50	52	0	NA	NA	NA	NA	FALSE	NA	data.js:areas[Route 12].wild-day[9]	Measured	rate Asserted from the locations sheet
wild_encounter	Dewgong	87	Route 12	Kanto	wild-day	NA	NA	REPEATABLE	NA	9	Koga	UNK	20	50	52	1	NA	NA	NA	NA	FALSE	NA	data.js:areas[Route 12].wild-day[9]	Measured	rate Asserted from the locations sheet
wild_encounter	Walrein	343	Route 12	Kanto	wild-day	NA	NA	REPEATABLE	NA	9	Koga	UNK	10	50	52	2	NA	NA	NA	NA	FALSE	NA	data.js:areas[Route 12].wild-day[9]	Measured	rate Asserted from the locations sheet
wild_encounter	Glalie	347	Route 12	Kanto	wild-day	NA	NA	REPEATABLE	NA	9	Koga	UNK	10	50	52	3	NA	NA	NA	NA	FALSE	NA	data.js:areas[Route 12].wild-day[9]	Measured	rate Asserted from the locations sheet
wild_encounter	Throh	591	Route 12	Kanto	wild-day	NA	NA	REPEATABLE	NA	9	Koga	UNK	10	50	52	4	NA	NA	NA	NA	FALSE	NA	data.js:areas[Route 12].wild-day[9]	Measured	rate Asserted from the locations sheet
wild_encounter	Cetitan	1333	Route 12	Kanto	wild-day	NA	NA	REPEATABLE	NA	9	Koga	UNK	10	50	52	5	NA	NA	NA	NA	FALSE	NA	data.js:areas[Route 12].wild-day[9]	Measured	rate Asserted from the locations sheet
wild_encounter	Avalugg	821	Route 12	Kanto	wild-day	NA	NA	REPEATABLE	NA	9	Koga	UNK	5	50	52	6	NA	NA	NA	NA	FALSE	NA	data.js:areas[Route 12].wild-day[9]	Measured	rate Asserted from the locations sheet
wild_encounter	Avalugg	821	Route 12	Kanto	wild-day	NA	NA	REPEATABLE	NA	9	Koga	UNK	5	50	52	7	NA	NA	NA	NA	FALSE	NA	data.js:areas[Route 12].wild-day[9]	Measured	rate Asserted from the locations sheet
wild_encounter	Mr. Mime-Galar	1216	Route 12	Kanto	wild-day	NA	NA	REPEATABLE	NA	9	Koga	UNK	4	50	52	8	NA	NA	NA	NA	FALSE	NA	data.js:areas[Route 12].wild-day[9]	Measured	rate Asserted from the locations sheet
wild_encounter	Mr. Mime-Galar	1216	Route 12	Kanto	wild-day	NA	NA	REPEATABLE	NA	9	Koga	UNK	4	50	52	9	NA	NA	NA	NA	FALSE	NA	data.js:areas[Route 12].wild-day[9]	Measured	rate Asserted from the locations sheet
wild_encounter	Arctovish	1175	Route 12	Kanto	wild-day	NA	NA	REPEATABLE	NA	9	Koga	UNK	1	50	52	10	NA	NA	NA	NA	FALSE	NA	data.js:areas[Route 12].wild-day[9]	Measured	rate Asserted from the locations sheet
wild_encounter	Arctozolt	1173	Route 12	Kanto	wild-day	NA	NA	REPEATABLE	NA	9	Koga	UNK	1	50	52	11	NA	NA	NA	NA	FALSE	NA	data.js:areas[Route 12].wild-day[9]	Measured	rate Asserted from the locations sheet
wild_encounter	Sneasel	215	Route 12	Kanto	wild-night	NA	NA	REPEATABLE	NA	9	Koga	UNK	20	50	52	0	NA	NA	NA	NA	FALSE	NA	data.js:areas[Route 12].wild-night[9]	Measured	rate Asserted from the locations sheet
wild_encounter	Dewgong	87	Route 12	Kanto	wild-night	NA	NA	REPEATABLE	NA	9	Koga	UNK	20	50	52	1	NA	NA	NA	NA	FALSE	NA	data.js:areas[Route 12].wild-night[9]	Measured	rate Asserted from the locations sheet
wild_encounter	Walrein	343	Route 12	Kanto	wild-night	NA	NA	REPEATABLE	NA	9	Koga	UNK	10	50	52	2	NA	NA	NA	NA	FALSE	NA	data.js:areas[Route 12].wild-night[9]	Measured	rate Asserted from the locations sheet
wild_encounter	Froslass	531	Route 12	Kanto	wild-night	NA	NA	REPEATABLE	NA	9	Koga	UNK	10	50	52	3	NA	NA	NA	NA	FALSE	NA	data.js:areas[Route 12].wild-night[9]	Measured	rate Asserted from the locations sheet
wild_encounter	Sawk	592	Route 12	Kanto	wild-night	NA	NA	REPEATABLE	NA	9	Koga	UNK	10	50	52	4	NA	NA	NA	NA	FALSE	NA	data.js:areas[Route 12].wild-night[9]	Measured	rate Asserted from the locations sheet
wild_encounter	Cetitan	1333	Route 12	Kanto	wild-night	NA	NA	REPEATABLE	NA	9	Koga	UNK	10	50	52	5	NA	NA	NA	NA	FALSE	NA	data.js:areas[Route 12].wild-night[9]	Measured	rate Asserted from the locations sheet
wild_encounter	Avalugg-Hisui	1309	Route 12	Kanto	wild-night	NA	NA	REPEATABLE	NA	9	Koga	UNK	5	50	52	6	NA	NA	NA	NA	FALSE	NA	data.js:areas[Route 12].wild-night[9]	Measured	rate Asserted from the locations sheet
wild_encounter	Avalugg-Hisui	1309	Route 12	Kanto	wild-night	NA	NA	REPEATABLE	NA	9	Koga	UNK	5	50	52	7	NA	NA	NA	NA	FALSE	NA	data.js:areas[Route 12].wild-night[9]	Measured	rate Asserted from the locations sheet
wild_encounter	Mr. Mime-Galar	1216	Route 12	Kanto	wild-night	NA	NA	REPEATABLE	NA	9	Koga	UNK	4	50	52	8	NA	NA	NA	NA	FALSE	NA	data.js:areas[Route 12].wild-night[9]	Measured	rate Asserted from the locations sheet
wild_encounter	Mr. Mime-Galar	1216	Route 12	Kanto	wild-night	NA	NA	REPEATABLE	NA	9	Koga	UNK	4	50	52	9	NA	NA	NA	NA	FALSE	NA	data.js:areas[Route 12].wild-night[9]	Measured	rate Asserted from the locations sheet
wild_encounter	Arctovish	1175	Route 12	Kanto	wild-night	NA	NA	REPEATABLE	NA	9	Koga	UNK	1	50	52	10	NA	NA	NA	NA	FALSE	NA	data.js:areas[Route 12].wild-night[9]	Measured	rate Asserted from the locations sheet
wild_encounter	Arctozolt	1173	Route 12	Kanto	wild-night	NA	NA	REPEATABLE	NA	9	Koga	UNK	1	50	52	11	NA	NA	NA	NA	FALSE	NA	data.js:areas[Route 12].wild-night[9]	Measured	rate Asserted from the locations sheet
wild_encounter	Tentacool	72	Route 12	Kanto	wild-surf	NA	NA	REPEATABLE	NA	10	May	UNK	60	56	58	0	NA	NA	NA	NA	FALSE	NA	data.js:areas[Route 12].wild-surf[10]	Measured	rate Asserted from the locations sheet
wild_encounter	Tentacool	72	Route 12	Kanto	wild-surf	NA	NA	REPEATABLE	NA	10	May	UNK	30	56	58	1	NA	NA	NA	NA	FALSE	NA	data.js:areas[Route 12].wild-surf[10]	Measured	rate Asserted from the locations sheet
wild_encounter	Tentacruel	73	Route 12	Kanto	wild-surf	NA	NA	REPEATABLE	NA	10	May	UNK	5	56	58	2	NA	NA	NA	NA	FALSE	NA	data.js:areas[Route 12].wild-surf[10]	Measured	rate Asserted from the locations sheet
wild_encounter	Finneon	509	Route 12	Kanto	wild-surf	NA	NA	REPEATABLE	NA	10	May	UNK	4	56	58	3	NA	NA	NA	NA	FALSE	NA	data.js:areas[Route 12].wild-surf[10]	Measured	rate Asserted from the locations sheet
wild_encounter	Finneon	509	Route 12	Kanto	wild-surf	NA	NA	REPEATABLE	NA	10	May	UNK	1	56	58	4	NA	NA	NA	NA	FALSE	NA	data.js:areas[Route 12].wild-surf[10]	Measured	rate Asserted from the locations sheet
static_pokemon	Snorlax	143	Route 12	Kanto	fixed-overworld	NA	NA	1	NA	6	Archer-2	UNK	NA	NA	NA	NA	NA	NA	NA	NA	TRUE	one-time placement	data.js:areas[Route 12].fixed-overworld[6]	Measured	NONE
item_ground	Iron	65	Route 12	Kanto	item-standard	NA	NA	10	NA	3	Surge	UNK	NA	NA	NA	NA	NA	NA	NA	NA	TRUE	single placement	data.js:areas[Route 12].item-standard[3]	Asserted	 quantity from the official item sheet
item_ground	TM04	292	Route 12	Kanto	item-standard	NA	NA	1	NA	3	Surge	UNK	NA	NA	NA	NA	NA	4	Seed Bomb	NA	TRUE	single placement	data.js:areas[Route 12].item-standard[3]	Measured	NONE
item_ground	Slowbronite	540	Route 12	Kanto	item-standard	NA	NA	1	NA	10	May	UNK	NA	NA	NA	NA	NA	NA	NA	NA	TRUE	single placement	data.js:areas[Route 12].item-standard[10]	Measured	NONE
item_ground	TM48	336	Route 12	Kanto	item-standard	NA	NA	1	NA	10	May	UNK	NA	NA	NA	NA	NA	48	Hurricane	NA	TRUE	single placement	data.js:areas[Route 12].item-standard[10]	Measured	NONE
item_hidden	Hyper Potion	21	Route 12	Kanto	item-hidden	NA	NA	1	NA	3	Surge	UNK	NA	NA	NA	NA	NA	NA	NA	NA	TRUE	single placement	data.js:areas[Route 12].item-hidden[3]	Measured	NONE
item_hidden	Rare Candy	68	Route 12	Kanto	item-hidden	NA	NA	1	NA	3	Surge	UNK	NA	NA	NA	NA	NA	NA	NA	NA	TRUE	single placement	data.js:areas[Route 12].item-hidden[3]	Measured	NONE
item_hidden	Leftovers	200	Route 12	Kanto	item-hidden	NA	NA	10	NA	3	Surge	UNK	NA	NA	NA	NA	NA	NA	NA	NA	TRUE	single placement	data.js:areas[Route 12].item-hidden[3]	Asserted	 quantity from the official item sheet
raid_den	Corsola-Galar	1221	Route 12	Kanto	raid1	NA	NA	REPEATABLE	Wishing Piece to re-activate a spent den	3	Surge	UNK	NA	NA	NA	NA	1	NA	NA	Stardust,Dive Ball,Star Piece,Blue Shard,Yache Berry,Nugget,Wishing Piece,PP Up,Dream Ball,Big Nugget,Lucky Egg,Lucky Egg	FALSE	NA	data.js:areas[Route 12].raid1[3]	Measured	NONE
raid_den	Slowpoke-Galar	1211	Route 12	Kanto	raid1	NA	NA	REPEATABLE	Wishing Piece to re-activate a spent den	3	Surge	UNK	NA	NA	NA	NA	1	NA	NA	Stardust,Dive Ball,Star Piece,Blue Shard,Yache Berry,Nugget,Wishing Piece,PP Up,Dream Ball,Big Nugget,Lucky Egg,Lucky Egg	FALSE	NA	data.js:areas[Route 12].raid1[3]	Measured	NONE
raid_den	Sliggoo-Hisui	1297	Route 12	Kanto	raid1	NA	NA	REPEATABLE	Wishing Piece to re-activate a spent den	3	Surge	UNK	NA	NA	NA	NA	1	NA	NA	Stardust,Dive Ball,Star Piece,Blue Shard,Yache Berry,Nugget,Wishing Piece,PP Up,Dream Ball,Big Nugget,Lucky Egg,Lucky Egg	FALSE	NA	data.js:areas[Route 12].raid1[3]	Measured	NONE
raid_den	Luvdisc	325	Route 12	Kanto	raid1	NA	NA	REPEATABLE	Wishing Piece to re-activate a spent den	3	Surge	UNK	NA	NA	NA	NA	1	NA	NA	Stardust,Dive Ball,Star Piece,Blue Shard,Yache Berry,Nugget,Wishing Piece,PP Up,Dream Ball,Big Nugget,Lucky Egg,Lucky Egg	FALSE	NA	data.js:areas[Route 12].raid1[3]	Measured	NONE
raid_den	Tauros	128	Route 12	Kanto	raid1	NA	NA	REPEATABLE	Wishing Piece to re-activate a spent den	3	Surge	UNK	NA	NA	NA	NA	1	NA	NA	Stardust,Dive Ball,Star Piece,Blue Shard,Yache Berry,Nugget,Wishing Piece,PP Up,Dream Ball,Big Nugget,Lucky Egg,Lucky Egg	FALSE	NA	data.js:areas[Route 12].raid1[3]	Measured	NONE
wild_encounter	Spheal	341	Route 12	Kanto	wild-oldRod	NA	NA	REPEATABLE	NA	3	Surge	UNK	70	2	4	0	NA	NA	NA	NA	FALSE	NA	data.js:areas[Route 12].wild-oldRod[3]	Measured	rate Asserted from the locations sheet
wild_encounter	Seel	86	Route 12	Kanto	wild-oldRod	NA	NA	REPEATABLE	NA	3	Surge	UNK	30	2	4	1	NA	NA	NA	NA	FALSE	NA	data.js:areas[Route 12].wild-oldRod[3]	Measured	rate Asserted from the locations sheet
wild_encounter	Shellder	90	Route 12	Kanto	wild-goodRod	NA	NA	REPEATABLE	NA	3	Surge	UNK	60	27	29	0	NA	NA	NA	NA	FALSE	NA	data.js:areas[Route 12].wild-goodRod[3]	Measured	rate Asserted from the locations sheet
wild_encounter	Sealeo	342	Route 12	Kanto	wild-goodRod	NA	NA	REPEATABLE	NA	3	Surge	UNK	20	27	29	1	NA	NA	NA	NA	FALSE	NA	data.js:areas[Route 12].wild-goodRod[3]	Measured	rate Asserted from the locations sheet
wild_encounter	Veluza	1323	Route 12	Kanto	wild-goodRod	NA	NA	REPEATABLE	NA	3	Surge	UNK	20	27	29	2	NA	NA	NA	NA	FALSE	NA	data.js:areas[Route 12].wild-goodRod[3]	Measured	rate Asserted from the locations sheet
wild_encounter	Dondozo	1322	Route 12	Kanto	wild-superRod	NA	NA	REPEATABLE	NA	9	Koga	UNK	40	53	55	0	NA	NA	NA	NA	FALSE	NA	data.js:areas[Route 12].wild-superRod[9]	Measured	rate Asserted from the locations sheet
wild_encounter	Dondozo	1322	Route 12	Kanto	wild-superRod	NA	NA	REPEATABLE	NA	9	Koga	UNK	40	53	55	1	NA	NA	NA	NA	FALSE	NA	data.js:areas[Route 12].wild-superRod[9]	Measured	rate Asserted from the locations sheet
wild_encounter	Dewgong	87	Route 12	Kanto	wild-superRod	NA	NA	REPEATABLE	NA	9	Koga	UNK	15	53	55	2	NA	NA	NA	NA	FALSE	NA	data.js:areas[Route 12].wild-superRod[9]	Measured	rate Asserted from the locations sheet
wild_encounter	Bruxish	996	Route 12	Kanto	wild-superRod	NA	NA	REPEATABLE	NA	9	Koga	UNK	4	53	55	3	NA	NA	NA	NA	FALSE	NA	data.js:areas[Route 12].wild-superRod[9]	Measured	rate Asserted from the locations sheet
wild_encounter	Drednaw	1126	Route 12	Kanto	wild-superRod	NA	NA	REPEATABLE	NA	9	Koga	UNK	1	53	55	4	NA	NA	NA	NA	FALSE	NA	data.js:areas[Route 12].wild-superRod[9]	Measured	rate Asserted from the locations sheet
item_ground	TM27	315	Route 12 Gatehouse 2F	Kanto	item-standard	NA	NA	1	NA	3	Surge	UNK	NA	NA	NA	NA	NA	27	Return	NA	TRUE	single placement	data.js:areas[Route 12 Gatehouse 2F].item-standard[3]	Measured	NONE
wild_encounter	Fomantis	970	Route 8	Kanto	wild-day	NA	NA	REPEATABLE	NA	3	Surge	UNK	20	33	35	0	NA	NA	NA	NA	FALSE	NA	data.js:areas[Route 8].wild-day[3]	Measured	rate Asserted from the locations sheet
wild_encounter	Minccino	625	Route 8	Kanto	wild-day	NA	NA	REPEATABLE	NA	3	Surge	UNK	20	33	35	1	NA	NA	NA	NA	FALSE	NA	data.js:areas[Route 8].wild-day[3]	Measured	rate Asserted from the locations sheet
wild_encounter	Vanillite	635	Route 8	Kanto	wild-day	NA	NA	REPEATABLE	NA	3	Surge	UNK	10	33	35	2	NA	NA	NA	NA	FALSE	NA	data.js:areas[Route 8].wild-day[3]	Measured	rate Asserted from the locations sheet
wild_encounter	Bouffalant	679	Route 8	Kanto	wild-day	NA	NA	REPEATABLE	NA	3	Surge	UNK	10	33	35	3	NA	NA	NA	NA	FALSE	NA	data.js:areas[Route 8].wild-day[3]	Measured	rate Asserted from the locations sheet
wild_encounter	Bouffalant	679	Route 8	Kanto	wild-day	NA	NA	REPEATABLE	NA	3	Surge	UNK	10	33	35	4	NA	NA	NA	NA	FALSE	NA	data.js:areas[Route 8].wild-day[3]	Measured	rate Asserted from the locations sheet
wild_encounter	Venipede	596	Route 8	Kanto	wild-day	NA	NA	REPEATABLE	NA	3	Surge	UNK	10	33	35	5	NA	NA	NA	NA	FALSE	NA	data.js:areas[Route 8].wild-day[3]	Measured	rate Asserted from the locations sheet
wild_encounter	Comfey	981	Route 8	Kanto	wild-day	NA	NA	REPEATABLE	NA	3	Surge	UNK	5	33	35	6	NA	NA	NA	NA	FALSE	NA	data.js:areas[Route 8].wild-day[3]	Measured	rate Asserted from the locations sheet
wild_encounter	Comfey	981	Route 8	Kanto	wild-day	NA	NA	REPEATABLE	NA	3	Surge	UNK	5	33	35	7	NA	NA	NA	NA	FALSE	NA	data.js:areas[Route 8].wild-day[3]	Measured	rate Asserted from the locations sheet
wild_encounter	Girafarig	203	Route 8	Kanto	wild-day	NA	NA	REPEATABLE	NA	3	Surge	UNK	4	33	35	8	NA	NA	NA	NA	FALSE	NA	data.js:areas[Route 8].wild-day[3]	Measured	rate Asserted from the locations sheet
wild_encounter	Girafarig	203	Route 8	Kanto	wild-day	NA	NA	REPEATABLE	NA	3	Surge	UNK	4	33	35	9	NA	NA	NA	NA	FALSE	NA	data.js:areas[Route 8].wild-day[3]	Measured	rate Asserted from the locations sheet
wild_encounter	Miltank	241	Route 8	Kanto	wild-day	NA	NA	REPEATABLE	NA	3	Surge	UNK	1	33	35	10	NA	NA	NA	NA	FALSE	NA	data.js:areas[Route 8].wild-day[3]	Measured	rate Asserted from the locations sheet
wild_encounter	Miltank	241	Route 8	Kanto	wild-day	NA	NA	REPEATABLE	NA	3	Surge	UNK	1	33	35	11	NA	NA	NA	NA	FALSE	NA	data.js:areas[Route 8].wild-day[3]	Measured	rate Asserted from the locations sheet
wild_encounter	Foongus	643	Route 8	Kanto	wild-night	NA	NA	REPEATABLE	NA	3	Surge	UNK	20	33	35	0	NA	NA	NA	NA	FALSE	NA	data.js:areas[Route 8].wild-night[3]	Measured	rate Asserted from the locations sheet
wild_encounter	Minccino	625	Route 8	Kanto	wild-night	NA	NA	REPEATABLE	NA	3	Surge	UNK	20	33	35	1	NA	NA	NA	NA	FALSE	NA	data.js:areas[Route 8].wild-night[3]	Measured	rate Asserted from the locations sheet
wild_encounter	Vanillite	635	Route 8	Kanto	wild-night	NA	NA	REPEATABLE	NA	3	Surge	UNK	10	33	35	2	NA	NA	NA	NA	FALSE	NA	data.js:areas[Route 8].wild-night[3]	Measured	rate Asserted from the locations sheet
wild_encounter	Absol	376	Route 8	Kanto	wild-night	NA	NA	REPEATABLE	NA	3	Surge	UNK	10	33	35	3	NA	NA	NA	NA	FALSE	NA	data.js:areas[Route 8].wild-night[3]	Measured	rate Asserted from the locations sheet
wild_encounter	Absol	376	Route 8	Kanto	wild-night	NA	NA	REPEATABLE	NA	3	Surge	UNK	10	33	35	4	NA	NA	NA	NA	FALSE	NA	data.js:areas[Route 8].wild-night[3]	Measured	rate Asserted from the locations sheet
wild_encounter	Venipede	596	Route 8	Kanto	wild-night	NA	NA	REPEATABLE	NA	3	Surge	UNK	10	33	35	5	NA	NA	NA	NA	FALSE	NA	data.js:areas[Route 8].wild-night[3]	Measured	rate Asserted from the locations sheet
wild_encounter	Morgrem	1152	Route 8	Kanto	wild-night	NA	NA	REPEATABLE	NA	3	Surge	UNK	5	33	35	6	NA	NA	NA	NA	FALSE	NA	data.js:areas[Route 8].wild-night[3]	Measured	rate Asserted from the locations sheet
wild_encounter	Morgrem	1152	Route 8	Kanto	wild-night	NA	NA	REPEATABLE	NA	3	Surge	UNK	5	33	35	7	NA	NA	NA	NA	FALSE	NA	data.js:areas[Route 8].wild-night[3]	Measured	rate Asserted from the locations sheet
wild_encounter	Stantler	234	Route 8	Kanto	wild-night	NA	NA	REPEATABLE	NA	3	Surge	UNK	4	33	35	8	NA	NA	NA	NA	FALSE	NA	data.js:areas[Route 8].wild-night[3]	Measured	rate Asserted from the locations sheet
wild_encounter	Stantler	234	Route 8	Kanto	wild-night	NA	NA	REPEATABLE	NA	3	Surge	UNK	4	33	35	9	NA	NA	NA	NA	FALSE	NA	data.js:areas[Route 8].wild-night[3]	Measured	rate Asserted from the locations sheet
wild_encounter	Drampa	997	Route 8	Kanto	wild-night	NA	NA	REPEATABLE	NA	3	Surge	UNK	1	33	35	10	NA	NA	NA	NA	FALSE	NA	data.js:areas[Route 8].wild-night[3]	Measured	rate Asserted from the locations sheet
wild_encounter	Drampa	997	Route 8	Kanto	wild-night	NA	NA	REPEATABLE	NA	3	Surge	UNK	1	33	35	11	NA	NA	NA	NA	FALSE	NA	data.js:areas[Route 8].wild-night[3]	Measured	rate Asserted from the locations sheet
item_ground	TM106	431	Route 8	Kanto	item-standard	NA	NA	1	NA	3	Surge	UNK	NA	NA	NA	NA	NA	106	Acrobatics	NA	TRUE	single placement	data.js:areas[Route 8].item-standard[3]	Measured	NONE
item_ground	Centiskite	743	Route 8	Kanto	item-standard	NA	NA	1	NA	8	Sabrina	UNK	NA	NA	NA	NA	NA	NA	NA	NA	TRUE	single placement	data.js:areas[Route 8].item-standard[8]	Measured	NONE
item_ground	Rocky Helmet	702	Route 8	Kanto	item-standard	NA	NA	10	NA	8	Sabrina	UNK	NA	NA	NA	NA	NA	NA	NA	NA	TRUE	single placement	data.js:areas[Route 8].item-standard[8]	Asserted	 quantity from the official item sheet
item_hidden	Rawst Berry	136	Route 8	Kanto	item-hidden	NA	NA	10	NA	3	Surge	UNK	NA	NA	NA	NA	NA	NA	NA	NA	TRUE	single placement	data.js:areas[Route 8].item-hidden[3]	Asserted	 quantity from the official item sheet
item_hidden	Leppa Berry	138	Route 8	Kanto	item-hidden	NA	NA	10	NA	3	Surge	UNK	NA	NA	NA	NA	NA	NA	NA	NA	TRUE	single placement	data.js:areas[Route 8].item-hidden[3]	Asserted	 quantity from the official item sheet
item_hidden	Lum Berry	141	Route 8	Kanto	item-hidden	NA	NA	1	NA	3	Surge	UNK	NA	NA	NA	NA	NA	NA	NA	NA	TRUE	single placement	data.js:areas[Route 8].item-hidden[3]	Measured	NONE
raid_den	Venipede	596	Route 8	Kanto	raid1	NA	NA	REPEATABLE	Wishing Piece to re-activate a spent den	3	Surge	UNK	NA	NA	NA	NA	1	NA	NA	Stardust,Dusk Ball,Rindo Berry,Blue Shard,Star Piece,Nugget,Wishing Piece,PP Up,Dream Ball,Big Nugget,Lucky Egg,Lucky Egg	FALSE	NA	data.js:areas[Route 8].raid1[3]	Measured	NONE
raid_den	Girafarig	203	Route 8	Kanto	raid1	NA	NA	REPEATABLE	Wishing Piece to re-activate a spent den	3	Surge	UNK	NA	NA	NA	NA	1	NA	NA	Stardust,Dusk Ball,Rindo Berry,Red Shard,Star Piece,Nugget,Wishing Piece,PP Up,Dream Ball,Big Nugget,Lucky Egg,Lucky Egg	FALSE	NA	data.js:areas[Route 8].raid1[3]	Measured	NONE
raid_den	Yanma	193	Route 8	Kanto	raid1	NA	NA	REPEATABLE	Wishing Piece to re-activate a spent den	3	Surge	UNK	NA	NA	NA	NA	1	NA	NA	Stardust,Dusk Ball,Rindo Berry,Yellow Shard,Star Piece,Nugget,Wishing Piece,PP Up,Dream Ball,Big Nugget,Lucky Egg,Lucky Egg	FALSE	NA	data.js:areas[Route 8].raid1[3]	Measured	NONE
raid_den	Drampa	997	Route 8	Kanto	raid1	NA	NA	REPEATABLE	Wishing Piece to re-activate a spent den	3	Surge	UNK	NA	NA	NA	NA	1	NA	NA	Stardust,Dusk Ball,Rindo Berry,Blue Shard,Star Piece,Nugget,Wishing Piece,PP Up,Dream Ball,Big Nugget,Lucky Egg,Lucky Egg	FALSE	NA	data.js:areas[Route 8].raid1[3]	Measured	NONE
raid_den	Basculegion	1268	Route 8	Kanto	raid1	NA	NA	REPEATABLE	Wishing Piece to re-activate a spent den	3	Surge	UNK	NA	NA	NA	NA	1	NA	NA	Stardust,Dusk Ball,Rindo Berry,Green Shard,Star Piece,Nugget,Wishing Piece,PP Up,Dream Ball,Big Nugget,Lucky Egg,Lucky Egg	FALSE	NA	data.js:areas[Route 8].raid1[3]	Measured	NONE
item_ground	TM104	429	Underground Path Horizontal	Kanto	item-standard	NA	NA	1	NA	3	Surge	UNK	NA	NA	NA	NA	NA	104	Psyshock	NA	TRUE	single placement	data.js:areas[Underground Path Horizontal].item-standard[3]	Measured	NONE
item_hidden	Potion	13	Underground Path Horizontal	Kanto	item-hidden	NA	NA	10	NA	3	Surge	UNK	NA	NA	NA	NA	NA	NA	NA	NA	TRUE	single placement	data.js:areas[Underground Path Horizontal].item-hidden[3]	Asserted	 quantity from the official item sheet
item_hidden	Antidote	14	Underground Path Horizontal	Kanto	item-hidden	NA	NA	1	NA	3	Surge	UNK	NA	NA	NA	NA	NA	NA	NA	NA	TRUE	single placement	data.js:areas[Underground Path Horizontal].item-hidden[3]	Measured	NONE
item_hidden	Burn Heal	15	Underground Path Horizontal	Kanto	item-hidden	NA	NA	1	NA	3	Surge	UNK	NA	NA	NA	NA	NA	NA	NA	NA	TRUE	single placement	data.js:areas[Underground Path Horizontal].item-hidden[3]	Measured	NONE
item_hidden	Ice Heal	16	Underground Path Horizontal	Kanto	item-hidden	NA	NA	1	NA	3	Surge	UNK	NA	NA	NA	NA	NA	NA	NA	NA	TRUE	single placement	data.js:areas[Underground Path Horizontal].item-hidden[3]	Measured	NONE
item_hidden	Awakening	17	Underground Path Horizontal	Kanto	item-hidden	NA	NA	1	NA	3	Surge	UNK	NA	NA	NA	NA	NA	NA	NA	NA	TRUE	single placement	data.js:areas[Underground Path Horizontal].item-hidden[3]	Measured	NONE
item_hidden	Paralyze Heal	18	Underground Path Horizontal	Kanto	item-hidden	NA	NA	1	NA	3	Surge	UNK	NA	NA	NA	NA	NA	NA	NA	NA	TRUE	single placement	data.js:areas[Underground Path Horizontal].item-hidden[3]	Measured	NONE
item_hidden	Ether	34	Underground Path Horizontal	Kanto	item-hidden	NA	NA	10	NA	3	Surge	UNK	NA	NA	NA	NA	NA	NA	NA	NA	TRUE	single placement	data.js:areas[Underground Path Horizontal].item-hidden[3]	Asserted	 quantity from the official item sheet
wild_encounter	Deerling	638	Route 7	Kanto	wild-day	NA	NA	REPEATABLE	NA	3	Surge	UNK	20	36	38	0	NA	NA	NA	NA	FALSE	NA	data.js:areas[Route 7].wild-day[3]	Measured	rate Asserted from the locations sheet
wild_encounter	Inkay	794	Route 7	Kanto	wild-day	NA	NA	REPEATABLE	NA	3	Surge	UNK	20	36	38	1	NA	NA	NA	NA	FALSE	NA	data.js:areas[Route 7].wild-day[3]	Measured	rate Asserted from the locations sheet
wild_encounter	Rufflet	680	Route 7	Kanto	wild-day	NA	NA	REPEATABLE	NA	3	Surge	UNK	10	36	38	2	NA	NA	NA	NA	FALSE	NA	data.js:areas[Route 7].wild-day[3]	Measured	rate Asserted from the locations sheet
wild_encounter	Rufflet	680	Route 7	Kanto	wild-day	NA	NA	REPEATABLE	NA	3	Surge	UNK	10	36	38	3	NA	NA	NA	NA	FALSE	NA	data.js:areas[Route 7].wild-day[3]	Measured	rate Asserted from the locations sheet
wild_encounter	Cutiefly	959	Route 7	Kanto	wild-day	NA	NA	REPEATABLE	NA	3	Surge	UNK	10	36	38	4	NA	NA	NA	NA	FALSE	NA	data.js:areas[Route 7].wild-day[3]	Measured	rate Asserted from the locations sheet
wild_encounter	Applin	1132	Route 7	Kanto	wild-day	NA	NA	REPEATABLE	NA	3	Surge	UNK	10	36	38	5	NA	NA	NA	NA	FALSE	NA	data.js:areas[Route 7].wild-day[3]	Measured	rate Asserted from the locations sheet
wild_encounter	Passimian	983	Route 7	Kanto	wild-day	NA	NA	REPEATABLE	NA	3	Surge	UNK	5	36	38	6	NA	NA	NA	NA	FALSE	NA	data.js:areas[Route 7].wild-day[3]	Measured	rate Asserted from the locations sheet
wild_encounter	Passimian	983	Route 7	Kanto	wild-day	NA	NA	REPEATABLE	NA	3	Surge	UNK	5	36	38	7	NA	NA	NA	NA	FALSE	NA	data.js:areas[Route 7].wild-day[3]	Measured	rate Asserted from the locations sheet
wild_encounter	Mienfoo	672	Route 7	Kanto	wild-day	NA	NA	REPEATABLE	NA	3	Surge	UNK	4	36	38	8	NA	NA	NA	NA	FALSE	NA	data.js:areas[Route 7].wild-day[3]	Measured	rate Asserted from the locations sheet
wild_encounter	Mienfoo	672	Route 7	Kanto	wild-day	NA	NA	REPEATABLE	NA	3	Surge	UNK	4	36	38	9	NA	NA	NA	NA	FALSE	NA	data.js:areas[Route 7].wild-day[3]	Measured	rate Asserted from the locations sheet
wild_encounter	Porygon	137	Route 7	Kanto	wild-day	NA	NA	REPEATABLE	NA	3	Surge	UNK	1	36	38	10	NA	NA	NA	NA	FALSE	NA	data.js:areas[Route 7].wild-day[3]	Measured	rate Asserted from the locations sheet
wild_encounter	Porygon	137	Route 7	Kanto	wild-day	NA	NA	REPEATABLE	NA	3	Surge	UNK	1	36	38	11	NA	NA	NA	NA	FALSE	NA	data.js:areas[Route 7].wild-day[3]	Measured	rate Asserted from the locations sheet
wild_encounter	Deerling	740	Route 7	Kanto	wild-night	NA	NA	REPEATABLE	NA	3	Surge	UNK	20	36	38	0	NA	NA	NA	NA	FALSE	NA	data.js:areas[Route 7].wild-night[3]	Measured	rate Asserted from the locations sheet
wild_encounter	Inkay	794	Route 7	Kanto	wild-night	NA	NA	REPEATABLE	NA	3	Surge	UNK	20	36	38	1	NA	NA	NA	NA	FALSE	NA	data.js:areas[Route 7].wild-night[3]	Measured	rate Asserted from the locations sheet
wild_encounter	Vullaby	682	Route 7	Kanto	wild-night	NA	NA	REPEATABLE	NA	3	Surge	UNK	10	36	38	2	NA	NA	NA	NA	FALSE	NA	data.js:areas[Route 7].wild-night[3]	Measured	rate Asserted from the locations sheet
wild_encounter	Vullaby	682	Route 7	Kanto	wild-night	NA	NA	REPEATABLE	NA	3	Surge	UNK	10	36	38	3	NA	NA	NA	NA	FALSE	NA	data.js:areas[Route 7].wild-night[3]	Measured	rate Asserted from the locations sheet
wild_encounter	Cutiefly	959	Route 7	Kanto	wild-night	NA	NA	REPEATABLE	NA	3	Surge	UNK	10	36	38	4	NA	NA	NA	NA	FALSE	NA	data.js:areas[Route 7].wild-night[3]	Measured	rate Asserted from the locations sheet
wild_encounter	Applin	1132	Route 7	Kanto	wild-night	NA	NA	REPEATABLE	NA	3	Surge	UNK	10	36	38	5	NA	NA	NA	NA	FALSE	NA	data.js:areas[Route 7].wild-night[3]	Measured	rate Asserted from the locations sheet
wild_encounter	Oranguru	982	Route 7	Kanto	wild-night	NA	NA	REPEATABLE	NA	3	Surge	UNK	5	36	38	6	NA	NA	NA	NA	FALSE	NA	data.js:areas[Route 7].wild-night[3]	Measured	rate Asserted from the locations sheet
wild_encounter	Oranguru	982	Route 7	Kanto	wild-night	NA	NA	REPEATABLE	NA	3	Surge	UNK	5	36	38	7	NA	NA	NA	NA	FALSE	NA	data.js:areas[Route 7].wild-night[3]	Measured	rate Asserted from the locations sheet
wild_encounter	Mienfoo	672	Route 7	Kanto	wild-night	NA	NA	REPEATABLE	NA	3	Surge	UNK	4	36	38	8	NA	NA	NA	NA	FALSE	NA	data.js:areas[Route 7].wild-night[3]	Measured	rate Asserted from the locations sheet
wild_encounter	Mienfoo	672	Route 7	Kanto	wild-night	NA	NA	REPEATABLE	NA	3	Surge	UNK	4	36	38	9	NA	NA	NA	NA	FALSE	NA	data.js:areas[Route 7].wild-night[3]	Measured	rate Asserted from the locations sheet
wild_encounter	Porygon	137	Route 7	Kanto	wild-night	NA	NA	REPEATABLE	NA	3	Surge	UNK	1	36	38	10	NA	NA	NA	NA	FALSE	NA	data.js:areas[Route 7].wild-night[3]	Measured	rate Asserted from the locations sheet
wild_encounter	Porygon	137	Route 7	Kanto	wild-night	NA	NA	REPEATABLE	NA	3	Surge	UNK	1	36	38	11	NA	NA	NA	NA	FALSE	NA	data.js:areas[Route 7].wild-night[3]	Measured	rate Asserted from the locations sheet
item_ground	TM62	387	Route 7	Kanto	item-standard	NA	NA	1	NA	3	Surge	UNK	NA	NA	NA	NA	NA	62	Iron Tail	NA	TRUE	single placement	data.js:areas[Route 7].item-standard[3]	Measured	NONE
item_hidden	Wepear Berry	151	Route 7	Kanto	item-hidden	NA	NA	1	NA	3	Surge	UNK	NA	NA	NA	NA	NA	NA	NA	NA	TRUE	single placement	data.js:areas[Route 7].item-hidden[3]	Measured	NONE
wild_encounter	Poliwhirl	61	Celadon City	Kanto	wild-surf	NA	NA	REPEATABLE	NA	10	May	UNK	60	56	58	0	NA	NA	NA	NA	FALSE	NA	data.js:areas[Celadon City].wild-surf[10]	Measured	rate Asserted from the locations sheet
wild_encounter	Poliwhirl	61	Celadon City	Kanto	wild-surf	NA	NA	REPEATABLE	NA	10	May	UNK	30	56	58	1	NA	NA	NA	NA	FALSE	NA	data.js:areas[Celadon City].wild-surf[10]	Measured	rate Asserted from the locations sheet
wild_encounter	Poliwhirl	61	Celadon City	Kanto	wild-surf	NA	NA	REPEATABLE	NA	10	May	UNK	5	56	58	2	NA	NA	NA	NA	FALSE	NA	data.js:areas[Celadon City].wild-surf[10]	Measured	rate Asserted from the locations sheet
wild_encounter	Poliwhirl	61	Celadon City	Kanto	wild-surf	NA	NA	REPEATABLE	NA	10	May	UNK	4	56	58	3	NA	NA	NA	NA	FALSE	NA	data.js:areas[Celadon City].wild-surf[10]	Measured	rate Asserted from the locations sheet
wild_encounter	Poliwhirl	61	Celadon City	Kanto	wild-surf	NA	NA	REPEATABLE	NA	10	May	UNK	1	56	58	4	NA	NA	NA	NA	FALSE	NA	data.js:areas[Celadon City].wild-surf[10]	Measured	rate Asserted from the locations sheet
item_ground	Loaded Dice	615	Celadon City	Kanto	item-standard	NA	NA	1	NA	3	Surge	UNK	NA	NA	NA	NA	NA	NA	NA	NA	TRUE	single placement	data.js:areas[Celadon City].item-standard[3]	Measured	NONE
item_ground	Lucarionite	575	Celadon City	Kanto	item-standard	NA	NA	1	NA	9	Koga	UNK	NA	NA	NA	NA	NA	NA	NA	NA	TRUE	single placement	data.js:areas[Celadon City].item-standard[9]	Measured	NONE
item_ground	Light Clay	677	Celadon City	Kanto	item-standard	NA	NA	1	NA	10	May	UNK	NA	NA	NA	NA	NA	NA	NA	NA	TRUE	single placement	data.js:areas[Celadon City].item-standard[10]	Measured	NONE
item_hidden	PP Up	69	Celadon City	Kanto	item-hidden	NA	NA	10	NA	3	Surge	UNK	NA	NA	NA	NA	NA	NA	NA	NA	TRUE	single placement	data.js:areas[Celadon City].item-hidden[3]	Asserted	 quantity from the official item sheet
item_care_package	Metal Coat	199	Celadon City	Kanto	item-cheat	NA	NA	10	NA	3	Surge	UNK	NA	NA	NA	NA	NA	NA	NA	NA	TRUE	single placement	data.js:areas[Celadon City].item-cheat[3]	Asserted	care-package item, delivered by code not exploration quantity from the official item sheet
item_care_package	Electric Seed	718	Celadon City	Kanto	item-cheat	NA	NA	10	NA	3	Surge	UNK	NA	NA	NA	NA	NA	NA	NA	NA	TRUE	single placement	data.js:areas[Celadon City].item-cheat[3]	Asserted	care-package item, delivered by code not exploration quantity from the official item sheet
wild_encounter	Magikarp	129	Celadon City	Kanto	wild-oldRod	NA	NA	REPEATABLE	NA	3	Surge	UNK	70	2	4	0	NA	NA	NA	NA	FALSE	NA	data.js:areas[Celadon City].wild-oldRod[3]	Measured	rate Asserted from the locations sheet
wild_encounter	Arrokuda	1138	Celadon City	Kanto	wild-oldRod	NA	NA	REPEATABLE	NA	3	Surge	UNK	30	2	4	1	NA	NA	NA	NA	FALSE	NA	data.js:areas[Celadon City].wild-oldRod[3]	Measured	rate Asserted from the locations sheet
wild_encounter	Poliwag	60	Celadon City	Kanto	wild-goodRod	NA	NA	REPEATABLE	NA	3	Surge	UNK	60	27	29	0	NA	NA	NA	NA	FALSE	NA	data.js:areas[Celadon City].wild-goodRod[3]	Measured	rate Asserted from the locations sheet
wild_encounter	Slowpoke-Galar	1211	Celadon City	Kanto	wild-goodRod	NA	NA	REPEATABLE	NA	3	Surge	UNK	20	27	29	1	NA	NA	NA	NA	FALSE	NA	data.js:areas[Celadon City].wild-goodRod[3]	Measured	rate Asserted from the locations sheet
wild_encounter	Slowpoke	79	Celadon City	Kanto	wild-goodRod	NA	NA	REPEATABLE	NA	3	Surge	UNK	20	27	29	2	NA	NA	NA	NA	FALSE	NA	data.js:areas[Celadon City].wild-goodRod[3]	Measured	rate Asserted from the locations sheet
wild_encounter	Psyduck	54	Celadon City	Kanto	wild-superRod	NA	NA	REPEATABLE	NA	9	Koga	UNK	40	53	55	0	NA	NA	NA	NA	FALSE	NA	data.js:areas[Celadon City].wild-superRod[9]	Measured	rate Asserted from the locations sheet
wild_encounter	Mareanie	964	Celadon City	Kanto	wild-superRod	NA	NA	REPEATABLE	NA	9	Koga	UNK	40	53	55	1	NA	NA	NA	NA	FALSE	NA	data.js:areas[Celadon City].wild-superRod[9]	Measured	rate Asserted from the locations sheet
wild_encounter	Mareanie	964	Celadon City	Kanto	wild-superRod	NA	NA	REPEATABLE	NA	9	Koga	UNK	15	53	55	2	NA	NA	NA	NA	FALSE	NA	data.js:areas[Celadon City].wild-superRod[9]	Measured	rate Asserted from the locations sheet
wild_encounter	Muk	89	Celadon City	Kanto	wild-superRod	NA	NA	REPEATABLE	NA	9	Koga	UNK	4	53	55	3	NA	NA	NA	NA	FALSE	NA	data.js:areas[Celadon City].wild-superRod[9]	Measured	rate Asserted from the locations sheet
wild_encounter	Muk-Alola	1035	Celadon City	Kanto	wild-superRod	NA	NA	REPEATABLE	NA	9	Koga	UNK	1	53	55	4	NA	NA	NA	NA	FALSE	NA	data.js:areas[Celadon City].wild-superRod[9]	Measured	rate Asserted from the locations sheet
vendor_stock	Ultra Ball	2	Celadon City Department Store 2F	Kanto	item-shop	UNK	money	UNLIMITED	NA	3	Surge	UNK	NA	NA	NA	NA	NA	NA	NA	NA	FALSE	NA	data.js:areas[Celadon City Department Store 2F].item-shop[3]	Measured	NONE
vendor_stock	Great Ball	3	Celadon City Department Store 2F	Kanto	item-shop	UNK	money	UNLIMITED	NA	3	Surge	UNK	NA	NA	NA	NA	NA	NA	NA	NA	FALSE	NA	data.js:areas[Celadon City Department Store 2F].item-shop[3]	Measured	NONE
vendor_stock	Poke Ball	4	Celadon City Department Store 2F	Kanto	item-shop	UNK	money	UNLIMITED	NA	3	Surge	UNK	NA	NA	NA	NA	NA	NA	NA	NA	FALSE	NA	data.js:areas[Celadon City Department Store 2F].item-shop[3]	Measured	NONE
vendor_stock	Net Ball	6	Celadon City Department Store 2F	Kanto	item-shop	UNK	money	UNLIMITED	NA	3	Surge	UNK	NA	NA	NA	NA	NA	NA	NA	NA	FALSE	NA	data.js:areas[Celadon City Department Store 2F].item-shop[3]	Measured	NONE
vendor_stock	Dive Ball	7	Celadon City Department Store 2F	Kanto	item-shop	UNK	money	UNLIMITED	NA	3	Surge	UNK	NA	NA	NA	NA	NA	NA	NA	NA	FALSE	NA	data.js:areas[Celadon City Department Store 2F].item-shop[3]	Measured	NONE
vendor_stock	Nest Ball	8	Celadon City Department Store 2F	Kanto	item-shop	UNK	money	UNLIMITED	NA	3	Surge	UNK	NA	NA	NA	NA	NA	NA	NA	NA	FALSE	NA	data.js:areas[Celadon City Department Store 2F].item-shop[3]	Measured	NONE
vendor_stock	Repeat Ball	9	Celadon City Department Store 2F	Kanto	item-shop	UNK	money	UNLIMITED	NA	3	Surge	UNK	NA	NA	NA	NA	NA	NA	NA	NA	FALSE	NA	data.js:areas[Celadon City Department Store 2F].item-shop[3]	Measured	NONE
vendor_stock	Timer Ball	10	Celadon City Department Store 2F	Kanto	item-shop	UNK	money	UNLIMITED	NA	3	Surge	UNK	NA	NA	NA	NA	NA	NA	NA	NA	FALSE	NA	data.js:areas[Celadon City Department Store 2F].item-shop[3]	Measured	NONE
vendor_stock	Luxury Ball	11	Celadon City Department Store 2F	Kanto	item-shop	UNK	money	UNLIMITED	NA	3	Surge	UNK	NA	NA	NA	NA	NA	NA	NA	NA	FALSE	NA	data.js:areas[Celadon City Department Store 2F].item-shop[3]	Measured	NONE
vendor_stock	Potion	13	Celadon City Department Store 2F	Kanto	item-shop	UNK	money	UNLIMITED	NA	3	Surge	UNK	NA	NA	NA	NA	NA	NA	NA	NA	FALSE	NA	data.js:areas[Celadon City Department Store 2F].item-shop[3]	Measured	NONE
vendor_stock	Antidote	14	Celadon City Department Store 2F	Kanto	item-shop	UNK	money	UNLIMITED	NA	3	Surge	UNK	NA	NA	NA	NA	NA	NA	NA	NA	FALSE	NA	data.js:areas[Celadon City Department Store 2F].item-shop[3]	Measured	NONE
vendor_stock	Burn Heal	15	Celadon City Department Store 2F	Kanto	item-shop	UNK	money	UNLIMITED	NA	3	Surge	UNK	NA	NA	NA	NA	NA	NA	NA	NA	FALSE	NA	data.js:areas[Celadon City Department Store 2F].item-shop[3]	Measured	NONE
vendor_stock	Ice Heal	16	Celadon City Department Store 2F	Kanto	item-shop	UNK	money	UNLIMITED	NA	3	Surge	UNK	NA	NA	NA	NA	NA	NA	NA	NA	FALSE	NA	data.js:areas[Celadon City Department Store 2F].item-shop[3]	Measured	NONE
vendor_stock	Awakening	17	Celadon City Department Store 2F	Kanto	item-shop	UNK	money	UNLIMITED	NA	3	Surge	UNK	NA	NA	NA	NA	NA	NA	NA	NA	FALSE	NA	data.js:areas[Celadon City Department Store 2F].item-shop[3]	Measured	NONE
vendor_stock	Paralyze Heal	18	Celadon City Department Store 2F	Kanto	item-shop	UNK	money	UNLIMITED	NA	3	Surge	UNK	NA	NA	NA	NA	NA	NA	NA	NA	FALSE	NA	data.js:areas[Celadon City Department Store 2F].item-shop[3]	Measured	NONE
vendor_stock	Full Restore	19	Celadon City Department Store 2F	Kanto	item-shop	UNK	money	UNLIMITED	NA	3	Surge	UNK	NA	NA	NA	NA	NA	NA	NA	NA	FALSE	NA	data.js:areas[Celadon City Department Store 2F].item-shop[3]	Measured	NONE
vendor_stock	Max Potion	20	Celadon City Department Store 2F	Kanto	item-shop	UNK	money	UNLIMITED	NA	3	Surge	UNK	NA	NA	NA	NA	NA	NA	NA	NA	FALSE	NA	data.js:areas[Celadon City Department Store 2F].item-shop[3]	Measured	NONE
vendor_stock	Hyper Potion	21	Celadon City Department Store 2F	Kanto	item-shop	UNK	money	UNLIMITED	NA	3	Surge	UNK	NA	NA	NA	NA	NA	NA	NA	NA	FALSE	NA	data.js:areas[Celadon City Department Store 2F].item-shop[3]	Measured	NONE
vendor_stock	Super Potion	22	Celadon City Department Store 2F	Kanto	item-shop	UNK	money	UNLIMITED	NA	3	Surge	UNK	NA	NA	NA	NA	NA	NA	NA	NA	FALSE	NA	data.js:areas[Celadon City Department Store 2F].item-shop[3]	Measured	NONE
vendor_stock	Full Heal	23	Celadon City Department Store 2F	Kanto	item-shop	UNK	money	UNLIMITED	NA	3	Surge	UNK	NA	NA	NA	NA	NA	NA	NA	NA	FALSE	NA	data.js:areas[Celadon City Department Store 2F].item-shop[3]	Measured	NONE
vendor_stock	Revive	24	Celadon City Department Store 2F	Kanto	item-shop	UNK	money	UNLIMITED	NA	3	Surge	UNK	NA	NA	NA	NA	NA	NA	NA	NA	FALSE	NA	data.js:areas[Celadon City Department Store 2F].item-shop[3]	Measured	NONE
vendor_stock	Super Repel	83	Celadon City Department Store 2F	Kanto	item-shop	UNK	money	UNLIMITED	NA	3	Surge	UNK	NA	NA	NA	NA	NA	NA	NA	NA	FALSE	NA	data.js:areas[Celadon City Department Store 2F].item-shop[3]	Measured	NONE
vendor_stock	Max Repel	84	Celadon City Department Store 2F	Kanto	item-shop	UNK	money	UNLIMITED	NA	3	Surge	UNK	NA	NA	NA	NA	NA	NA	NA	NA	FALSE	NA	data.js:areas[Celadon City Department Store 2F].item-shop[3]	Measured	NONE
vendor_stock	Escape Rope	85	Celadon City Department Store 2F	Kanto	item-shop	UNK	money	UNLIMITED	NA	3	Surge	UNK	NA	NA	NA	NA	NA	NA	NA	NA	FALSE	NA	data.js:areas[Celadon City Department Store 2F].item-shop[3]	Measured	NONE
vendor_stock	Repel	86	Celadon City Department Store 2F	Kanto	item-shop	UNK	money	UNLIMITED	NA	3	Surge	UNK	NA	NA	NA	NA	NA	NA	NA	NA	FALSE	NA	data.js:areas[Celadon City Department Store 2F].item-shop[3]	Measured	NONE
vendor_stock	Dusk Ball	240	Celadon City Department Store 2F	Kanto	item-shop	UNK	money	UNLIMITED	NA	3	Surge	UNK	NA	NA	NA	NA	NA	NA	NA	NA	FALSE	NA	data.js:areas[Celadon City Department Store 2F].item-shop[3]	Measured	NONE
vendor_stock	Quick Ball	242	Celadon City Department Store 2F	Kanto	item-shop	UNK	money	UNLIMITED	NA	3	Surge	UNK	NA	NA	NA	NA	NA	NA	NA	NA	FALSE	NA	data.js:areas[Celadon City Department Store 2F].item-shop[3]	Measured	NONE
vendor_stock	Fast Ball	243	Celadon City Department Store 2F	Kanto	item-shop	UNK	money	UNLIMITED	NA	3	Surge	UNK	NA	NA	NA	NA	NA	NA	NA	NA	FALSE	NA	data.js:areas[Celadon City Department Store 2F].item-shop[3]	Measured	NONE
vendor_stock	Level Ball	244	Celadon City Department Store 2F	Kanto	item-shop	UNK	money	UNLIMITED	NA	3	Surge	UNK	NA	NA	NA	NA	NA	NA	NA	NA	FALSE	NA	data.js:areas[Celadon City Department Store 2F].item-shop[3]	Measured	NONE
vendor_stock	Heavy Ball	246	Celadon City Department Store 2F	Kanto	item-shop	UNK	money	UNLIMITED	NA	3	Surge	UNK	NA	NA	NA	NA	NA	NA	NA	NA	FALSE	NA	data.js:areas[Celadon City Department Store 2F].item-shop[3]	Measured	NONE
vendor_stock	Love Ball	247	Celadon City Department Store 2F	Kanto	item-shop	UNK	money	UNLIMITED	NA	3	Surge	UNK	NA	NA	NA	NA	NA	NA	NA	NA	FALSE	NA	data.js:areas[Celadon City Department Store 2F].item-shop[3]	Measured	NONE
vendor_stock	Moon Ball	249	Celadon City Department Store 2F	Kanto	item-shop	UNK	money	UNLIMITED	NA	3	Surge	UNK	NA	NA	NA	NA	NA	NA	NA	NA	FALSE	NA	data.js:areas[Celadon City Department Store 2F].item-shop[3]	Measured	NONE
item_ground	TM113	438	Celadon City Department Store 3F	Kanto	item-standard	NA	NA	1	NA	3	Surge	UNK	NA	NA	NA	NA	NA	113	Play Rough	NA	TRUE	single placement	data.js:areas[Celadon City Department Store 3F].item-standard[3]	Measured	NONE
vendor_stock	Link Cable	87	Celadon City Department Store 4F	Kanto	item-shop	UNK	money	UNLIMITED	NA	3	Surge	UNK	NA	NA	NA	NA	NA	NA	NA	NA	FALSE	NA	data.js:areas[Celadon City Department Store 4F].item-shop[3]	Measured	NONE
vendor_stock	Sun Stone	93	Celadon City Department Store 4F	Kanto	item-shop	UNK	money	UNLIMITED	NA	3	Surge	UNK	NA	NA	NA	NA	NA	NA	NA	NA	FALSE	NA	data.js:areas[Celadon City Department Store 4F].item-shop[3]	Measured	NONE
vendor_stock	Moon Stone	94	Celadon City Department Store 4F	Kanto	item-shop	UNK	money	UNLIMITED	NA	3	Surge	UNK	NA	NA	NA	NA	NA	NA	NA	NA	FALSE	NA	data.js:areas[Celadon City Department Store 4F].item-shop[3]	Measured	NONE
vendor_stock	Fire Stone	95	Celadon City Department Store 4F	Kanto	item-shop	UNK	money	UNLIMITED	NA	3	Surge	UNK	NA	NA	NA	NA	NA	NA	NA	NA	FALSE	NA	data.js:areas[Celadon City Department Store 4F].item-shop[3]	Measured	NONE
vendor_stock	ThunderStone	96	Celadon City Department Store 4F	Kanto	item-shop	UNK	money	UNLIMITED	NA	3	Surge	UNK	NA	NA	NA	NA	NA	NA	NA	NA	FALSE	NA	data.js:areas[Celadon City Department Store 4F].item-shop[3]	Measured	NONE
vendor_stock	Water Stone	97	Celadon City Department Store 4F	Kanto	item-shop	UNK	money	UNLIMITED	NA	3	Surge	UNK	NA	NA	NA	NA	NA	NA	NA	NA	FALSE	NA	data.js:areas[Celadon City Department Store 4F].item-shop[3]	Measured	NONE
vendor_stock	Leaf Stone	98	Celadon City Department Store 4F	Kanto	item-shop	UNK	money	UNLIMITED	NA	3	Surge	UNK	NA	NA	NA	NA	NA	NA	NA	NA	FALSE	NA	data.js:areas[Celadon City Department Store 4F].item-shop[3]	Measured	NONE
vendor_stock	Shiny Stone	99	Celadon City Department Store 4F	Kanto	item-shop	UNK	money	UNLIMITED	NA	3	Surge	UNK	NA	NA	NA	NA	NA	NA	NA	NA	FALSE	NA	data.js:areas[Celadon City Department Store 4F].item-shop[3]	Measured	NONE
vendor_stock	Dusk Stone	100	Celadon City Department Store 4F	Kanto	item-shop	UNK	money	UNLIMITED	NA	3	Surge	UNK	NA	NA	NA	NA	NA	NA	NA	NA	FALSE	NA	data.js:areas[Celadon City Department Store 4F].item-shop[3]	Measured	NONE
vendor_stock	Dawn Stone	101	Celadon City Department Store 4F	Kanto	item-shop	UNK	money	UNLIMITED	NA	3	Surge	UNK	NA	NA	NA	NA	NA	NA	NA	NA	FALSE	NA	data.js:areas[Celadon City Department Store 4F].item-shop[3]	Measured	NONE
vendor_stock	Ice Stone	102	Celadon City Department Store 4F	Kanto	item-shop	UNK	money	UNLIMITED	NA	3	Surge	UNK	NA	NA	NA	NA	NA	NA	NA	NA	FALSE	NA	data.js:areas[Celadon City Department Store 4F].item-shop[3]	Measured	NONE
vendor_stock	Prism Scale	176	Celadon City Department Store 4F	Kanto	item-shop	UNK	money	UNLIMITED	NA	3	Surge	UNK	NA	NA	NA	NA	NA	NA	NA	NA	FALSE	NA	data.js:areas[Celadon City Department Store 4F].item-shop[3]	Measured	NONE
vendor_stock	King's Rock	187	Celadon City Department Store 4F	Kanto	item-shop	UNK	money	UNLIMITED	NA	3	Surge	UNK	NA	NA	NA	NA	NA	NA	NA	NA	FALSE	NA	data.js:areas[Celadon City Department Store 4F].item-shop[3]	Measured	NONE
vendor_stock	Metal Coat	199	Celadon City Department Store 4F	Kanto	item-shop	UNK	money	UNLIMITED	NA	3	Surge	UNK	NA	NA	NA	NA	NA	NA	NA	NA	FALSE	NA	data.js:areas[Celadon City Department Store 4F].item-shop[3]	Measured	NONE
vendor_stock	HP Up	63	Celadon City Department Store 5F	Kanto	item-shop	UNK	money	UNLIMITED	NA	3	Surge	UNK	NA	NA	NA	NA	NA	NA	NA	NA	FALSE	NA	data.js:areas[Celadon City Department Store 5F].item-shop[3]	Measured	NONE
vendor_stock	Protein	64	Celadon City Department Store 5F	Kanto	item-shop	UNK	money	UNLIMITED	NA	3	Surge	UNK	NA	NA	NA	NA	NA	NA	NA	NA	FALSE	NA	data.js:areas[Celadon City Department Store 5F].item-shop[3]	Measured	NONE
vendor_stock	Iron	65	Celadon City Department Store 5F	Kanto	item-shop	UNK	money	UNLIMITED	NA	3	Surge	UNK	NA	NA	NA	NA	NA	NA	NA	NA	FALSE	NA	data.js:areas[Celadon City Department Store 5F].item-shop[3]	Measured	NONE
vendor_stock	Carbos	66	Celadon City Department Store 5F	Kanto	item-shop	UNK	money	UNLIMITED	NA	3	Surge	UNK	NA	NA	NA	NA	NA	NA	NA	NA	FALSE	NA	data.js:areas[Celadon City Department Store 5F].item-shop[3]	Measured	NONE
vendor_stock	Calcium	67	Celadon City Department Store 5F	Kanto	item-shop	UNK	money	UNLIMITED	NA	3	Surge	UNK	NA	NA	NA	NA	NA	NA	NA	NA	FALSE	NA	data.js:areas[Celadon City Department Store 5F].item-shop[3]	Measured	NONE
vendor_stock	Zinc	70	Celadon City Department Store 5F	Kanto	item-shop	UNK	money	UNLIMITED	NA	3	Surge	UNK	NA	NA	NA	NA	NA	NA	NA	NA	FALSE	NA	data.js:areas[Celadon City Department Store 5F].item-shop[3]	Measured	NONE
item_ground	Alakazite	539	Celadon City Department Store 6F	Kanto	item-standard	NA	NA	1	NA	3	Surge	UNK	NA	NA	NA	NA	NA	NA	NA	NA	TRUE	single placement	data.js:areas[Celadon City Department Store 6F].item-standard[3]	Measured	NONE
gift_pokemon	Bulbasaur	1	Celadon City Mansion 1F	Kanto	fixed-gift	NA	NA	1	NA	3	Surge	UNK	NA	NA	NA	NA	NA	NA	NA	NA	TRUE	one-time placement	data.js:areas[Celadon City Mansion 1F].fixed-gift[3]	Measured	NONE
gift_pokemon	Charmander	4	Celadon City Mansion 1F	Kanto	fixed-gift	NA	NA	1	NA	3	Surge	UNK	NA	NA	NA	NA	NA	NA	NA	NA	TRUE	one-time placement	data.js:areas[Celadon City Mansion 1F].fixed-gift[3]	Measured	NONE
gift_pokemon	Squirtle	7	Celadon City Mansion 1F	Kanto	fixed-gift	NA	NA	1	NA	3	Surge	UNK	NA	NA	NA	NA	NA	NA	NA	NA	TRUE	one-time placement	data.js:areas[Celadon City Mansion 1F].fixed-gift[3]	Measured	NONE
gift_pokemon	Chikorita	152	Celadon City Mansion 1F	Kanto	fixed-gift	NA	NA	1	NA	3	Surge	UNK	NA	NA	NA	NA	NA	NA	NA	NA	TRUE	one-time placement	data.js:areas[Celadon City Mansion 1F].fixed-gift[3]	Measured	NONE
gift_pokemon	Cyndaquil	155	Celadon City Mansion 1F	Kanto	fixed-gift	NA	NA	1	NA	3	Surge	UNK	NA	NA	NA	NA	NA	NA	NA	NA	TRUE	one-time placement	data.js:areas[Celadon City Mansion 1F].fixed-gift[3]	Measured	NONE
gift_pokemon	Totodile	158	Celadon City Mansion 1F	Kanto	fixed-gift	NA	NA	1	NA	3	Surge	UNK	NA	NA	NA	NA	NA	NA	NA	NA	TRUE	one-time placement	data.js:areas[Celadon City Mansion 1F].fixed-gift[3]	Measured	NONE
gift_pokemon	Treecko	277	Celadon City Mansion 1F	Kanto	fixed-gift	NA	NA	1	NA	3	Surge	UNK	NA	NA	NA	NA	NA	NA	NA	NA	TRUE	one-time placement	data.js:areas[Celadon City Mansion 1F].fixed-gift[3]	Measured	NONE
gift_pokemon	Torchic	280	Celadon City Mansion 1F	Kanto	fixed-gift	NA	NA	1	NA	3	Surge	UNK	NA	NA	NA	NA	NA	NA	NA	NA	TRUE	one-time placement	data.js:areas[Celadon City Mansion 1F].fixed-gift[3]	Measured	NONE
gift_pokemon	Mudkip	283	Celadon City Mansion 1F	Kanto	fixed-gift	NA	NA	1	NA	3	Surge	UNK	NA	NA	NA	NA	NA	NA	NA	NA	TRUE	one-time placement	data.js:areas[Celadon City Mansion 1F].fixed-gift[3]	Measured	NONE
gift_pokemon	Turtwig	440	Celadon City Mansion 1F	Kanto	fixed-gift	NA	NA	1	NA	3	Surge	UNK	NA	NA	NA	NA	NA	NA	NA	NA	TRUE	one-time placement	data.js:areas[Celadon City Mansion 1F].fixed-gift[3]	Measured	NONE
gift_pokemon	Chimchar	443	Celadon City Mansion 1F	Kanto	fixed-gift	NA	NA	1	NA	3	Surge	UNK	NA	NA	NA	NA	NA	NA	NA	NA	TRUE	one-time placement	data.js:areas[Celadon City Mansion 1F].fixed-gift[3]	Measured	NONE
gift_pokemon	Piplup	446	Celadon City Mansion 1F	Kanto	fixed-gift	NA	NA	1	NA	3	Surge	UNK	NA	NA	NA	NA	NA	NA	NA	NA	TRUE	one-time placement	data.js:areas[Celadon City Mansion 1F].fixed-gift[3]	Measured	NONE
gift_pokemon	Snivy	548	Celadon City Mansion 1F	Kanto	fixed-gift	NA	NA	1	NA	3	Surge	UNK	NA	NA	NA	NA	NA	NA	NA	NA	TRUE	one-time placement	data.js:areas[Celadon City Mansion 1F].fixed-gift[3]	Measured	NONE
gift_pokemon	Tepig	551	Celadon City Mansion 1F	Kanto	fixed-gift	NA	NA	1	NA	3	Surge	UNK	NA	NA	NA	NA	NA	NA	NA	NA	TRUE	one-time placement	data.js:areas[Celadon City Mansion 1F].fixed-gift[3]	Measured	NONE
gift_pokemon	Oshawott	554	Celadon City Mansion 1F	Kanto	fixed-gift	NA	NA	1	NA	3	Surge	UNK	NA	NA	NA	NA	NA	NA	NA	NA	TRUE	one-time placement	data.js:areas[Celadon City Mansion 1F].fixed-gift[3]	Measured	NONE
gift_pokemon	Chespin	758	Celadon City Mansion 1F	Kanto	fixed-gift	NA	NA	1	NA	3	Surge	UNK	NA	NA	NA	NA	NA	NA	NA	NA	TRUE	one-time placement	data.js:areas[Celadon City Mansion 1F].fixed-gift[3]	Measured	NONE
gift_pokemon	Fennekin	761	Celadon City Mansion 1F	Kanto	fixed-gift	NA	NA	1	NA	3	Surge	UNK	NA	NA	NA	NA	NA	NA	NA	NA	TRUE	one-time placement	data.js:areas[Celadon City Mansion 1F].fixed-gift[3]	Measured	NONE
gift_pokemon	Froakie	764	Celadon City Mansion 1F	Kanto	fixed-gift	NA	NA	1	NA	3	Surge	UNK	NA	NA	NA	NA	NA	NA	NA	NA	TRUE	one-time placement	data.js:areas[Celadon City Mansion 1F].fixed-gift[3]	Measured	NONE
gift_pokemon	Sprigatito	921	Celadon City Mansion 1F	Kanto	fixed-gift	NA	NA	1	NA	3	Surge	UNK	NA	NA	NA	NA	NA	NA	NA	NA	TRUE	one-time placement	data.js:areas[Celadon City Mansion 1F].fixed-gift[3]	Measured	NONE
gift_pokemon	Fuecoco	924	Celadon City Mansion 1F	Kanto	fixed-gift	NA	NA	1	NA	3	Surge	UNK	NA	NA	NA	NA	NA	NA	NA	NA	TRUE	one-time placement	data.js:areas[Celadon City Mansion 1F].fixed-gift[3]	Measured	NONE
gift_pokemon	Quaxly	927	Celadon City Mansion 1F	Kanto	fixed-gift	NA	NA	1	NA	3	Surge	UNK	NA	NA	NA	NA	NA	NA	NA	NA	TRUE	one-time placement	data.js:areas[Celadon City Mansion 1F].fixed-gift[3]	Measured	NONE
gift_pokemon	Rowlet	939	Celadon City Mansion 1F	Kanto	fixed-gift	NA	NA	1	NA	3	Surge	UNK	NA	NA	NA	NA	NA	NA	NA	NA	TRUE	one-time placement	data.js:areas[Celadon City Mansion 1F].fixed-gift[3]	Measured	NONE
gift_pokemon	Litten	942	Celadon City Mansion 1F	Kanto	fixed-gift	NA	NA	1	NA	3	Surge	UNK	NA	NA	NA	NA	NA	NA	NA	NA	TRUE	one-time placement	data.js:areas[Celadon City Mansion 1F].fixed-gift[3]	Measured	NONE
gift_pokemon	Popplio	945	Celadon City Mansion 1F	Kanto	fixed-gift	NA	NA	1	NA	3	Surge	UNK	NA	NA	NA	NA	NA	NA	NA	NA	TRUE	one-time placement	data.js:areas[Celadon City Mansion 1F].fixed-gift[3]	Measured	NONE
gift_pokemon	Pikachu-Surfing	1085	Celadon City Mansion 1F	Kanto	fixed-gift	NA	NA	1	NA	3	Surge	UNK	NA	NA	NA	NA	NA	NA	NA	NA	TRUE	one-time placement	data.js:areas[Celadon City Mansion 1F].fixed-gift[3]	Measured	NONE
gift_pokemon	Pikachu-Flying	1086	Celadon City Mansion 1F	Kanto	fixed-gift	NA	NA	1	NA	3	Surge	UNK	NA	NA	NA	NA	NA	NA	NA	NA	TRUE	one-time placement	data.js:areas[Celadon City Mansion 1F].fixed-gift[3]	Measured	NONE
gift_pokemon	Pikachu-Cosplay	1087	Celadon City Mansion 1F	Kanto	fixed-gift	NA	NA	1	NA	3	Surge	UNK	NA	NA	NA	NA	NA	NA	NA	NA	TRUE	one-time placement	data.js:areas[Celadon City Mansion 1F].fixed-gift[3]	Measured	NONE
gift_pokemon	Pikachu-Libre	1088	Celadon City Mansion 1F	Kanto	fixed-gift	NA	NA	1	NA	3	Surge	UNK	NA	NA	NA	NA	NA	NA	NA	NA	TRUE	one-time placement	data.js:areas[Celadon City Mansion 1F].fixed-gift[3]	Measured	NONE
gift_pokemon	Pikachu-Pop-Star	1089	Celadon City Mansion 1F	Kanto	fixed-gift	NA	NA	1	NA	3	Surge	UNK	NA	NA	NA	NA	NA	NA	NA	NA	TRUE	one-time placement	data.js:areas[Celadon City Mansion 1F].fixed-gift[3]	Measured	NONE
gift_pokemon	Pikachu-Rock-Star	1090	Celadon City Mansion 1F	Kanto	fixed-gift	NA	NA	1	NA	3	Surge	UNK	NA	NA	NA	NA	NA	NA	NA	NA	TRUE	one-time placement	data.js:areas[Celadon City Mansion 1F].fixed-gift[3]	Measured	NONE
gift_pokemon	Pikachu-Belle	1091	Celadon City Mansion 1F	Kanto	fixed-gift	NA	NA	1	NA	3	Surge	UNK	NA	NA	NA	NA	NA	NA	NA	NA	TRUE	one-time placement	data.js:areas[Celadon City Mansion 1F].fixed-gift[3]	Measured	NONE
gift_pokemon	Pikachu-PhD	1092	Celadon City Mansion 1F	Kanto	fixed-gift	NA	NA	1	NA	3	Surge	UNK	NA	NA	NA	NA	NA	NA	NA	NA	TRUE	one-time placement	data.js:areas[Celadon City Mansion 1F].fixed-gift[3]	Measured	NONE
gift_pokemon	Pikachu-Original	1093	Celadon City Mansion 1F	Kanto	fixed-gift	NA	NA	1	NA	3	Surge	UNK	NA	NA	NA	NA	NA	NA	NA	NA	TRUE	one-time placement	data.js:areas[Celadon City Mansion 1F].fixed-gift[3]	Measured	NONE
gift_pokemon	Pikachu-Hoenn	1094	Celadon City Mansion 1F	Kanto	fixed-gift	NA	NA	1	NA	3	Surge	UNK	NA	NA	NA	NA	NA	NA	NA	NA	TRUE	one-time placement	data.js:areas[Celadon City Mansion 1F].fixed-gift[3]	Measured	NONE
gift_pokemon	Pikachu-Sinnoh	1095	Celadon City Mansion 1F	Kanto	fixed-gift	NA	NA	1	NA	3	Surge	UNK	NA	NA	NA	NA	NA	NA	NA	NA	TRUE	one-time placement	data.js:areas[Celadon City Mansion 1F].fixed-gift[3]	Measured	NONE
gift_pokemon	Pikachu-Unova	1096	Celadon City Mansion 1F	Kanto	fixed-gift	NA	NA	1	NA	3	Surge	UNK	NA	NA	NA	NA	NA	NA	NA	NA	TRUE	one-time placement	data.js:areas[Celadon City Mansion 1F].fixed-gift[3]	Measured	NONE
gift_pokemon	Pikachu-Kalos	1097	Celadon City Mansion 1F	Kanto	fixed-gift	NA	NA	1	NA	3	Surge	UNK	NA	NA	NA	NA	NA	NA	NA	NA	TRUE	one-time placement	data.js:areas[Celadon City Mansion 1F].fixed-gift[3]	Measured	NONE
gift_pokemon	Pikachu-Alola	1098	Celadon City Mansion 1F	Kanto	fixed-gift	NA	NA	1	NA	3	Surge	UNK	NA	NA	NA	NA	NA	NA	NA	NA	TRUE	one-time placement	data.js:areas[Celadon City Mansion 1F].fixed-gift[3]	Measured	NONE
gift_pokemon	Pikachu-Partner	1099	Celadon City Mansion 1F	Kanto	fixed-gift	NA	NA	1	NA	3	Surge	UNK	NA	NA	NA	NA	NA	NA	NA	NA	TRUE	one-time placement	data.js:areas[Celadon City Mansion 1F].fixed-gift[3]	Measured	NONE
gift_pokemon	Grookey	1102	Celadon City Mansion 1F	Kanto	fixed-gift	NA	NA	1	NA	3	Surge	UNK	NA	NA	NA	NA	NA	NA	NA	NA	TRUE	one-time placement	data.js:areas[Celadon City Mansion 1F].fixed-gift[3]	Measured	NONE
gift_pokemon	Scorbunny	1105	Celadon City Mansion 1F	Kanto	fixed-gift	NA	NA	1	NA	3	Surge	UNK	NA	NA	NA	NA	NA	NA	NA	NA	TRUE	one-time placement	data.js:areas[Celadon City Mansion 1F].fixed-gift[3]	Measured	NONE
gift_pokemon	Sobble	1108	Celadon City Mansion 1F	Kanto	fixed-gift	NA	NA	1	NA	3	Surge	UNK	NA	NA	NA	NA	NA	NA	NA	NA	TRUE	one-time placement	data.js:areas[Celadon City Mansion 1F].fixed-gift[3]	Measured	NONE
item_ground	Tea	369	Celadon City Mansion 1F	Kanto	item-standard	NA	NA	1	NA	3	Surge	UNK	NA	NA	NA	NA	NA	NA	NA	NA	TRUE	single placement	data.js:areas[Celadon City Mansion 1F].item-standard[3]	Measured	NONE
item_ground	Amulet Coin	189	Celadon City Mansion 2F	Kanto	item-standard	NA	NA	1	NA	3	Surge	UNK	NA	NA	NA	NA	NA	NA	NA	NA	TRUE	single placement	data.js:areas[Celadon City Mansion 2F].item-standard[3]	Measured	NONE
gift_pokemon	Eevee	133	Celadon City Mansion Roof House	Kanto	fixed-gift	NA	NA	1	NA	3	Surge	UNK	NA	NA	NA	NA	NA	NA	NA	NA	TRUE	one-time placement	data.js:areas[Celadon City Mansion Roof House].fixed-gift[3]	Measured	NONE
trade_pokemon	Chatot	494	Celadon City Restaurant	Kanto	fixed-trade	NA	NA	1	NA	3	Surge	UNK	NA	NA	NA	NA	NA	NA	NA	NA	FALSE	NA	data.js:areas[Celadon City Restaurant].fixed-trade[3]	Measured	NONE
item_ground	Big Nugget	115	Celadon City Restaurant	Kanto	item-standard	NA	NA	10	NA	3	Surge	UNK	NA	NA	NA	NA	NA	NA	NA	NA	TRUE	single placement	data.js:areas[Celadon City Restaurant].item-standard[3]	Asserted	 quantity from the official item sheet
item_ground	TM117	442	Celadon City Hotel	Kanto	item-standard	NA	NA	1	NA	3	Surge	UNK	NA	NA	NA	NA	NA	117	Brave Bird	NA	TRUE	single placement	data.js:areas[Celadon City Hotel].item-standard[3]	Measured	NONE
item_ground	Applite	739	Celadon City Hotel	Kanto	item-standard	NA	NA	1	NA	3	Surge	UNK	NA	NA	NA	NA	NA	NA	NA	NA	TRUE	single placement	data.js:areas[Celadon City Hotel].item-standard[3]	Measured	NONE
wild_encounter	Heracross	214	Route 16	Kanto	wild-day	NA	NA	REPEATABLE	NA	3	Surge	UNK	20	36	38	0	NA	NA	NA	NA	FALSE	NA	data.js:areas[Route 16].wild-day[3]	Measured	rate Asserted from the locations sheet
wild_encounter	Yanma	193	Route 16	Kanto	wild-day	NA	NA	REPEATABLE	NA	3	Surge	UNK	20	36	38	1	NA	NA	NA	NA	FALSE	NA	data.js:areas[Route 16].wild-day[3]	Measured	rate Asserted from the locations sheet
wild_encounter	Rhyhorn	111	Route 16	Kanto	wild-day	NA	NA	REPEATABLE	NA	3	Surge	UNK	10	36	38	2	NA	NA	NA	NA	FALSE	NA	data.js:areas[Route 16].wild-day[3]	Measured	rate Asserted from the locations sheet
wild_encounter	Skorupi	504	Route 16	Kanto	wild-day	NA	NA	REPEATABLE	NA	3	Surge	UNK	10	36	38	3	NA	NA	NA	NA	FALSE	NA	data.js:areas[Route 16].wild-day[3]	Measured	rate Asserted from the locations sheet
wild_encounter	Cufant	1170	Route 16	Kanto	wild-day	NA	NA	REPEATABLE	NA	3	Surge	UNK	10	36	38	4	NA	NA	NA	NA	FALSE	NA	data.js:areas[Route 16].wild-day[3]	Measured	rate Asserted from the locations sheet
wild_encounter	Durant	685	Route 16	Kanto	wild-day	NA	NA	REPEATABLE	NA	3	Surge	UNK	10	36	38	5	NA	NA	NA	NA	FALSE	NA	data.js:areas[Route 16].wild-day[3]	Measured	rate Asserted from the locations sheet
wild_encounter	Togedemaru	994	Route 16	Kanto	wild-day	NA	NA	REPEATABLE	NA	3	Surge	UNK	5	36	38	6	NA	NA	NA	NA	FALSE	NA	data.js:areas[Route 16].wild-day[3]	Measured	rate Asserted from the locations sheet
wild_encounter	Skarmory	227	Route 16	Kanto	wild-day	NA	NA	REPEATABLE	NA	3	Surge	UNK	5	36	38	7	NA	NA	NA	NA	FALSE	NA	data.js:areas[Route 16].wild-day[3]	Measured	rate Asserted from the locations sheet
wild_encounter	Orthworm	1329	Route 16	Kanto	wild-day	NA	NA	REPEATABLE	NA	3	Surge	UNK	4	36	38	8	NA	NA	NA	NA	FALSE	NA	data.js:areas[Route 16].wild-day[3]	Measured	rate Asserted from the locations sheet
wild_encounter	Orthworm	1329	Route 16	Kanto	wild-day	NA	NA	REPEATABLE	NA	3	Surge	UNK	4	36	38	9	NA	NA	NA	NA	FALSE	NA	data.js:areas[Route 16].wild-day[3]	Measured	rate Asserted from the locations sheet
wild_encounter	Escavalier	642	Route 16	Kanto	wild-day	NA	NA	REPEATABLE	NA	3	Surge	UNK	1	36	38	10	NA	NA	NA	NA	FALSE	NA	data.js:areas[Route 16].wild-day[3]	Measured	rate Asserted from the locations sheet
wild_encounter	Cufant	1170	Route 16	Kanto	wild-day	NA	NA	REPEATABLE	NA	3	Surge	UNK	1	36	38	11	NA	NA	NA	NA	FALSE	NA	data.js:areas[Route 16].wild-day[3]	Measured	rate Asserted from the locations sheet
wild_encounter	Scyther	123	Route 16	Kanto	wild-night	NA	NA	REPEATABLE	NA	3	Surge	UNK	20	36	38	0	NA	NA	NA	NA	FALSE	NA	data.js:areas[Route 16].wild-night[3]	Measured	rate Asserted from the locations sheet
wild_encounter	Forretress	205	Route 16	Kanto	wild-night	NA	NA	REPEATABLE	NA	3	Surge	UNK	20	36	38	1	NA	NA	NA	NA	FALSE	NA	data.js:areas[Route 16].wild-night[3]	Measured	rate Asserted from the locations sheet
wild_encounter	Rhyhorn	111	Route 16	Kanto	wild-night	NA	NA	REPEATABLE	NA	3	Surge	UNK	10	36	38	2	NA	NA	NA	NA	FALSE	NA	data.js:areas[Route 16].wild-night[3]	Measured	rate Asserted from the locations sheet
wild_encounter	Falinks	1162	Route 16	Kanto	wild-night	NA	NA	REPEATABLE	NA	3	Surge	UNK	10	36	38	3	NA	NA	NA	NA	FALSE	NA	data.js:areas[Route 16].wild-night[3]	Measured	rate Asserted from the locations sheet
wild_encounter	Cufant	1170	Route 16	Kanto	wild-night	NA	NA	REPEATABLE	NA	3	Surge	UNK	10	36	38	4	NA	NA	NA	NA	FALSE	NA	data.js:areas[Route 16].wild-night[3]	Measured	rate Asserted from the locations sheet
wild_encounter	Durant	685	Route 16	Kanto	wild-night	NA	NA	REPEATABLE	NA	3	Surge	UNK	10	36	38	5	NA	NA	NA	NA	FALSE	NA	data.js:areas[Route 16].wild-night[3]	Measured	rate Asserted from the locations sheet
wild_encounter	Togedemaru	994	Route 16	Kanto	wild-night	NA	NA	REPEATABLE	NA	3	Surge	UNK	5	36	38	6	NA	NA	NA	NA	FALSE	NA	data.js:areas[Route 16].wild-night[3]	Measured	rate Asserted from the locations sheet
wild_encounter	Skarmory	227	Route 16	Kanto	wild-night	NA	NA	REPEATABLE	NA	3	Surge	UNK	5	36	38	7	NA	NA	NA	NA	FALSE	NA	data.js:areas[Route 16].wild-night[3]	Measured	rate Asserted from the locations sheet
wild_encounter	Orthworm	1329	Route 16	Kanto	wild-night	NA	NA	REPEATABLE	NA	3	Surge	UNK	4	36	38	8	NA	NA	NA	NA	FALSE	NA	data.js:areas[Route 16].wild-night[3]	Measured	rate Asserted from the locations sheet
wild_encounter	Orthworm	1329	Route 16	Kanto	wild-night	NA	NA	REPEATABLE	NA	3	Surge	UNK	4	36	38	9	NA	NA	NA	NA	FALSE	NA	data.js:areas[Route 16].wild-night[3]	Measured	rate Asserted from the locations sheet
wild_encounter	Escavalier	642	Route 16	Kanto	wild-night	NA	NA	REPEATABLE	NA	3	Surge	UNK	1	36	38	10	NA	NA	NA	NA	FALSE	NA	data.js:areas[Route 16].wild-night[3]	Measured	rate Asserted from the locations sheet
wild_encounter	Cufant	1170	Route 16	Kanto	wild-night	NA	NA	REPEATABLE	NA	3	Surge	UNK	1	36	38	11	NA	NA	NA	NA	FALSE	NA	data.js:areas[Route 16].wild-night[3]	Measured	rate Asserted from the locations sheet
static_pokemon	Snorlax	143	Route 16	Kanto	fixed-overworld	NA	NA	1	NA	6	Archer-2	UNK	NA	NA	NA	NA	NA	NA	NA	NA	TRUE	one-time placement	data.js:areas[Route 16].fixed-overworld[6]	Measured	NONE
item_ground	TM100	425	Route 16	Kanto	item-standard	NA	NA	1	NA	3	Surge	UNK	NA	NA	NA	NA	NA	100	Dual Wingbeat	NA	TRUE	single placement	data.js:areas[Route 16].item-standard[3]	Measured	NONE
item_hidden	Leftovers	200	Route 16	Kanto	item-hidden	NA	NA	10	NA	3	Surge	UNK	NA	NA	NA	NA	NA	NA	NA	NA	TRUE	single placement	data.js:areas[Route 16].item-hidden[3]	Asserted	 quantity from the official item sheet
raid_den	Porygon	137	Route 16	Kanto	raid1	NA	NA	REPEATABLE	Wishing Piece to re-activate a spent den	3	Surge	UNK	NA	NA	NA	NA	1	NA	NA	Stardust,Dusk Ball,Payapa Berry,Blue Shard,Star Piece,Nugget,Wishing Piece,PP Up,Dream Ball,Big Nugget,Lucky Egg,Lucky Egg	FALSE	NA	data.js:areas[Route 16].raid1[3]	Measured	NONE
raid_den	Passimian	983	Route 16	Kanto	raid1	NA	NA	REPEATABLE	Wishing Piece to re-activate a spent den	3	Surge	UNK	NA	NA	NA	NA	1	NA	NA	Stardust,Dusk Ball,Payapa Berry,Green Shard,Star Piece,Nugget,Wishing Piece,PP Up,Dream Ball,Big Nugget,Lucky Egg,Lucky Egg	FALSE	NA	data.js:areas[Route 16].raid1[3]	Measured	NONE
raid_den	Oranguru	982	Route 16	Kanto	raid1	NA	NA	REPEATABLE	Wishing Piece to re-activate a spent den	3	Surge	UNK	NA	NA	NA	NA	1	NA	NA	Stardust,Dusk Ball,Payapa Berry,Yellow Shard,Star Piece,Nugget,Wishing Piece,PP Up,Dream Ball,Big Nugget,Lucky Egg,Lucky Egg	FALSE	NA	data.js:areas[Route 16].raid1[3]	Measured	NONE
raid_den	Cramorant	1137	Route 16	Kanto	raid1	NA	NA	REPEATABLE	Wishing Piece to re-activate a spent den	3	Surge	UNK	NA	NA	NA	NA	1	NA	NA	Stardust,Dusk Ball,Payapa Berry,Red Shard,Star Piece,Nugget,Wishing Piece,PP Up,Dream Ball,Big Nugget,Lucky Egg,Lucky Egg	FALSE	NA	data.js:areas[Route 16].raid1[3]	Measured	NONE
raid_den	Kleavor	1273	Route 16	Kanto	raid1	NA	NA	REPEATABLE	Wishing Piece to re-activate a spent den	3	Surge	UNK	NA	NA	NA	NA	1	NA	NA	Stardust,Dusk Ball,Payapa Berry,Blue Shard,Star Piece,Nugget,Wishing Piece,PP Up,Dream Ball,Big Nugget,Lucky Egg,Lucky Egg	FALSE	NA	data.js:areas[Route 16].raid1[3]	Measured	NONE
raid_den	Zygarde-10%	837	Route 16	Kanto	raid4	NA	NA	REPEATABLE	Wishing Piece to re-activate a spent den	3	Surge	UNK	NA	NA	NA	NA	4	NA	NA	Star Piece,Nugget,Big Nugget,Protein,Calcium,PP Up,PP Max,Wishing Piece,Dream Patch,Lucky Egg,Lucky Egg,Lucky Egg	FALSE	NA	data.js:areas[Route 16].raid4[3]	Measured	NONE
raid_den	Diancie	827	Route 16	Kanto	raid4	NA	NA	REPEATABLE	Wishing Piece to re-activate a spent den	3	Surge	UNK	NA	NA	NA	NA	4	NA	NA	Star Piece,Nugget,Big Nugget,Protein,Calcium,PP Up,PP Max,Star Piece,Wishing Piece,Lucky Egg,Lucky Egg,Lucky Egg	FALSE	NA	data.js:areas[Route 16].raid4[3]	Measured	NONE
raid_den	Pecharunt	1372	Route 16	Kanto	raid4	NA	NA	REPEATABLE	Wishing Piece to re-activate a spent den	3	Surge	UNK	NA	NA	NA	NA	4	NA	NA	Star Piece,Nugget,Big Nugget,Protein,Calcium,PP Up,PP Max,Star Piece,Wishing Piece,Lucky Egg,Lucky Egg,Lucky Egg	FALSE	NA	data.js:areas[Route 16].raid4[3]	Measured	NONE
item_ground	HM02	340	Route 16 Fly HM House	Kanto	item-standard	NA	NA	1	NA	3	Surge	UNK	NA	NA	NA	NA	NA	NA	NA	NA	TRUE	single placement	data.js:areas[Route 16 Fly HM House].item-standard[3]	Measured	NONE
item_ground	Tri-Pass	367	Route 16 Fly HM House	Kanto	item-standard	NA	NA	1	NA	17	Post-Game	UNK	NA	NA	NA	NA	NA	NA	NA	NA	TRUE	single placement	data.js:areas[Route 16 Fly HM House].item-standard[17]	Measured	NONE
item_ground	Mega Ring	353	Saffron City	Kanto	item-standard	NA	NA	1	NA	8	Sabrina	UNK	NA	NA	NA	NA	NA	NA	NA	NA	TRUE	single placement	data.js:areas[Saffron City].item-standard[8]	Measured	NONE
vendor_stock	Ultra Ball	2	Saffron City Poke Mart	Kanto	item-shop	UNK	money	UNLIMITED	NA	3	Surge	UNK	NA	NA	NA	NA	NA	NA	NA	NA	FALSE	NA	data.js:areas[Saffron City Poke Mart].item-shop[3]	Measured	NONE
vendor_stock	Great Ball	3	Saffron City Poke Mart	Kanto	item-shop	UNK	money	UNLIMITED	NA	3	Surge	UNK	NA	NA	NA	NA	NA	NA	NA	NA	FALSE	NA	data.js:areas[Saffron City Poke Mart].item-shop[3]	Measured	NONE
vendor_stock	Poke Ball	4	Saffron City Poke Mart	Kanto	item-shop	UNK	money	UNLIMITED	NA	3	Surge	UNK	NA	NA	NA	NA	NA	NA	NA	NA	FALSE	NA	data.js:areas[Saffron City Poke Mart].item-shop[3]	Measured	NONE
vendor_stock	Potion	13	Saffron City Poke Mart	Kanto	item-shop	UNK	money	UNLIMITED	NA	3	Surge	UNK	NA	NA	NA	NA	NA	NA	NA	NA	FALSE	NA	data.js:areas[Saffron City Poke Mart].item-shop[3]	Measured	NONE
vendor_stock	Antidote	14	Saffron City Poke Mart	Kanto	item-shop	UNK	money	UNLIMITED	NA	3	Surge	UNK	NA	NA	NA	NA	NA	NA	NA	NA	FALSE	NA	data.js:areas[Saffron City Poke Mart].item-shop[3]	Measured	NONE
vendor_stock	Burn Heal	15	Saffron City Poke Mart	Kanto	item-shop	UNK	money	UNLIMITED	NA	3	Surge	UNK	NA	NA	NA	NA	NA	NA	NA	NA	FALSE	NA	data.js:areas[Saffron City Poke Mart].item-shop[3]	Measured	NONE
vendor_stock	Ice Heal	16	Saffron City Poke Mart	Kanto	item-shop	UNK	money	UNLIMITED	NA	3	Surge	UNK	NA	NA	NA	NA	NA	NA	NA	NA	FALSE	NA	data.js:areas[Saffron City Poke Mart].item-shop[3]	Measured	NONE
vendor_stock	Awakening	17	Saffron City Poke Mart	Kanto	item-shop	UNK	money	UNLIMITED	NA	3	Surge	UNK	NA	NA	NA	NA	NA	NA	NA	NA	FALSE	NA	data.js:areas[Saffron City Poke Mart].item-shop[3]	Measured	NONE
vendor_stock	Paralyze Heal	18	Saffron City Poke Mart	Kanto	item-shop	UNK	money	UNLIMITED	NA	3	Surge	UNK	NA	NA	NA	NA	NA	NA	NA	NA	FALSE	NA	data.js:areas[Saffron City Poke Mart].item-shop[3]	Measured	NONE
vendor_stock	Full Restore	19	Saffron City Poke Mart	Kanto	item-shop	UNK	money	UNLIMITED	NA	3	Surge	UNK	NA	NA	NA	NA	NA	NA	NA	NA	FALSE	NA	data.js:areas[Saffron City Poke Mart].item-shop[3]	Measured	NONE
vendor_stock	Max Potion	20	Saffron City Poke Mart	Kanto	item-shop	UNK	money	UNLIMITED	NA	3	Surge	UNK	NA	NA	NA	NA	NA	NA	NA	NA	FALSE	NA	data.js:areas[Saffron City Poke Mart].item-shop[3]	Measured	NONE
vendor_stock	Hyper Potion	21	Saffron City Poke Mart	Kanto	item-shop	UNK	money	UNLIMITED	NA	3	Surge	UNK	NA	NA	NA	NA	NA	NA	NA	NA	FALSE	NA	data.js:areas[Saffron City Poke Mart].item-shop[3]	Measured	NONE
vendor_stock	Super Potion	22	Saffron City Poke Mart	Kanto	item-shop	UNK	money	UNLIMITED	NA	3	Surge	UNK	NA	NA	NA	NA	NA	NA	NA	NA	FALSE	NA	data.js:areas[Saffron City Poke Mart].item-shop[3]	Measured	NONE
vendor_stock	Full Heal	23	Saffron City Poke Mart	Kanto	item-shop	UNK	money	UNLIMITED	NA	3	Surge	UNK	NA	NA	NA	NA	NA	NA	NA	NA	FALSE	NA	data.js:areas[Saffron City Poke Mart].item-shop[3]	Measured	NONE
vendor_stock	Revive	24	Saffron City Poke Mart	Kanto	item-shop	UNK	money	UNLIMITED	NA	3	Surge	UNK	NA	NA	NA	NA	NA	NA	NA	NA	FALSE	NA	data.js:areas[Saffron City Poke Mart].item-shop[3]	Measured	NONE
vendor_stock	Super Repel	83	Saffron City Poke Mart	Kanto	item-shop	UNK	money	UNLIMITED	NA	3	Surge	UNK	NA	NA	NA	NA	NA	NA	NA	NA	FALSE	NA	data.js:areas[Saffron City Poke Mart].item-shop[3]	Measured	NONE
vendor_stock	Max Repel	84	Saffron City Poke Mart	Kanto	item-shop	UNK	money	UNLIMITED	NA	3	Surge	UNK	NA	NA	NA	NA	NA	NA	NA	NA	FALSE	NA	data.js:areas[Saffron City Poke Mart].item-shop[3]	Measured	NONE
vendor_stock	Escape Rope	85	Saffron City Poke Mart	Kanto	item-shop	UNK	money	UNLIMITED	NA	3	Surge	UNK	NA	NA	NA	NA	NA	NA	NA	NA	FALSE	NA	data.js:areas[Saffron City Poke Mart].item-shop[3]	Measured	NONE
vendor_stock	Repel	86	Saffron City Poke Mart	Kanto	item-shop	UNK	money	UNLIMITED	NA	3	Surge	UNK	NA	NA	NA	NA	NA	NA	NA	NA	FALSE	NA	data.js:areas[Saffron City Poke Mart].item-shop[3]	Measured	NONE
vendor_stock	Dream Patch	55	Saffron City Trainer Fan Club	Kanto	item-shop	UNK	money	UNLIMITED	NA	3	Surge	UNK	NA	NA	NA	NA	NA	NA	NA	NA	FALSE	NA	data.js:areas[Saffron City Trainer Fan Club].item-shop[3]	Measured	NONE
vendor_stock	Ability Pill	72	Saffron City Trainer Fan Club	Kanto	item-shop	UNK	money	UNLIMITED	NA	3	Surge	UNK	NA	NA	NA	NA	NA	NA	NA	NA	FALSE	NA	data.js:areas[Saffron City Trainer Fan Club].item-shop[3]	Measured	NONE
vendor_stock	Cheri Berry	133	Saffron City Trainer Fan Club	Kanto	item-shop	UNK	money	UNLIMITED	NA	3	Surge	UNK	NA	NA	NA	NA	NA	NA	NA	NA	FALSE	NA	data.js:areas[Saffron City Trainer Fan Club].item-shop[3]	Measured	NONE
vendor_stock	Chesto Berry	134	Saffron City Trainer Fan Club	Kanto	item-shop	UNK	money	UNLIMITED	NA	3	Surge	UNK	NA	NA	NA	NA	NA	NA	NA	NA	FALSE	NA	data.js:areas[Saffron City Trainer Fan Club].item-shop[3]	Measured	NONE
vendor_stock	Rawst Berry	136	Saffron City Trainer Fan Club	Kanto	item-shop	UNK	money	UNLIMITED	NA	3	Surge	UNK	NA	NA	NA	NA	NA	NA	NA	NA	FALSE	NA	data.js:areas[Saffron City Trainer Fan Club].item-shop[3]	Measured	NONE
vendor_stock	Aspear Berry	137	Saffron City Trainer Fan Club	Kanto	item-shop	UNK	money	UNLIMITED	NA	3	Surge	UNK	NA	NA	NA	NA	NA	NA	NA	NA	FALSE	NA	data.js:areas[Saffron City Trainer Fan Club].item-shop[3]	Measured	NONE
vendor_stock	Persim Berry	140	Saffron City Trainer Fan Club	Kanto	item-shop	UNK	money	UNLIMITED	NA	3	Surge	UNK	NA	NA	NA	NA	NA	NA	NA	NA	FALSE	NA	data.js:areas[Saffron City Trainer Fan Club].item-shop[3]	Measured	NONE
vendor_stock	Red Nectar	528	Saffron City Trainer Fan Club	Kanto	item-shop	UNK	money	UNLIMITED	NA	3	Surge	UNK	NA	NA	NA	NA	NA	NA	NA	NA	FALSE	NA	data.js:areas[Saffron City Trainer Fan Club].item-shop[3]	Measured	NONE
vendor_stock	Yellow Nectar	529	Saffron City Trainer Fan Club	Kanto	item-shop	UNK	money	UNLIMITED	NA	3	Surge	UNK	NA	NA	NA	NA	NA	NA	NA	NA	FALSE	NA	data.js:areas[Saffron City Trainer Fan Club].item-shop[3]	Measured	NONE
vendor_stock	Pink Nectar	530	Saffron City Trainer Fan Club	Kanto	item-shop	UNK	money	UNLIMITED	NA	3	Surge	UNK	NA	NA	NA	NA	NA	NA	NA	NA	FALSE	NA	data.js:areas[Saffron City Trainer Fan Club].item-shop[3]	Measured	NONE
vendor_stock	Purple Nectar	531	Saffron City Trainer Fan Club	Kanto	item-shop	UNK	money	UNLIMITED	NA	3	Surge	UNK	NA	NA	NA	NA	NA	NA	NA	NA	FALSE	NA	data.js:areas[Saffron City Trainer Fan Club].item-shop[3]	Measured	NONE
vendor_stock	Power Bracer	642	Saffron City Trainer Fan Club	Kanto	item-shop	UNK	money	UNLIMITED	NA	3	Surge	UNK	NA	NA	NA	NA	NA	NA	NA	NA	FALSE	NA	data.js:areas[Saffron City Trainer Fan Club].item-shop[3]	Measured	NONE
vendor_stock	Power Belt	643	Saffron City Trainer Fan Club	Kanto	item-shop	UNK	money	UNLIMITED	NA	3	Surge	UNK	NA	NA	NA	NA	NA	NA	NA	NA	FALSE	NA	data.js:areas[Saffron City Trainer Fan Club].item-shop[3]	Measured	NONE
vendor_stock	Power Lens	644	Saffron City Trainer Fan Club	Kanto	item-shop	UNK	money	UNLIMITED	NA	3	Surge	UNK	NA	NA	NA	NA	NA	NA	NA	NA	FALSE	NA	data.js:areas[Saffron City Trainer Fan Club].item-shop[3]	Measured	NONE
vendor_stock	Power Band	645	Saffron City Trainer Fan Club	Kanto	item-shop	UNK	money	UNLIMITED	NA	3	Surge	UNK	NA	NA	NA	NA	NA	NA	NA	NA	FALSE	NA	data.js:areas[Saffron City Trainer Fan Club].item-shop[3]	Measured	NONE
vendor_stock	Power Anklet	646	Saffron City Trainer Fan Club	Kanto	item-shop	UNK	money	UNLIMITED	NA	3	Surge	UNK	NA	NA	NA	NA	NA	NA	NA	NA	FALSE	NA	data.js:areas[Saffron City Trainer Fan Club].item-shop[3]	Measured	NONE
vendor_stock	Power Weight	647	Saffron City Trainer Fan Club	Kanto	item-shop	UNK	money	UNLIMITED	NA	3	Surge	UNK	NA	NA	NA	NA	NA	NA	NA	NA	FALSE	NA	data.js:areas[Saffron City Trainer Fan Club].item-shop[3]	Measured	NONE
vendor_stock	Destiny Knot	688	Saffron City Trainer Fan Club	Kanto	item-shop	UNK	money	UNLIMITED	NA	3	Surge	UNK	NA	NA	NA	NA	NA	NA	NA	NA	FALSE	NA	data.js:areas[Saffron City Trainer Fan Club].item-shop[3]	Measured	NONE
item_ground	TM29	317	Saffron City Mr. Psychic's House	Kanto	item-standard	NA	NA	1	NA	3	Surge	UNK	NA	NA	NA	NA	NA	29	Psychic	NA	TRUE	single placement	data.js:areas[Saffron City Mr. Psychic's House].item-standard[3]	Measured	NONE
gift_pokemon	Tauros-Paldea-Aqua	1235	Saffron City Fighting Dojo	Kanto	fixed-gift	NA	NA	1	NA	3	Surge	UNK	NA	NA	NA	NA	NA	NA	NA	NA	TRUE	one-time placement	data.js:areas[Saffron City Fighting Dojo].fixed-gift[3]	Measured	NONE
gift_pokemon	Tauros-Paldea-Blaze	1240	Saffron City Fighting Dojo	Kanto	fixed-gift	NA	NA	1	NA	3	Surge	UNK	NA	NA	NA	NA	NA	NA	NA	NA	TRUE	one-time placement	data.js:areas[Saffron City Fighting Dojo].fixed-gift[3]	Measured	NONE
item_ground	TM60	385	Saffron City Fighting Dojo	Kanto	item-standard	NA	NA	1	NA	3	Surge	UNK	NA	NA	NA	NA	NA	60	Drain Punch	NA	TRUE	single placement	data.js:areas[Saffron City Fighting Dojo].item-standard[3]	Measured	NONE
item_ground	Galladite	577	Saffron City Fighting Dojo	Kanto	item-standard	NA	NA	1	NA	3	Surge	UNK	NA	NA	NA	NA	NA	NA	NA	NA	TRUE	single placement	data.js:areas[Saffron City Fighting Dojo].item-standard[3]	Measured	NONE
item_ground	Expert Belt	676	Saffron City Fighting Dojo	Kanto	item-standard	NA	NA	10	NA	3	Surge	UNK	NA	NA	NA	NA	NA	NA	NA	NA	TRUE	single placement	data.js:areas[Saffron City Fighting Dojo].item-standard[3]	Asserted	 quantity from the official item sheet
item_ground	Focus Sash	683	Saffron City Fighting Dojo	Kanto	item-standard	NA	NA	1	NA	3	Surge	UNK	NA	NA	NA	NA	NA	NA	NA	NA	TRUE	single placement	data.js:areas[Saffron City Fighting Dojo].item-standard[3]	Measured	NONE
item_ground	TM92	417	Vermilion City Gym	Kanto	item-standard	NA	NA	1	NA	4	Erika	UNK	NA	NA	NA	NA	NA	92	Volt Switch	NA	TRUE	single placement	data.js:areas[Vermilion City Gym].item-standard[4]	Measured	NONE
item_ground	Manectite	562	Vermilion City Gym	Kanto	item-standard	NA	NA	1	NA	9	Koga	UNK	NA	NA	NA	NA	NA	NA	NA	NA	TRUE	single placement	data.js:areas[Vermilion City Gym].item-standard[9]	Measured	NONE
item_care_package	Dream Ball	252	Vermilion City Gym	Kanto	item-cheat	NA	NA	50	NA	4	Erika	UNK	NA	NA	NA	NA	NA	NA	NA	NA	TRUE	single placement	data.js:areas[Vermilion City Gym].item-cheat[4]	Asserted	care-package item, delivered by code not exploration quantity from the official item sheet
gift_pokemon	Ogerpon	1357	Celadon City Gym	Kanto	fixed-gift	NA	NA	1	NA	9	Koga	UNK	NA	NA	NA	NA	NA	NA	NA	NA	TRUE	one-time placement	data.js:areas[Celadon City Gym].fixed-gift[9]	Measured	NONE
item_ground	TM19	307	Celadon City Gym	Kanto	item-standard	NA	NA	1	NA	5	Giovanni-1	UNK	NA	NA	NA	NA	NA	19	Giga Drain	NA	TRUE	single placement	data.js:areas[Celadon City Gym].item-standard[5]	Measured	NONE
item_ground	TM86	411	Celadon City Gym	Kanto	item-standard	NA	NA	1	NA	9	Koga	UNK	NA	NA	NA	NA	NA	86	Grass Knot	NA	TRUE	single placement	data.js:areas[Celadon City Gym].item-standard[9]	Measured	NONE
item_ground	Hyper Potion	21	Rocket Hideout B1F	Kanto	item-standard	NA	NA	1	NA	5	Giovanni-1	UNK	NA	NA	NA	NA	NA	NA	NA	NA	TRUE	single placement	data.js:areas[Rocket Hideout B1F].item-standard[5]	Measured	NONE
item_ground	Dream Patch	55	Rocket Hideout B1F	Kanto	item-standard	NA	NA	1	NA	5	Giovanni-1	UNK	NA	NA	NA	NA	NA	NA	NA	NA	TRUE	single placement	data.js:areas[Rocket Hideout B1F].item-standard[5]	Measured	NONE
item_hidden	PP Up	69	Rocket Hideout B1F	Kanto	item-hidden	NA	NA	10	NA	5	Giovanni-1	UNK	NA	NA	NA	NA	NA	NA	NA	NA	TRUE	single placement	data.js:areas[Rocket Hideout B1F].item-hidden[5]	Asserted	 quantity from the official item sheet
item_ground	Super Potion	22	Rocket Hideout B2F	Kanto	item-standard	NA	NA	1	NA	5	Giovanni-1	UNK	NA	NA	NA	NA	NA	NA	NA	NA	TRUE	single placement	data.js:areas[Rocket Hideout B2F].item-standard[5]	Measured	NONE
item_ground	Moon Stone	94	Rocket Hideout B2F	Kanto	item-standard	NA	NA	10	NA	5	Giovanni-1	UNK	NA	NA	NA	NA	NA	NA	NA	NA	TRUE	single placement	data.js:areas[Rocket Hideout B2F].item-standard[5]	Asserted	 quantity from the official item sheet
item_ground	TM12	300	Rocket Hideout B2F	Kanto	item-standard	NA	NA	1	NA	5	Giovanni-1	UNK	NA	NA	NA	NA	NA	12	Taunt	NA	TRUE	single placement	data.js:areas[Rocket Hideout B2F].item-standard[5]	Measured	NONE
item_ground	Wide Lens	673	Rocket Hideout B2F	Kanto	item-standard	NA	NA	10	NA	5	Giovanni-1	UNK	NA	NA	NA	NA	NA	NA	NA	NA	TRUE	single placement	data.js:areas[Rocket Hideout B2F].item-standard[5]	Asserted	 quantity from the official item sheet
item_ground	Rare Candy	68	Rocket Hideout B3F	Kanto	item-standard	NA	NA	1	NA	5	Giovanni-1	UNK	NA	NA	NA	NA	NA	NA	NA	NA	TRUE	single placement	data.js:areas[Rocket Hideout B3F].item-standard[5]	Measured	NONE
item_ground	Black Glasses	206	Rocket Hideout B3F	Kanto	item-standard	NA	NA	10	NA	5	Giovanni-1	UNK	NA	NA	NA	NA	NA	NA	NA	NA	TRUE	single placement	data.js:areas[Rocket Hideout B3F].item-standard[5]	Asserted	 quantity from the official item sheet
item_ground	TM105	430	Rocket Hideout B3F	Kanto	item-standard	NA	NA	1	NA	5	Giovanni-1	UNK	NA	NA	NA	NA	NA	105	Psychic Noise	NA	TRUE	single placement	data.js:areas[Rocket Hideout B3F].item-standard[5]	Measured	NONE
item_hidden	Nugget	110	Rocket Hideout B3F	Kanto	item-hidden	NA	NA	10	NA	5	Giovanni-1	UNK	NA	NA	NA	NA	NA	NA	NA	NA	TRUE	single placement	data.js:areas[Rocket Hideout B3F].item-hidden[5]	Asserted	 quantity from the official item sheet
item_ground	Max Ether	35	Rocket Hideout B4F	Kanto	item-standard	NA	NA	1	NA	5	Giovanni-1	UNK	NA	NA	NA	NA	NA	NA	NA	NA	TRUE	single placement	data.js:areas[Rocket Hideout B4F].item-standard[5]	Measured	NONE
item_ground	Calcium	67	Rocket Hideout B4F	Kanto	item-standard	NA	NA	10	NA	5	Giovanni-1	UNK	NA	NA	NA	NA	NA	NA	NA	NA	TRUE	single placement	data.js:areas[Rocket Hideout B4F].item-standard[5]	Asserted	 quantity from the official item sheet
item_ground	TM49	337	Rocket Hideout B4F	Kanto	item-standard	NA	NA	1	NA	5	Giovanni-1	UNK	NA	NA	NA	NA	NA	49	Leech Life	NA	TRUE	single placement	data.js:areas[Rocket Hideout B4F].item-standard[5]	Measured	NONE
item_ground	Lift Key	356	Rocket Hideout B4F	Kanto	item-standard	NA	NA	1	NA	5	Giovanni-1	UNK	NA	NA	NA	NA	NA	NA	NA	NA	TRUE	single placement	data.js:areas[Rocket Hideout B4F].item-standard[5]	Measured	NONE
item_ground	Silph Scope	359	Rocket Hideout B4F	Kanto	item-standard	NA	NA	1	NA	6	Archer-2	UNK	NA	NA	NA	NA	NA	NA	NA	NA	TRUE	single placement	data.js:areas[Rocket Hideout B4F].item-standard[6]	Measured	NONE
item_hidden	Net Ball	6	Rocket Hideout B4F	Kanto	item-hidden	NA	NA	1	NA	5	Giovanni-1	UNK	NA	NA	NA	NA	NA	NA	NA	NA	TRUE	single placement	data.js:areas[Rocket Hideout B4F].item-hidden[5]	Measured	NONE
item_hidden	Nest Ball	8	Rocket Hideout B4F	Kanto	item-hidden	NA	NA	5	NA	5	Giovanni-1	UNK	NA	NA	NA	NA	NA	NA	NA	NA	TRUE	single placement	data.js:areas[Rocket Hideout B4F].item-hidden[5]	Asserted	 quantity from the official item sheet
gift_pokemon	Dratini	147	Celadon City Game Corner Exchange	Kanto	fixed-gift	NA	NA	1	NA	6	Archer-2	UNK	NA	NA	NA	NA	NA	NA	NA	NA	TRUE	one-time placement	data.js:areas[Celadon City Game Corner Exchange].fixed-gift[6]	Measured	NONE
gift_pokemon	Larvitar	246	Celadon City Game Corner Exchange	Kanto	fixed-gift	NA	NA	1	NA	6	Archer-2	UNK	NA	NA	NA	NA	NA	NA	NA	NA	TRUE	one-time placement	data.js:areas[Celadon City Game Corner Exchange].fixed-gift[6]	Measured	NONE
gift_pokemon	Bagon	395	Celadon City Game Corner Exchange	Kanto	fixed-gift	NA	NA	1	NA	6	Archer-2	UNK	NA	NA	NA	NA	NA	NA	NA	NA	TRUE	one-time placement	data.js:areas[Celadon City Game Corner Exchange].fixed-gift[6]	Measured	NONE
gift_pokemon	Beldum	398	Celadon City Game Corner Exchange	Kanto	fixed-gift	NA	NA	1	NA	6	Archer-2	UNK	NA	NA	NA	NA	NA	NA	NA	NA	TRUE	one-time placement	data.js:areas[Celadon City Game Corner Exchange].fixed-gift[6]	Measured	NONE
gift_pokemon	Gible	496	Celadon City Game Corner Exchange	Kanto	fixed-gift	NA	NA	1	NA	6	Archer-2	UNK	NA	NA	NA	NA	NA	NA	NA	NA	TRUE	one-time placement	data.js:areas[Celadon City Game Corner Exchange].fixed-gift[6]	Measured	NONE
gift_pokemon	Riolu	500	Celadon City Game Corner Exchange	Kanto	fixed-gift	NA	NA	1	NA	6	Archer-2	UNK	NA	NA	NA	NA	NA	NA	NA	NA	TRUE	one-time placement	data.js:areas[Celadon City Game Corner Exchange].fixed-gift[6]	Measured	NONE
gift_pokemon	Rotom	532	Celadon City Game Corner Exchange	Kanto	fixed-gift	NA	NA	1	NA	6	Archer-2	UNK	NA	NA	NA	NA	NA	NA	NA	NA	TRUE	one-time placement	data.js:areas[Celadon City Game Corner Exchange].fixed-gift[6]	Measured	NONE
gift_pokemon	Deino	686	Celadon City Game Corner Exchange	Kanto	fixed-gift	NA	NA	1	NA	6	Archer-2	UNK	NA	NA	NA	NA	NA	NA	NA	NA	TRUE	one-time placement	data.js:areas[Celadon City Game Corner Exchange].fixed-gift[6]	Measured	NONE
gift_pokemon	Larvesta	689	Celadon City Game Corner Exchange	Kanto	fixed-gift	NA	NA	1	NA	6	Archer-2	UNK	NA	NA	NA	NA	NA	NA	NA	NA	TRUE	one-time placement	data.js:areas[Celadon City Game Corner Exchange].fixed-gift[6]	Measured	NONE
gift_pokemon	Honedge	787	Celadon City Game Corner Exchange	Kanto	fixed-gift	NA	NA	1	NA	6	Archer-2	UNK	NA	NA	NA	NA	NA	NA	NA	NA	TRUE	one-time placement	data.js:areas[Celadon City Game Corner Exchange].fixed-gift[6]	Measured	NONE
gift_pokemon	Goomy	812	Celadon City Game Corner Exchange	Kanto	fixed-gift	NA	NA	1	NA	6	Archer-2	UNK	NA	NA	NA	NA	NA	NA	NA	NA	TRUE	one-time placement	data.js:areas[Celadon City Game Corner Exchange].fixed-gift[6]	Measured	NONE
gift_pokemon	Jangmo-o	999	Celadon City Game Corner Exchange	Kanto	fixed-gift	NA	NA	1	NA	6	Archer-2	UNK	NA	NA	NA	NA	NA	NA	NA	NA	TRUE	one-time placement	data.js:areas[Celadon City Game Corner Exchange].fixed-gift[6]	Measured	NONE
gift_pokemon	Toxel	1140	Celadon City Game Corner Exchange	Kanto	fixed-gift	NA	NA	1	NA	6	Archer-2	UNK	NA	NA	NA	NA	NA	NA	NA	NA	TRUE	one-time placement	data.js:areas[Celadon City Game Corner Exchange].fixed-gift[6]	Measured	NONE
gift_pokemon	Dreepy	1177	Celadon City Game Corner Exchange	Kanto	fixed-gift	NA	NA	1	NA	6	Archer-2	UNK	NA	NA	NA	NA	NA	NA	NA	NA	TRUE	one-time placement	data.js:areas[Celadon City Game Corner Exchange].fixed-gift[6]	Measured	NONE
gift_pokemon	Frigibax	1195	Celadon City Game Corner Exchange	Kanto	fixed-gift	NA	NA	1	NA	6	Archer-2	UNK	NA	NA	NA	NA	NA	NA	NA	NA	TRUE	one-time placement	data.js:areas[Celadon City Game Corner Exchange].fixed-gift[6]	Measured	NONE
vendor_stock	TM06	294	Celadon City Game Corner Exchange	Kanto	item-shop	UNK	money	UNLIMITED	NA	6	Archer-2	UNK	NA	NA	NA	NA	NA	6	Toxic	NA	FALSE	NA	data.js:areas[Celadon City Game Corner Exchange].item-shop[6]	Measured	NONE
vendor_stock	TM13	301	Celadon City Game Corner Exchange	Kanto	item-shop	UNK	money	UNLIMITED	NA	6	Archer-2	UNK	NA	NA	NA	NA	NA	13	Ice Beam	NA	FALSE	NA	data.js:areas[Celadon City Game Corner Exchange].item-shop[6]	Measured	NONE
vendor_stock	TM16	304	Celadon City Game Corner Exchange	Kanto	item-shop	UNK	money	UNLIMITED	NA	6	Archer-2	UNK	NA	NA	NA	NA	NA	16	Light Screen	NA	FALSE	NA	data.js:areas[Celadon City Game Corner Exchange].item-shop[6]	Measured	NONE
vendor_stock	TM17	305	Celadon City Game Corner Exchange	Kanto	item-shop	UNK	money	UNLIMITED	NA	6	Archer-2	UNK	NA	NA	NA	NA	NA	17	Protect	NA	FALSE	NA	data.js:areas[Celadon City Game Corner Exchange].item-shop[6]	Measured	NONE
vendor_stock	TM20	308	Celadon City Game Corner Exchange	Kanto	item-shop	UNK	money	UNLIMITED	NA	6	Archer-2	UNK	NA	NA	NA	NA	NA	20	Hyper Voice	NA	FALSE	NA	data.js:areas[Celadon City Game Corner Exchange].item-shop[6]	Measured	NONE
vendor_stock	TM24	312	Celadon City Game Corner Exchange	Kanto	item-shop	UNK	money	UNLIMITED	NA	6	Archer-2	UNK	NA	NA	NA	NA	NA	24	Thunderbolt	NA	FALSE	NA	data.js:areas[Celadon City Game Corner Exchange].item-shop[6]	Measured	NONE
vendor_stock	TM33	321	Celadon City Game Corner Exchange	Kanto	item-shop	UNK	money	UNLIMITED	NA	6	Archer-2	UNK	NA	NA	NA	NA	NA	33	Reflect	NA	FALSE	NA	data.js:areas[Celadon City Game Corner Exchange].item-shop[6]	Measured	NONE
vendor_stock	TM35	323	Celadon City Game Corner Exchange	Kanto	item-shop	UNK	money	UNLIMITED	NA	6	Archer-2	UNK	NA	NA	NA	NA	NA	35	Flamethrower	NA	FALSE	NA	data.js:areas[Celadon City Game Corner Exchange].item-shop[6]	Measured	NONE
vendor_stock	TM53	378	Celadon City Game Corner Exchange	Kanto	item-shop	UNK	money	UNLIMITED	NA	6	Archer-2	UNK	NA	NA	NA	NA	NA	53	Energy Ball	NA	FALSE	NA	data.js:areas[Celadon City Game Corner Exchange].item-shop[6]	Measured	NONE
vendor_stock	TM56	381	Celadon City Game Corner Exchange	Kanto	item-shop	UNK	money	UNLIMITED	NA	6	Archer-2	UNK	NA	NA	NA	NA	NA	56	Air Slash	NA	FALSE	NA	data.js:areas[Celadon City Game Corner Exchange].item-shop[6]	Measured	NONE
vendor_stock	TM64	389	Celadon City Game Corner Exchange	Kanto	item-shop	UNK	money	UNLIMITED	NA	6	Archer-2	UNK	NA	NA	NA	NA	NA	64	Explosion	NA	FALSE	NA	data.js:areas[Celadon City Game Corner Exchange].item-shop[6]	Measured	NONE
vendor_stock	TM65	390	Celadon City Game Corner Exchange	Kanto	item-shop	UNK	money	UNLIMITED	NA	6	Archer-2	UNK	NA	NA	NA	NA	NA	65	Shadow Claw	NA	FALSE	NA	data.js:areas[Celadon City Game Corner Exchange].item-shop[6]	Measured	NONE
vendor_stock	TM74	399	Celadon City Game Corner Exchange	Kanto	item-shop	UNK	money	UNLIMITED	NA	6	Archer-2	UNK	NA	NA	NA	NA	NA	74	Gyro Ball	NA	FALSE	NA	data.js:areas[Celadon City Game Corner Exchange].item-shop[6]	Measured	NONE
vendor_stock	TM75	400	Celadon City Game Corner Exchange	Kanto	item-shop	UNK	money	UNLIMITED	NA	6	Archer-2	UNK	NA	NA	NA	NA	NA	75	Knock Off	NA	FALSE	NA	data.js:areas[Celadon City Game Corner Exchange].item-shop[6]	Measured	NONE
vendor_stock	TM79	404	Celadon City Game Corner Exchange	Kanto	item-shop	UNK	money	UNLIMITED	NA	6	Archer-2	UNK	NA	NA	NA	NA	NA	79	Dark Pulse	NA	FALSE	NA	data.js:areas[Celadon City Game Corner Exchange].item-shop[6]	Measured	NONE
vendor_stock	TM82	407	Celadon City Game Corner Exchange	Kanto	item-shop	UNK	money	UNLIMITED	NA	6	Archer-2	UNK	NA	NA	NA	NA	NA	82	Sleep Talk	NA	FALSE	NA	data.js:areas[Celadon City Game Corner Exchange].item-shop[6]	Measured	NONE
vendor_stock	TM83	408	Celadon City Game Corner Exchange	Kanto	item-shop	UNK	money	UNLIMITED	NA	6	Archer-2	UNK	NA	NA	NA	NA	NA	83	Scald	NA	FALSE	NA	data.js:areas[Celadon City Game Corner Exchange].item-shop[6]	Measured	NONE
vendor_stock	TM84	409	Celadon City Game Corner Exchange	Kanto	item-shop	UNK	money	UNLIMITED	NA	6	Archer-2	UNK	NA	NA	NA	NA	NA	84	Poison Jab	NA	FALSE	NA	data.js:areas[Celadon City Game Corner Exchange].item-shop[6]	Measured	NONE
vendor_stock	TM91	416	Celadon City Game Corner Exchange	Kanto	item-shop	UNK	money	UNLIMITED	NA	6	Archer-2	UNK	NA	NA	NA	NA	NA	91	Flash Cannon	NA	FALSE	NA	data.js:areas[Celadon City Game Corner Exchange].item-shop[6]	Measured	NONE
vendor_stock	TM93	418	Celadon City Game Corner Exchange	Kanto	item-shop	UNK	money	UNLIMITED	NA	6	Archer-2	UNK	NA	NA	NA	NA	NA	93	Dragon Tail	NA	FALSE	NA	data.js:areas[Celadon City Game Corner Exchange].item-shop[6]	Measured	NONE
vendor_stock	TM102	427	Celadon City Game Corner Exchange	Kanto	item-shop	UNK	money	UNLIMITED	NA	6	Archer-2	UNK	NA	NA	NA	NA	NA	102	Dazzling Gleam	NA	FALSE	NA	data.js:areas[Celadon City Game Corner Exchange].item-shop[6]	Measured	NONE
vendor_stock	TM110	435	Celadon City Game Corner Exchange	Kanto	item-shop	UNK	money	UNLIMITED	NA	6	Archer-2	UNK	NA	NA	NA	NA	NA	110	Scorching Sands	NA	FALSE	NA	data.js:areas[Celadon City Game Corner Exchange].item-shop[6]	Measured	NONE
wild_encounter	Haunter	93	Pokemon Tower 7F	Kanto	wild-day	NA	NA	REPEATABLE	NA	6	Archer-2	UNK	20	45	47	0	NA	NA	NA	NA	FALSE	NA	data.js:areas[Pokemon Tower 7F].wild-day[6]	Measured	rate Asserted from the locations sheet
wild_encounter	Cofagrigus	616	Pokemon Tower 7F	Kanto	wild-day	NA	NA	REPEATABLE	NA	6	Archer-2	UNK	20	45	47	1	NA	NA	NA	NA	FALSE	NA	data.js:areas[Pokemon Tower 7F].wild-day[6]	Measured	rate Asserted from the locations sheet
wild_encounter	Dusclops	362	Pokemon Tower 7F	Kanto	wild-day	NA	NA	REPEATABLE	NA	6	Archer-2	UNK	10	45	47	2	NA	NA	NA	NA	FALSE	NA	data.js:areas[Pokemon Tower 7F].wild-day[6]	Measured	rate Asserted from the locations sheet
wild_encounter	Mismagius	482	Pokemon Tower 7F	Kanto	wild-day	NA	NA	REPEATABLE	NA	6	Archer-2	UNK	10	45	47	3	NA	NA	NA	NA	FALSE	NA	data.js:areas[Pokemon Tower 7F].wild-day[6]	Measured	rate Asserted from the locations sheet
wild_encounter	Mismagius	482	Pokemon Tower 7F	Kanto	wild-day	NA	NA	REPEATABLE	NA	6	Archer-2	UNK	10	45	47	4	NA	NA	NA	NA	FALSE	NA	data.js:areas[Pokemon Tower 7F].wild-day[6]	Measured	rate Asserted from the locations sheet
wild_encounter	Cubone	104	Pokemon Tower 7F	Kanto	wild-day	NA	NA	REPEATABLE	NA	6	Archer-2	UNK	10	45	47	5	NA	NA	NA	NA	FALSE	NA	data.js:areas[Pokemon Tower 7F].wild-day[6]	Measured	rate Asserted from the locations sheet
wild_encounter	Spiritomb	495	Pokemon Tower 7F	Kanto	wild-day	NA	NA	REPEATABLE	NA	6	Archer-2	UNK	5	45	47	6	NA	NA	NA	NA	FALSE	NA	data.js:areas[Pokemon Tower 7F].wild-day[6]	Measured	rate Asserted from the locations sheet
wild_encounter	Sableye	322	Pokemon Tower 7F	Kanto	wild-day	NA	NA	REPEATABLE	NA	6	Archer-2	UNK	5	45	47	7	NA	NA	NA	NA	FALSE	NA	data.js:areas[Pokemon Tower 7F].wild-day[6]	Measured	rate Asserted from the locations sheet
wild_encounter	Polteageist	1147	Pokemon Tower 7F	Kanto	wild-day	NA	NA	REPEATABLE	NA	6	Archer-2	UNK	4	45	47	8	NA	NA	NA	NA	FALSE	NA	data.js:areas[Pokemon Tower 7F].wild-day[6]	Measured	rate Asserted from the locations sheet
wild_encounter	Polteageist	1147	Pokemon Tower 7F	Kanto	wild-day	NA	NA	REPEATABLE	NA	6	Archer-2	UNK	4	45	47	9	NA	NA	NA	NA	FALSE	NA	data.js:areas[Pokemon Tower 7F].wild-day[6]	Measured	rate Asserted from the locations sheet
wild_encounter	Rotom	532	Pokemon Tower 7F	Kanto	wild-day	NA	NA	REPEATABLE	NA	6	Archer-2	UNK	1	45	47	10	NA	NA	NA	NA	FALSE	NA	data.js:areas[Pokemon Tower 7F].wild-day[6]	Measured	rate Asserted from the locations sheet
wild_encounter	Rotom	532	Pokemon Tower 7F	Kanto	wild-day	NA	NA	REPEATABLE	NA	6	Archer-2	UNK	1	45	47	11	NA	NA	NA	NA	FALSE	NA	data.js:areas[Pokemon Tower 7F].wild-day[6]	Measured	rate Asserted from the locations sheet
wild_encounter	Haunter	93	Pokemon Tower 7F	Kanto	wild-night	NA	NA	REPEATABLE	NA	6	Archer-2	UNK	20	45	47	0	NA	NA	NA	NA	FALSE	NA	data.js:areas[Pokemon Tower 7F].wild-night[6]	Measured	rate Asserted from the locations sheet
wild_encounter	Runerigus	1159	Pokemon Tower 7F	Kanto	wild-night	NA	NA	REPEATABLE	NA	6	Archer-2	UNK	20	45	47	1	NA	NA	NA	NA	FALSE	NA	data.js:areas[Pokemon Tower 7F].wild-night[6]	Measured	rate Asserted from the locations sheet
wild_encounter	Dusclops	362	Pokemon Tower 7F	Kanto	wild-night	NA	NA	REPEATABLE	NA	6	Archer-2	UNK	10	45	47	2	NA	NA	NA	NA	FALSE	NA	data.js:areas[Pokemon Tower 7F].wild-night[6]	Measured	rate Asserted from the locations sheet
wild_encounter	Mismagius	482	Pokemon Tower 7F	Kanto	wild-night	NA	NA	REPEATABLE	NA	6	Archer-2	UNK	10	45	47	3	NA	NA	NA	NA	FALSE	NA	data.js:areas[Pokemon Tower 7F].wild-night[6]	Measured	rate Asserted from the locations sheet
wild_encounter	Mismagius	482	Pokemon Tower 7F	Kanto	wild-night	NA	NA	REPEATABLE	NA	6	Archer-2	UNK	10	45	47	4	NA	NA	NA	NA	FALSE	NA	data.js:areas[Pokemon Tower 7F].wild-night[6]	Measured	rate Asserted from the locations sheet
wild_encounter	Cubone	104	Pokemon Tower 7F	Kanto	wild-night	NA	NA	REPEATABLE	NA	6	Archer-2	UNK	10	45	47	5	NA	NA	NA	NA	FALSE	NA	data.js:areas[Pokemon Tower 7F].wild-night[6]	Measured	rate Asserted from the locations sheet
wild_encounter	Spiritomb	495	Pokemon Tower 7F	Kanto	wild-night	NA	NA	REPEATABLE	NA	6	Archer-2	UNK	5	45	47	6	NA	NA	NA	NA	FALSE	NA	data.js:areas[Pokemon Tower 7F].wild-night[6]	Measured	rate Asserted from the locations sheet
wild_encounter	Sableye	322	Pokemon Tower 7F	Kanto	wild-night	NA	NA	REPEATABLE	NA	6	Archer-2	UNK	5	45	47	7	NA	NA	NA	NA	FALSE	NA	data.js:areas[Pokemon Tower 7F].wild-night[6]	Measured	rate Asserted from the locations sheet
wild_encounter	Polteageist	1147	Pokemon Tower 7F	Kanto	wild-night	NA	NA	REPEATABLE	NA	6	Archer-2	UNK	4	45	47	8	NA	NA	NA	NA	FALSE	NA	data.js:areas[Pokemon Tower 7F].wild-night[6]	Measured	rate Asserted from the locations sheet
wild_encounter	Polteageist	1147	Pokemon Tower 7F	Kanto	wild-night	NA	NA	REPEATABLE	NA	6	Archer-2	UNK	4	45	47	9	NA	NA	NA	NA	FALSE	NA	data.js:areas[Pokemon Tower 7F].wild-night[6]	Measured	rate Asserted from the locations sheet
wild_encounter	Rotom	532	Pokemon Tower 7F	Kanto	wild-night	NA	NA	REPEATABLE	NA	6	Archer-2	UNK	1	45	47	10	NA	NA	NA	NA	FALSE	NA	data.js:areas[Pokemon Tower 7F].wild-night[6]	Measured	rate Asserted from the locations sheet
wild_encounter	Rotom	532	Pokemon Tower 7F	Kanto	wild-night	NA	NA	REPEATABLE	NA	6	Archer-2	UNK	1	45	47	11	NA	NA	NA	NA	FALSE	NA	data.js:areas[Pokemon Tower 7F].wild-night[6]	Measured	rate Asserted from the locations sheet
item_hidden	Soothe Bell	184	Pokemon Tower 7F	Kanto	item-hidden	NA	NA	1	NA	6	Archer-2	UNK	NA	NA	NA	NA	NA	NA	NA	NA	TRUE	single placement	data.js:areas[Pokemon Tower 7F].item-hidden[6]	Measured	NONE
item_ground	Venusaurite	533	Route 16 Gatehouse 2F	Kanto	item-standard	NA	NA	1	NA	6	Archer-2	UNK	NA	NA	NA	NA	NA	NA	NA	NA	TRUE	single placement	data.js:areas[Route 16 Gatehouse 2F].item-standard[6]	Measured	NONE
item_ground	Charzardite X	534	Route 16 Gatehouse 2F	Kanto	item-standard	NA	NA	1	NA	6	Archer-2	UNK	NA	NA	NA	NA	NA	NA	NA	NA	TRUE	single placement	data.js:areas[Route 16 Gatehouse 2F].item-standard[6]	Measured	NONE
item_ground	Charzardite Y	535	Route 16 Gatehouse 2F	Kanto	item-standard	NA	NA	1	NA	6	Archer-2	UNK	NA	NA	NA	NA	NA	NA	NA	NA	TRUE	single placement	data.js:areas[Route 16 Gatehouse 2F].item-standard[6]	Measured	NONE
item_ground	Blastoisnite	536	Route 16 Gatehouse 2F	Kanto	item-standard	NA	NA	1	NA	6	Archer-2	UNK	NA	NA	NA	NA	NA	NA	NA	NA	TRUE	single placement	data.js:areas[Route 16 Gatehouse 2F].item-standard[6]	Measured	NONE
item_ground	TM10	298	Silph Co. 1F	Kanto	item-standard	NA	NA	1	NA	6	Archer-2	UNK	NA	NA	NA	NA	NA	10	Hidden Power	NA	TRUE	single placement	data.js:areas[Silph Co. 1F].item-standard[6]	Measured	NONE
item_ground	TM73	398	Silph Co. 2F	Kanto	item-standard	NA	NA	1	NA	6	Archer-2	UNK	NA	NA	NA	NA	NA	73	Thunder Wave	NA	TRUE	single placement	data.js:areas[Silph Co. 2F].item-standard[6]	Measured	NONE
item_hidden	Ultra Ball	2	Silph Co. 2F	Kanto	item-hidden	NA	NA	10	NA	6	Archer-2	UNK	NA	NA	NA	NA	NA	NA	NA	NA	TRUE	single placement	data.js:areas[Silph Co. 2F].item-hidden[6]	Asserted	 quantity from the official item sheet
item_ground	Hyper Potion	21	Silph Co. 3F	Kanto	item-standard	NA	NA	1	NA	6	Archer-2	UNK	NA	NA	NA	NA	NA	NA	NA	NA	TRUE	single placement	data.js:areas[Silph Co. 3F].item-standard[6]	Measured	NONE
item_hidden	Protein	64	Silph Co. 3F	Kanto	item-hidden	NA	NA	10	NA	6	Archer-2	UNK	NA	NA	NA	NA	NA	NA	NA	NA	TRUE	single placement	data.js:areas[Silph Co. 3F].item-hidden[6]	Asserted	 quantity from the official item sheet
item_ground	Full Heal	23	Silph Co. 4F	Kanto	item-standard	NA	NA	1	NA	6	Archer-2	UNK	NA	NA	NA	NA	NA	NA	NA	NA	TRUE	single placement	data.js:areas[Silph Co. 4F].item-standard[6]	Measured	NONE
item_ground	Max Revive	25	Silph Co. 4F	Kanto	item-standard	NA	NA	1	NA	6	Archer-2	UNK	NA	NA	NA	NA	NA	NA	NA	NA	TRUE	single placement	data.js:areas[Silph Co. 4F].item-standard[6]	Measured	NONE
item_ground	TM41	329	Silph Co. 4F	Kanto	item-standard	NA	NA	1	NA	6	Archer-2	UNK	NA	NA	NA	NA	NA	41	Liquidation	NA	TRUE	single placement	data.js:areas[Silph Co. 4F].item-standard[6]	Measured	NONE
item_ground	Garbodorite	731	Silph Co. 4F	Kanto	item-standard	NA	NA	1	NA	6	Archer-2	UNK	NA	NA	NA	NA	NA	NA	NA	NA	TRUE	single placement	data.js:areas[Silph Co. 4F].item-standard[6]	Measured	NONE
item_hidden	Iron	65	Silph Co. 4F	Kanto	item-hidden	NA	NA	10	NA	6	Archer-2	UNK	NA	NA	NA	NA	NA	NA	NA	NA	TRUE	single placement	data.js:areas[Silph Co. 4F].item-hidden[6]	Asserted	 quantity from the official item sheet
item_ground	Protein	64	Silph Co. 5F	Kanto	item-standard	NA	NA	10	NA	6	Archer-2	UNK	NA	NA	NA	NA	NA	NA	NA	NA	TRUE	single placement	data.js:areas[Silph Co. 5F].item-standard[6]	Asserted	 quantity from the official item sheet
item_ground	Card Key	355	Silph Co. 5F	Kanto	item-standard	NA	NA	1	NA	6	Archer-2	UNK	NA	NA	NA	NA	NA	NA	NA	NA	TRUE	single placement	data.js:areas[Silph Co. 5F].item-standard[6]	Measured	NONE
item_ground	TM115	440	Silph Co. 5F	Kanto	item-standard	NA	NA	1	NA	6	Archer-2	UNK	NA	NA	NA	NA	NA	115	Body Press	NA	TRUE	single placement	data.js:areas[Silph Co. 5F].item-standard[6]	Measured	NONE
item_hidden	Elixir	36	Silph Co. 5F	Kanto	item-hidden	NA	NA	1	NA	6	Archer-2	UNK	NA	NA	NA	NA	NA	NA	NA	NA	TRUE	single placement	data.js:areas[Silph Co. 5F].item-hidden[6]	Measured	NONE
item_hidden	PP Up	69	Silph Co. 5F	Kanto	item-hidden	NA	NA	10	NA	6	Archer-2	UNK	NA	NA	NA	NA	NA	NA	NA	NA	TRUE	single placement	data.js:areas[Silph Co. 5F].item-hidden[6]	Asserted	 quantity from the official item sheet
item_ground	HP Up	63	Silph Co. 6F	Kanto	item-standard	NA	NA	10	NA	6	Archer-2	UNK	NA	NA	NA	NA	NA	NA	NA	NA	TRUE	single placement	data.js:areas[Silph Co. 6F].item-standard[6]	Asserted	 quantity from the official item sheet
item_ground	Audinite	578	Silph Co. 6F	Kanto	item-standard	NA	NA	1	NA	6	Archer-2	UNK	NA	NA	NA	NA	NA	NA	NA	NA	TRUE	single placement	data.js:areas[Silph Co. 6F].item-standard[6]	Measured	NONE
item_hidden	Carbos	66	Silph Co. 6F	Kanto	item-hidden	NA	NA	10	NA	6	Archer-2	UNK	NA	NA	NA	NA	NA	NA	NA	NA	TRUE	single placement	data.js:areas[Silph Co. 6F].item-hidden[6]	Asserted	 quantity from the official item sheet
gift_pokemon	Lapras	131	Silph Co. 7F	Kanto	fixed-gift	NA	NA	1	NA	6	Archer-2	UNK	NA	NA	NA	NA	NA	NA	NA	NA	TRUE	one-time placement	data.js:areas[Silph Co. 7F].fixed-gift[6]	Measured	NONE
item_ground	TM08	296	Silph Co. 7F	Kanto	item-standard	NA	NA	1	NA	6	Archer-2	UNK	NA	NA	NA	NA	NA	8	Zen Headbutt	NA	TRUE	single placement	data.js:areas[Silph Co. 7F].item-standard[6]	Measured	NONE
item_ground	Kangaskanite	542	Silph Co. 7F	Kanto	item-standard	NA	NA	1	NA	6	Archer-2	UNK	NA	NA	NA	NA	NA	NA	NA	NA	TRUE	single placement	data.js:areas[Silph Co. 7F].item-standard[6]	Measured	NONE
item_hidden	Zinc	70	Silph Co. 7F	Kanto	item-hidden	NA	NA	10	NA	6	Archer-2	UNK	NA	NA	NA	NA	NA	NA	NA	NA	TRUE	single placement	data.js:areas[Silph Co. 7F].item-hidden[6]	Asserted	 quantity from the official item sheet
item_ground	Iron	65	Silph Co. 8F	Kanto	item-standard	NA	NA	10	NA	6	Archer-2	UNK	NA	NA	NA	NA	NA	NA	NA	NA	TRUE	single placement	data.js:areas[Silph Co. 8F].item-standard[6]	Asserted	 quantity from the official item sheet
item_hidden	Nugget	110	Silph Co. 8F	Kanto	item-hidden	NA	NA	10	NA	6	Archer-2	UNK	NA	NA	NA	NA	NA	NA	NA	NA	TRUE	single placement	data.js:areas[Silph Co. 8F].item-hidden[6]	Asserted	 quantity from the official item sheet
item_hidden	Max Potion	20	Silph Co. 9F	Kanto	item-hidden	NA	NA	1	NA	6	Archer-2	UNK	NA	NA	NA	NA	NA	NA	NA	NA	TRUE	single placement	data.js:areas[Silph Co. 9F].item-hidden[6]	Measured	NONE
item_hidden	Calcium	67	Silph Co. 9F	Kanto	item-hidden	NA	NA	10	NA	6	Archer-2	UNK	NA	NA	NA	NA	NA	NA	NA	NA	TRUE	single placement	data.js:areas[Silph Co. 9F].item-hidden[6]	Asserted	 quantity from the official item sheet
item_ground	Ultra Ball	2	Silph Co. 10F	Kanto	item-standard	NA	NA	10	NA	6	Archer-2	UNK	NA	NA	NA	NA	NA	NA	NA	NA	TRUE	single placement	data.js:areas[Silph Co. 10F].item-standard[6]	Asserted	 quantity from the official item sheet
item_ground	Carbos	66	Silph Co. 10F	Kanto	item-standard	NA	NA	10	NA	6	Archer-2	UNK	NA	NA	NA	NA	NA	NA	NA	NA	TRUE	single placement	data.js:areas[Silph Co. 10F].item-standard[6]	Asserted	 quantity from the official item sheet
item_ground	Rare Candy	68	Silph Co. 10F	Kanto	item-standard	NA	NA	1	NA	6	Archer-2	UNK	NA	NA	NA	NA	NA	NA	NA	NA	TRUE	single placement	data.js:areas[Silph Co. 10F].item-standard[6]	Measured	NONE
item_hidden	HP Up	63	Silph Co. 10F	Kanto	item-hidden	NA	NA	10	NA	6	Archer-2	UNK	NA	NA	NA	NA	NA	NA	NA	NA	TRUE	single placement	data.js:areas[Silph Co. 10F].item-hidden[6]	Asserted	 quantity from the official item sheet
item_ground	Zinc	70	Silph Co. 11F	Kanto	item-standard	NA	NA	10	NA	6	Archer-2	UNK	NA	NA	NA	NA	NA	NA	NA	NA	TRUE	single placement	data.js:areas[Silph Co. 11F].item-standard[6]	Asserted	 quantity from the official item sheet
item_ground	TM68	393	Silph Co. 11F	Kanto	item-standard	NA	NA	1	NA	7	Giovanni-2	UNK	NA	NA	NA	NA	NA	68	Dual Chop	NA	TRUE	single placement	data.js:areas[Silph Co. 11F].item-standard[7]	Measured	NONE
item_ground	Master Ball	1	Silph Co. 11F	Kanto	item-standard	NA	NA	1	NA	8	Sabrina	UNK	NA	NA	NA	NA	NA	NA	NA	NA	TRUE	single placement	data.js:areas[Silph Co. 11F].item-standard[8]	Measured	NONE
item_hidden	Revive	24	Silph Co. 11F	Kanto	item-hidden	NA	NA	10	NA	6	Archer-2	UNK	NA	NA	NA	NA	NA	NA	NA	NA	TRUE	single placement	data.js:areas[Silph Co. 11F].item-hidden[6]	Asserted	 quantity from the official item sheet
gift_pokemon	Cosmog	1006	Saffron City Gian's House 1F	Kanto	fixed-gift	NA	NA	1	NA	17	Post-Game	UNK	NA	NA	NA	NA	NA	NA	NA	NA	TRUE	one-time placement	data.js:areas[Saffron City Gian's House 1F].fixed-gift[17]	Measured	NONE
item_ground	TM26	314	Saffron City Gian's House 1F	Kanto	item-standard	NA	NA	1	NA	8	Sabrina	UNK	NA	NA	NA	NA	NA	26	Earthquake	NA	TRUE	single placement	data.js:areas[Saffron City Gian's House 1F].item-standard[8]	Measured	NONE
item_ground	Swampertite	556	Saffron City Gian's House 1F	Kanto	item-standard	NA	NA	1	NA	8	Sabrina	UNK	NA	NA	NA	NA	NA	NA	NA	NA	TRUE	single placement	data.js:areas[Saffron City Gian's House 1F].item-standard[8]	Measured	NONE
item_hidden	Nugget	110	Saffron City Gian's House 2F	Kanto	item-hidden	NA	NA	10	NA	8	Sabrina	UNK	NA	NA	NA	NA	NA	NA	NA	NA	TRUE	single placement	data.js:areas[Saffron City Gian's House 2F].item-hidden[8]	Asserted	 quantity from the official item sheet
tutor	tutor_slot_7	7	Saffron City Gian's House 2F	Kanto	tutor	UNK	money	REPEATABLE	NA	8	Sabrina	UNK	NA	NA	NA	NA	NA	NA	Uproar	NA	FALSE	NA	data.js:areas[Saffron City Gian's House 2F].tutors[8]	Measured	value is a tutorMoves slot index, not a move ID
item_ground	Metronome	685	Saffron City Western House	Kanto	item-standard	NA	NA	1	NA	8	Sabrina	UNK	NA	NA	NA	NA	NA	NA	NA	NA	TRUE	single placement	data.js:areas[Saffron City Western House].item-standard[8]	Measured	NONE
item_ground	Alcremite	745	Saffron City Western House	Kanto	item-standard	NA	NA	1	NA	8	Sabrina	UNK	NA	NA	NA	NA	NA	NA	NA	NA	TRUE	single placement	data.js:areas[Saffron City Western House].item-standard[8]	Measured	NONE
tutor	tutor_slot_35	35	Saffron City Western House	Kanto	tutor	UNK	money	REPEATABLE	NA	8	Sabrina	UNK	NA	NA	NA	NA	NA	NA	Drill Run	NA	FALSE	NA	data.js:areas[Saffron City Western House].tutors[8]	Measured	value is a tutorMoves slot index, not a move ID
tutor	tutor_slot_104	104	Saffron City Western House	Kanto	tutor	UNK	money	REPEATABLE	NA	8	Sabrina	UNK	NA	NA	NA	NA	NA	NA	Blaze Kick	NA	FALSE	NA	data.js:areas[Saffron City Western House].tutors[8]	Measured	value is a tutorMoves slot index, not a move ID
tutor	tutor_slot_27	27	Saffron City Western House	Kanto	tutor	UNK	money	REPEATABLE	NA	8	Sabrina	UNK	NA	NA	NA	NA	NA	NA	Pain Split	NA	FALSE	NA	data.js:areas[Saffron City Western House].tutors[8]	Measured	value is a tutorMoves slot index, not a move ID
tutor	tutor_slot_100	100	Saffron City Western House	Kanto	tutor	UNK	money	REPEATABLE	NA	8	Sabrina	UNK	NA	NA	NA	NA	NA	NA	Hex	NA	FALSE	NA	data.js:areas[Saffron City Western House].tutors[8]	Measured	value is a tutorMoves slot index, not a move ID
tutor	tutor_slot_112	112	Saffron City Western House	Kanto	tutor	UNK	money	REPEATABLE	NA	8	Sabrina	UNK	NA	NA	NA	NA	NA	NA	Mystical Fire	NA	FALSE	NA	data.js:areas[Saffron City Western House].tutors[8]	Measured	value is a tutorMoves slot index, not a move ID
tutor	tutor_slot_110	110	Saffron City Western House	Kanto	tutor	UNK	money	REPEATABLE	NA	8	Sabrina	UNK	NA	NA	NA	NA	NA	NA	Leaf Blade	NA	FALSE	NA	data.js:areas[Saffron City Western House].tutors[8]	Measured	value is a tutorMoves slot index, not a move ID
tutor	tutor_slot_116	116	Saffron City Western House	Kanto	tutor	UNK	money	REPEATABLE	NA	8	Sabrina	UNK	NA	NA	NA	NA	NA	NA	Power Gem	NA	FALSE	NA	data.js:areas[Saffron City Western House].tutors[8]	Measured	value is a tutorMoves slot index, not a move ID
tutor	tutor_slot_87	87	Saffron City Western House	Kanto	tutor	UNK	money	REPEATABLE	NA	8	Sabrina	UNK	NA	NA	NA	NA	NA	NA	Rock Blast	NA	FALSE	NA	data.js:areas[Saffron City Western House].tutors[8]	Measured	value is a tutorMoves slot index, not a move ID
tutor	tutor_slot_84	84	Saffron City Western House	Kanto	tutor	UNK	money	REPEATABLE	NA	8	Sabrina	UNK	NA	NA	NA	NA	NA	NA	Pin Missile	NA	FALSE	NA	data.js:areas[Saffron City Western House].tutors[8]	Measured	value is a tutorMoves slot index, not a move ID
tutor	tutor_slot_85	85	Saffron City Western House	Kanto	tutor	UNK	money	REPEATABLE	NA	8	Sabrina	UNK	NA	NA	NA	NA	NA	NA	Icicle Spear	NA	FALSE	NA	data.js:areas[Saffron City Western House].tutors[8]	Measured	value is a tutorMoves slot index, not a move ID
tutor	tutor_slot_86	86	Saffron City Western House	Kanto	tutor	UNK	money	REPEATABLE	NA	8	Sabrina	UNK	NA	NA	NA	NA	NA	NA	Tail Slap	NA	FALSE	NA	data.js:areas[Saffron City Western House].tutors[8]	Measured	value is a tutorMoves slot index, not a move ID
tutor	tutor_slot_91	91	Saffron City Western House	Kanto	tutor	UNK	money	REPEATABLE	NA	8	Sabrina	UNK	NA	NA	NA	NA	NA	NA	Body Slam	NA	FALSE	NA	data.js:areas[Saffron City Western House].tutors[8]	Measured	value is a tutorMoves slot index, not a move ID
tutor	tutor_slot_41	41	Saffron City Western House	Kanto	tutor	UNK	money	REPEATABLE	NA	8	Sabrina	UNK	NA	NA	NA	NA	NA	NA	Foul Play	NA	FALSE	NA	data.js:areas[Saffron City Western House].tutors[8]	Measured	value is a tutorMoves slot index, not a move ID
tutor	tutor_slot_81	81	Saffron City Western House	Kanto	tutor	UNK	money	REPEATABLE	NA	8	Sabrina	UNK	NA	NA	NA	NA	NA	NA	Alluring Voice	NA	FALSE	NA	data.js:areas[Saffron City Western House].tutors[8]	Measured	value is a tutorMoves slot index, not a move ID
tutor	tutor_slot_120	120	Saffron City Western House	Kanto	tutor	UNK	money	REPEATABLE	NA	8	Sabrina	UNK	NA	NA	NA	NA	NA	NA	Focus Punch	NA	FALSE	NA	data.js:areas[Saffron City Western House].tutors[8]	Measured	value is a tutorMoves slot index, not a move ID
tutor	tutor_slot_117	117	Saffron City Western House	Kanto	tutor	UNK	money	REPEATABLE	NA	8	Sabrina	UNK	NA	NA	NA	NA	NA	NA	Psychic Fangs	NA	FALSE	NA	data.js:areas[Saffron City Western House].tutors[8]	Measured	value is a tutorMoves slot index, not a move ID
item_ground	TM104	429	Saffron City Gym	Kanto	item-standard	NA	NA	1	NA	9	Koga	UNK	NA	NA	NA	NA	NA	104	Psyshock	NA	TRUE	single placement	data.js:areas[Saffron City Gym].item-standard[9]	Measured	NONE
item_ground	TM116	441	Saffron City Gym	Kanto	item-standard	NA	NA	1	NA	9	Koga	UNK	NA	NA	NA	NA	NA	116	Trick Room	NA	TRUE	single placement	data.js:areas[Saffron City Gym].item-standard[9]	Measured	NONE
item_ground	Shiny Charm	471	Saffron City Gym	Kanto	item-standard	NA	NA	1	NA	9	Koga	UNK	NA	NA	NA	NA	NA	NA	NA	NA	TRUE	single placement	data.js:areas[Saffron City Gym].item-standard[9]	Measured	NONE
item_ground	Gardevoirite	557	Saffron City Gym	Kanto	item-standard	NA	NA	1	NA	9	Koga	UNK	NA	NA	NA	NA	NA	NA	NA	NA	TRUE	single placement	data.js:areas[Saffron City Gym].item-standard[9]	Measured	NONE
item_ground	Cameruptite	564	Saffron City Gym	Kanto	item-standard	NA	NA	1	NA	9	Koga	UNK	NA	NA	NA	NA	NA	NA	NA	NA	TRUE	single placement	data.js:areas[Saffron City Gym].item-standard[9]	Measured	NONE
item_ground	Sharpedonite	563	Route 12 Fisherman's House	Kanto	item-standard	NA	NA	1	NA	9	Koga	UNK	NA	NA	NA	NA	NA	NA	NA	NA	TRUE	single placement	data.js:areas[Route 12 Fisherman's House].item-standard[9]	Measured	NONE
wild_encounter	Tangrowth	518	Route 13	Kanto	wild-day	NA	NA	REPEATABLE	NA	9	Koga	UNK	20	48	50	0	NA	NA	NA	NA	FALSE	NA	data.js:areas[Route 13].wild-day[9]	Measured	rate Asserted from the locations sheet
wild_encounter	Exeggutor	103	Route 13	Kanto	wild-day	NA	NA	REPEATABLE	NA	9	Koga	UNK	20	48	50	1	NA	NA	NA	NA	FALSE	NA	data.js:areas[Route 13].wild-day[9]	Measured	rate Asserted from the locations sheet
wild_encounter	Roselia	363	Route 13	Kanto	wild-day	NA	NA	REPEATABLE	NA	9	Koga	UNK	10	48	50	2	NA	NA	NA	NA	FALSE	NA	data.js:areas[Route 13].wild-day[9]	Measured	rate Asserted from the locations sheet
wild_encounter	Lurantis	971	Route 13	Kanto	wild-day	NA	NA	REPEATABLE	NA	9	Koga	UNK	10	48	50	3	NA	NA	NA	NA	FALSE	NA	data.js:areas[Route 13].wild-day[9]	Measured	rate Asserted from the locations sheet
wild_encounter	Simisage	565	Route 13	Kanto	wild-day	NA	NA	REPEATABLE	NA	9	Koga	UNK	10	48	50	4	NA	NA	NA	NA	FALSE	NA	data.js:areas[Route 13].wild-day[9]	Measured	rate Asserted from the locations sheet
wild_encounter	Jumpluff	189	Route 13	Kanto	wild-day	NA	NA	REPEATABLE	NA	9	Koga	UNK	10	48	50	5	NA	NA	NA	NA	FALSE	NA	data.js:areas[Route 13].wild-day[9]	Measured	rate Asserted from the locations sheet
wild_encounter	Bulbasaur	1	Route 13	Kanto	wild-day	NA	NA	REPEATABLE	NA	9	Koga	UNK	5	48	50	6	NA	NA	NA	NA	FALSE	NA	data.js:areas[Route 13].wild-day[9]	Measured	rate Asserted from the locations sheet
wild_encounter	Bulbasaur	1	Route 13	Kanto	wild-day	NA	NA	REPEATABLE	NA	9	Koga	UNK	5	48	50	7	NA	NA	NA	NA	FALSE	NA	data.js:areas[Route 13].wild-day[9]	Measured	rate Asserted from the locations sheet
wild_encounter	Exeggutor-Alola	1037	Route 13	Kanto	wild-day	NA	NA	REPEATABLE	NA	9	Koga	UNK	4	48	50	8	NA	NA	NA	NA	FALSE	NA	data.js:areas[Route 13].wild-day[9]	Measured	rate Asserted from the locations sheet
wild_encounter	Duraludon	1176	Route 13	Kanto	wild-day	NA	NA	REPEATABLE	NA	9	Koga	UNK	4	48	50	9	NA	NA	NA	NA	FALSE	NA	data.js:areas[Route 13].wild-day[9]	Measured	rate Asserted from the locations sheet
wild_encounter	Charmander	4	Route 13	Kanto	wild-day	NA	NA	REPEATABLE	NA	9	Koga	UNK	1	48	50	10	NA	NA	NA	NA	FALSE	NA	data.js:areas[Route 13].wild-day[9]	Measured	rate Asserted from the locations sheet
wild_encounter	Charmander	4	Route 13	Kanto	wild-day	NA	NA	REPEATABLE	NA	9	Koga	UNK	1	48	50	11	NA	NA	NA	NA	FALSE	NA	data.js:areas[Route 13].wild-day[9]	Measured	rate Asserted from the locations sheet
wild_encounter	Talonflame	771	Route 13	Kanto	wild-night	NA	NA	REPEATABLE	NA	9	Koga	UNK	20	48	50	0	NA	NA	NA	NA	FALSE	NA	data.js:areas[Route 13].wild-night[9]	Measured	rate Asserted from the locations sheet
wild_encounter	Pyroar	776	Route 13	Kanto	wild-night	NA	NA	REPEATABLE	NA	9	Koga	UNK	20	48	50	1	NA	NA	NA	NA	FALSE	NA	data.js:areas[Route 13].wild-night[9]	Measured	rate Asserted from the locations sheet
wild_encounter	Arcanine	59	Route 13	Kanto	wild-night	NA	NA	REPEATABLE	NA	9	Koga	UNK	10	48	50	2	NA	NA	NA	NA	FALSE	NA	data.js:areas[Route 13].wild-night[9]	Measured	rate Asserted from the locations sheet
wild_encounter	Magmar	126	Route 13	Kanto	wild-night	NA	NA	REPEATABLE	NA	9	Koga	UNK	10	48	50	3	NA	NA	NA	NA	FALSE	NA	data.js:areas[Route 13].wild-night[9]	Measured	rate Asserted from the locations sheet
wild_encounter	Simisear	567	Route 13	Kanto	wild-night	NA	NA	REPEATABLE	NA	9	Koga	UNK	10	48	50	4	NA	NA	NA	NA	FALSE	NA	data.js:areas[Route 13].wild-night[9]	Measured	rate Asserted from the locations sheet
wild_encounter	Oricorio	958	Route 13	Kanto	wild-night	NA	NA	REPEATABLE	NA	9	Koga	UNK	10	48	50	5	NA	NA	NA	NA	FALSE	NA	data.js:areas[Route 13].wild-night[9]	Measured	rate Asserted from the locations sheet
wild_encounter	Charmander	4	Route 13	Kanto	wild-night	NA	NA	REPEATABLE	NA	9	Koga	UNK	5	48	50	6	NA	NA	NA	NA	FALSE	NA	data.js:areas[Route 13].wild-night[9]	Measured	rate Asserted from the locations sheet
wild_encounter	Charmander	4	Route 13	Kanto	wild-night	NA	NA	REPEATABLE	NA	9	Koga	UNK	5	48	50	7	NA	NA	NA	NA	FALSE	NA	data.js:areas[Route 13].wild-night[9]	Measured	rate Asserted from the locations sheet
wild_encounter	Turtonator	993	Route 13	Kanto	wild-night	NA	NA	REPEATABLE	NA	9	Koga	UNK	4	48	50	8	NA	NA	NA	NA	FALSE	NA	data.js:areas[Route 13].wild-night[9]	Measured	rate Asserted from the locations sheet
wild_encounter	Duraludon	1176	Route 13	Kanto	wild-night	NA	NA	REPEATABLE	NA	9	Koga	UNK	4	48	50	9	NA	NA	NA	NA	FALSE	NA	data.js:areas[Route 13].wild-night[9]	Measured	rate Asserted from the locations sheet
wild_encounter	Centiskorch	1143	Route 13	Kanto	wild-night	NA	NA	REPEATABLE	NA	9	Koga	UNK	1	48	50	10	NA	NA	NA	NA	FALSE	NA	data.js:areas[Route 13].wild-night[9]	Measured	rate Asserted from the locations sheet
wild_encounter	Centiskorch	1143	Route 13	Kanto	wild-night	NA	NA	REPEATABLE	NA	9	Koga	UNK	1	48	50	11	NA	NA	NA	NA	FALSE	NA	data.js:areas[Route 13].wild-night[9]	Measured	rate Asserted from the locations sheet
wild_encounter	Tentacool	72	Route 13	Kanto	wild-surf	NA	NA	REPEATABLE	NA	10	May	UNK	60	56	58	0	NA	NA	NA	NA	FALSE	NA	data.js:areas[Route 13].wild-surf[10]	Measured	rate Asserted from the locations sheet
wild_encounter	Tentacool	72	Route 13	Kanto	wild-surf	NA	NA	REPEATABLE	NA	10	May	UNK	30	56	58	1	NA	NA	NA	NA	FALSE	NA	data.js:areas[Route 13].wild-surf[10]	Measured	rate Asserted from the locations sheet
wild_encounter	Buizel	471	Route 13	Kanto	wild-surf	NA	NA	REPEATABLE	NA	10	May	UNK	5	56	58	2	NA	NA	NA	NA	FALSE	NA	data.js:areas[Route 13].wild-surf[10]	Measured	rate Asserted from the locations sheet
wild_encounter	Buizel	471	Route 13	Kanto	wild-surf	NA	NA	REPEATABLE	NA	10	May	UNK	4	56	58	3	NA	NA	NA	NA	FALSE	NA	data.js:areas[Route 13].wild-surf[10]	Measured	rate Asserted from the locations sheet
wild_encounter	Buizel	471	Route 13	Kanto	wild-surf	NA	NA	REPEATABLE	NA	10	May	UNK	1	56	58	4	NA	NA	NA	NA	FALSE	NA	data.js:areas[Route 13].wild-surf[10]	Measured	rate Asserted from the locations sheet
item_ground	TM85	410	Route 13	Kanto	item-standard	NA	NA	1	NA	9	Koga	UNK	NA	NA	NA	NA	NA	85	Future Sight	NA	TRUE	single placement	data.js:areas[Route 13].item-standard[9]	Measured	NONE
item_ground	Burnt Seed	625	Route 13	Kanto	item-standard	NA	NA	1	NA	9	Koga	UNK	NA	NA	NA	NA	NA	NA	NA	NA	TRUE	single placement	data.js:areas[Route 13].item-standard[9]	Measured	NONE
item_hidden	PP Up	69	Route 13	Kanto	item-hidden	NA	NA	10	NA	9	Koga	UNK	NA	NA	NA	NA	NA	NA	NA	NA	TRUE	single placement	data.js:areas[Route 13].item-hidden[9]	Asserted	 quantity from the official item sheet
raid_den	Indeedee	1168	Route 13	Kanto	raid3	NA	NA	REPEATABLE	Wishing Piece to re-activate a spent den	9	Koga	UNK	NA	NA	NA	NA	3	NA	NA	Star Piece,Dusk Ball,Protein,Muscle Wing,Kebia Berry,Nugget,Liechi Berry,PP Up,Dream Ball,Big Nugget,Lucky Egg,Lucky Egg	FALSE	NA	data.js:areas[Route 13].raid3[9]	Measured	NONE
raid_den	Duraludon	1176	Route 13	Kanto	raid3	NA	NA	REPEATABLE	Wishing Piece to re-activate a spent den	9	Koga	UNK	NA	NA	NA	NA	3	NA	NA	Star Piece,Dusk Ball,Protein,Muscle Wing,Kebia Berry,Nugget,Liechi Berry,PP Up,Dream Ball,Big Nugget,Lucky Egg,Lucky Egg	FALSE	NA	data.js:areas[Route 13].raid3[9]	Measured	NONE
raid_den	Qwilfish-Hisui	1307	Route 13	Kanto	raid3	NA	NA	REPEATABLE	Wishing Piece to re-activate a spent den	9	Koga	UNK	NA	NA	NA	NA	3	NA	NA	Star Piece,Dusk Ball,Protein,Muscle Wing,Kebia Berry,Nugget,Liechi Berry,PP Up,Dream Ball,Big Nugget,Lucky Egg,Lucky Egg	FALSE	NA	data.js:areas[Route 13].raid3[9]	Measured	NONE
raid_den	Breloom	307	Route 13	Kanto	raid3	NA	NA	REPEATABLE	Wishing Piece to re-activate a spent den	9	Koga	UNK	NA	NA	NA	NA	3	NA	NA	Star Piece,Dusk Ball,Protein,Muscle Wing,Kebia Berry,Nugget,Liechi Berry,PP Up,Dream Ball,Big Nugget,Lucky Egg,Lucky Egg	FALSE	NA	data.js:areas[Route 13].raid3[9]	Measured	NONE
raid_den	Torkoal	321	Route 13	Kanto	raid3	NA	NA	REPEATABLE	Wishing Piece to re-activate a spent den	9	Koga	UNK	NA	NA	NA	NA	3	NA	NA	Star Piece,Dusk Ball,Protein,Muscle Wing,Kebia Berry,Nugget,Liechi Berry,PP Up,Dream Ball,Big Nugget,Lucky Egg,Lucky Egg	FALSE	NA	data.js:areas[Route 13].raid3[9]	Measured	NONE
raid_den	Victini	547	Route 13	Kanto	raid5	NA	NA	REPEATABLE	Wishing Piece to re-activate a spent den	9	Koga	UNK	NA	NA	NA	NA	5	NA	NA	Star Piece,Nugget,Big Nugget,Occa Berry,Dream Patch,PP Up,PP Max,Salac Berry,Wishing Piece,Lucky Egg,Life Orb,Life Orb	FALSE	NA	data.js:areas[Route 13].raid5[9]	Measured	NONE
raid_den	Volcanion	830	Route 13	Kanto	raid5	NA	NA	REPEATABLE	Wishing Piece to re-activate a spent den	9	Koga	UNK	NA	NA	NA	NA	5	NA	NA	Star Piece,Nugget,Big Nugget,Occa Berry,Dream Patch,PP Up,PP Max,Liechi Berry,Wishing Piece,Lucky Egg,Life Orb,Life Orb	FALSE	NA	data.js:areas[Route 13].raid5[9]	Measured	NONE
raid_den	Cresselia	541	Route 13	Kanto	raid5	NA	NA	REPEATABLE	Wishing Piece to re-activate a spent den	9	Koga	UNK	NA	NA	NA	NA	5	NA	NA	Star Piece,Nugget,Big Nugget,Occa Berry,Dream Patch,PP Up,PP Max,Liechi Berry,Wishing Piece,Lucky Egg,Life Orb,Life Orb	FALSE	NA	data.js:areas[Route 13].raid5[9]	Measured	NONE
wild_encounter	Skrelp	798	Route 13	Kanto	wild-oldRod	NA	NA	REPEATABLE	NA	9	Koga	UNK	70	2	4	0	NA	NA	NA	NA	FALSE	NA	data.js:areas[Route 13].wild-oldRod[9]	Measured	rate Asserted from the locations sheet
wild_encounter	Tatsugiri	1334	Route 13	Kanto	wild-oldRod	NA	NA	REPEATABLE	NA	9	Koga	UNK	30	2	4	1	NA	NA	NA	NA	FALSE	NA	data.js:areas[Route 13].wild-oldRod[9]	Measured	rate Asserted from the locations sheet
wild_encounter	Qwilfish-Hisui	1307	Route 13	Kanto	wild-goodRod	NA	NA	REPEATABLE	NA	9	Koga	UNK	60	27	29	0	NA	NA	NA	NA	FALSE	NA	data.js:areas[Route 13].wild-goodRod[9]	Measured	rate Asserted from the locations sheet
wild_encounter	Dewpider	968	Route 13	Kanto	wild-goodRod	NA	NA	REPEATABLE	NA	9	Koga	UNK	20	27	29	1	NA	NA	NA	NA	FALSE	NA	data.js:areas[Route 13].wild-goodRod[9]	Measured	rate Asserted from the locations sheet
wild_encounter	Skrelp	798	Route 13	Kanto	wild-goodRod	NA	NA	REPEATABLE	NA	9	Koga	UNK	20	27	29	2	NA	NA	NA	NA	FALSE	NA	data.js:areas[Route 13].wild-goodRod[9]	Measured	rate Asserted from the locations sheet
wild_encounter	Dragalge	799	Route 13	Kanto	wild-superRod	NA	NA	REPEATABLE	NA	9	Koga	UNK	40	53	55	0	NA	NA	NA	NA	FALSE	NA	data.js:areas[Route 13].wild-superRod[9]	Measured	rate Asserted from the locations sheet
wild_encounter	Veluza	1323	Route 13	Kanto	wild-superRod	NA	NA	REPEATABLE	NA	9	Koga	UNK	40	53	55	1	NA	NA	NA	NA	FALSE	NA	data.js:areas[Route 13].wild-superRod[9]	Measured	rate Asserted from the locations sheet
wild_encounter	Toxapex	965	Route 13	Kanto	wild-superRod	NA	NA	REPEATABLE	NA	9	Koga	UNK	15	53	55	2	NA	NA	NA	NA	FALSE	NA	data.js:areas[Route 13].wild-superRod[9]	Measured	rate Asserted from the locations sheet
wild_encounter	Mantine	226	Route 13	Kanto	wild-superRod	NA	NA	REPEATABLE	NA	9	Koga	UNK	4	53	55	3	NA	NA	NA	NA	FALSE	NA	data.js:areas[Route 13].wild-superRod[9]	Measured	rate Asserted from the locations sheet
wild_encounter	Mantine	226	Route 13	Kanto	wild-superRod	NA	NA	REPEATABLE	NA	9	Koga	UNK	1	53	55	4	NA	NA	NA	NA	FALSE	NA	data.js:areas[Route 13].wild-superRod[9]	Measured	rate Asserted from the locations sheet
wild_encounter	Pelipper	310	Route 14	Kanto	wild-day	NA	NA	REPEATABLE	NA	9	Koga	UNK	20	48	50	0	NA	NA	NA	NA	FALSE	NA	data.js:areas[Route 14].wild-day[9]	Measured	rate Asserted from the locations sheet
wild_encounter	Swadloon	594	Route 14	Kanto	wild-day	NA	NA	REPEATABLE	NA	9	Koga	UNK	20	48	50	1	NA	NA	NA	NA	FALSE	NA	data.js:areas[Route 14].wild-day[9]	Measured	rate Asserted from the locations sheet
wild_encounter	Torkoal	321	Route 14	Kanto	wild-day	NA	NA	REPEATABLE	NA	9	Koga	UNK	10	48	50	2	NA	NA	NA	NA	FALSE	NA	data.js:areas[Route 14].wild-day[9]	Measured	rate Asserted from the locations sheet
wild_encounter	Torkoal	321	Route 14	Kanto	wild-day	NA	NA	REPEATABLE	NA	9	Koga	UNK	10	48	50	3	NA	NA	NA	NA	FALSE	NA	data.js:areas[Route 14].wild-day[9]	Measured	rate Asserted from the locations sheet
wild_encounter	Whirlipede	597	Route 14	Kanto	wild-day	NA	NA	REPEATABLE	NA	9	Koga	UNK	10	48	50	4	NA	NA	NA	NA	FALSE	NA	data.js:areas[Route 14].wild-day[9]	Measured	rate Asserted from the locations sheet
wild_encounter	Whirlipede	597	Route 14	Kanto	wild-day	NA	NA	REPEATABLE	NA	9	Koga	UNK	10	48	50	5	NA	NA	NA	NA	FALSE	NA	data.js:areas[Route 14].wild-day[9]	Measured	rate Asserted from the locations sheet
wild_encounter	Charjabug	954	Route 14	Kanto	wild-day	NA	NA	REPEATABLE	NA	9	Koga	UNK	5	48	50	6	NA	NA	NA	NA	FALSE	NA	data.js:areas[Route 14].wild-day[9]	Measured	rate Asserted from the locations sheet
wild_encounter	Charjabug	954	Route 14	Kanto	wild-day	NA	NA	REPEATABLE	NA	9	Koga	UNK	5	48	50	7	NA	NA	NA	NA	FALSE	NA	data.js:areas[Route 14].wild-day[9]	Measured	rate Asserted from the locations sheet
wild_encounter	Durant	685	Route 14	Kanto	wild-day	NA	NA	REPEATABLE	NA	9	Koga	UNK	4	48	50	8	NA	NA	NA	NA	FALSE	NA	data.js:areas[Route 14].wild-day[9]	Measured	rate Asserted from the locations sheet
wild_encounter	Durant	685	Route 14	Kanto	wild-day	NA	NA	REPEATABLE	NA	9	Koga	UNK	4	48	50	9	NA	NA	NA	NA	FALSE	NA	data.js:areas[Route 14].wild-day[9]	Measured	rate Asserted from the locations sheet
wild_encounter	Golisopod	985	Route 14	Kanto	wild-day	NA	NA	REPEATABLE	NA	9	Koga	UNK	1	48	50	10	NA	NA	NA	NA	FALSE	NA	data.js:areas[Route 14].wild-day[9]	Measured	rate Asserted from the locations sheet
wild_encounter	Golisopod	985	Route 14	Kanto	wild-day	NA	NA	REPEATABLE	NA	9	Koga	UNK	1	48	50	11	NA	NA	NA	NA	FALSE	NA	data.js:areas[Route 14].wild-day[9]	Measured	rate Asserted from the locations sheet
wild_encounter	Pelipper	310	Route 14	Kanto	wild-night	NA	NA	REPEATABLE	NA	9	Koga	UNK	20	48	50	0	NA	NA	NA	NA	FALSE	NA	data.js:areas[Route 14].wild-night[9]	Measured	rate Asserted from the locations sheet
wild_encounter	Swadloon	594	Route 14	Kanto	wild-night	NA	NA	REPEATABLE	NA	9	Koga	UNK	20	48	50	1	NA	NA	NA	NA	FALSE	NA	data.js:areas[Route 14].wild-night[9]	Measured	rate Asserted from the locations sheet
wild_encounter	Torkoal	321	Route 14	Kanto	wild-night	NA	NA	REPEATABLE	NA	9	Koga	UNK	10	48	50	2	NA	NA	NA	NA	FALSE	NA	data.js:areas[Route 14].wild-night[9]	Measured	rate Asserted from the locations sheet
wild_encounter	Torkoal	321	Route 14	Kanto	wild-night	NA	NA	REPEATABLE	NA	9	Koga	UNK	10	48	50	3	NA	NA	NA	NA	FALSE	NA	data.js:areas[Route 14].wild-night[9]	Measured	rate Asserted from the locations sheet
wild_encounter	Palossand	987	Route 14	Kanto	wild-night	NA	NA	REPEATABLE	NA	9	Koga	UNK	10	48	50	4	NA	NA	NA	NA	FALSE	NA	data.js:areas[Route 14].wild-night[9]	Measured	rate Asserted from the locations sheet
wild_encounter	Palossand	987	Route 14	Kanto	wild-night	NA	NA	REPEATABLE	NA	9	Koga	UNK	10	48	50	5	NA	NA	NA	NA	FALSE	NA	data.js:areas[Route 14].wild-night[9]	Measured	rate Asserted from the locations sheet
wild_encounter	Charjabug	954	Route 14	Kanto	wild-night	NA	NA	REPEATABLE	NA	9	Koga	UNK	5	48	50	6	NA	NA	NA	NA	FALSE	NA	data.js:areas[Route 14].wild-night[9]	Measured	rate Asserted from the locations sheet
wild_encounter	Charjabug	954	Route 14	Kanto	wild-night	NA	NA	REPEATABLE	NA	9	Koga	UNK	5	48	50	7	NA	NA	NA	NA	FALSE	NA	data.js:areas[Route 14].wild-night[9]	Measured	rate Asserted from the locations sheet
wild_encounter	Durant	685	Route 14	Kanto	wild-night	NA	NA	REPEATABLE	NA	9	Koga	UNK	4	48	50	8	NA	NA	NA	NA	FALSE	NA	data.js:areas[Route 14].wild-night[9]	Measured	rate Asserted from the locations sheet
wild_encounter	Durant	685	Route 14	Kanto	wild-night	NA	NA	REPEATABLE	NA	9	Koga	UNK	4	48	50	9	NA	NA	NA	NA	FALSE	NA	data.js:areas[Route 14].wild-night[9]	Measured	rate Asserted from the locations sheet
wild_encounter	Golisopod	985	Route 14	Kanto	wild-night	NA	NA	REPEATABLE	NA	9	Koga	UNK	1	48	50	10	NA	NA	NA	NA	FALSE	NA	data.js:areas[Route 14].wild-night[9]	Measured	rate Asserted from the locations sheet
wild_encounter	Golisopod	985	Route 14	Kanto	wild-night	NA	NA	REPEATABLE	NA	9	Koga	UNK	1	48	50	11	NA	NA	NA	NA	FALSE	NA	data.js:areas[Route 14].wild-night[9]	Measured	rate Asserted from the locations sheet
item_ground	TM02	290	Route 14	Kanto	item-standard	NA	NA	1	NA	9	Koga	UNK	NA	NA	NA	NA	NA	2	Dragon Claw	NA	TRUE	single placement	data.js:areas[Route 14].item-standard[9]	Measured	NONE
item_hidden	Zinc	70	Route 14	Kanto	item-hidden	NA	NA	10	NA	9	Koga	UNK	NA	NA	NA	NA	NA	NA	NA	NA	TRUE	single placement	data.js:areas[Route 14].item-hidden[9]	Asserted	 quantity from the official item sheet
item_hidden	Pinap Berry	152	Route 14	Kanto	item-hidden	NA	NA	1	NA	9	Koga	UNK	NA	NA	NA	NA	NA	NA	NA	NA	TRUE	single placement	data.js:areas[Route 14].item-hidden[9]	Measured	NONE
raid_den	Pelipper	310	Route 14	Kanto	raid3	NA	NA	REPEATABLE	Wishing Piece to re-activate a spent den	9	Koga	UNK	NA	NA	NA	NA	3	NA	NA	Star Piece,Quick Ball,Genius Wing,Calcium,Nugget,Petaya Berry,PP Up,Dream Ball,Big Nugget,Lucky Egg,Lucky Egg	FALSE	NA	data.js:areas[Route 14].raid3[9]	Measured	NONE
raid_den	Amoonguss	644	Route 14	Kanto	raid3	NA	NA	REPEATABLE	Wishing Piece to re-activate a spent den	9	Koga	UNK	NA	NA	NA	NA	3	NA	NA	Star Piece,Quick Ball,Genius Wing,Calcium,Nugget,Petaya Berry,PP Up,Dream Ball,Big Nugget,Lucky Egg,Lucky Egg	FALSE	NA	data.js:areas[Route 14].raid3[9]	Measured	NONE
raid_den	Sneasel-Hisui	1304	Route 14	Kanto	raid3	NA	NA	REPEATABLE	Wishing Piece to re-activate a spent den	9	Koga	UNK	NA	NA	NA	NA	3	NA	NA	Star Piece,Quick Ball,Genius Wing,Calcium,Nugget,Petaya Berry,PP Up,Dream Ball,Big Nugget,Lucky Egg,Lucky Egg	FALSE	NA	data.js:areas[Route 14].raid3[9]	Measured	NONE
raid_den	Dedenne	810	Route 14	Kanto	raid3	NA	NA	REPEATABLE	Wishing Piece to re-activate a spent den	9	Koga	UNK	NA	NA	NA	NA	3	NA	NA	Star Piece,Quick Ball,Genius Wing,Calcium,Nugget,Petaya Berry,PP Up,Dream Ball,Big Nugget,Lucky Egg,Lucky Egg	FALSE	NA	data.js:areas[Route 14].raid3[9]	Measured	NONE
raid_den	Weezing-Galar	1215	Route 14	Kanto	raid3	NA	NA	REPEATABLE	Wishing Piece to re-activate a spent den	9	Koga	UNK	NA	NA	NA	NA	3	NA	NA	Star Piece,Quick Ball,Genius Wing,Calcium,Nugget,Petaya Berry,PP Up,Dream Ball,Big Nugget,Lucky Egg,Lucky Egg	FALSE	NA	data.js:areas[Route 14].raid3[9]	Measured	NONE
wild_encounter	Amoonguss	644	Route 15	Kanto	wild-day	NA	NA	REPEATABLE	NA	9	Koga	UNK	20	49	51	0	NA	NA	NA	NA	FALSE	NA	data.js:areas[Route 15].wild-day[9]	Measured	rate Asserted from the locations sheet
wild_encounter	Ambipom	477	Route 15	Kanto	wild-day	NA	NA	REPEATABLE	NA	9	Koga	UNK	20	49	51	1	NA	NA	NA	NA	FALSE	NA	data.js:areas[Route 15].wild-day[9]	Measured	rate Asserted from the locations sheet
wild_encounter	Tsareena	980	Route 15	Kanto	wild-day	NA	NA	REPEATABLE	NA	9	Koga	UNK	10	49	51	2	NA	NA	NA	NA	FALSE	NA	data.js:areas[Route 15].wild-day[9]	Measured	rate Asserted from the locations sheet
wild_encounter	Galvantula	649	Route 15	Kanto	wild-day	NA	NA	REPEATABLE	NA	9	Koga	UNK	10	49	51	3	NA	NA	NA	NA	FALSE	NA	data.js:areas[Route 15].wild-day[9]	Measured	rate Asserted from the locations sheet
wild_encounter	Simipour	569	Route 15	Kanto	wild-day	NA	NA	REPEATABLE	NA	9	Koga	UNK	10	49	51	4	NA	NA	NA	NA	FALSE	NA	data.js:areas[Route 15].wild-day[9]	Measured	rate Asserted from the locations sheet
wild_encounter	Oricorio	958	Route 15	Kanto	wild-day	NA	NA	REPEATABLE	NA	9	Koga	UNK	10	49	51	5	NA	NA	NA	NA	FALSE	NA	data.js:areas[Route 15].wild-day[9]	Measured	rate Asserted from the locations sheet
wild_encounter	Sigilyph	614	Route 15	Kanto	wild-day	NA	NA	REPEATABLE	NA	9	Koga	UNK	5	49	51	6	NA	NA	NA	NA	FALSE	NA	data.js:areas[Route 15].wild-day[9]	Measured	rate Asserted from the locations sheet
wild_encounter	Sigilyph	614	Route 15	Kanto	wild-day	NA	NA	REPEATABLE	NA	9	Koga	UNK	5	49	51	7	NA	NA	NA	NA	FALSE	NA	data.js:areas[Route 15].wild-day[9]	Measured	rate Asserted from the locations sheet
wild_encounter	Ferrothorn	651	Route 15	Kanto	wild-day	NA	NA	REPEATABLE	NA	9	Koga	UNK	4	49	51	8	NA	NA	NA	NA	FALSE	NA	data.js:areas[Route 15].wild-day[9]	Measured	rate Asserted from the locations sheet
wild_encounter	Ferrothorn	651	Route 15	Kanto	wild-day	NA	NA	REPEATABLE	NA	9	Koga	UNK	4	49	51	9	NA	NA	NA	NA	FALSE	NA	data.js:areas[Route 15].wild-day[9]	Measured	rate Asserted from the locations sheet
wild_encounter	Ditto	132	Route 15	Kanto	wild-day	NA	NA	REPEATABLE	NA	9	Koga	UNK	1	49	51	10	NA	NA	NA	NA	FALSE	NA	data.js:areas[Route 15].wild-day[9]	Measured	rate Asserted from the locations sheet
wild_encounter	Ditto	132	Route 15	Kanto	wild-day	NA	NA	REPEATABLE	NA	9	Koga	UNK	1	49	51	11	NA	NA	NA	NA	FALSE	NA	data.js:areas[Route 15].wild-day[9]	Measured	rate Asserted from the locations sheet
wild_encounter	Amoonguss	644	Route 15	Kanto	wild-night	NA	NA	REPEATABLE	NA	9	Koga	UNK	20	49	51	0	NA	NA	NA	NA	FALSE	NA	data.js:areas[Route 15].wild-night[9]	Measured	rate Asserted from the locations sheet
wild_encounter	Ambipom	477	Route 15	Kanto	wild-night	NA	NA	REPEATABLE	NA	9	Koga	UNK	20	49	51	1	NA	NA	NA	NA	FALSE	NA	data.js:areas[Route 15].wild-night[9]	Measured	rate Asserted from the locations sheet
wild_encounter	Tsareena	980	Route 15	Kanto	wild-night	NA	NA	REPEATABLE	NA	9	Koga	UNK	10	49	51	2	NA	NA	NA	NA	FALSE	NA	data.js:areas[Route 15].wild-night[9]	Measured	rate Asserted from the locations sheet
wild_encounter	Galvantula	649	Route 15	Kanto	wild-night	NA	NA	REPEATABLE	NA	9	Koga	UNK	10	49	51	3	NA	NA	NA	NA	FALSE	NA	data.js:areas[Route 15].wild-night[9]	Measured	rate Asserted from the locations sheet
wild_encounter	Simipour	569	Route 15	Kanto	wild-night	NA	NA	REPEATABLE	NA	9	Koga	UNK	10	49	51	4	NA	NA	NA	NA	FALSE	NA	data.js:areas[Route 15].wild-night[9]	Measured	rate Asserted from the locations sheet
wild_encounter	Oricorio	958	Route 15	Kanto	wild-night	NA	NA	REPEATABLE	NA	9	Koga	UNK	10	49	51	5	NA	NA	NA	NA	FALSE	NA	data.js:areas[Route 15].wild-night[9]	Measured	rate Asserted from the locations sheet
wild_encounter	Sigilyph	614	Route 15	Kanto	wild-night	NA	NA	REPEATABLE	NA	9	Koga	UNK	5	49	51	6	NA	NA	NA	NA	FALSE	NA	data.js:areas[Route 15].wild-night[9]	Measured	rate Asserted from the locations sheet
wild_encounter	Sigilyph	614	Route 15	Kanto	wild-night	NA	NA	REPEATABLE	NA	9	Koga	UNK	5	49	51	7	NA	NA	NA	NA	FALSE	NA	data.js:areas[Route 15].wild-night[9]	Measured	rate Asserted from the locations sheet
wild_encounter	Ferrothorn	651	Route 15	Kanto	wild-night	NA	NA	REPEATABLE	NA	9	Koga	UNK	4	49	51	8	NA	NA	NA	NA	FALSE	NA	data.js:areas[Route 15].wild-night[9]	Measured	rate Asserted from the locations sheet
wild_encounter	Ferrothorn	651	Route 15	Kanto	wild-night	NA	NA	REPEATABLE	NA	9	Koga	UNK	4	49	51	9	NA	NA	NA	NA	FALSE	NA	data.js:areas[Route 15].wild-night[9]	Measured	rate Asserted from the locations sheet
wild_encounter	Ditto	132	Route 15	Kanto	wild-night	NA	NA	REPEATABLE	NA	9	Koga	UNK	1	49	51	10	NA	NA	NA	NA	FALSE	NA	data.js:areas[Route 15].wild-night[9]	Measured	rate Asserted from the locations sheet
wild_encounter	Ditto	132	Route 15	Kanto	wild-night	NA	NA	REPEATABLE	NA	9	Koga	UNK	1	49	51	11	NA	NA	NA	NA	FALSE	NA	data.js:areas[Route 15].wild-night[9]	Measured	rate Asserted from the locations sheet
item_ground	TM18	306	Route 15	Kanto	item-standard	NA	NA	1	NA	9	Koga	UNK	NA	NA	NA	NA	NA	18	Hydro Pump	NA	TRUE	single placement	data.js:areas[Route 15].item-standard[9]	Measured	NONE
item_ground	Power Herb	679	Route 15	Kanto	item-standard	NA	NA	10	NA	9	Koga	UNK	NA	NA	NA	NA	NA	NA	NA	NA	TRUE	single placement	data.js:areas[Route 15].item-standard[9]	Asserted	 quantity from the official item sheet
item_ground	Sandacondite	744	Route 15	Kanto	item-standard	NA	NA	1	NA	9	Koga	UNK	NA	NA	NA	NA	NA	NA	NA	NA	TRUE	single placement	data.js:areas[Route 15].item-standard[9]	Measured	NONE
raid_den	Sigilyph	614	Route 15	Kanto	raid3	NA	NA	REPEATABLE	Wishing Piece to re-activate a spent den	9	Koga	UNK	NA	NA	NA	NA	3	NA	NA	Star Piece,Quick Ball,Health Wing,HP Up,Nugget,Nugget,Salac Berry,PP Up,Dream Ball,Big Nugget,Lucky Egg,Lucky Egg	FALSE	NA	data.js:areas[Route 15].raid3[9]	Measured	NONE
raid_den	Exploud	372	Route 15	Kanto	raid3	NA	NA	REPEATABLE	Wishing Piece to re-activate a spent den	9	Koga	UNK	NA	NA	NA	NA	3	NA	NA	Star Piece,Quick Ball,Health Wing,HP Up,Nugget,Nugget,Salac Berry,PP Up,Dream Ball,Big Nugget,Lucky Egg,Lucky Egg	FALSE	NA	data.js:areas[Route 15].raid3[9]	Measured	NONE
raid_den	Dusclops	362	Route 15	Kanto	raid3	NA	NA	REPEATABLE	Wishing Piece to re-activate a spent den	9	Koga	UNK	NA	NA	NA	NA	3	NA	NA	Star Piece,Quick Ball,Health Wing,HP Up,Nugget,Nugget,Salac Berry,PP Up,Dream Ball,Big Nugget,Lucky Egg,Lucky Egg	FALSE	NA	data.js:areas[Route 15].raid3[9]	Measured	NONE
raid_den	Persian-Alola	1030	Route 15	Kanto	raid3	NA	NA	REPEATABLE	Wishing Piece to re-activate a spent den	9	Koga	UNK	NA	NA	NA	NA	3	NA	NA	Star Piece,Quick Ball,Health Wing,HP Up,Nugget,Nugget,Salac Berry,PP Up,Dream Ball,Big Nugget,Lucky Egg,Lucky Egg	FALSE	NA	data.js:areas[Route 15].raid3[9]	Measured	NONE
raid_den	Pincurchin	1163	Route 15	Kanto	raid3	NA	NA	REPEATABLE	Wishing Piece to re-activate a spent den	9	Koga	UNK	NA	NA	NA	NA	3	NA	NA	Star Piece,Quick Ball,Health Wing,HP Up,Nugget,Nugget,Salac Berry,PP Up,Dream Ball,Big Nugget,Lucky Egg,Lucky Egg	FALSE	NA	data.js:areas[Route 15].raid3[9]	Measured	NONE
item_ground	Toxic Orb	680	Route 15 Gatehouse 2F	Kanto	item-standard	NA	NA	1	NA	9	Koga	UNK	NA	NA	NA	NA	NA	NA	NA	NA	TRUE	single placement	data.js:areas[Route 15 Gatehouse 2F].item-standard[9]	Measured	NONE
item_ground	Flame Orb	681	Route 15 Gatehouse 2F	Kanto	item-standard	NA	NA	10	NA	9	Koga	UNK	NA	NA	NA	NA	NA	NA	NA	NA	TRUE	single placement	data.js:areas[Route 15 Gatehouse 2F].item-standard[9]	Asserted	 quantity from the official item sheet
tutor	tutor_slot_53	53	Route 15 Gatehouse 2F	Kanto	tutor	UNK	money	REPEATABLE	NA	9	Koga	UNK	NA	NA	NA	NA	NA	NA	Swords Dance	NA	FALSE	NA	data.js:areas[Route 15 Gatehouse 2F].tutors[9]	Measured	value is a tutorMoves slot index, not a move ID
tutor	tutor_slot_76	76	Route 15 Gatehouse 2F	Kanto	tutor	UNK	money	REPEATABLE	NA	9	Koga	UNK	NA	NA	NA	NA	NA	NA	Nasty Plot	NA	FALSE	NA	data.js:areas[Route 15 Gatehouse 2F].tutors[9]	Measured	value is a tutorMoves slot index, not a move ID
tutor	tutor_slot_31	31	Route 15 Gatehouse 2F	Kanto	tutor	UNK	money	REPEATABLE	NA	9	Koga	UNK	NA	NA	NA	NA	NA	NA	Bulk Up	NA	FALSE	NA	data.js:areas[Route 15 Gatehouse 2F].tutors[9]	Measured	value is a tutorMoves slot index, not a move ID
tutor	tutor_slot_32	32	Route 15 Gatehouse 2F	Kanto	tutor	UNK	money	REPEATABLE	NA	9	Koga	UNK	NA	NA	NA	NA	NA	NA	Calm Mind	NA	FALSE	NA	data.js:areas[Route 15 Gatehouse 2F].tutors[9]	Measured	value is a tutorMoves slot index, not a move ID
tutor	tutor_slot_122	122	Route 15 Gatehouse 2F	Kanto	tutor	UNK	money	REPEATABLE	NA	9	Koga	UNK	NA	NA	NA	NA	NA	NA	Meteor Beam	NA	FALSE	NA	data.js:areas[Route 15 Gatehouse 2F].tutors[9]	Measured	value is a tutorMoves slot index, not a move ID
tutor	tutor_slot_20	20	Route 15 Gatehouse 2F	Kanto	tutor	UNK	money	REPEATABLE	NA	9	Koga	UNK	NA	NA	NA	NA	NA	NA	Iron Defense	NA	FALSE	NA	data.js:areas[Route 15 Gatehouse 2F].tutors[9]	Measured	value is a tutorMoves slot index, not a move ID
wild_encounter	Weezing	110	Route 17	Kanto	wild-day	NA	NA	REPEATABLE	NA	9	Koga	UNK	20	46	48	0	NA	NA	NA	NA	FALSE	NA	data.js:areas[Route 17].wild-day[9]	Measured	rate Asserted from the locations sheet
wild_encounter	Cyclizar	1101	Route 17	Kanto	wild-day	NA	NA	REPEATABLE	NA	9	Koga	UNK	20	46	48	1	NA	NA	NA	NA	FALSE	NA	data.js:areas[Route 17].wild-day[9]	Measured	rate Asserted from the locations sheet
wild_encounter	Muk	89	Route 17	Kanto	wild-day	NA	NA	REPEATABLE	NA	9	Koga	UNK	10	46	48	2	NA	NA	NA	NA	FALSE	NA	data.js:areas[Route 17].wild-day[9]	Measured	rate Asserted from the locations sheet
wild_encounter	Zebstrika	576	Route 17	Kanto	wild-day	NA	NA	REPEATABLE	NA	9	Koga	UNK	10	46	48	3	NA	NA	NA	NA	FALSE	NA	data.js:areas[Route 17].wild-day[9]	Measured	rate Asserted from the locations sheet
wild_encounter	Grumpig	352	Route 17	Kanto	wild-day	NA	NA	REPEATABLE	NA	9	Koga	UNK	10	46	48	4	NA	NA	NA	NA	FALSE	NA	data.js:areas[Route 17].wild-day[9]	Measured	rate Asserted from the locations sheet
wild_encounter	Torkoal	321	Route 17	Kanto	wild-day	NA	NA	REPEATABLE	NA	9	Koga	UNK	10	46	48	5	NA	NA	NA	NA	FALSE	NA	data.js:areas[Route 17].wild-day[9]	Measured	rate Asserted from the locations sheet
wild_encounter	Skarmory	227	Route 17	Kanto	wild-day	NA	NA	REPEATABLE	NA	9	Koga	UNK	5	46	48	6	NA	NA	NA	NA	FALSE	NA	data.js:areas[Route 17].wild-day[9]	Measured	rate Asserted from the locations sheet
wild_encounter	Skarmory	227	Route 17	Kanto	wild-day	NA	NA	REPEATABLE	NA	9	Koga	UNK	5	46	48	7	NA	NA	NA	NA	FALSE	NA	data.js:areas[Route 17].wild-day[9]	Measured	rate Asserted from the locations sheet
wild_encounter	Drampa	997	Route 17	Kanto	wild-day	NA	NA	REPEATABLE	NA	9	Koga	UNK	4	46	48	8	NA	NA	NA	NA	FALSE	NA	data.js:areas[Route 17].wild-day[9]	Measured	rate Asserted from the locations sheet
wild_encounter	Drampa	997	Route 17	Kanto	wild-day	NA	NA	REPEATABLE	NA	9	Koga	UNK	4	46	48	9	NA	NA	NA	NA	FALSE	NA	data.js:areas[Route 17].wild-day[9]	Measured	rate Asserted from the locations sheet
wild_encounter	Dracozolt	1172	Route 17	Kanto	wild-day	NA	NA	REPEATABLE	NA	9	Koga	UNK	1	46	48	10	NA	NA	NA	NA	FALSE	NA	data.js:areas[Route 17].wild-day[9]	Measured	rate Asserted from the locations sheet
wild_encounter	Dracozolt	1172	Route 17	Kanto	wild-day	NA	NA	REPEATABLE	NA	9	Koga	UNK	1	46	48	11	NA	NA	NA	NA	FALSE	NA	data.js:areas[Route 17].wild-day[9]	Measured	rate Asserted from the locations sheet
wild_encounter	Weezing-Galar	1215	Route 17	Kanto	wild-night	NA	NA	REPEATABLE	NA	9	Koga	UNK	20	46	48	0	NA	NA	NA	NA	FALSE	NA	data.js:areas[Route 17].wild-night[9]	Measured	rate Asserted from the locations sheet
wild_encounter	Cyclizar	1101	Route 17	Kanto	wild-night	NA	NA	REPEATABLE	NA	9	Koga	UNK	20	46	48	1	NA	NA	NA	NA	FALSE	NA	data.js:areas[Route 17].wild-night[9]	Measured	rate Asserted from the locations sheet
wild_encounter	Muk-Alola	1035	Route 17	Kanto	wild-night	NA	NA	REPEATABLE	NA	9	Koga	UNK	10	46	48	2	NA	NA	NA	NA	FALSE	NA	data.js:areas[Route 17].wild-night[9]	Measured	rate Asserted from the locations sheet
wild_encounter	Zebstrika	576	Route 17	Kanto	wild-night	NA	NA	REPEATABLE	NA	9	Koga	UNK	10	46	48	3	NA	NA	NA	NA	FALSE	NA	data.js:areas[Route 17].wild-night[9]	Measured	rate Asserted from the locations sheet
wild_encounter	Grumpig	352	Route 17	Kanto	wild-night	NA	NA	REPEATABLE	NA	9	Koga	UNK	10	46	48	4	NA	NA	NA	NA	FALSE	NA	data.js:areas[Route 17].wild-night[9]	Measured	rate Asserted from the locations sheet
wild_encounter	Torkoal	321	Route 17	Kanto	wild-night	NA	NA	REPEATABLE	NA	9	Koga	UNK	10	46	48	5	NA	NA	NA	NA	FALSE	NA	data.js:areas[Route 17].wild-night[9]	Measured	rate Asserted from the locations sheet
wild_encounter	Skarmory	227	Route 17	Kanto	wild-night	NA	NA	REPEATABLE	NA	9	Koga	UNK	5	46	48	6	NA	NA	NA	NA	FALSE	NA	data.js:areas[Route 17].wild-night[9]	Measured	rate Asserted from the locations sheet
wild_encounter	Skarmory	227	Route 17	Kanto	wild-night	NA	NA	REPEATABLE	NA	9	Koga	UNK	5	46	48	7	NA	NA	NA	NA	FALSE	NA	data.js:areas[Route 17].wild-night[9]	Measured	rate Asserted from the locations sheet
wild_encounter	Turtonator	993	Route 17	Kanto	wild-night	NA	NA	REPEATABLE	NA	9	Koga	UNK	4	46	48	8	NA	NA	NA	NA	FALSE	NA	data.js:areas[Route 17].wild-night[9]	Measured	rate Asserted from the locations sheet
wild_encounter	Turtonator	993	Route 17	Kanto	wild-night	NA	NA	REPEATABLE	NA	9	Koga	UNK	4	46	48	9	NA	NA	NA	NA	FALSE	NA	data.js:areas[Route 17].wild-night[9]	Measured	rate Asserted from the locations sheet
wild_encounter	Dracozolt	1172	Route 17	Kanto	wild-night	NA	NA	REPEATABLE	NA	9	Koga	UNK	1	46	48	10	NA	NA	NA	NA	FALSE	NA	data.js:areas[Route 17].wild-night[9]	Measured	rate Asserted from the locations sheet
wild_encounter	Dracozolt	1172	Route 17	Kanto	wild-night	NA	NA	REPEATABLE	NA	9	Koga	UNK	1	46	48	11	NA	NA	NA	NA	FALSE	NA	data.js:areas[Route 17].wild-night[9]	Measured	rate Asserted from the locations sheet
item_ground	TM114	439	Route 17	Kanto	item-standard	NA	NA	1	NA	9	Koga	UNK	NA	NA	NA	NA	NA	114	Heat Crash	NA	TRUE	single placement	data.js:areas[Route 17].item-standard[9]	Measured	NONE
item_ground	Absolite	567	Route 17	Kanto	item-standard	NA	NA	1	NA	9	Koga	UNK	NA	NA	NA	NA	NA	NA	NA	NA	TRUE	single placement	data.js:areas[Route 17].item-standard[9]	Measured	NONE
item_hidden	Full Restore	19	Route 17	Kanto	item-hidden	NA	NA	1	NA	9	Koga	UNK	NA	NA	NA	NA	NA	NA	NA	NA	TRUE	single placement	data.js:areas[Route 17].item-hidden[9]	Measured	NONE
item_hidden	Max Revive	25	Route 17	Kanto	item-hidden	NA	NA	1	NA	9	Koga	UNK	NA	NA	NA	NA	NA	NA	NA	NA	TRUE	single placement	data.js:areas[Route 17].item-hidden[9]	Measured	NONE
item_hidden	Max Elixir	37	Route 17	Kanto	item-hidden	NA	NA	1	NA	9	Koga	UNK	NA	NA	NA	NA	NA	NA	NA	NA	TRUE	single placement	data.js:areas[Route 17].item-hidden[9]	Measured	NONE
item_hidden	Rare Candy	68	Route 17	Kanto	item-hidden	NA	NA	1	NA	9	Koga	UNK	NA	NA	NA	NA	NA	NA	NA	NA	TRUE	single placement	data.js:areas[Route 17].item-hidden[9]	Measured	NONE
item_hidden	PP Up	69	Route 17	Kanto	item-hidden	NA	NA	10	NA	9	Koga	UNK	NA	NA	NA	NA	NA	NA	NA	NA	TRUE	single placement	data.js:areas[Route 17].item-hidden[9]	Asserted	 quantity from the official item sheet
wild_encounter	Xatu	178	Route 18	Kanto	wild-day	NA	NA	REPEATABLE	NA	9	Koga	UNK	20	49	51	0	NA	NA	NA	NA	FALSE	NA	data.js:areas[Route 18].wild-day[9]	Measured	rate Asserted from the locations sheet
wild_encounter	Vikavolt	955	Route 18	Kanto	wild-day	NA	NA	REPEATABLE	NA	9	Koga	UNK	20	49	51	1	NA	NA	NA	NA	FALSE	NA	data.js:areas[Route 18].wild-day[9]	Measured	rate Asserted from the locations sheet
wild_encounter	Poliwrath	62	Route 18	Kanto	wild-day	NA	NA	REPEATABLE	NA	9	Koga	UNK	10	49	51	2	NA	NA	NA	NA	FALSE	NA	data.js:areas[Route 18].wild-day[9]	Measured	rate Asserted from the locations sheet
wild_encounter	Abomasnow	513	Route 18	Kanto	wild-day	NA	NA	REPEATABLE	NA	9	Koga	UNK	10	49	51	3	NA	NA	NA	NA	FALSE	NA	data.js:areas[Route 18].wild-day[9]	Measured	rate Asserted from the locations sheet
wild_encounter	Altaria	359	Route 18	Kanto	wild-day	NA	NA	REPEATABLE	NA	9	Koga	UNK	10	49	51	4	NA	NA	NA	NA	FALSE	NA	data.js:areas[Route 18].wild-day[9]	Measured	rate Asserted from the locations sheet
wild_encounter	Parasect	47	Route 18	Kanto	wild-day	NA	NA	REPEATABLE	NA	9	Koga	UNK	10	49	51	5	NA	NA	NA	NA	FALSE	NA	data.js:areas[Route 18].wild-day[9]	Measured	rate Asserted from the locations sheet
wild_encounter	Toxicroak	507	Route 18	Kanto	wild-day	NA	NA	REPEATABLE	NA	9	Koga	UNK	5	49	51	6	NA	NA	NA	NA	FALSE	NA	data.js:areas[Route 18].wild-day[9]	Measured	rate Asserted from the locations sheet
wild_encounter	Toxicroak	507	Route 18	Kanto	wild-day	NA	NA	REPEATABLE	NA	9	Koga	UNK	5	49	51	7	NA	NA	NA	NA	FALSE	NA	data.js:areas[Route 18].wild-day[9]	Measured	rate Asserted from the locations sheet
wild_encounter	Kabutops	141	Route 18	Kanto	wild-day	NA	NA	REPEATABLE	NA	9	Koga	UNK	4	49	51	8	NA	NA	NA	NA	FALSE	NA	data.js:areas[Route 18].wild-day[9]	Measured	rate Asserted from the locations sheet
wild_encounter	Kabutops	141	Route 18	Kanto	wild-day	NA	NA	REPEATABLE	NA	9	Koga	UNK	4	49	51	9	NA	NA	NA	NA	FALSE	NA	data.js:areas[Route 18].wild-day[9]	Measured	rate Asserted from the locations sheet
wild_encounter	Arctovish	1175	Route 18	Kanto	wild-day	NA	NA	REPEATABLE	NA	9	Koga	UNK	1	49	51	10	NA	NA	NA	NA	FALSE	NA	data.js:areas[Route 18].wild-day[9]	Measured	rate Asserted from the locations sheet
wild_encounter	Dracovish	1174	Route 18	Kanto	wild-day	NA	NA	REPEATABLE	NA	9	Koga	UNK	1	49	51	11	NA	NA	NA	NA	FALSE	NA	data.js:areas[Route 18].wild-day[9]	Measured	rate Asserted from the locations sheet
wild_encounter	Xatu	178	Route 18	Kanto	wild-night	NA	NA	REPEATABLE	NA	9	Koga	UNK	20	49	51	0	NA	NA	NA	NA	FALSE	NA	data.js:areas[Route 18].wild-night[9]	Measured	rate Asserted from the locations sheet
wild_encounter	Vikavolt	955	Route 18	Kanto	wild-night	NA	NA	REPEATABLE	NA	9	Koga	UNK	20	49	51	1	NA	NA	NA	NA	FALSE	NA	data.js:areas[Route 18].wild-night[9]	Measured	rate Asserted from the locations sheet
wild_encounter	Politoed	186	Route 18	Kanto	wild-night	NA	NA	REPEATABLE	NA	9	Koga	UNK	10	49	51	2	NA	NA	NA	NA	FALSE	NA	data.js:areas[Route 18].wild-night[9]	Measured	rate Asserted from the locations sheet
wild_encounter	Abomasnow	513	Route 18	Kanto	wild-night	NA	NA	REPEATABLE	NA	9	Koga	UNK	10	49	51	3	NA	NA	NA	NA	FALSE	NA	data.js:areas[Route 18].wild-night[9]	Measured	rate Asserted from the locations sheet
wild_encounter	Altaria	359	Route 18	Kanto	wild-night	NA	NA	REPEATABLE	NA	9	Koga	UNK	10	49	51	4	NA	NA	NA	NA	FALSE	NA	data.js:areas[Route 18].wild-night[9]	Measured	rate Asserted from the locations sheet
wild_encounter	Jynx	124	Route 18	Kanto	wild-night	NA	NA	REPEATABLE	NA	9	Koga	UNK	10	49	51	5	NA	NA	NA	NA	FALSE	NA	data.js:areas[Route 18].wild-night[9]	Measured	rate Asserted from the locations sheet
wild_encounter	Heliolisk	803	Route 18	Kanto	wild-night	NA	NA	REPEATABLE	NA	9	Koga	UNK	5	49	51	6	NA	NA	NA	NA	FALSE	NA	data.js:areas[Route 18].wild-night[9]	Measured	rate Asserted from the locations sheet
wild_encounter	Heliolisk	803	Route 18	Kanto	wild-night	NA	NA	REPEATABLE	NA	9	Koga	UNK	5	49	51	7	NA	NA	NA	NA	FALSE	NA	data.js:areas[Route 18].wild-night[9]	Measured	rate Asserted from the locations sheet
wild_encounter	Omastar	139	Route 18	Kanto	wild-night	NA	NA	REPEATABLE	NA	9	Koga	UNK	4	49	51	8	NA	NA	NA	NA	FALSE	NA	data.js:areas[Route 18].wild-night[9]	Measured	rate Asserted from the locations sheet
wild_encounter	Omastar	139	Route 18	Kanto	wild-night	NA	NA	REPEATABLE	NA	9	Koga	UNK	4	49	51	9	NA	NA	NA	NA	FALSE	NA	data.js:areas[Route 18].wild-night[9]	Measured	rate Asserted from the locations sheet
wild_encounter	Arctovish	1175	Route 18	Kanto	wild-night	NA	NA	REPEATABLE	NA	9	Koga	UNK	1	49	51	10	NA	NA	NA	NA	FALSE	NA	data.js:areas[Route 18].wild-night[9]	Measured	rate Asserted from the locations sheet
wild_encounter	Dracovish	1174	Route 18	Kanto	wild-night	NA	NA	REPEATABLE	NA	9	Koga	UNK	1	49	51	11	NA	NA	NA	NA	FALSE	NA	data.js:areas[Route 18].wild-night[9]	Measured	rate Asserted from the locations sheet
item_ground	Altarianite	565	Route 18	Kanto	item-standard	NA	NA	1	NA	9	Koga	UNK	NA	NA	NA	NA	NA	NA	NA	NA	TRUE	single placement	data.js:areas[Route 18].item-standard[9]	Measured	NONE
trade_pokemon	Morpeko	1169	Route 18 Gatehouse 2F	Kanto	fixed-trade	NA	NA	1	NA	9	Koga	UNK	NA	NA	NA	NA	NA	NA	NA	NA	FALSE	NA	data.js:areas[Route 18 Gatehouse 2F].fixed-trade[9]	Measured	NONE
item_ground	HM06	344	Fuchsia City	Kanto	item-standard	NA	NA	1	NA	9	Koga	UNK	NA	NA	NA	NA	NA	NA	NA	NA	TRUE	single placement	data.js:areas[Fuchsia City].item-standard[9]	Measured	NONE
item_ground	Medicine	742	Fuchsia City	Kanto	item-standard	NA	NA	1	NA	9	Koga	UNK	NA	NA	NA	NA	NA	NA	NA	NA	TRUE	single placement	data.js:areas[Fuchsia City].item-standard[9]	Measured	NONE
item_hidden	Max Revive	25	Fuchsia City	Kanto	item-hidden	NA	NA	1	NA	9	Koga	UNK	NA	NA	NA	NA	NA	NA	NA	NA	TRUE	single placement	data.js:areas[Fuchsia City].item-hidden[9]	Measured	NONE
item_care_package	PP Max	71	Fuchsia City	Kanto	item-cheat	NA	NA	153	NA	9	Koga	UNK	NA	NA	NA	NA	NA	NA	NA	NA	TRUE	single placement	data.js:areas[Fuchsia City].item-cheat[9]	Asserted	care-package item, delivered by code not exploration quantity from the official item sheet
item_care_package	Heart Scale	111	Fuchsia City	Kanto	item-cheat	NA	NA	10	NA	9	Koga	UNK	NA	NA	NA	NA	NA	NA	NA	NA	TRUE	single placement	data.js:areas[Fuchsia City].item-cheat[9]	Asserted	care-package item, delivered by code not exploration quantity from the official item sheet
item_care_package	Liechi Berry	168	Fuchsia City	Kanto	item-cheat	NA	NA	10	NA	9	Koga	UNK	NA	NA	NA	NA	NA	NA	NA	NA	TRUE	single placement	data.js:areas[Fuchsia City].item-cheat[9]	Asserted	care-package item, delivered by code not exploration quantity from the official item sheet
item_care_package	Salac Berry	170	Fuchsia City	Kanto	item-cheat	NA	NA	10	NA	9	Koga	UNK	NA	NA	NA	NA	NA	NA	NA	NA	TRUE	single placement	data.js:areas[Fuchsia City].item-cheat[9]	Asserted	care-package item, delivered by code not exploration quantity from the official item sheet
item_care_package	Petaya Berry	171	Fuchsia City	Kanto	item-cheat	NA	NA	10	NA	9	Koga	UNK	NA	NA	NA	NA	NA	NA	NA	NA	TRUE	single placement	data.js:areas[Fuchsia City].item-cheat[9]	Asserted	care-package item, delivered by code not exploration quantity from the official item sheet
item_care_package	King's Rock	187	Fuchsia City	Kanto	item-cheat	NA	NA	10	NA	9	Koga	UNK	NA	NA	NA	NA	NA	NA	NA	NA	TRUE	single placement	data.js:areas[Fuchsia City].item-cheat[9]	Asserted	care-package item, delivered by code not exploration quantity from the official item sheet
item_care_package	Deep Sea Scale	193	Fuchsia City	Kanto	item-cheat	NA	NA	10	NA	9	Koga	UNK	NA	NA	NA	NA	NA	NA	NA	NA	TRUE	single placement	data.js:areas[Fuchsia City].item-cheat[9]	Asserted	care-package item, delivered by code not exploration quantity from the official item sheet
item_care_package	Leftovers	200	Fuchsia City	Kanto	item-cheat	NA	NA	10	NA	9	Koga	UNK	NA	NA	NA	NA	NA	NA	NA	NA	TRUE	single placement	data.js:areas[Fuchsia City].item-cheat[9]	Asserted	care-package item, delivered by code not exploration quantity from the official item sheet
item_care_package	Lucky Punch	222	Fuchsia City	Kanto	item-cheat	NA	NA	10	NA	9	Koga	UNK	NA	NA	NA	NA	NA	NA	NA	NA	TRUE	single placement	data.js:areas[Fuchsia City].item-cheat[9]	Asserted	care-package item, delivered by code not exploration quantity from the official item sheet
item_care_package	Metal Powder	223	Fuchsia City	Kanto	item-cheat	NA	NA	10	NA	9	Koga	UNK	NA	NA	NA	NA	NA	NA	NA	NA	TRUE	single placement	data.js:areas[Fuchsia City].item-cheat[9]	Asserted	care-package item, delivered by code not exploration quantity from the official item sheet
item_care_package	Yellow Nectar	529	Fuchsia City	Kanto	item-cheat	NA	NA	10	NA	9	Koga	UNK	NA	NA	NA	NA	NA	NA	NA	NA	TRUE	single placement	data.js:areas[Fuchsia City].item-cheat[9]	Asserted	care-package item, delivered by code not exploration quantity from the official item sheet
item_care_package	Pink Nectar	530	Fuchsia City	Kanto	item-cheat	NA	NA	10	NA	9	Koga	UNK	NA	NA	NA	NA	NA	NA	NA	NA	TRUE	single placement	data.js:areas[Fuchsia City].item-cheat[9]	Asserted	care-package item, delivered by code not exploration quantity from the official item sheet
item_care_package	Expert Belt	676	Fuchsia City	Kanto	item-cheat	NA	NA	10	NA	9	Koga	UNK	NA	NA	NA	NA	NA	NA	NA	NA	TRUE	single placement	data.js:areas[Fuchsia City].item-cheat[9]	Asserted	care-package item, delivered by code not exploration quantity from the official item sheet
item_care_package	Icy Rock	690	Fuchsia City	Kanto	item-cheat	NA	NA	10	NA	9	Koga	UNK	NA	NA	NA	NA	NA	NA	NA	NA	TRUE	single placement	data.js:areas[Fuchsia City].item-cheat[9]	Asserted	care-package item, delivered by code not exploration quantity from the official item sheet
item_care_package	Smooth Rock	691	Fuchsia City	Kanto	item-cheat	NA	NA	10	NA	9	Koga	UNK	NA	NA	NA	NA	NA	NA	NA	NA	TRUE	single placement	data.js:areas[Fuchsia City].item-cheat[9]	Asserted	care-package item, delivered by code not exploration quantity from the official item sheet
item_care_package	Damp Rock	693	Fuchsia City	Kanto	item-cheat	NA	NA	10	NA	9	Koga	UNK	NA	NA	NA	NA	NA	NA	NA	NA	TRUE	single placement	data.js:areas[Fuchsia City].item-cheat[9]	Asserted	care-package item, delivered by code not exploration quantity from the official item sheet
item_care_package	Grassy Seed	719	Fuchsia City	Kanto	item-cheat	NA	NA	10	NA	9	Koga	UNK	NA	NA	NA	NA	NA	NA	NA	NA	TRUE	single placement	data.js:areas[Fuchsia City].item-cheat[9]	Asserted	care-package item, delivered by code not exploration quantity from the official item sheet
tutor	tutor_slot_74	74	Fuchsia City	Kanto	tutor	UNK	money	REPEATABLE	NA	9	Koga	UNK	NA	NA	NA	NA	NA	NA	Substitute	NA	FALSE	NA	data.js:areas[Fuchsia City].tutors[9]	Measured	value is a tutorMoves slot index, not a move ID
wild_encounter	Kecleon	317	Safari Zone Area 1	Kanto	wild-day	NA	NA	REPEATABLE	NA	9	Koga	UNK	20	50	52	0	NA	NA	NA	NA	FALSE	NA	data.js:areas[Safari Zone Area 1].wild-day[9]	Measured	rate Asserted from the locations sheet
wild_encounter	Spinda	308	Safari Zone Area 1	Kanto	wild-day	NA	NA	REPEATABLE	NA	9	Koga	UNK	20	50	52	1	NA	NA	NA	NA	FALSE	NA	data.js:areas[Safari Zone Area 1].wild-day[9]	Measured	rate Asserted from the locations sheet
wild_encounter	Iron Hands	1262	Safari Zone Area 1	Kanto	wild-day	NA	NA	REPEATABLE	NA	9	Koga	UNK	10	50	52	2	NA	NA	NA	NA	FALSE	NA	data.js:areas[Safari Zone Area 1].wild-day[9]	Measured	rate Asserted from the locations sheet
wild_encounter	Iron Hands	1262	Safari Zone Area 1	Kanto	wild-day	NA	NA	REPEATABLE	NA	9	Koga	UNK	10	50	52	3	NA	NA	NA	NA	FALSE	NA	data.js:areas[Safari Zone Area 1].wild-day[9]	Measured	rate Asserted from the locations sheet
wild_encounter	Meltan	1083	Safari Zone Area 1	Kanto	wild-day	NA	NA	REPEATABLE	NA	9	Koga	UNK	10	50	52	4	NA	NA	NA	NA	FALSE	NA	data.js:areas[Safari Zone Area 1].wild-day[9]	Measured	rate Asserted from the locations sheet
wild_encounter	Meltan	1083	Safari Zone Area 1	Kanto	wild-day	NA	NA	REPEATABLE	NA	9	Koga	UNK	10	50	52	5	NA	NA	NA	NA	FALSE	NA	data.js:areas[Safari Zone Area 1].wild-day[9]	Measured	rate Asserted from the locations sheet
wild_encounter	Porygon	137	Safari Zone Area 1	Kanto	wild-day	NA	NA	REPEATABLE	NA	9	Koga	UNK	5	50	52	6	NA	NA	NA	NA	FALSE	NA	data.js:areas[Safari Zone Area 1].wild-day[9]	Measured	rate Asserted from the locations sheet
wild_encounter	Porygon	137	Safari Zone Area 1	Kanto	wild-day	NA	NA	REPEATABLE	NA	9	Koga	UNK	5	50	52	7	NA	NA	NA	NA	FALSE	NA	data.js:areas[Safari Zone Area 1].wild-day[9]	Measured	rate Asserted from the locations sheet
wild_encounter	Scyther	123	Safari Zone Area 1	Kanto	wild-day	NA	NA	REPEATABLE	NA	9	Koga	UNK	4	50	52	8	NA	NA	NA	NA	FALSE	NA	data.js:areas[Safari Zone Area 1].wild-day[9]	Measured	rate Asserted from the locations sheet
wild_encounter	Scyther	123	Safari Zone Area 1	Kanto	wild-day	NA	NA	REPEATABLE	NA	9	Koga	UNK	4	50	52	9	NA	NA	NA	NA	FALSE	NA	data.js:areas[Safari Zone Area 1].wild-day[9]	Measured	rate Asserted from the locations sheet
wild_encounter	Chansey	113	Safari Zone Area 1	Kanto	wild-day	NA	NA	REPEATABLE	NA	9	Koga	UNK	1	50	52	10	NA	NA	NA	NA	FALSE	NA	data.js:areas[Safari Zone Area 1].wild-day[9]	Measured	rate Asserted from the locations sheet
wild_encounter	Chansey	113	Safari Zone Area 1	Kanto	wild-day	NA	NA	REPEATABLE	NA	9	Koga	UNK	1	50	52	11	NA	NA	NA	NA	FALSE	NA	data.js:areas[Safari Zone Area 1].wild-day[9]	Measured	rate Asserted from the locations sheet
wild_encounter	Kecleon	317	Safari Zone Area 1	Kanto	wild-night	NA	NA	REPEATABLE	NA	9	Koga	UNK	20	50	52	0	NA	NA	NA	NA	FALSE	NA	data.js:areas[Safari Zone Area 1].wild-night[9]	Measured	rate Asserted from the locations sheet
wild_encounter	Spinda	308	Safari Zone Area 1	Kanto	wild-night	NA	NA	REPEATABLE	NA	9	Koga	UNK	20	50	52	1	NA	NA	NA	NA	FALSE	NA	data.js:areas[Safari Zone Area 1].wild-night[9]	Measured	rate Asserted from the locations sheet
wild_encounter	Iron Moth	1247	Safari Zone Area 1	Kanto	wild-night	NA	NA	REPEATABLE	NA	9	Koga	UNK	10	50	52	2	NA	NA	NA	NA	FALSE	NA	data.js:areas[Safari Zone Area 1].wild-night[9]	Measured	rate Asserted from the locations sheet
wild_encounter	Iron Moth	1247	Safari Zone Area 1	Kanto	wild-night	NA	NA	REPEATABLE	NA	9	Koga	UNK	10	50	52	3	NA	NA	NA	NA	FALSE	NA	data.js:areas[Safari Zone Area 1].wild-night[9]	Measured	rate Asserted from the locations sheet
wild_encounter	Meltan	1083	Safari Zone Area 1	Kanto	wild-night	NA	NA	REPEATABLE	NA	9	Koga	UNK	10	50	52	4	NA	NA	NA	NA	FALSE	NA	data.js:areas[Safari Zone Area 1].wild-night[9]	Measured	rate Asserted from the locations sheet
wild_encounter	Meltan	1083	Safari Zone Area 1	Kanto	wild-night	NA	NA	REPEATABLE	NA	9	Koga	UNK	10	50	52	5	NA	NA	NA	NA	FALSE	NA	data.js:areas[Safari Zone Area 1].wild-night[9]	Measured	rate Asserted from the locations sheet
wild_encounter	Porygon	137	Safari Zone Area 1	Kanto	wild-night	NA	NA	REPEATABLE	NA	9	Koga	UNK	5	50	52	6	NA	NA	NA	NA	FALSE	NA	data.js:areas[Safari Zone Area 1].wild-night[9]	Measured	rate Asserted from the locations sheet
wild_encounter	Porygon	137	Safari Zone Area 1	Kanto	wild-night	NA	NA	REPEATABLE	NA	9	Koga	UNK	5	50	52	7	NA	NA	NA	NA	FALSE	NA	data.js:areas[Safari Zone Area 1].wild-night[9]	Measured	rate Asserted from the locations sheet
wild_encounter	Heracross	214	Safari Zone Area 1	Kanto	wild-night	NA	NA	REPEATABLE	NA	9	Koga	UNK	4	50	52	8	NA	NA	NA	NA	FALSE	NA	data.js:areas[Safari Zone Area 1].wild-night[9]	Measured	rate Asserted from the locations sheet
wild_encounter	Heracross	214	Safari Zone Area 1	Kanto	wild-night	NA	NA	REPEATABLE	NA	9	Koga	UNK	4	50	52	9	NA	NA	NA	NA	FALSE	NA	data.js:areas[Safari Zone Area 1].wild-night[9]	Measured	rate Asserted from the locations sheet
wild_encounter	Chansey	113	Safari Zone Area 1	Kanto	wild-night	NA	NA	REPEATABLE	NA	9	Koga	UNK	1	50	52	10	NA	NA	NA	NA	FALSE	NA	data.js:areas[Safari Zone Area 1].wild-night[9]	Measured	rate Asserted from the locations sheet
wild_encounter	Chansey	113	Safari Zone Area 1	Kanto	wild-night	NA	NA	REPEATABLE	NA	9	Koga	UNK	1	50	52	11	NA	NA	NA	NA	FALSE	NA	data.js:areas[Safari Zone Area 1].wild-night[9]	Measured	rate Asserted from the locations sheet
wild_encounter	Frillish	645	Safari Zone Area 1	Kanto	wild-surf	NA	NA	REPEATABLE	NA	10	May	UNK	60	56	58	0	NA	NA	NA	NA	FALSE	NA	data.js:areas[Safari Zone Area 1].wild-surf[10]	Measured	rate Asserted from the locations sheet
wild_encounter	Golduck	55	Safari Zone Area 1	Kanto	wild-surf	NA	NA	REPEATABLE	NA	10	May	UNK	30	56	58	1	NA	NA	NA	NA	FALSE	NA	data.js:areas[Safari Zone Area 1].wild-surf[10]	Measured	rate Asserted from the locations sheet
wild_encounter	Jellicent	646	Safari Zone Area 1	Kanto	wild-surf	NA	NA	REPEATABLE	NA	10	May	UNK	5	56	58	2	NA	NA	NA	NA	FALSE	NA	data.js:areas[Safari Zone Area 1].wild-surf[10]	Measured	rate Asserted from the locations sheet
wild_encounter	Golduck	55	Safari Zone Area 1	Kanto	wild-surf	NA	NA	REPEATABLE	NA	10	May	UNK	4	56	58	3	NA	NA	NA	NA	FALSE	NA	data.js:areas[Safari Zone Area 1].wild-surf[10]	Measured	rate Asserted from the locations sheet
wild_encounter	Golduck	55	Safari Zone Area 1	Kanto	wild-surf	NA	NA	REPEATABLE	NA	10	May	UNK	1	56	58	4	NA	NA	NA	NA	FALSE	NA	data.js:areas[Safari Zone Area 1].wild-surf[10]	Measured	rate Asserted from the locations sheet
item_ground	TM54	379	Safari Zone Area 1	Kanto	item-standard	NA	NA	1	NA	10	May	UNK	NA	NA	NA	NA	NA	54	Grassy Glide	NA	TRUE	single placement	data.js:areas[Safari Zone Area 1].item-standard[10]	Measured	NONE
item_hidden	Leaf Stone	98	Safari Zone Area 1	Kanto	item-hidden	NA	NA	1	NA	9	Koga	UNK	NA	NA	NA	NA	NA	NA	NA	NA	TRUE	single placement	data.js:areas[Safari Zone Area 1].item-hidden[9]	Measured	NONE
wild_encounter	Magikarp	129	Safari Zone Area 1	Kanto	wild-oldRod	NA	NA	REPEATABLE	NA	9	Koga	UNK	70	2	4	0	NA	NA	NA	NA	FALSE	NA	data.js:areas[Safari Zone Area 1].wild-oldRod[9]	Measured	rate Asserted from the locations sheet
wild_encounter	Krabby	98	Safari Zone Area 1	Kanto	wild-oldRod	NA	NA	REPEATABLE	NA	9	Koga	UNK	30	2	4	1	NA	NA	NA	NA	FALSE	NA	data.js:areas[Safari Zone Area 1].wild-oldRod[9]	Measured	rate Asserted from the locations sheet
wild_encounter	Qwilfish	211	Safari Zone Area 1	Kanto	wild-goodRod	NA	NA	REPEATABLE	NA	9	Koga	UNK	60	27	29	0	NA	NA	NA	NA	FALSE	NA	data.js:areas[Safari Zone Area 1].wild-goodRod[9]	Measured	rate Asserted from the locations sheet
wild_encounter	Mareanie	964	Safari Zone Area 1	Kanto	wild-goodRod	NA	NA	REPEATABLE	NA	9	Koga	UNK	20	27	29	1	NA	NA	NA	NA	FALSE	NA	data.js:areas[Safari Zone Area 1].wild-goodRod[9]	Measured	rate Asserted from the locations sheet
wild_encounter	Mantyke	511	Safari Zone Area 1	Kanto	wild-goodRod	NA	NA	REPEATABLE	NA	9	Koga	UNK	20	27	29	2	NA	NA	NA	NA	FALSE	NA	data.js:areas[Safari Zone Area 1].wild-goodRod[9]	Measured	rate Asserted from the locations sheet
wild_encounter	Alomomola	647	Safari Zone Area 1	Kanto	wild-superRod	NA	NA	REPEATABLE	NA	9	Koga	UNK	40	53	55	0	NA	NA	NA	NA	FALSE	NA	data.js:areas[Safari Zone Area 1].wild-superRod[9]	Measured	rate Asserted from the locations sheet
wild_encounter	Basculin	603	Safari Zone Area 1	Kanto	wild-superRod	NA	NA	REPEATABLE	NA	9	Koga	UNK	40	53	55	1	NA	NA	NA	NA	FALSE	NA	data.js:areas[Safari Zone Area 1].wild-superRod[9]	Measured	rate Asserted from the locations sheet
wild_encounter	Sharpedo	331	Safari Zone Area 1	Kanto	wild-superRod	NA	NA	REPEATABLE	NA	9	Koga	UNK	15	53	55	2	NA	NA	NA	NA	FALSE	NA	data.js:areas[Safari Zone Area 1].wild-superRod[9]	Measured	rate Asserted from the locations sheet
wild_encounter	Feebas	328	Safari Zone Area 1	Kanto	wild-superRod	NA	NA	REPEATABLE	NA	9	Koga	UNK	4	53	55	3	NA	NA	NA	NA	FALSE	NA	data.js:areas[Safari Zone Area 1].wild-superRod[9]	Measured	rate Asserted from the locations sheet
wild_encounter	Feebas	328	Safari Zone Area 1	Kanto	wild-superRod	NA	NA	REPEATABLE	NA	9	Koga	UNK	1	53	55	4	NA	NA	NA	NA	FALSE	NA	data.js:areas[Safari Zone Area 1].wild-superRod[9]	Measured	rate Asserted from the locations sheet
wild_encounter	Hawlucha	809	Safari Zone Area 2	Kanto	wild-day	NA	NA	REPEATABLE	NA	9	Koga	UNK	20	50	52	0	NA	NA	NA	NA	FALSE	NA	data.js:areas[Safari Zone Area 2].wild-day[9]	Measured	rate Asserted from the locations sheet
wild_encounter	Castform	385	Safari Zone Area 2	Kanto	wild-day	NA	NA	REPEATABLE	NA	9	Koga	UNK	20	50	52	1	NA	NA	NA	NA	FALSE	NA	data.js:areas[Safari Zone Area 2].wild-day[9]	Measured	rate Asserted from the locations sheet
wild_encounter	Tauros	128	Safari Zone Area 2	Kanto	wild-day	NA	NA	REPEATABLE	NA	9	Koga	UNK	10	50	52	2	NA	NA	NA	NA	FALSE	NA	data.js:areas[Safari Zone Area 2].wild-day[9]	Measured	rate Asserted from the locations sheet
wild_encounter	Tauros-Paldea-Combat	1234	Safari Zone Area 2	Kanto	wild-day	NA	NA	REPEATABLE	NA	9	Koga	UNK	10	50	52	3	NA	NA	NA	NA	FALSE	NA	data.js:areas[Safari Zone Area 2].wild-day[9]	Measured	rate Asserted from the locations sheet
wild_encounter	Wobbuffet	202	Safari Zone Area 2	Kanto	wild-day	NA	NA	REPEATABLE	NA	9	Koga	UNK	10	50	52	4	NA	NA	NA	NA	FALSE	NA	data.js:areas[Safari Zone Area 2].wild-day[9]	Measured	rate Asserted from the locations sheet
wild_encounter	Wobbuffet	202	Safari Zone Area 2	Kanto	wild-day	NA	NA	REPEATABLE	NA	9	Koga	UNK	10	50	52	5	NA	NA	NA	NA	FALSE	NA	data.js:areas[Safari Zone Area 2].wild-day[9]	Measured	rate Asserted from the locations sheet
wild_encounter	Zorua	623	Safari Zone Area 2	Kanto	wild-day	NA	NA	REPEATABLE	NA	9	Koga	UNK	5	50	52	6	NA	NA	NA	NA	FALSE	NA	data.js:areas[Safari Zone Area 2].wild-day[9]	Measured	rate Asserted from the locations sheet
wild_encounter	Zorua	623	Safari Zone Area 2	Kanto	wild-day	NA	NA	REPEATABLE	NA	9	Koga	UNK	5	50	52	7	NA	NA	NA	NA	FALSE	NA	data.js:areas[Safari Zone Area 2].wild-day[9]	Measured	rate Asserted from the locations sheet
wild_encounter	Pinsir	127	Safari Zone Area 2	Kanto	wild-day	NA	NA	REPEATABLE	NA	9	Koga	UNK	4	50	52	8	NA	NA	NA	NA	FALSE	NA	data.js:areas[Safari Zone Area 2].wild-day[9]	Measured	rate Asserted from the locations sheet
wild_encounter	Pinsir	127	Safari Zone Area 2	Kanto	wild-day	NA	NA	REPEATABLE	NA	9	Koga	UNK	4	50	52	9	NA	NA	NA	NA	FALSE	NA	data.js:areas[Safari Zone Area 2].wild-day[9]	Measured	rate Asserted from the locations sheet
wild_encounter	Kangaskhan	115	Safari Zone Area 2	Kanto	wild-day	NA	NA	REPEATABLE	NA	9	Koga	UNK	1	50	52	10	NA	NA	NA	NA	FALSE	NA	data.js:areas[Safari Zone Area 2].wild-day[9]	Measured	rate Asserted from the locations sheet
wild_encounter	Kangaskhan	115	Safari Zone Area 2	Kanto	wild-day	NA	NA	REPEATABLE	NA	9	Koga	UNK	1	50	52	11	NA	NA	NA	NA	FALSE	NA	data.js:areas[Safari Zone Area 2].wild-day[9]	Measured	rate Asserted from the locations sheet
wild_encounter	Hawlucha	809	Safari Zone Area 2	Kanto	wild-night	NA	NA	REPEATABLE	NA	9	Koga	UNK	20	50	52	0	NA	NA	NA	NA	FALSE	NA	data.js:areas[Safari Zone Area 2].wild-night[9]	Measured	rate Asserted from the locations sheet
wild_encounter	Castform	385	Safari Zone Area 2	Kanto	wild-night	NA	NA	REPEATABLE	NA	9	Koga	UNK	20	50	52	1	NA	NA	NA	NA	FALSE	NA	data.js:areas[Safari Zone Area 2].wild-night[9]	Measured	rate Asserted from the locations sheet
wild_encounter	Tauros-Paldea-Blaze	1240	Safari Zone Area 2	Kanto	wild-night	NA	NA	REPEATABLE	NA	9	Koga	UNK	10	50	52	2	NA	NA	NA	NA	FALSE	NA	data.js:areas[Safari Zone Area 2].wild-night[9]	Measured	rate Asserted from the locations sheet
wild_encounter	Tauros-Paldea-Aqua	1235	Safari Zone Area 2	Kanto	wild-night	NA	NA	REPEATABLE	NA	9	Koga	UNK	10	50	52	3	NA	NA	NA	NA	FALSE	NA	data.js:areas[Safari Zone Area 2].wild-night[9]	Measured	rate Asserted from the locations sheet
wild_encounter	Wobbuffet	202	Safari Zone Area 2	Kanto	wild-night	NA	NA	REPEATABLE	NA	9	Koga	UNK	10	50	52	4	NA	NA	NA	NA	FALSE	NA	data.js:areas[Safari Zone Area 2].wild-night[9]	Measured	rate Asserted from the locations sheet
wild_encounter	Wobbuffet	202	Safari Zone Area 2	Kanto	wild-night	NA	NA	REPEATABLE	NA	9	Koga	UNK	10	50	52	5	NA	NA	NA	NA	FALSE	NA	data.js:areas[Safari Zone Area 2].wild-night[9]	Measured	rate Asserted from the locations sheet
wild_encounter	Zorua-Hisui	1280	Safari Zone Area 2	Kanto	wild-night	NA	NA	REPEATABLE	NA	9	Koga	UNK	5	50	52	6	NA	NA	NA	NA	FALSE	NA	data.js:areas[Safari Zone Area 2].wild-night[9]	Measured	rate Asserted from the locations sheet
wild_encounter	Zorua-Hisui	1280	Safari Zone Area 2	Kanto	wild-night	NA	NA	REPEATABLE	NA	9	Koga	UNK	5	50	52	7	NA	NA	NA	NA	FALSE	NA	data.js:areas[Safari Zone Area 2].wild-night[9]	Measured	rate Asserted from the locations sheet
wild_encounter	Pinsir	127	Safari Zone Area 2	Kanto	wild-night	NA	NA	REPEATABLE	NA	9	Koga	UNK	4	50	52	8	NA	NA	NA	NA	FALSE	NA	data.js:areas[Safari Zone Area 2].wild-night[9]	Measured	rate Asserted from the locations sheet
wild_encounter	Pinsir	127	Safari Zone Area 2	Kanto	wild-night	NA	NA	REPEATABLE	NA	9	Koga	UNK	4	50	52	9	NA	NA	NA	NA	FALSE	NA	data.js:areas[Safari Zone Area 2].wild-night[9]	Measured	rate Asserted from the locations sheet
wild_encounter	Kangaskhan	115	Safari Zone Area 2	Kanto	wild-night	NA	NA	REPEATABLE	NA	9	Koga	UNK	1	50	52	10	NA	NA	NA	NA	FALSE	NA	data.js:areas[Safari Zone Area 2].wild-night[9]	Measured	rate Asserted from the locations sheet
wild_encounter	Kangaskhan	115	Safari Zone Area 2	Kanto	wild-night	NA	NA	REPEATABLE	NA	9	Koga	UNK	1	50	52	11	NA	NA	NA	NA	FALSE	NA	data.js:areas[Safari Zone Area 2].wild-night[9]	Measured	rate Asserted from the locations sheet
wild_encounter	Wimpod	984	Safari Zone Area 2	Kanto	wild-surf	NA	NA	REPEATABLE	NA	10	May	UNK	60	56	58	0	NA	NA	NA	NA	FALSE	NA	data.js:areas[Safari Zone Area 2].wild-surf[10]	Measured	rate Asserted from the locations sheet
wild_encounter	Lanturn	171	Safari Zone Area 2	Kanto	wild-surf	NA	NA	REPEATABLE	NA	10	May	UNK	30	56	58	1	NA	NA	NA	NA	FALSE	NA	data.js:areas[Safari Zone Area 2].wild-surf[10]	Measured	rate Asserted from the locations sheet
wild_encounter	Araquanid	969	Safari Zone Area 2	Kanto	wild-surf	NA	NA	REPEATABLE	NA	10	May	UNK	5	56	58	2	NA	NA	NA	NA	FALSE	NA	data.js:areas[Safari Zone Area 2].wild-surf[10]	Measured	rate Asserted from the locations sheet
wild_encounter	Seismitoad	590	Safari Zone Area 2	Kanto	wild-surf	NA	NA	REPEATABLE	NA	10	May	UNK	4	56	58	3	NA	NA	NA	NA	FALSE	NA	data.js:areas[Safari Zone Area 2].wild-surf[10]	Measured	rate Asserted from the locations sheet
wild_encounter	Seismitoad	590	Safari Zone Area 2	Kanto	wild-surf	NA	NA	REPEATABLE	NA	10	May	UNK	1	56	58	4	NA	NA	NA	NA	FALSE	NA	data.js:areas[Safari Zone Area 2].wild-surf[10]	Measured	rate Asserted from the locations sheet
item_ground	Max Potion	20	Safari Zone Area 2	Kanto	item-standard	NA	NA	1	NA	9	Koga	UNK	NA	NA	NA	NA	NA	NA	NA	NA	TRUE	single placement	data.js:areas[Safari Zone Area 2].item-standard[9]	Measured	NONE
item_ground	Leaf Stone	98	Safari Zone Area 2	Kanto	item-standard	NA	NA	1	NA	9	Koga	UNK	NA	NA	NA	NA	NA	NA	NA	NA	TRUE	single placement	data.js:areas[Safari Zone Area 2].item-standard[9]	Measured	NONE
item_ground	TM58	383	Safari Zone Area 2	Kanto	item-standard	NA	NA	1	NA	9	Koga	UNK	NA	NA	NA	NA	NA	58	Rising Voltage	NA	TRUE	single placement	data.js:areas[Safari Zone Area 2].item-standard[9]	Measured	NONE
item_ground	TM76	401	Safari Zone Area 2	Kanto	item-standard	NA	NA	1	NA	9	Koga	UNK	NA	NA	NA	NA	NA	76	Earth Power	NA	TRUE	single placement	data.js:areas[Safari Zone Area 2].item-standard[9]	Measured	NONE
item_ground	Heracronite	551	Safari Zone Area 2	Kanto	item-standard	NA	NA	1	NA	9	Koga	UNK	NA	NA	NA	NA	NA	NA	NA	NA	TRUE	single placement	data.js:areas[Safari Zone Area 2].item-standard[9]	Measured	NONE
wild_encounter	Magikarp	129	Safari Zone Area 2	Kanto	wild-oldRod	NA	NA	REPEATABLE	NA	9	Koga	UNK	70	2	4	0	NA	NA	NA	NA	FALSE	NA	data.js:areas[Safari Zone Area 2].wild-oldRod[9]	Measured	rate Asserted from the locations sheet
wild_encounter	Arrokuda	1138	Safari Zone Area 2	Kanto	wild-oldRod	NA	NA	REPEATABLE	NA	9	Koga	UNK	30	2	4	1	NA	NA	NA	NA	FALSE	NA	data.js:areas[Safari Zone Area 2].wild-oldRod[9]	Measured	rate Asserted from the locations sheet
wild_encounter	Corsola	222	Safari Zone Area 2	Kanto	wild-goodRod	NA	NA	REPEATABLE	NA	9	Koga	UNK	60	27	29	0	NA	NA	NA	NA	FALSE	NA	data.js:areas[Safari Zone Area 2].wild-goodRod[9]	Measured	rate Asserted from the locations sheet
wild_encounter	Seadra	117	Safari Zone Area 2	Kanto	wild-goodRod	NA	NA	REPEATABLE	NA	9	Koga	UNK	20	27	29	1	NA	NA	NA	NA	FALSE	NA	data.js:areas[Safari Zone Area 2].wild-goodRod[9]	Measured	rate Asserted from the locations sheet
wild_encounter	Remoraid	223	Safari Zone Area 2	Kanto	wild-goodRod	NA	NA	REPEATABLE	NA	9	Koga	UNK	20	27	29	2	NA	NA	NA	NA	FALSE	NA	data.js:areas[Safari Zone Area 2].wild-goodRod[9]	Measured	rate Asserted from the locations sheet
wild_encounter	Gorebyss	375	Safari Zone Area 2	Kanto	wild-superRod	NA	NA	REPEATABLE	NA	9	Koga	UNK	40	53	55	0	NA	NA	NA	NA	FALSE	NA	data.js:areas[Safari Zone Area 2].wild-superRod[9]	Measured	rate Asserted from the locations sheet
wild_encounter	Huntail	374	Safari Zone Area 2	Kanto	wild-superRod	NA	NA	REPEATABLE	NA	9	Koga	UNK	40	53	55	1	NA	NA	NA	NA	FALSE	NA	data.js:areas[Safari Zone Area 2].wild-superRod[9]	Measured	rate Asserted from the locations sheet
wild_encounter	Starmie	121	Safari Zone Area 2	Kanto	wild-superRod	NA	NA	REPEATABLE	NA	9	Koga	UNK	15	53	55	2	NA	NA	NA	NA	FALSE	NA	data.js:areas[Safari Zone Area 2].wild-superRod[9]	Measured	rate Asserted from the locations sheet
wild_encounter	Dhelmise	998	Safari Zone Area 2	Kanto	wild-superRod	NA	NA	REPEATABLE	NA	9	Koga	UNK	4	53	55	3	NA	NA	NA	NA	FALSE	NA	data.js:areas[Safari Zone Area 2].wild-superRod[9]	Measured	rate Asserted from the locations sheet
wild_encounter	Dhelmise	998	Safari Zone Area 2	Kanto	wild-superRod	NA	NA	REPEATABLE	NA	9	Koga	UNK	1	53	55	4	NA	NA	NA	NA	FALSE	NA	data.js:areas[Safari Zone Area 2].wild-superRod[9]	Measured	rate Asserted from the locations sheet
wild_encounter	Klefki	815	Safari Zone Area 3	Kanto	wild-day	NA	NA	REPEATABLE	NA	9	Koga	UNK	20	50	52	0	NA	NA	NA	NA	FALSE	NA	data.js:areas[Safari Zone Area 3].wild-day[9]	Measured	rate Asserted from the locations sheet
wild_encounter	Sandy Shocks	1244	Safari Zone Area 3	Kanto	wild-day	NA	NA	REPEATABLE	NA	9	Koga	UNK	20	50	52	1	NA	NA	NA	NA	FALSE	NA	data.js:areas[Safari Zone Area 3].wild-day[9]	Measured	rate Asserted from the locations sheet
wild_encounter	Screamtail	1245	Safari Zone Area 3	Kanto	wild-day	NA	NA	REPEATABLE	NA	9	Koga	UNK	10	50	52	2	NA	NA	NA	NA	FALSE	NA	data.js:areas[Safari Zone Area 3].wild-day[9]	Measured	rate Asserted from the locations sheet
wild_encounter	Screamtail	1245	Safari Zone Area 3	Kanto	wild-day	NA	NA	REPEATABLE	NA	9	Koga	UNK	10	50	52	3	NA	NA	NA	NA	FALSE	NA	data.js:areas[Safari Zone Area 3].wild-day[9]	Measured	rate Asserted from the locations sheet
wild_encounter	Bisharp	678	Safari Zone Area 3	Kanto	wild-day	NA	NA	REPEATABLE	NA	9	Koga	UNK	10	50	52	4	NA	NA	NA	NA	FALSE	NA	data.js:areas[Safari Zone Area 3].wild-day[9]	Measured	rate Asserted from the locations sheet
wild_encounter	Bisharp	678	Safari Zone Area 3	Kanto	wild-day	NA	NA	REPEATABLE	NA	9	Koga	UNK	10	50	52	5	NA	NA	NA	NA	FALSE	NA	data.js:areas[Safari Zone Area 3].wild-day[9]	Measured	rate Asserted from the locations sheet
wild_encounter	Skarmory	227	Safari Zone Area 3	Kanto	wild-day	NA	NA	REPEATABLE	NA	9	Koga	UNK	5	50	52	6	NA	NA	NA	NA	FALSE	NA	data.js:areas[Safari Zone Area 3].wild-day[9]	Measured	rate Asserted from the locations sheet
wild_encounter	Skarmory	227	Safari Zone Area 3	Kanto	wild-day	NA	NA	REPEATABLE	NA	9	Koga	UNK	5	50	52	7	NA	NA	NA	NA	FALSE	NA	data.js:areas[Safari Zone Area 3].wild-day[9]	Measured	rate Asserted from the locations sheet
wild_encounter	Gimmighoul	850	Safari Zone Area 3	Kanto	wild-day	NA	NA	REPEATABLE	NA	9	Koga	UNK	4	50	52	8	NA	NA	NA	NA	FALSE	NA	data.js:areas[Safari Zone Area 3].wild-day[9]	Measured	rate Asserted from the locations sheet
wild_encounter	Gimmighoul	850	Safari Zone Area 3	Kanto	wild-day	NA	NA	REPEATABLE	NA	9	Koga	UNK	4	50	52	9	NA	NA	NA	NA	FALSE	NA	data.js:areas[Safari Zone Area 3].wild-day[9]	Measured	rate Asserted from the locations sheet
wild_encounter	Axew	663	Safari Zone Area 3	Kanto	wild-day	NA	NA	REPEATABLE	NA	9	Koga	UNK	1	50	52	10	NA	NA	NA	NA	FALSE	NA	data.js:areas[Safari Zone Area 3].wild-day[9]	Measured	rate Asserted from the locations sheet
wild_encounter	Axew	663	Safari Zone Area 3	Kanto	wild-day	NA	NA	REPEATABLE	NA	9	Koga	UNK	1	50	52	11	NA	NA	NA	NA	FALSE	NA	data.js:areas[Safari Zone Area 3].wild-day[9]	Measured	rate Asserted from the locations sheet
wild_encounter	Klefki	815	Safari Zone Area 3	Kanto	wild-night	NA	NA	REPEATABLE	NA	9	Koga	UNK	20	50	52	0	NA	NA	NA	NA	FALSE	NA	data.js:areas[Safari Zone Area 3].wild-night[9]	Measured	rate Asserted from the locations sheet
wild_encounter	Sandy Shocks	1244	Safari Zone Area 3	Kanto	wild-night	NA	NA	REPEATABLE	NA	9	Koga	UNK	20	50	52	1	NA	NA	NA	NA	FALSE	NA	data.js:areas[Safari Zone Area 3].wild-night[9]	Measured	rate Asserted from the locations sheet
wild_encounter	Brute Bonnet	1243	Safari Zone Area 3	Kanto	wild-night	NA	NA	REPEATABLE	NA	9	Koga	UNK	10	50	52	2	NA	NA	NA	NA	FALSE	NA	data.js:areas[Safari Zone Area 3].wild-night[9]	Measured	rate Asserted from the locations sheet
wild_encounter	Brute Bonnet	1243	Safari Zone Area 3	Kanto	wild-night	NA	NA	REPEATABLE	NA	9	Koga	UNK	10	50	52	3	NA	NA	NA	NA	FALSE	NA	data.js:areas[Safari Zone Area 3].wild-night[9]	Measured	rate Asserted from the locations sheet
wild_encounter	Bisharp	678	Safari Zone Area 3	Kanto	wild-night	NA	NA	REPEATABLE	NA	9	Koga	UNK	10	50	52	4	NA	NA	NA	NA	FALSE	NA	data.js:areas[Safari Zone Area 3].wild-night[9]	Measured	rate Asserted from the locations sheet
wild_encounter	Bisharp	678	Safari Zone Area 3	Kanto	wild-night	NA	NA	REPEATABLE	NA	9	Koga	UNK	10	50	52	5	NA	NA	NA	NA	FALSE	NA	data.js:areas[Safari Zone Area 3].wild-night[9]	Measured	rate Asserted from the locations sheet
wild_encounter	Corviknight	1115	Safari Zone Area 3	Kanto	wild-night	NA	NA	REPEATABLE	NA	9	Koga	UNK	5	50	52	6	NA	NA	NA	NA	FALSE	NA	data.js:areas[Safari Zone Area 3].wild-night[9]	Measured	rate Asserted from the locations sheet
wild_encounter	Corviknight	1115	Safari Zone Area 3	Kanto	wild-night	NA	NA	REPEATABLE	NA	9	Koga	UNK	5	50	52	7	NA	NA	NA	NA	FALSE	NA	data.js:areas[Safari Zone Area 3].wild-night[9]	Measured	rate Asserted from the locations sheet
wild_encounter	Gimmighoul	850	Safari Zone Area 3	Kanto	wild-night	NA	NA	REPEATABLE	NA	9	Koga	UNK	4	50	52	8	NA	NA	NA	NA	FALSE	NA	data.js:areas[Safari Zone Area 3].wild-night[9]	Measured	rate Asserted from the locations sheet
wild_encounter	Gimmighoul	850	Safari Zone Area 3	Kanto	wild-night	NA	NA	REPEATABLE	NA	9	Koga	UNK	4	50	52	9	NA	NA	NA	NA	FALSE	NA	data.js:areas[Safari Zone Area 3].wild-night[9]	Measured	rate Asserted from the locations sheet
wild_encounter	Axew	663	Safari Zone Area 3	Kanto	wild-night	NA	NA	REPEATABLE	NA	9	Koga	UNK	1	50	52	10	NA	NA	NA	NA	FALSE	NA	data.js:areas[Safari Zone Area 3].wild-night[9]	Measured	rate Asserted from the locations sheet
wild_encounter	Axew	663	Safari Zone Area 3	Kanto	wild-night	NA	NA	REPEATABLE	NA	9	Koga	UNK	1	50	52	11	NA	NA	NA	NA	FALSE	NA	data.js:areas[Safari Zone Area 3].wild-night[9]	Measured	rate Asserted from the locations sheet
wild_encounter	Dewpider	968	Safari Zone Area 3	Kanto	wild-surf	NA	NA	REPEATABLE	NA	10	May	UNK	60	56	58	0	NA	NA	NA	NA	FALSE	NA	data.js:areas[Safari Zone Area 3].wild-surf[10]	Measured	rate Asserted from the locations sheet
wild_encounter	Toxapex	965	Safari Zone Area 3	Kanto	wild-surf	NA	NA	REPEATABLE	NA	10	May	UNK	30	56	58	1	NA	NA	NA	NA	FALSE	NA	data.js:areas[Safari Zone Area 3].wild-surf[10]	Measured	rate Asserted from the locations sheet
wild_encounter	Golisopod	985	Safari Zone Area 3	Kanto	wild-surf	NA	NA	REPEATABLE	NA	10	May	UNK	5	56	58	2	NA	NA	NA	NA	FALSE	NA	data.js:areas[Safari Zone Area 3].wild-surf[10]	Measured	rate Asserted from the locations sheet
wild_encounter	Golisopod	985	Safari Zone Area 3	Kanto	wild-surf	NA	NA	REPEATABLE	NA	10	May	UNK	4	56	58	3	NA	NA	NA	NA	FALSE	NA	data.js:areas[Safari Zone Area 3].wild-surf[10]	Measured	rate Asserted from the locations sheet
wild_encounter	Golisopod	985	Safari Zone Area 3	Kanto	wild-surf	NA	NA	REPEATABLE	NA	10	May	UNK	1	56	58	4	NA	NA	NA	NA	FALSE	NA	data.js:areas[Safari Zone Area 3].wild-surf[10]	Measured	rate Asserted from the locations sheet
item_ground	TM59	384	Safari Zone Area 3	Kanto	item-standard	NA	NA	1	NA	9	Koga	UNK	NA	NA	NA	NA	NA	59	Dragon Pulse	NA	TRUE	single placement	data.js:areas[Safari Zone Area 3].item-standard[9]	Measured	NONE
item_ground	Beedrillite	537	Safari Zone Area 3	Kanto	item-standard	NA	NA	1	NA	9	Koga	UNK	NA	NA	NA	NA	NA	NA	NA	NA	TRUE	single placement	data.js:areas[Safari Zone Area 3].item-standard[9]	Measured	NONE
item_ground	Pidgeotite	538	Safari Zone Area 3	Kanto	item-standard	NA	NA	1	NA	9	Koga	UNK	NA	NA	NA	NA	NA	NA	NA	NA	TRUE	single placement	data.js:areas[Safari Zone Area 3].item-standard[9]	Measured	NONE
wild_encounter	Magikarp	129	Safari Zone Area 3	Kanto	wild-oldRod	NA	NA	REPEATABLE	NA	9	Koga	UNK	70	2	4	0	NA	NA	NA	NA	FALSE	NA	data.js:areas[Safari Zone Area 3].wild-oldRod[9]	Measured	rate Asserted from the locations sheet
wild_encounter	Poliwag	60	Safari Zone Area 3	Kanto	wild-oldRod	NA	NA	REPEATABLE	NA	9	Koga	UNK	30	2	4	1	NA	NA	NA	NA	FALSE	NA	data.js:areas[Safari Zone Area 3].wild-oldRod[9]	Measured	rate Asserted from the locations sheet
wild_encounter	Pyukumuku	988	Safari Zone Area 3	Kanto	wild-goodRod	NA	NA	REPEATABLE	NA	9	Koga	UNK	60	27	29	0	NA	NA	NA	NA	FALSE	NA	data.js:areas[Safari Zone Area 3].wild-goodRod[9]	Measured	rate Asserted from the locations sheet
wild_encounter	Krabby	98	Safari Zone Area 3	Kanto	wild-goodRod	NA	NA	REPEATABLE	NA	9	Koga	UNK	20	27	29	1	NA	NA	NA	NA	FALSE	NA	data.js:areas[Safari Zone Area 3].wild-goodRod[9]	Measured	rate Asserted from the locations sheet
wild_encounter	Wailmer	313	Safari Zone Area 3	Kanto	wild-goodRod	NA	NA	REPEATABLE	NA	9	Koga	UNK	20	27	29	2	NA	NA	NA	NA	FALSE	NA	data.js:areas[Safari Zone Area 3].wild-goodRod[9]	Measured	rate Asserted from the locations sheet
wild_encounter	Kingler	99	Safari Zone Area 3	Kanto	wild-superRod	NA	NA	REPEATABLE	NA	9	Koga	UNK	40	53	55	0	NA	NA	NA	NA	FALSE	NA	data.js:areas[Safari Zone Area 3].wild-superRod[9]	Measured	rate Asserted from the locations sheet
wild_encounter	Bruxish	996	Safari Zone Area 3	Kanto	wild-superRod	NA	NA	REPEATABLE	NA	9	Koga	UNK	40	53	55	1	NA	NA	NA	NA	FALSE	NA	data.js:areas[Safari Zone Area 3].wild-superRod[9]	Measured	rate Asserted from the locations sheet
wild_encounter	Tatsugiri	1334	Safari Zone Area 3	Kanto	wild-superRod	NA	NA	REPEATABLE	NA	9	Koga	UNK	15	53	55	2	NA	NA	NA	NA	FALSE	NA	data.js:areas[Safari Zone Area 3].wild-superRod[9]	Measured	rate Asserted from the locations sheet
wild_encounter	Skrelp	798	Safari Zone Area 3	Kanto	wild-superRod	NA	NA	REPEATABLE	NA	9	Koga	UNK	4	53	55	3	NA	NA	NA	NA	FALSE	NA	data.js:areas[Safari Zone Area 3].wild-superRod[9]	Measured	rate Asserted from the locations sheet
wild_encounter	Skrelp	798	Safari Zone Area 3	Kanto	wild-superRod	NA	NA	REPEATABLE	NA	9	Koga	UNK	1	53	55	4	NA	NA	NA	NA	FALSE	NA	data.js:areas[Safari Zone Area 3].wild-superRod[9]	Measured	rate Asserted from the locations sheet
wild_encounter	Druddigon	674	Safari Zone Area 4	Kanto	wild-day	NA	NA	REPEATABLE	NA	9	Koga	UNK	20	50	52	0	NA	NA	NA	NA	FALSE	NA	data.js:areas[Safari Zone Area 4].wild-day[9]	Measured	rate Asserted from the locations sheet
wild_encounter	Druddigon	674	Safari Zone Area 4	Kanto	wild-day	NA	NA	REPEATABLE	NA	9	Koga	UNK	20	50	52	1	NA	NA	NA	NA	FALSE	NA	data.js:areas[Safari Zone Area 4].wild-day[9]	Measured	rate Asserted from the locations sheet
wild_encounter	Iron Thorns	1230	Safari Zone Area 4	Kanto	wild-day	NA	NA	REPEATABLE	NA	9	Koga	UNK	10	50	52	2	NA	NA	NA	NA	FALSE	NA	data.js:areas[Safari Zone Area 4].wild-day[9]	Measured	rate Asserted from the locations sheet
wild_encounter	Iron Thorns	1230	Safari Zone Area 4	Kanto	wild-day	NA	NA	REPEATABLE	NA	9	Koga	UNK	10	50	52	3	NA	NA	NA	NA	FALSE	NA	data.js:areas[Safari Zone Area 4].wild-day[9]	Measured	rate Asserted from the locations sheet
wild_encounter	Hippowdon	503	Safari Zone Area 4	Kanto	wild-day	NA	NA	REPEATABLE	NA	9	Koga	UNK	10	50	52	4	NA	NA	NA	NA	FALSE	NA	data.js:areas[Safari Zone Area 4].wild-day[9]	Measured	rate Asserted from the locations sheet
wild_encounter	Hippowdon	503	Safari Zone Area 4	Kanto	wild-day	NA	NA	REPEATABLE	NA	9	Koga	UNK	10	50	52	5	NA	NA	NA	NA	FALSE	NA	data.js:areas[Safari Zone Area 4].wild-day[9]	Measured	rate Asserted from the locations sheet
wild_encounter	Slither Wing	1255	Safari Zone Area 4	Kanto	wild-day	NA	NA	REPEATABLE	NA	9	Koga	UNK	5	50	52	6	NA	NA	NA	NA	FALSE	NA	data.js:areas[Safari Zone Area 4].wild-day[9]	Measured	rate Asserted from the locations sheet
wild_encounter	Slither Wing	1255	Safari Zone Area 4	Kanto	wild-day	NA	NA	REPEATABLE	NA	9	Koga	UNK	5	50	52	7	NA	NA	NA	NA	FALSE	NA	data.js:areas[Safari Zone Area 4].wild-day[9]	Measured	rate Asserted from the locations sheet
wild_encounter	Crabominable	957	Safari Zone Area 4	Kanto	wild-day	NA	NA	REPEATABLE	NA	9	Koga	UNK	4	50	52	8	NA	NA	NA	NA	FALSE	NA	data.js:areas[Safari Zone Area 4].wild-day[9]	Measured	rate Asserted from the locations sheet
wild_encounter	Crabominable	957	Safari Zone Area 4	Kanto	wild-day	NA	NA	REPEATABLE	NA	9	Koga	UNK	4	50	52	9	NA	NA	NA	NA	FALSE	NA	data.js:areas[Safari Zone Area 4].wild-day[9]	Measured	rate Asserted from the locations sheet
wild_encounter	Smeargle	235	Safari Zone Area 4	Kanto	wild-day	NA	NA	REPEATABLE	NA	9	Koga	UNK	1	50	52	10	NA	NA	NA	NA	FALSE	NA	data.js:areas[Safari Zone Area 4].wild-day[9]	Measured	rate Asserted from the locations sheet
wild_encounter	Smeargle	235	Safari Zone Area 4	Kanto	wild-day	NA	NA	REPEATABLE	NA	9	Koga	UNK	1	50	52	11	NA	NA	NA	NA	FALSE	NA	data.js:areas[Safari Zone Area 4].wild-day[9]	Measured	rate Asserted from the locations sheet
wild_encounter	Druddigon	674	Safari Zone Area 4	Kanto	wild-night	NA	NA	REPEATABLE	NA	9	Koga	UNK	20	50	52	0	NA	NA	NA	NA	FALSE	NA	data.js:areas[Safari Zone Area 4].wild-night[9]	Measured	rate Asserted from the locations sheet
wild_encounter	Druddigon	674	Safari Zone Area 4	Kanto	wild-night	NA	NA	REPEATABLE	NA	9	Koga	UNK	20	50	52	1	NA	NA	NA	NA	FALSE	NA	data.js:areas[Safari Zone Area 4].wild-night[9]	Measured	rate Asserted from the locations sheet
wild_encounter	Iron Jugulis	1263	Safari Zone Area 4	Kanto	wild-night	NA	NA	REPEATABLE	NA	9	Koga	UNK	10	50	52	2	NA	NA	NA	NA	FALSE	NA	data.js:areas[Safari Zone Area 4].wild-night[9]	Measured	rate Asserted from the locations sheet
wild_encounter	Iron Jugulis	1263	Safari Zone Area 4	Kanto	wild-night	NA	NA	REPEATABLE	NA	9	Koga	UNK	10	50	52	3	NA	NA	NA	NA	FALSE	NA	data.js:areas[Safari Zone Area 4].wild-night[9]	Measured	rate Asserted from the locations sheet
wild_encounter	Hippowdon	503	Safari Zone Area 4	Kanto	wild-night	NA	NA	REPEATABLE	NA	9	Koga	UNK	10	50	52	4	NA	NA	NA	NA	FALSE	NA	data.js:areas[Safari Zone Area 4].wild-night[9]	Measured	rate Asserted from the locations sheet
wild_encounter	Hippowdon	503	Safari Zone Area 4	Kanto	wild-night	NA	NA	REPEATABLE	NA	9	Koga	UNK	10	50	52	5	NA	NA	NA	NA	FALSE	NA	data.js:areas[Safari Zone Area 4].wild-night[9]	Measured	rate Asserted from the locations sheet
wild_encounter	Slither Wing	1255	Safari Zone Area 4	Kanto	wild-night	NA	NA	REPEATABLE	NA	9	Koga	UNK	5	50	52	6	NA	NA	NA	NA	FALSE	NA	data.js:areas[Safari Zone Area 4].wild-night[9]	Measured	rate Asserted from the locations sheet
wild_encounter	Slither Wing	1255	Safari Zone Area 4	Kanto	wild-night	NA	NA	REPEATABLE	NA	9	Koga	UNK	5	50	52	7	NA	NA	NA	NA	FALSE	NA	data.js:areas[Safari Zone Area 4].wild-night[9]	Measured	rate Asserted from the locations sheet
wild_encounter	Crabominable	957	Safari Zone Area 4	Kanto	wild-night	NA	NA	REPEATABLE	NA	9	Koga	UNK	4	50	52	8	NA	NA	NA	NA	FALSE	NA	data.js:areas[Safari Zone Area 4].wild-night[9]	Measured	rate Asserted from the locations sheet
wild_encounter	Crabominable	957	Safari Zone Area 4	Kanto	wild-night	NA	NA	REPEATABLE	NA	9	Koga	UNK	4	50	52	9	NA	NA	NA	NA	FALSE	NA	data.js:areas[Safari Zone Area 4].wild-night[9]	Measured	rate Asserted from the locations sheet
wild_encounter	Smeargle	235	Safari Zone Area 4	Kanto	wild-night	NA	NA	REPEATABLE	NA	9	Koga	UNK	1	50	52	10	NA	NA	NA	NA	FALSE	NA	data.js:areas[Safari Zone Area 4].wild-night[9]	Measured	rate Asserted from the locations sheet
wild_encounter	Smeargle	235	Safari Zone Area 4	Kanto	wild-night	NA	NA	REPEATABLE	NA	9	Koga	UNK	1	50	52	11	NA	NA	NA	NA	FALSE	NA	data.js:areas[Safari Zone Area 4].wild-night[9]	Measured	rate Asserted from the locations sheet
wild_encounter	Lumineon	510	Safari Zone Area 4	Kanto	wild-surf	NA	NA	REPEATABLE	NA	10	May	UNK	60	56	58	0	NA	NA	NA	NA	FALSE	NA	data.js:areas[Safari Zone Area 4].wild-surf[10]	Measured	rate Asserted from the locations sheet
wild_encounter	Floatzel	472	Safari Zone Area 4	Kanto	wild-surf	NA	NA	REPEATABLE	NA	10	May	UNK	30	56	58	1	NA	NA	NA	NA	FALSE	NA	data.js:areas[Safari Zone Area 4].wild-surf[10]	Measured	rate Asserted from the locations sheet
wild_encounter	Relicanth	381	Safari Zone Area 4	Kanto	wild-surf	NA	NA	REPEATABLE	NA	10	May	UNK	5	56	58	2	NA	NA	NA	NA	FALSE	NA	data.js:areas[Safari Zone Area 4].wild-surf[10]	Measured	rate Asserted from the locations sheet
wild_encounter	Golduck	55	Safari Zone Area 4	Kanto	wild-surf	NA	NA	REPEATABLE	NA	10	May	UNK	4	56	58	3	NA	NA	NA	NA	FALSE	NA	data.js:areas[Safari Zone Area 4].wild-surf[10]	Measured	rate Asserted from the locations sheet
wild_encounter	Milotic	329	Safari Zone Area 4	Kanto	wild-surf	NA	NA	REPEATABLE	NA	10	May	UNK	1	56	58	4	NA	NA	NA	NA	FALSE	NA	data.js:areas[Safari Zone Area 4].wild-surf[10]	Measured	rate Asserted from the locations sheet
item_ground	Max Revive	25	Safari Zone Area 4	Kanto	item-standard	NA	NA	1	NA	9	Koga	UNK	NA	NA	NA	NA	NA	NA	NA	NA	TRUE	single placement	data.js:areas[Safari Zone Area 4].item-standard[9]	Measured	NONE
item_ground	TM32	320	Safari Zone Area 4	Kanto	item-standard	NA	NA	1	NA	9	Koga	UNK	NA	NA	NA	NA	NA	32	Aura Sphere	NA	TRUE	single placement	data.js:areas[Safari Zone Area 4].item-standard[9]	Measured	NONE
item_ground	Gold Teeth	348	Safari Zone Area 4	Kanto	item-standard	NA	NA	1	NA	9	Koga	UNK	NA	NA	NA	NA	NA	NA	NA	NA	TRUE	single placement	data.js:areas[Safari Zone Area 4].item-standard[9]	Measured	NONE
item_ground	TM55	380	Safari Zone Area 4	Kanto	item-standard	NA	NA	1	NA	9	Koga	UNK	NA	NA	NA	NA	NA	55	Expanding Force	NA	TRUE	single placement	data.js:areas[Safari Zone Area 4].item-standard[9]	Measured	NONE
item_ground	Lopunnite	573	Safari Zone Area 4	Kanto	item-standard	NA	NA	1	NA	9	Koga	UNK	NA	NA	NA	NA	NA	NA	NA	NA	TRUE	single placement	data.js:areas[Safari Zone Area 4].item-standard[9]	Measured	NONE
item_hidden	Revive	24	Safari Zone Area 4	Kanto	item-hidden	NA	NA	10	NA	9	Koga	UNK	NA	NA	NA	NA	NA	NA	NA	NA	TRUE	single placement	data.js:areas[Safari Zone Area 4].item-hidden[9]	Asserted	 quantity from the official item sheet
wild_encounter	Magikarp	129	Safari Zone Area 4	Kanto	wild-oldRod	NA	NA	REPEATABLE	NA	9	Koga	UNK	70	2	4	0	NA	NA	NA	NA	FALSE	NA	data.js:areas[Safari Zone Area 4].wild-oldRod[9]	Measured	rate Asserted from the locations sheet
wild_encounter	Horsea	116	Safari Zone Area 4	Kanto	wild-oldRod	NA	NA	REPEATABLE	NA	9	Koga	UNK	30	2	4	1	NA	NA	NA	NA	FALSE	NA	data.js:areas[Safari Zone Area 4].wild-oldRod[9]	Measured	rate Asserted from the locations sheet
wild_encounter	Qwilfish	211	Safari Zone Area 4	Kanto	wild-goodRod	NA	NA	REPEATABLE	NA	9	Koga	UNK	60	27	29	0	NA	NA	NA	NA	FALSE	NA	data.js:areas[Safari Zone Area 4].wild-goodRod[9]	Measured	rate Asserted from the locations sheet
wild_encounter	Seadra	117	Safari Zone Area 4	Kanto	wild-goodRod	NA	NA	REPEATABLE	NA	9	Koga	UNK	20	27	29	1	NA	NA	NA	NA	FALSE	NA	data.js:areas[Safari Zone Area 4].wild-goodRod[9]	Measured	rate Asserted from the locations sheet
wild_encounter	Wailmer	313	Safari Zone Area 4	Kanto	wild-goodRod	NA	NA	REPEATABLE	NA	9	Koga	UNK	20	27	29	2	NA	NA	NA	NA	FALSE	NA	data.js:areas[Safari Zone Area 4].wild-goodRod[9]	Measured	rate Asserted from the locations sheet
wild_encounter	Crawdaunt	327	Safari Zone Area 4	Kanto	wild-superRod	NA	NA	REPEATABLE	NA	9	Koga	UNK	40	53	55	0	NA	NA	NA	NA	FALSE	NA	data.js:areas[Safari Zone Area 4].wild-superRod[9]	Measured	rate Asserted from the locations sheet
wild_encounter	Seaking	119	Safari Zone Area 4	Kanto	wild-superRod	NA	NA	REPEATABLE	NA	9	Koga	UNK	40	53	55	1	NA	NA	NA	NA	FALSE	NA	data.js:areas[Safari Zone Area 4].wild-superRod[9]	Measured	rate Asserted from the locations sheet
wild_encounter	Basculin	603	Safari Zone Area 4	Kanto	wild-superRod	NA	NA	REPEATABLE	NA	9	Koga	UNK	15	53	55	2	NA	NA	NA	NA	FALSE	NA	data.js:areas[Safari Zone Area 4].wild-superRod[9]	Measured	rate Asserted from the locations sheet
wild_encounter	Relicanth	381	Safari Zone Area 4	Kanto	wild-superRod	NA	NA	REPEATABLE	NA	9	Koga	UNK	4	53	55	3	NA	NA	NA	NA	FALSE	NA	data.js:areas[Safari Zone Area 4].wild-superRod[9]	Measured	rate Asserted from the locations sheet
wild_encounter	Relicanth	381	Safari Zone Area 4	Kanto	wild-superRod	NA	NA	REPEATABLE	NA	9	Koga	UNK	1	53	55	4	NA	NA	NA	NA	FALSE	NA	data.js:areas[Safari Zone Area 4].wild-superRod[9]	Measured	rate Asserted from the locations sheet
item_ground	HM03	341	Safari Zone Secret House	Kanto	item-standard	NA	NA	1	NA	9	Koga	UNK	NA	NA	NA	NA	NA	NA	NA	NA	TRUE	single placement	data.js:areas[Safari Zone Secret House].item-standard[9]	Measured	NONE
vendor_stock	Ultra Ball	2	Fuchsia City Poke Mart	Kanto	item-shop	UNK	money	UNLIMITED	NA	9	Koga	UNK	NA	NA	NA	NA	NA	NA	NA	NA	FALSE	NA	data.js:areas[Fuchsia City Poke Mart].item-shop[9]	Measured	NONE
vendor_stock	Great Ball	3	Fuchsia City Poke Mart	Kanto	item-shop	UNK	money	UNLIMITED	NA	9	Koga	UNK	NA	NA	NA	NA	NA	NA	NA	NA	FALSE	NA	data.js:areas[Fuchsia City Poke Mart].item-shop[9]	Measured	NONE
vendor_stock	Poke Ball	4	Fuchsia City Poke Mart	Kanto	item-shop	UNK	money	UNLIMITED	NA	9	Koga	UNK	NA	NA	NA	NA	NA	NA	NA	NA	FALSE	NA	data.js:areas[Fuchsia City Poke Mart].item-shop[9]	Measured	NONE
vendor_stock	Potion	13	Fuchsia City Poke Mart	Kanto	item-shop	UNK	money	UNLIMITED	NA	9	Koga	UNK	NA	NA	NA	NA	NA	NA	NA	NA	FALSE	NA	data.js:areas[Fuchsia City Poke Mart].item-shop[9]	Measured	NONE
vendor_stock	Antidote	14	Fuchsia City Poke Mart	Kanto	item-shop	UNK	money	UNLIMITED	NA	9	Koga	UNK	NA	NA	NA	NA	NA	NA	NA	NA	FALSE	NA	data.js:areas[Fuchsia City Poke Mart].item-shop[9]	Measured	NONE
vendor_stock	Burn Heal	15	Fuchsia City Poke Mart	Kanto	item-shop	UNK	money	UNLIMITED	NA	9	Koga	UNK	NA	NA	NA	NA	NA	NA	NA	NA	FALSE	NA	data.js:areas[Fuchsia City Poke Mart].item-shop[9]	Measured	NONE
vendor_stock	Ice Heal	16	Fuchsia City Poke Mart	Kanto	item-shop	UNK	money	UNLIMITED	NA	9	Koga	UNK	NA	NA	NA	NA	NA	NA	NA	NA	FALSE	NA	data.js:areas[Fuchsia City Poke Mart].item-shop[9]	Measured	NONE
vendor_stock	Awakening	17	Fuchsia City Poke Mart	Kanto	item-shop	UNK	money	UNLIMITED	NA	9	Koga	UNK	NA	NA	NA	NA	NA	NA	NA	NA	FALSE	NA	data.js:areas[Fuchsia City Poke Mart].item-shop[9]	Measured	NONE
vendor_stock	Paralyze Heal	18	Fuchsia City Poke Mart	Kanto	item-shop	UNK	money	UNLIMITED	NA	9	Koga	UNK	NA	NA	NA	NA	NA	NA	NA	NA	FALSE	NA	data.js:areas[Fuchsia City Poke Mart].item-shop[9]	Measured	NONE
vendor_stock	Full Restore	19	Fuchsia City Poke Mart	Kanto	item-shop	UNK	money	UNLIMITED	NA	9	Koga	UNK	NA	NA	NA	NA	NA	NA	NA	NA	FALSE	NA	data.js:areas[Fuchsia City Poke Mart].item-shop[9]	Measured	NONE
vendor_stock	Max Potion	20	Fuchsia City Poke Mart	Kanto	item-shop	UNK	money	UNLIMITED	NA	9	Koga	UNK	NA	NA	NA	NA	NA	NA	NA	NA	FALSE	NA	data.js:areas[Fuchsia City Poke Mart].item-shop[9]	Measured	NONE
vendor_stock	Hyper Potion	21	Fuchsia City Poke Mart	Kanto	item-shop	UNK	money	UNLIMITED	NA	9	Koga	UNK	NA	NA	NA	NA	NA	NA	NA	NA	FALSE	NA	data.js:areas[Fuchsia City Poke Mart].item-shop[9]	Measured	NONE
vendor_stock	Super Potion	22	Fuchsia City Poke Mart	Kanto	item-shop	UNK	money	UNLIMITED	NA	9	Koga	UNK	NA	NA	NA	NA	NA	NA	NA	NA	FALSE	NA	data.js:areas[Fuchsia City Poke Mart].item-shop[9]	Measured	NONE
vendor_stock	Full Heal	23	Fuchsia City Poke Mart	Kanto	item-shop	UNK	money	UNLIMITED	NA	9	Koga	UNK	NA	NA	NA	NA	NA	NA	NA	NA	FALSE	NA	data.js:areas[Fuchsia City Poke Mart].item-shop[9]	Measured	NONE
vendor_stock	Revive	24	Fuchsia City Poke Mart	Kanto	item-shop	UNK	money	UNLIMITED	NA	9	Koga	UNK	NA	NA	NA	NA	NA	NA	NA	NA	FALSE	NA	data.js:areas[Fuchsia City Poke Mart].item-shop[9]	Measured	NONE
vendor_stock	Super Repel	83	Fuchsia City Poke Mart	Kanto	item-shop	UNK	money	UNLIMITED	NA	9	Koga	UNK	NA	NA	NA	NA	NA	NA	NA	NA	FALSE	NA	data.js:areas[Fuchsia City Poke Mart].item-shop[9]	Measured	NONE
vendor_stock	Max Repel	84	Fuchsia City Poke Mart	Kanto	item-shop	UNK	money	UNLIMITED	NA	9	Koga	UNK	NA	NA	NA	NA	NA	NA	NA	NA	FALSE	NA	data.js:areas[Fuchsia City Poke Mart].item-shop[9]	Measured	NONE
vendor_stock	Escape Rope	85	Fuchsia City Poke Mart	Kanto	item-shop	UNK	money	UNLIMITED	NA	9	Koga	UNK	NA	NA	NA	NA	NA	NA	NA	NA	FALSE	NA	data.js:areas[Fuchsia City Poke Mart].item-shop[9]	Measured	NONE
vendor_stock	Repel	86	Fuchsia City Poke Mart	Kanto	item-shop	UNK	money	UNLIMITED	NA	9	Koga	UNK	NA	NA	NA	NA	NA	NA	NA	NA	FALSE	NA	data.js:areas[Fuchsia City Poke Mart].item-shop[9]	Measured	NONE
item_ground	Rare Candy	68	Fuchsia City Warden's House	Kanto	item-standard	NA	NA	1	NA	9	Koga	UNK	NA	NA	NA	NA	NA	NA	NA	NA	TRUE	single placement	data.js:areas[Fuchsia City Warden's House].item-standard[9]	Measured	NONE
item_ground	HM04	342	Fuchsia City Warden's House	Kanto	item-standard	NA	NA	1	NA	9	Koga	UNK	NA	NA	NA	NA	NA	NA	NA	NA	TRUE	single placement	data.js:areas[Fuchsia City Warden's House].item-standard[9]	Measured	NONE
item_ground	Net Ball	6	Fuchsia City Fishing Guru's House	Kanto	item-standard	NA	NA	1	NA	9	Koga	UNK	NA	NA	NA	NA	NA	NA	NA	NA	TRUE	single placement	data.js:areas[Fuchsia City Fishing Guru's House].item-standard[9]	Measured	NONE
item_ground	Super Rod	264	Fuchsia City Fishing Guru's House	Kanto	item-standard	NA	NA	1	NA	9	Koga	UNK	NA	NA	NA	NA	NA	NA	NA	NA	TRUE	single placement	data.js:areas[Fuchsia City Fishing Guru's House].item-standard[9]	Measured	NONE
wild_encounter	Lumineon	510	Route 19	Kanto	wild-surf	NA	NA	REPEATABLE	NA	10	May	UNK	60	56	58	0	NA	NA	NA	NA	FALSE	NA	data.js:areas[Route 19].wild-surf[10]	Measured	rate Asserted from the locations sheet
wild_encounter	Jellicent	646	Route 19	Kanto	wild-surf	NA	NA	REPEATABLE	NA	10	May	UNK	30	56	58	1	NA	NA	NA	NA	FALSE	NA	data.js:areas[Route 19].wild-surf[10]	Measured	rate Asserted from the locations sheet
wild_encounter	Basculin-Blue-Striped	736	Route 19	Kanto	wild-surf	NA	NA	REPEATABLE	NA	10	May	UNK	5	56	58	2	NA	NA	NA	NA	FALSE	NA	data.js:areas[Route 19].wild-surf[10]	Measured	rate Asserted from the locations sheet
wild_encounter	Clawitzer	801	Route 19	Kanto	wild-surf	NA	NA	REPEATABLE	NA	10	May	UNK	4	56	58	3	NA	NA	NA	NA	FALSE	NA	data.js:areas[Route 19].wild-surf[10]	Measured	rate Asserted from the locations sheet
wild_encounter	Clawitzer	801	Route 19	Kanto	wild-surf	NA	NA	REPEATABLE	NA	10	May	UNK	1	56	58	4	NA	NA	NA	NA	FALSE	NA	data.js:areas[Route 19].wild-surf[10]	Measured	rate Asserted from the locations sheet
item_ground	Drednawite	737	Route 19	Kanto	item-standard	NA	NA	1	NA	10	May	UNK	NA	NA	NA	NA	NA	NA	NA	NA	TRUE	single placement	data.js:areas[Route 19].item-standard[10]	Measured	NONE
wild_encounter	Clamperl	373	Route 19	Kanto	wild-oldRod	NA	NA	REPEATABLE	NA	9	Koga	UNK	70	2	4	0	NA	NA	NA	NA	FALSE	NA	data.js:areas[Route 19].wild-oldRod[9]	Measured	rate Asserted from the locations sheet
wild_encounter	Horsea	116	Route 19	Kanto	wild-oldRod	NA	NA	REPEATABLE	NA	9	Koga	UNK	30	2	4	1	NA	NA	NA	NA	FALSE	NA	data.js:areas[Route 19].wild-oldRod[9]	Measured	rate Asserted from the locations sheet
wild_encounter	Shellder	90	Route 19	Kanto	wild-goodRod	NA	NA	REPEATABLE	NA	9	Koga	UNK	60	27	29	0	NA	NA	NA	NA	FALSE	NA	data.js:areas[Route 19].wild-goodRod[9]	Measured	rate Asserted from the locations sheet
wild_encounter	Slowpoke	79	Route 19	Kanto	wild-goodRod	NA	NA	REPEATABLE	NA	9	Koga	UNK	20	27	29	1	NA	NA	NA	NA	FALSE	NA	data.js:areas[Route 19].wild-goodRod[9]	Measured	rate Asserted from the locations sheet
wild_encounter	Slowpoke	79	Route 19	Kanto	wild-goodRod	NA	NA	REPEATABLE	NA	9	Koga	UNK	20	27	29	2	NA	NA	NA	NA	FALSE	NA	data.js:areas[Route 19].wild-goodRod[9]	Measured	rate Asserted from the locations sheet
wild_encounter	Seadra	117	Route 19	Kanto	wild-superRod	NA	NA	REPEATABLE	NA	9	Koga	UNK	40	53	55	0	NA	NA	NA	NA	FALSE	NA	data.js:areas[Route 19].wild-superRod[9]	Measured	rate Asserted from the locations sheet
wild_encounter	Huntail	374	Route 19	Kanto	wild-superRod	NA	NA	REPEATABLE	NA	9	Koga	UNK	40	53	55	1	NA	NA	NA	NA	FALSE	NA	data.js:areas[Route 19].wild-superRod[9]	Measured	rate Asserted from the locations sheet
wild_encounter	Gorebyss	375	Route 19	Kanto	wild-superRod	NA	NA	REPEATABLE	NA	9	Koga	UNK	15	53	55	2	NA	NA	NA	NA	FALSE	NA	data.js:areas[Route 19].wild-superRod[9]	Measured	rate Asserted from the locations sheet
wild_encounter	Mantine	226	Route 19	Kanto	wild-superRod	NA	NA	REPEATABLE	NA	9	Koga	UNK	4	53	55	3	NA	NA	NA	NA	FALSE	NA	data.js:areas[Route 19].wild-superRod[9]	Measured	rate Asserted from the locations sheet
wild_encounter	Mantine	226	Route 19	Kanto	wild-superRod	NA	NA	REPEATABLE	NA	9	Koga	UNK	1	53	55	4	NA	NA	NA	NA	FALSE	NA	data.js:areas[Route 19].wild-superRod[9]	Measured	rate Asserted from the locations sheet
item_ground	TM36	324	Fuchsia City Gym	Kanto	item-standard	NA	NA	1	NA	9	Koga	UNK	NA	NA	NA	NA	NA	36	Sludge Bomb	NA	TRUE	single placement	data.js:areas[Fuchsia City Gym].item-standard[9]	Measured	NONE
item_ground	Life Orb	678	Fuchsia City Gym	Kanto	item-standard	NA	NA	10	NA	10	May	UNK	NA	NA	NA	NA	NA	NA	NA	NA	TRUE	single placement	data.js:areas[Fuchsia City Gym].item-standard[10]	Asserted	 quantity from the official item sheet
item_ground	Toxtricitite	734	Fuchsia City Gym	Kanto	item-standard	NA	NA	1	NA	10	May	UNK	NA	NA	NA	NA	NA	NA	NA	NA	TRUE	single placement	data.js:areas[Fuchsia City Gym].item-standard[10]	Measured	NONE
wild_encounter	Hydrapple	1371	Safari Zone Moltres' Den	Kanto	wild-day	NA	NA	REPEATABLE	NA	10	May	UNK	20	50	52	0	NA	NA	NA	NA	FALSE	NA	data.js:areas[Safari Zone Moltres' Den].wild-day[10]	Measured	rate Asserted from the locations sheet
wild_encounter	Carnivine	508	Safari Zone Moltres' Den	Kanto	wild-day	NA	NA	REPEATABLE	NA	10	May	UNK	20	50	52	1	NA	NA	NA	NA	FALSE	NA	data.js:areas[Safari Zone Moltres' Den].wild-day[10]	Measured	rate Asserted from the locations sheet
wild_encounter	Chatot	494	Safari Zone Moltres' Den	Kanto	wild-day	NA	NA	REPEATABLE	NA	10	May	UNK	10	50	52	2	NA	NA	NA	NA	FALSE	NA	data.js:areas[Safari Zone Moltres' Den].wild-day[10]	Measured	rate Asserted from the locations sheet
wild_encounter	Munchlax	499	Safari Zone Moltres' Den	Kanto	wild-day	NA	NA	REPEATABLE	NA	10	May	UNK	10	50	52	3	NA	NA	NA	NA	FALSE	NA	data.js:areas[Safari Zone Moltres' Den].wild-day[10]	Measured	rate Asserted from the locations sheet
wild_encounter	Eiscue	1167	Safari Zone Moltres' Den	Kanto	wild-day	NA	NA	REPEATABLE	NA	10	May	UNK	10	50	52	4	NA	NA	NA	NA	FALSE	NA	data.js:areas[Safari Zone Moltres' Den].wild-day[10]	Measured	rate Asserted from the locations sheet
wild_encounter	Eiscue	1167	Safari Zone Moltres' Den	Kanto	wild-day	NA	NA	REPEATABLE	NA	10	May	UNK	10	50	52	5	NA	NA	NA	NA	FALSE	NA	data.js:areas[Safari Zone Moltres' Den].wild-day[10]	Measured	rate Asserted from the locations sheet
wild_encounter	Sirfetch’d	1157	Safari Zone Moltres' Den	Kanto	wild-day	NA	NA	REPEATABLE	NA	10	May	UNK	5	50	52	6	NA	NA	NA	NA	FALSE	NA	data.js:areas[Safari Zone Moltres' Den].wild-day[10]	Measured	rate Asserted from the locations sheet
wild_encounter	Sirfetch’d	1157	Safari Zone Moltres' Den	Kanto	wild-day	NA	NA	REPEATABLE	NA	10	May	UNK	5	50	52	7	NA	NA	NA	NA	FALSE	NA	data.js:areas[Safari Zone Moltres' Den].wild-day[10]	Measured	rate Asserted from the locations sheet
wild_encounter	Eevee	133	Safari Zone Moltres' Den	Kanto	wild-day	NA	NA	REPEATABLE	NA	10	May	UNK	4	50	52	8	NA	NA	NA	NA	FALSE	NA	data.js:areas[Safari Zone Moltres' Den].wild-day[10]	Measured	rate Asserted from the locations sheet
wild_encounter	Eevee	133	Safari Zone Moltres' Den	Kanto	wild-day	NA	NA	REPEATABLE	NA	10	May	UNK	4	50	52	9	NA	NA	NA	NA	FALSE	NA	data.js:areas[Safari Zone Moltres' Den].wild-day[10]	Measured	rate Asserted from the locations sheet
wild_encounter	Floette-Eternal	848	Safari Zone Moltres' Den	Kanto	wild-day	NA	NA	REPEATABLE	NA	10	May	UNK	1	50	52	10	NA	NA	NA	NA	FALSE	NA	data.js:areas[Safari Zone Moltres' Den].wild-day[10]	Measured	rate Asserted from the locations sheet
wild_encounter	Floette-Eternal	848	Safari Zone Moltres' Den	Kanto	wild-day	NA	NA	REPEATABLE	NA	10	May	UNK	1	50	52	11	NA	NA	NA	NA	FALSE	NA	data.js:areas[Safari Zone Moltres' Den].wild-day[10]	Measured	rate Asserted from the locations sheet
wild_encounter	Hydrapple	1371	Safari Zone Moltres' Den	Kanto	wild-night	NA	NA	REPEATABLE	NA	10	May	UNK	20	50	52	0	NA	NA	NA	NA	FALSE	NA	data.js:areas[Safari Zone Moltres' Den].wild-night[10]	Measured	rate Asserted from the locations sheet
wild_encounter	Carnivine	508	Safari Zone Moltres' Den	Kanto	wild-night	NA	NA	REPEATABLE	NA	10	May	UNK	20	50	52	1	NA	NA	NA	NA	FALSE	NA	data.js:areas[Safari Zone Moltres' Den].wild-night[10]	Measured	rate Asserted from the locations sheet
wild_encounter	Chatot	494	Safari Zone Moltres' Den	Kanto	wild-night	NA	NA	REPEATABLE	NA	10	May	UNK	10	50	52	2	NA	NA	NA	NA	FALSE	NA	data.js:areas[Safari Zone Moltres' Den].wild-night[10]	Measured	rate Asserted from the locations sheet
wild_encounter	Munchlax	499	Safari Zone Moltres' Den	Kanto	wild-night	NA	NA	REPEATABLE	NA	10	May	UNK	10	50	52	3	NA	NA	NA	NA	FALSE	NA	data.js:areas[Safari Zone Moltres' Den].wild-night[10]	Measured	rate Asserted from the locations sheet
wild_encounter	Eiscue	1167	Safari Zone Moltres' Den	Kanto	wild-night	NA	NA	REPEATABLE	NA	10	May	UNK	10	50	52	4	NA	NA	NA	NA	FALSE	NA	data.js:areas[Safari Zone Moltres' Den].wild-night[10]	Measured	rate Asserted from the locations sheet
wild_encounter	Eiscue	1167	Safari Zone Moltres' Den	Kanto	wild-night	NA	NA	REPEATABLE	NA	10	May	UNK	10	50	52	5	NA	NA	NA	NA	FALSE	NA	data.js:areas[Safari Zone Moltres' Den].wild-night[10]	Measured	rate Asserted from the locations sheet
wild_encounter	Sirfetch’d	1157	Safari Zone Moltres' Den	Kanto	wild-night	NA	NA	REPEATABLE	NA	10	May	UNK	5	50	52	6	NA	NA	NA	NA	FALSE	NA	data.js:areas[Safari Zone Moltres' Den].wild-night[10]	Measured	rate Asserted from the locations sheet
wild_encounter	Sirfetch’d	1157	Safari Zone Moltres' Den	Kanto	wild-night	NA	NA	REPEATABLE	NA	10	May	UNK	5	50	52	7	NA	NA	NA	NA	FALSE	NA	data.js:areas[Safari Zone Moltres' Den].wild-night[10]	Measured	rate Asserted from the locations sheet
wild_encounter	Eevee	133	Safari Zone Moltres' Den	Kanto	wild-night	NA	NA	REPEATABLE	NA	10	May	UNK	4	50	52	8	NA	NA	NA	NA	FALSE	NA	data.js:areas[Safari Zone Moltres' Den].wild-night[10]	Measured	rate Asserted from the locations sheet
wild_encounter	Eevee	133	Safari Zone Moltres' Den	Kanto	wild-night	NA	NA	REPEATABLE	NA	10	May	UNK	4	50	52	9	NA	NA	NA	NA	FALSE	NA	data.js:areas[Safari Zone Moltres' Den].wild-night[10]	Measured	rate Asserted from the locations sheet
wild_encounter	Floette-Eternal	848	Safari Zone Moltres' Den	Kanto	wild-night	NA	NA	REPEATABLE	NA	10	May	UNK	1	50	52	10	NA	NA	NA	NA	FALSE	NA	data.js:areas[Safari Zone Moltres' Den].wild-night[10]	Measured	rate Asserted from the locations sheet
wild_encounter	Floette-Eternal	848	Safari Zone Moltres' Den	Kanto	wild-night	NA	NA	REPEATABLE	NA	10	May	UNK	1	50	52	11	NA	NA	NA	NA	FALSE	NA	data.js:areas[Safari Zone Moltres' Den].wild-night[10]	Measured	rate Asserted from the locations sheet
wild_encounter	Lapras	131	Safari Zone Moltres' Den	Kanto	wild-surf	NA	NA	REPEATABLE	NA	10	May	UNK	60	56	58	0	NA	NA	NA	NA	FALSE	NA	data.js:areas[Safari Zone Moltres' Den].wild-surf[10]	Measured	rate Asserted from the locations sheet
wild_encounter	Floatzel	472	Safari Zone Moltres' Den	Kanto	wild-surf	NA	NA	REPEATABLE	NA	10	May	UNK	30	56	58	1	NA	NA	NA	NA	FALSE	NA	data.js:areas[Safari Zone Moltres' Den].wild-surf[10]	Measured	rate Asserted from the locations sheet
wild_encounter	Relicanth	381	Safari Zone Moltres' Den	Kanto	wild-surf	NA	NA	REPEATABLE	NA	10	May	UNK	5	56	58	2	NA	NA	NA	NA	FALSE	NA	data.js:areas[Safari Zone Moltres' Den].wild-surf[10]	Measured	rate Asserted from the locations sheet
wild_encounter	Golduck	55	Safari Zone Moltres' Den	Kanto	wild-surf	NA	NA	REPEATABLE	NA	10	May	UNK	4	56	58	3	NA	NA	NA	NA	FALSE	NA	data.js:areas[Safari Zone Moltres' Den].wild-surf[10]	Measured	rate Asserted from the locations sheet
wild_encounter	Milotic	329	Safari Zone Moltres' Den	Kanto	wild-surf	NA	NA	REPEATABLE	NA	10	May	UNK	1	56	58	4	NA	NA	NA	NA	FALSE	NA	data.js:areas[Safari Zone Moltres' Den].wild-surf[10]	Measured	rate Asserted from the locations sheet
static_pokemon	Moltres	146	Safari Zone Moltres' Den	Kanto	fixed-overworld	NA	NA	1	NA	10	May	UNK	NA	NA	NA	NA	NA	NA	NA	NA	TRUE	one-time placement	data.js:areas[Safari Zone Moltres' Den].fixed-overworld[10]	Measured	NONE
static_pokemon	Moltres-Galar	1219	Safari Zone Moltres' Den	Kanto	fixed-overworld	NA	NA	1	NA	10	May	UNK	NA	NA	NA	NA	NA	NA	NA	NA	TRUE	one-time placement	data.js:areas[Safari Zone Moltres' Den].fixed-overworld[10]	Measured	NONE
item_ground	TM32	320	Safari Zone Moltres' Den	Kanto	item-standard	NA	NA	1	NA	10	May	UNK	NA	NA	NA	NA	NA	32	Aura Sphere	NA	TRUE	single placement	data.js:areas[Safari Zone Moltres' Den].item-standard[10]	Measured	NONE
item_ground	Magmarizer	626	Safari Zone Moltres' Den	Kanto	item-standard	NA	NA	1	NA	10	May	UNK	NA	NA	NA	NA	NA	NA	NA	NA	TRUE	single placement	data.js:areas[Safari Zone Moltres' Den].item-standard[10]	Measured	NONE
item_hidden	Revive	24	Safari Zone Moltres' Den	Kanto	item-hidden	NA	NA	10	NA	10	May	UNK	NA	NA	NA	NA	NA	NA	NA	NA	TRUE	single placement	data.js:areas[Safari Zone Moltres' Den].item-hidden[10]	Asserted	 quantity from the official item sheet
raid_den	Munkidori	1365	Safari Zone Moltres' Den	Kanto	raid3	NA	NA	REPEATABLE	Wishing Piece to re-activate a spent den	10	May	UNK	NA	NA	NA	NA	3	NA	NA	Star Piece,Nugget,Big Nugget,Occa Berry,Dream Patch,PP Up,PP Max,Salac Berry,Wishing Piece,Lucky Egg,Life Orb,Life Orb	FALSE	NA	data.js:areas[Safari Zone Moltres' Den].raid3[10]	Measured	NONE
raid_den	Fezandipiti	1364	Safari Zone Moltres' Den	Kanto	raid3	NA	NA	REPEATABLE	Wishing Piece to re-activate a spent den	10	May	UNK	NA	NA	NA	NA	3	NA	NA	Star Piece,Nugget,Big Nugget,Occa Berry,Dream Patch,PP Up,PP Max,Liechi Berry,Wishing Piece,Lucky Egg,Life Orb,Life Orb	FALSE	NA	data.js:areas[Safari Zone Moltres' Den].raid3[10]	Measured	NONE
raid_den	Okidogi	1366	Safari Zone Moltres' Den	Kanto	raid3	NA	NA	REPEATABLE	Wishing Piece to re-activate a spent den	10	May	UNK	NA	NA	NA	NA	3	NA	NA	Star Piece,Nugget,Big Nugget,Occa Berry,Dream Patch,PP Up,PP Max,Liechi Berry,Wishing Piece,Lucky Egg,Life Orb,Life Orb	FALSE	NA	data.js:areas[Safari Zone Moltres' Den].raid3[10]	Measured	NONE
wild_encounter	Magikarp	129	Safari Zone Moltres' Den	Kanto	wild-oldRod	NA	NA	REPEATABLE	NA	10	May	UNK	70	2	4	0	NA	NA	NA	NA	FALSE	NA	data.js:areas[Safari Zone Moltres' Den].wild-oldRod[10]	Measured	rate Asserted from the locations sheet
wild_encounter	Horsea	116	Safari Zone Moltres' Den	Kanto	wild-oldRod	NA	NA	REPEATABLE	NA	10	May	UNK	30	2	4	1	NA	NA	NA	NA	FALSE	NA	data.js:areas[Safari Zone Moltres' Den].wild-oldRod[10]	Measured	rate Asserted from the locations sheet
wild_encounter	Qwilfish	211	Safari Zone Moltres' Den	Kanto	wild-goodRod	NA	NA	REPEATABLE	NA	10	May	UNK	60	27	29	0	NA	NA	NA	NA	FALSE	NA	data.js:areas[Safari Zone Moltres' Den].wild-goodRod[10]	Measured	rate Asserted from the locations sheet
wild_encounter	Seadra	117	Safari Zone Moltres' Den	Kanto	wild-goodRod	NA	NA	REPEATABLE	NA	10	May	UNK	20	27	29	1	NA	NA	NA	NA	FALSE	NA	data.js:areas[Safari Zone Moltres' Den].wild-goodRod[10]	Measured	rate Asserted from the locations sheet
wild_encounter	Wailmer	313	Safari Zone Moltres' Den	Kanto	wild-goodRod	NA	NA	REPEATABLE	NA	10	May	UNK	20	27	29	2	NA	NA	NA	NA	FALSE	NA	data.js:areas[Safari Zone Moltres' Den].wild-goodRod[10]	Measured	rate Asserted from the locations sheet
wild_encounter	Crawdaunt	327	Safari Zone Moltres' Den	Kanto	wild-superRod	NA	NA	REPEATABLE	NA	10	May	UNK	40	53	55	0	NA	NA	NA	NA	FALSE	NA	data.js:areas[Safari Zone Moltres' Den].wild-superRod[10]	Measured	rate Asserted from the locations sheet
wild_encounter	Seaking	119	Safari Zone Moltres' Den	Kanto	wild-superRod	NA	NA	REPEATABLE	NA	10	May	UNK	40	53	55	1	NA	NA	NA	NA	FALSE	NA	data.js:areas[Safari Zone Moltres' Den].wild-superRod[10]	Measured	rate Asserted from the locations sheet
wild_encounter	Basculin	603	Safari Zone Moltres' Den	Kanto	wild-superRod	NA	NA	REPEATABLE	NA	10	May	UNK	15	53	55	2	NA	NA	NA	NA	FALSE	NA	data.js:areas[Safari Zone Moltres' Den].wild-superRod[10]	Measured	rate Asserted from the locations sheet
wild_encounter	Relicanth	381	Safari Zone Moltres' Den	Kanto	wild-superRod	NA	NA	REPEATABLE	NA	10	May	UNK	4	53	55	3	NA	NA	NA	NA	FALSE	NA	data.js:areas[Safari Zone Moltres' Den].wild-superRod[10]	Measured	rate Asserted from the locations sheet
wild_encounter	Relicanth	381	Safari Zone Moltres' Den	Kanto	wild-superRod	NA	NA	REPEATABLE	NA	10	May	UNK	1	53	55	4	NA	NA	NA	NA	FALSE	NA	data.js:areas[Safari Zone Moltres' Den].wild-superRod[10]	Measured	rate Asserted from the locations sheet
wild_encounter	Magneton	82	Power Plant	Kanto	wild-day	NA	NA	REPEATABLE	NA	10	May	UNK	20	63	65	0	NA	NA	NA	NA	FALSE	NA	data.js:areas[Power Plant].wild-day[10]	Measured	rate Asserted from the locations sheet
wild_encounter	Electrode	101	Power Plant	Kanto	wild-day	NA	NA	REPEATABLE	NA	10	May	UNK	20	63	65	1	NA	NA	NA	NA	FALSE	NA	data.js:areas[Power Plant].wild-day[10]	Measured	rate Asserted from the locations sheet
wild_encounter	Zebstrika	576	Power Plant	Kanto	wild-day	NA	NA	REPEATABLE	NA	10	May	UNK	10	63	65	2	NA	NA	NA	NA	FALSE	NA	data.js:areas[Power Plant].wild-day[10]	Measured	rate Asserted from the locations sheet
wild_encounter	Eelektross	657	Power Plant	Kanto	wild-day	NA	NA	REPEATABLE	NA	10	May	UNK	10	63	65	3	NA	NA	NA	NA	FALSE	NA	data.js:areas[Power Plant].wild-day[10]	Measured	rate Asserted from the locations sheet
wild_encounter	Ampharos	181	Power Plant	Kanto	wild-day	NA	NA	REPEATABLE	NA	10	May	UNK	10	63	65	4	NA	NA	NA	NA	FALSE	NA	data.js:areas[Power Plant].wild-day[10]	Measured	rate Asserted from the locations sheet
wild_encounter	Ampharos	181	Power Plant	Kanto	wild-day	NA	NA	REPEATABLE	NA	10	May	UNK	10	63	65	5	NA	NA	NA	NA	FALSE	NA	data.js:areas[Power Plant].wild-day[10]	Measured	rate Asserted from the locations sheet
wild_encounter	Dedenne	810	Power Plant	Kanto	wild-day	NA	NA	REPEATABLE	NA	10	May	UNK	5	63	65	6	NA	NA	NA	NA	FALSE	NA	data.js:areas[Power Plant].wild-day[10]	Measured	rate Asserted from the locations sheet
wild_encounter	Dedenne	810	Power Plant	Kanto	wild-day	NA	NA	REPEATABLE	NA	10	May	UNK	5	63	65	7	NA	NA	NA	NA	FALSE	NA	data.js:areas[Power Plant].wild-day[10]	Measured	rate Asserted from the locations sheet
wild_encounter	Electabuzz	125	Power Plant	Kanto	wild-day	NA	NA	REPEATABLE	NA	10	May	UNK	4	63	65	8	NA	NA	NA	NA	FALSE	NA	data.js:areas[Power Plant].wild-day[10]	Measured	rate Asserted from the locations sheet
wild_encounter	Electabuzz	125	Power Plant	Kanto	wild-day	NA	NA	REPEATABLE	NA	10	May	UNK	4	63	65	9	NA	NA	NA	NA	FALSE	NA	data.js:areas[Power Plant].wild-day[10]	Measured	rate Asserted from the locations sheet
wild_encounter	Electabuzz	125	Power Plant	Kanto	wild-day	NA	NA	REPEATABLE	NA	10	May	UNK	1	63	65	10	NA	NA	NA	NA	FALSE	NA	data.js:areas[Power Plant].wild-day[10]	Measured	rate Asserted from the locations sheet
wild_encounter	Electabuzz	125	Power Plant	Kanto	wild-day	NA	NA	REPEATABLE	NA	10	May	UNK	1	63	65	11	NA	NA	NA	NA	FALSE	NA	data.js:areas[Power Plant].wild-day[10]	Measured	rate Asserted from the locations sheet
wild_encounter	Magneton	82	Power Plant	Kanto	wild-night	NA	NA	REPEATABLE	NA	10	May	UNK	20	63	65	0	NA	NA	NA	NA	FALSE	NA	data.js:areas[Power Plant].wild-night[10]	Measured	rate Asserted from the locations sheet
wild_encounter	Electrode	101	Power Plant	Kanto	wild-night	NA	NA	REPEATABLE	NA	10	May	UNK	20	63	65	1	NA	NA	NA	NA	FALSE	NA	data.js:areas[Power Plant].wild-night[10]	Measured	rate Asserted from the locations sheet
wild_encounter	Manectric	338	Power Plant	Kanto	wild-night	NA	NA	REPEATABLE	NA	10	May	UNK	10	63	65	2	NA	NA	NA	NA	FALSE	NA	data.js:areas[Power Plant].wild-night[10]	Measured	rate Asserted from the locations sheet
wild_encounter	Vikavolt	955	Power Plant	Kanto	wild-night	NA	NA	REPEATABLE	NA	10	May	UNK	10	63	65	3	NA	NA	NA	NA	FALSE	NA	data.js:areas[Power Plant].wild-night[10]	Measured	rate Asserted from the locations sheet
wild_encounter	Ampharos	181	Power Plant	Kanto	wild-night	NA	NA	REPEATABLE	NA	10	May	UNK	10	63	65	4	NA	NA	NA	NA	FALSE	NA	data.js:areas[Power Plant].wild-night[10]	Measured	rate Asserted from the locations sheet
wild_encounter	Ampharos	181	Power Plant	Kanto	wild-night	NA	NA	REPEATABLE	NA	10	May	UNK	10	63	65	5	NA	NA	NA	NA	FALSE	NA	data.js:areas[Power Plant].wild-night[10]	Measured	rate Asserted from the locations sheet
wild_encounter	Togedemaru	994	Power Plant	Kanto	wild-night	NA	NA	REPEATABLE	NA	10	May	UNK	5	63	65	6	NA	NA	NA	NA	FALSE	NA	data.js:areas[Power Plant].wild-night[10]	Measured	rate Asserted from the locations sheet
wild_encounter	Togedemaru	994	Power Plant	Kanto	wild-night	NA	NA	REPEATABLE	NA	10	May	UNK	5	63	65	7	NA	NA	NA	NA	FALSE	NA	data.js:areas[Power Plant].wild-night[10]	Measured	rate Asserted from the locations sheet
wild_encounter	Electabuzz	125	Power Plant	Kanto	wild-night	NA	NA	REPEATABLE	NA	10	May	UNK	4	63	65	8	NA	NA	NA	NA	FALSE	NA	data.js:areas[Power Plant].wild-night[10]	Measured	rate Asserted from the locations sheet
wild_encounter	Electabuzz	125	Power Plant	Kanto	wild-night	NA	NA	REPEATABLE	NA	10	May	UNK	4	63	65	9	NA	NA	NA	NA	FALSE	NA	data.js:areas[Power Plant].wild-night[10]	Measured	rate Asserted from the locations sheet
wild_encounter	Electabuzz	125	Power Plant	Kanto	wild-night	NA	NA	REPEATABLE	NA	10	May	UNK	1	63	65	10	NA	NA	NA	NA	FALSE	NA	data.js:areas[Power Plant].wild-night[10]	Measured	rate Asserted from the locations sheet
wild_encounter	Electabuzz	125	Power Plant	Kanto	wild-night	NA	NA	REPEATABLE	NA	10	May	UNK	1	63	65	11	NA	NA	NA	NA	FALSE	NA	data.js:areas[Power Plant].wild-night[10]	Measured	rate Asserted from the locations sheet
static_pokemon	Zapdos	145	Power Plant	Kanto	fixed-overworld	NA	NA	1	NA	10	May	UNK	NA	NA	NA	NA	NA	NA	NA	NA	TRUE	one-time placement	data.js:areas[Power Plant].fixed-overworld[10]	Measured	NONE
static_pokemon	Zapdos-Galar	1218	Power Plant	Kanto	fixed-overworld	NA	NA	1	NA	10	May	UNK	NA	NA	NA	NA	NA	NA	NA	NA	TRUE	one-time placement	data.js:areas[Power Plant].fixed-overworld[10]	Measured	NONE
item_ground	Elixir	36	Power Plant	Kanto	item-standard	NA	NA	1	NA	10	May	UNK	NA	NA	NA	NA	NA	NA	NA	NA	TRUE	single placement	data.js:areas[Power Plant].item-standard[10]	Measured	NONE
item_ground	TM25	313	Power Plant	Kanto	item-standard	NA	NA	1	NA	10	May	UNK	NA	NA	NA	NA	NA	25	Thunder	NA	TRUE	single placement	data.js:areas[Power Plant].item-standard[10]	Measured	NONE
item_ground	TM109	434	Power Plant	Kanto	item-standard	NA	NA	1	NA	10	May	UNK	NA	NA	NA	NA	NA	109	Superpower	NA	TRUE	single placement	data.js:areas[Power Plant].item-standard[10]	Measured	NONE
item_ground	Ampharosite	548	Power Plant	Kanto	item-standard	NA	NA	1	NA	10	May	UNK	NA	NA	NA	NA	NA	NA	NA	NA	TRUE	single placement	data.js:areas[Power Plant].item-standard[10]	Measured	NONE
item_ground	Electirizer	620	Power Plant	Kanto	item-standard	NA	NA	1	NA	10	May	UNK	NA	NA	NA	NA	NA	NA	NA	NA	TRUE	single placement	data.js:areas[Power Plant].item-standard[10]	Measured	NONE
item_ground	Cornerstone Mask	621	Power Plant	Kanto	item-standard	NA	NA	1	NA	10	May	UNK	NA	NA	NA	NA	NA	NA	NA	NA	TRUE	single placement	data.js:areas[Power Plant].item-standard[10]	Measured	NONE
item_ground	Machampite	728	Power Plant	Kanto	item-standard	NA	NA	1	NA	10	May	UNK	NA	NA	NA	NA	NA	NA	NA	NA	TRUE	single placement	data.js:areas[Power Plant].item-standard[10]	Measured	NONE
item_hidden	Max Elixir	37	Power Plant	Kanto	item-hidden	NA	NA	1	NA	10	May	UNK	NA	NA	NA	NA	NA	NA	NA	NA	TRUE	single placement	data.js:areas[Power Plant].item-hidden[10]	Measured	NONE
item_hidden	ThunderStone	96	Power Plant	Kanto	item-hidden	NA	NA	1	NA	10	May	UNK	NA	NA	NA	NA	NA	NA	NA	NA	TRUE	single placement	data.js:areas[Power Plant].item-hidden[10]	Measured	NONE
raid_den	Dracozolt	1172	Power Plant	Kanto	raid4	NA	NA	REPEATABLE	Wishing Piece to re-activate a spent den	10	May	UNK	NA	NA	NA	NA	4	NA	NA	Star Piece,Nugget,Big Nugget,Protein,Calcium,PP Up,PP Max,Wishing Piece,Dream Patch,Lucky Egg,Lucky Egg,Lucky Egg	FALSE	NA	data.js:areas[Power Plant].raid4[10]	Measured	NONE
raid_den	Arctozolt	1173	Power Plant	Kanto	raid4	NA	NA	REPEATABLE	Wishing Piece to re-activate a spent den	10	May	UNK	NA	NA	NA	NA	4	NA	NA	Star Piece,Nugget,Big Nugget,Protein,Calcium,PP Up,PP Max,Star Piece,Wishing Piece,Lucky Egg,Lucky Egg,Lucky Egg	FALSE	NA	data.js:areas[Power Plant].raid4[10]	Measured	NONE
raid_den	Heliolisk	803	Power Plant	Kanto	raid4	NA	NA	REPEATABLE	Wishing Piece to re-activate a spent den	10	May	UNK	NA	NA	NA	NA	4	NA	NA	Star Piece,Nugget,Big Nugget,Protein,Calcium,PP Up,PP Max,Star Piece,Wishing Piece,Lucky Egg,Lucky Egg,Lucky Egg	FALSE	NA	data.js:areas[Power Plant].raid4[10]	Measured	NONE
raid_den	Zeraora	1078	Power Plant	Kanto	raid5	NA	NA	REPEATABLE	Wishing Piece to re-activate a spent den	10	May	UNK	NA	NA	NA	NA	5	NA	NA	Nugget,Protein,Big Nugget,Calcium,Carbos,PP Up,PP Max,Star Piece,Wishing Piece,Lucky Egg,Life Orb,Life Orb	FALSE	NA	data.js:areas[Power Plant].raid5[10]	Measured	NONE
raid_den	Iron Valiant	1232	Power Plant	Kanto	raid5	NA	NA	REPEATABLE	Wishing Piece to re-activate a spent den	10	May	UNK	NA	NA	NA	NA	5	NA	NA	Nugget,Protein,Big Nugget,Calcium,Carbos,PP Up,PP Max,Wishing Piece,Dream Patch,Lucky Egg,Life Orb,Life Orb	FALSE	NA	data.js:areas[Power Plant].raid5[10]	Measured	NONE
raid_den	Regieleki	1188	Power Plant	Kanto	raid5	NA	NA	REPEATABLE	Wishing Piece to re-activate a spent den	10	May	UNK	NA	NA	NA	NA	5	NA	NA	Star Piece,Nugget,Big Nugget,Protein,Calcium,PP Up,PP Max,Dream Patch,Wishing Piece,Lucky Egg,Life Orb,Life Orb	FALSE	NA	data.js:areas[Power Plant].raid5[10]	Measured	NONE
raid_den	Tapu Koko	1002	Power Plant	Kanto	raid6	NA	NA	REPEATABLE	Wishing Piece to re-activate a spent den	10	May	UNK	NA	NA	NA	NA	6	NA	NA	Nugget,Protein,Big Nugget,Calcium,Carbos,PP Up,PP Max,Star Piece,Wishing Piece,Eviolite,Choice Specs,Choice Specs	FALSE	NA	data.js:areas[Power Plant].raid6[10]	Measured	NONE
wild_encounter	Tentacruel	73	Route 20	Kanto	wild-surf	NA	NA	REPEATABLE	NA	10	May	UNK	60	56	58	0	NA	NA	NA	NA	FALSE	NA	data.js:areas[Route 20].wild-surf[10]	Measured	rate Asserted from the locations sheet
wild_encounter	Sharpedo	331	Route 20	Kanto	wild-surf	NA	NA	REPEATABLE	NA	10	May	UNK	30	56	58	1	NA	NA	NA	NA	FALSE	NA	data.js:areas[Route 20].wild-surf[10]	Measured	rate Asserted from the locations sheet
wild_encounter	Wailord	314	Route 20	Kanto	wild-surf	NA	NA	REPEATABLE	NA	10	May	UNK	5	56	58	2	NA	NA	NA	NA	FALSE	NA	data.js:areas[Route 20].wild-surf[10]	Measured	rate Asserted from the locations sheet
wild_encounter	Lanturn	171	Route 20	Kanto	wild-surf	NA	NA	REPEATABLE	NA	10	May	UNK	4	56	58	3	NA	NA	NA	NA	FALSE	NA	data.js:areas[Route 20].wild-surf[10]	Measured	rate Asserted from the locations sheet
wild_encounter	Lanturn	171	Route 20	Kanto	wild-surf	NA	NA	REPEATABLE	NA	10	May	UNK	1	56	58	4	NA	NA	NA	NA	FALSE	NA	data.js:areas[Route 20].wild-surf[10]	Measured	rate Asserted from the locations sheet
item_ground	TM52	377	Route 20	Kanto	item-standard	NA	NA	1	NA	10	May	UNK	NA	NA	NA	NA	NA	52	Focus Blast	NA	TRUE	single placement	data.js:areas[Route 20].item-standard[10]	Measured	NONE
item_ground	Medichamite	561	Route 20	Kanto	item-standard	NA	NA	1	NA	10	May	UNK	NA	NA	NA	NA	NA	NA	NA	NA	TRUE	single placement	data.js:areas[Route 20].item-standard[10]	Measured	NONE
item_ground	Glalitite	568	Route 20	Kanto	item-standard	NA	NA	1	NA	10	May	UNK	NA	NA	NA	NA	NA	NA	NA	NA	TRUE	single placement	data.js:areas[Route 20].item-standard[10]	Measured	NONE
item_ground	Choice Scarf	695	Route 20	Kanto	item-standard	NA	NA	10	NA	10	May	UNK	NA	NA	NA	NA	NA	NA	NA	NA	TRUE	single placement	data.js:areas[Route 20].item-standard[10]	Asserted	 quantity from the official item sheet
item_hidden	Stardust	108	Route 20	Kanto	item-hidden	NA	NA	10	NA	10	May	UNK	NA	NA	NA	NA	NA	NA	NA	NA	TRUE	single placement	data.js:areas[Route 20].item-hidden[10]	Asserted	 quantity from the official item sheet
wild_encounter	Magikarp	129	Route 20	Kanto	wild-oldRod	NA	NA	REPEATABLE	NA	10	May	UNK	70	2	4	0	NA	NA	NA	NA	FALSE	NA	data.js:areas[Route 20].wild-oldRod[10]	Measured	rate Asserted from the locations sheet
wild_encounter	Chinchou	170	Route 20	Kanto	wild-oldRod	NA	NA	REPEATABLE	NA	10	May	UNK	30	2	4	1	NA	NA	NA	NA	FALSE	NA	data.js:areas[Route 20].wild-oldRod[10]	Measured	rate Asserted from the locations sheet
wild_encounter	Wailmer	313	Route 20	Kanto	wild-goodRod	NA	NA	REPEATABLE	NA	10	May	UNK	60	27	29	0	NA	NA	NA	NA	FALSE	NA	data.js:areas[Route 20].wild-goodRod[10]	Measured	rate Asserted from the locations sheet
wild_encounter	Clauncher	800	Route 20	Kanto	wild-goodRod	NA	NA	REPEATABLE	NA	10	May	UNK	20	27	29	1	NA	NA	NA	NA	FALSE	NA	data.js:areas[Route 20].wild-goodRod[10]	Measured	rate Asserted from the locations sheet
wild_encounter	Corsola-Galar	1221	Route 20	Kanto	wild-goodRod	NA	NA	REPEATABLE	NA	10	May	UNK	20	27	29	2	NA	NA	NA	NA	FALSE	NA	data.js:areas[Route 20].wild-goodRod[10]	Measured	rate Asserted from the locations sheet
wild_encounter	Seadra	117	Route 20	Kanto	wild-superRod	NA	NA	REPEATABLE	NA	10	May	UNK	40	53	55	0	NA	NA	NA	NA	FALSE	NA	data.js:areas[Route 20].wild-superRod[10]	Measured	rate Asserted from the locations sheet
wild_encounter	Basculin-Blue-Striped	736	Route 20	Kanto	wild-superRod	NA	NA	REPEATABLE	NA	10	May	UNK	40	53	55	1	NA	NA	NA	NA	FALSE	NA	data.js:areas[Route 20].wild-superRod[10]	Measured	rate Asserted from the locations sheet
wild_encounter	Clawitzer	801	Route 20	Kanto	wild-superRod	NA	NA	REPEATABLE	NA	10	May	UNK	15	53	55	2	NA	NA	NA	NA	FALSE	NA	data.js:areas[Route 20].wild-superRod[10]	Measured	rate Asserted from the locations sheet
wild_encounter	Bruxish	996	Route 20	Kanto	wild-superRod	NA	NA	REPEATABLE	NA	10	May	UNK	4	53	55	3	NA	NA	NA	NA	FALSE	NA	data.js:areas[Route 20].wild-superRod[10]	Measured	rate Asserted from the locations sheet
wild_encounter	Bruxish	996	Route 20	Kanto	wild-superRod	NA	NA	REPEATABLE	NA	10	May	UNK	1	53	55	4	NA	NA	NA	NA	FALSE	NA	data.js:areas[Route 20].wild-superRod[10]	Measured	rate Asserted from the locations sheet
wild_encounter	Piloswine	221	Seafoam Islands B1F	Kanto	wild-day	NA	NA	REPEATABLE	NA	10	May	UNK	20	62	64	0	NA	NA	NA	NA	FALSE	NA	data.js:areas[Seafoam Islands B1F].wild-day[10]	Measured	rate Asserted from the locations sheet
wild_encounter	Snorunt	346	Seafoam Islands B1F	Kanto	wild-day	NA	NA	REPEATABLE	NA	10	May	UNK	20	62	64	1	NA	NA	NA	NA	FALSE	NA	data.js:areas[Seafoam Islands B1F].wild-day[10]	Measured	rate Asserted from the locations sheet
wild_encounter	Beartic	667	Seafoam Islands B1F	Kanto	wild-day	NA	NA	REPEATABLE	NA	10	May	UNK	10	62	64	2	NA	NA	NA	NA	FALSE	NA	data.js:areas[Seafoam Islands B1F].wild-day[10]	Measured	rate Asserted from the locations sheet
wild_encounter	Beartic	667	Seafoam Islands B1F	Kanto	wild-day	NA	NA	REPEATABLE	NA	10	May	UNK	10	62	64	3	NA	NA	NA	NA	FALSE	NA	data.js:areas[Seafoam Islands B1F].wild-day[10]	Measured	rate Asserted from the locations sheet
wild_encounter	Slowbro	80	Seafoam Islands B1F	Kanto	wild-day	NA	NA	REPEATABLE	NA	10	May	UNK	10	62	64	4	NA	NA	NA	NA	FALSE	NA	data.js:areas[Seafoam Islands B1F].wild-day[10]	Measured	rate Asserted from the locations sheet
wild_encounter	Slowbro	80	Seafoam Islands B1F	Kanto	wild-day	NA	NA	REPEATABLE	NA	10	May	UNK	10	62	64	5	NA	NA	NA	NA	FALSE	NA	data.js:areas[Seafoam Islands B1F].wild-day[10]	Measured	rate Asserted from the locations sheet
wild_encounter	Golbat	42	Seafoam Islands B1F	Kanto	wild-day	NA	NA	REPEATABLE	NA	10	May	UNK	5	62	64	6	NA	NA	NA	NA	FALSE	NA	data.js:areas[Seafoam Islands B1F].wild-day[10]	Measured	rate Asserted from the locations sheet
wild_encounter	Golbat	42	Seafoam Islands B1F	Kanto	wild-day	NA	NA	REPEATABLE	NA	10	May	UNK	5	62	64	7	NA	NA	NA	NA	FALSE	NA	data.js:areas[Seafoam Islands B1F].wild-day[10]	Measured	rate Asserted from the locations sheet
wild_encounter	Avalugg	821	Seafoam Islands B1F	Kanto	wild-day	NA	NA	REPEATABLE	NA	10	May	UNK	4	62	64	8	NA	NA	NA	NA	FALSE	NA	data.js:areas[Seafoam Islands B1F].wild-day[10]	Measured	rate Asserted from the locations sheet
wild_encounter	Avalugg	821	Seafoam Islands B1F	Kanto	wild-day	NA	NA	REPEATABLE	NA	10	May	UNK	4	62	64	9	NA	NA	NA	NA	FALSE	NA	data.js:areas[Seafoam Islands B1F].wild-day[10]	Measured	rate Asserted from the locations sheet
wild_encounter	Jynx	124	Seafoam Islands B1F	Kanto	wild-day	NA	NA	REPEATABLE	NA	10	May	UNK	1	62	64	10	NA	NA	NA	NA	FALSE	NA	data.js:areas[Seafoam Islands B1F].wild-day[10]	Measured	rate Asserted from the locations sheet
wild_encounter	Jynx	124	Seafoam Islands B1F	Kanto	wild-day	NA	NA	REPEATABLE	NA	10	May	UNK	1	62	64	11	NA	NA	NA	NA	FALSE	NA	data.js:areas[Seafoam Islands B1F].wild-day[10]	Measured	rate Asserted from the locations sheet
wild_encounter	Sandslash-Alola	1024	Seafoam Islands B1F	Kanto	wild-night	NA	NA	REPEATABLE	NA	10	May	UNK	20	62	64	0	NA	NA	NA	NA	FALSE	NA	data.js:areas[Seafoam Islands B1F].wild-night[10]	Measured	rate Asserted from the locations sheet
wild_encounter	Snorunt	346	Seafoam Islands B1F	Kanto	wild-night	NA	NA	REPEATABLE	NA	10	May	UNK	20	62	64	1	NA	NA	NA	NA	FALSE	NA	data.js:areas[Seafoam Islands B1F].wild-night[10]	Measured	rate Asserted from the locations sheet
wild_encounter	Beartic	667	Seafoam Islands B1F	Kanto	wild-night	NA	NA	REPEATABLE	NA	10	May	UNK	10	62	64	2	NA	NA	NA	NA	FALSE	NA	data.js:areas[Seafoam Islands B1F].wild-night[10]	Measured	rate Asserted from the locations sheet
wild_encounter	Beartic	667	Seafoam Islands B1F	Kanto	wild-night	NA	NA	REPEATABLE	NA	10	May	UNK	10	62	64	3	NA	NA	NA	NA	FALSE	NA	data.js:areas[Seafoam Islands B1F].wild-night[10]	Measured	rate Asserted from the locations sheet
wild_encounter	Walrein	343	Seafoam Islands B1F	Kanto	wild-night	NA	NA	REPEATABLE	NA	10	May	UNK	10	62	64	4	NA	NA	NA	NA	FALSE	NA	data.js:areas[Seafoam Islands B1F].wild-night[10]	Measured	rate Asserted from the locations sheet
wild_encounter	Walrein	343	Seafoam Islands B1F	Kanto	wild-night	NA	NA	REPEATABLE	NA	10	May	UNK	10	62	64	5	NA	NA	NA	NA	FALSE	NA	data.js:areas[Seafoam Islands B1F].wild-night[10]	Measured	rate Asserted from the locations sheet
wild_encounter	Golbat	42	Seafoam Islands B1F	Kanto	wild-night	NA	NA	REPEATABLE	NA	10	May	UNK	5	62	64	6	NA	NA	NA	NA	FALSE	NA	data.js:areas[Seafoam Islands B1F].wild-night[10]	Measured	rate Asserted from the locations sheet
wild_encounter	Golbat	42	Seafoam Islands B1F	Kanto	wild-night	NA	NA	REPEATABLE	NA	10	May	UNK	5	62	64	7	NA	NA	NA	NA	FALSE	NA	data.js:areas[Seafoam Islands B1F].wild-night[10]	Measured	rate Asserted from the locations sheet
wild_encounter	Avalugg	821	Seafoam Islands B1F	Kanto	wild-night	NA	NA	REPEATABLE	NA	10	May	UNK	4	62	64	8	NA	NA	NA	NA	FALSE	NA	data.js:areas[Seafoam Islands B1F].wild-night[10]	Measured	rate Asserted from the locations sheet
wild_encounter	Avalugg	821	Seafoam Islands B1F	Kanto	wild-night	NA	NA	REPEATABLE	NA	10	May	UNK	4	62	64	9	NA	NA	NA	NA	FALSE	NA	data.js:areas[Seafoam Islands B1F].wild-night[10]	Measured	rate Asserted from the locations sheet
wild_encounter	Jynx	124	Seafoam Islands B1F	Kanto	wild-night	NA	NA	REPEATABLE	NA	10	May	UNK	1	62	64	10	NA	NA	NA	NA	FALSE	NA	data.js:areas[Seafoam Islands B1F].wild-night[10]	Measured	rate Asserted from the locations sheet
wild_encounter	Jynx	124	Seafoam Islands B1F	Kanto	wild-night	NA	NA	REPEATABLE	NA	10	May	UNK	1	62	64	11	NA	NA	NA	NA	FALSE	NA	data.js:areas[Seafoam Islands B1F].wild-night[10]	Measured	rate Asserted from the locations sheet
item_ground	Wellspring Mask	623	Seafoam Islands B1F	Kanto	item-standard	NA	NA	1	NA	10	May	UNK	NA	NA	NA	NA	NA	NA	NA	NA	TRUE	single placement	data.js:areas[Seafoam Islands B1F].item-standard[10]	Measured	NONE
raid_den	Dracovish	1174	Seafoam Islands B1F	Kanto	raid4	NA	NA	REPEATABLE	Wishing Piece to re-activate a spent den	10	May	UNK	NA	NA	NA	NA	4	NA	NA	Star Piece,Nugget,Big Nugget,Calcium,Carbos,PP Up,PP Max,Star Piece,Wishing Piece,Lucky Egg,Lucky Egg,Lucky Egg	FALSE	NA	data.js:areas[Seafoam Islands B1F].raid4[10]	Measured	NONE
raid_den	Arctovish	1175	Seafoam Islands B1F	Kanto	raid4	NA	NA	REPEATABLE	Wishing Piece to re-activate a spent den	10	May	UNK	NA	NA	NA	NA	4	NA	NA	Star Piece,Nugget,Big Nugget,Calcium,Carbos,PP Up,PP Max,Star Piece,Wishing Piece,Lucky Egg,Lucky Egg,Lucky Egg	FALSE	NA	data.js:areas[Seafoam Islands B1F].raid4[10]	Measured	NONE
raid_den	Basculegion	1268	Seafoam Islands B1F	Kanto	raid4	NA	NA	REPEATABLE	Wishing Piece to re-activate a spent den	10	May	UNK	NA	NA	NA	NA	4	NA	NA	Star Piece,Nugget,Big Nugget,Calcium,Carbos,PP Up,PP Max,Star Piece,Wishing Piece,Lucky Egg,Lucky Egg,Lucky Egg	FALSE	NA	data.js:areas[Seafoam Islands B1F].raid4[10]	Measured	NONE
raid_den	Dracovish	1174	Seafoam Islands B1F	Kanto	raid5	NA	NA	REPEATABLE	Wishing Piece to re-activate a spent den	10	May	UNK	NA	NA	NA	NA	5	NA	NA	Nugget,Protein,Big Nugget,Calcium,Carbos,PP Up,PP Max,Star Piece,Wishing Piece,Lucky Egg,Life Orb,Life Orb	FALSE	NA	data.js:areas[Seafoam Islands B1F].raid5[10]	Measured	NONE
raid_den	Arctovish	1175	Seafoam Islands B1F	Kanto	raid5	NA	NA	REPEATABLE	Wishing Piece to re-activate a spent den	10	May	UNK	NA	NA	NA	NA	5	NA	NA	Nugget,Protein,Big Nugget,Calcium,Carbos,PP Up,PP Max,Star Piece,Wishing Piece,Lucky Egg,PP Max,PP Max	FALSE	NA	data.js:areas[Seafoam Islands B1F].raid5[10]	Measured	NONE
raid_den	Glastrier	1267	Seafoam Islands B1F	Kanto	raid5	NA	NA	REPEATABLE	Wishing Piece to re-activate a spent den	10	May	UNK	NA	NA	NA	NA	5	NA	NA	Star Piece,Nugget,Big Nugget,Protein,Calcium,PP Up,PP Max,Wishing Piece,Star Piece,Lucky Egg,PP Max,PP Max	FALSE	NA	data.js:areas[Seafoam Islands B1F].raid5[10]	Measured	NONE
raid_den	Kyurem	699	Seafoam Islands B1F	Kanto	raid6	NA	NA	REPEATABLE	Wishing Piece to re-activate a spent den	10	May	UNK	NA	NA	NA	NA	6	NA	NA	Nugget,Protein,Big Nugget,Calcium,Carbos,PP Up,PP Max,Star Piece,Wishing Piece,Eviolite,Choice Scarf,Choice Scarf	FALSE	NA	data.js:areas[Seafoam Islands B1F].raid6[10]	Measured	NONE
raid_den	Tapu Fini	1005	Seafoam Islands B1F	Kanto	raid6	NA	NA	REPEATABLE	Wishing Piece to re-activate a spent den	10	May	UNK	NA	NA	NA	NA	6	NA	NA	Nugget,Protein,Big Nugget,Calcium,Carbos,PP Up,PP Max,Star Piece,Wishing Piece,Eviolite,Choice Band,Choice Band	FALSE	NA	data.js:areas[Seafoam Islands B1F].raid6[10]	Measured	NONE
raid_den	Manaphy	543	Seafoam Islands B1F	Kanto	raid6	NA	NA	REPEATABLE	Wishing Piece to re-activate a spent den	10	May	UNK	NA	NA	NA	NA	6	NA	NA	Star Piece,Nugget,Big Nugget,Protein,Calcium,PP Up,PP Max,Wishing Piece,Rocky Helmet,Eviolite,Choice Scarf,Choice Scarf	FALSE	NA	data.js:areas[Seafoam Islands B1F].raid6[10]	Measured	NONE
wild_encounter	Piloswine	221	Seafoam Islands B2F	Kanto	wild-day	NA	NA	REPEATABLE	NA	10	May	UNK	20	62	64	0	NA	NA	NA	NA	FALSE	NA	data.js:areas[Seafoam Islands B2F].wild-day[10]	Measured	rate Asserted from the locations sheet
wild_encounter	Darmanitan-Galar	1226	Seafoam Islands B2F	Kanto	wild-day	NA	NA	REPEATABLE	NA	10	May	UNK	20	62	64	1	NA	NA	NA	NA	FALSE	NA	data.js:areas[Seafoam Islands B2F].wild-day[10]	Measured	rate Asserted from the locations sheet
wild_encounter	Vanilluxe	637	Seafoam Islands B2F	Kanto	wild-day	NA	NA	REPEATABLE	NA	10	May	UNK	10	62	64	2	NA	NA	NA	NA	FALSE	NA	data.js:areas[Seafoam Islands B2F].wild-day[10]	Measured	rate Asserted from the locations sheet
wild_encounter	Vanilluxe	637	Seafoam Islands B2F	Kanto	wild-day	NA	NA	REPEATABLE	NA	10	May	UNK	10	62	64	3	NA	NA	NA	NA	FALSE	NA	data.js:areas[Seafoam Islands B2F].wild-day[10]	Measured	rate Asserted from the locations sheet
wild_encounter	Slowking	199	Seafoam Islands B2F	Kanto	wild-day	NA	NA	REPEATABLE	NA	10	May	UNK	10	62	64	4	NA	NA	NA	NA	FALSE	NA	data.js:areas[Seafoam Islands B2F].wild-day[10]	Measured	rate Asserted from the locations sheet
wild_encounter	Slowking	199	Seafoam Islands B2F	Kanto	wild-day	NA	NA	REPEATABLE	NA	10	May	UNK	10	62	64	5	NA	NA	NA	NA	FALSE	NA	data.js:areas[Seafoam Islands B2F].wild-day[10]	Measured	rate Asserted from the locations sheet
wild_encounter	Golbat	42	Seafoam Islands B2F	Kanto	wild-day	NA	NA	REPEATABLE	NA	10	May	UNK	5	62	64	6	NA	NA	NA	NA	FALSE	NA	data.js:areas[Seafoam Islands B2F].wild-day[10]	Measured	rate Asserted from the locations sheet
wild_encounter	Golbat	42	Seafoam Islands B2F	Kanto	wild-day	NA	NA	REPEATABLE	NA	10	May	UNK	5	62	64	7	NA	NA	NA	NA	FALSE	NA	data.js:areas[Seafoam Islands B2F].wild-day[10]	Measured	rate Asserted from the locations sheet
wild_encounter	Cryogonal	668	Seafoam Islands B2F	Kanto	wild-day	NA	NA	REPEATABLE	NA	10	May	UNK	4	62	64	8	NA	NA	NA	NA	FALSE	NA	data.js:areas[Seafoam Islands B2F].wild-day[10]	Measured	rate Asserted from the locations sheet
wild_encounter	Cryogonal	668	Seafoam Islands B2F	Kanto	wild-day	NA	NA	REPEATABLE	NA	10	May	UNK	4	62	64	9	NA	NA	NA	NA	FALSE	NA	data.js:areas[Seafoam Islands B2F].wild-day[10]	Measured	rate Asserted from the locations sheet
wild_encounter	Delibird	225	Seafoam Islands B2F	Kanto	wild-day	NA	NA	REPEATABLE	NA	10	May	UNK	1	62	64	10	NA	NA	NA	NA	FALSE	NA	data.js:areas[Seafoam Islands B2F].wild-day[10]	Measured	rate Asserted from the locations sheet
wild_encounter	Delibird	225	Seafoam Islands B2F	Kanto	wild-day	NA	NA	REPEATABLE	NA	10	May	UNK	1	62	64	11	NA	NA	NA	NA	FALSE	NA	data.js:areas[Seafoam Islands B2F].wild-day[10]	Measured	rate Asserted from the locations sheet
wild_encounter	Sandslash-Alola	1024	Seafoam Islands B2F	Kanto	wild-night	NA	NA	REPEATABLE	NA	10	May	UNK	20	62	64	0	NA	NA	NA	NA	FALSE	NA	data.js:areas[Seafoam Islands B2F].wild-night[10]	Measured	rate Asserted from the locations sheet
wild_encounter	Darmanitan-Galar	1226	Seafoam Islands B2F	Kanto	wild-night	NA	NA	REPEATABLE	NA	10	May	UNK	20	62	64	1	NA	NA	NA	NA	FALSE	NA	data.js:areas[Seafoam Islands B2F].wild-night[10]	Measured	rate Asserted from the locations sheet
wild_encounter	Vanilluxe	637	Seafoam Islands B2F	Kanto	wild-night	NA	NA	REPEATABLE	NA	10	May	UNK	10	62	64	2	NA	NA	NA	NA	FALSE	NA	data.js:areas[Seafoam Islands B2F].wild-night[10]	Measured	rate Asserted from the locations sheet
wild_encounter	Vanilluxe	637	Seafoam Islands B2F	Kanto	wild-night	NA	NA	REPEATABLE	NA	10	May	UNK	10	62	64	3	NA	NA	NA	NA	FALSE	NA	data.js:areas[Seafoam Islands B2F].wild-night[10]	Measured	rate Asserted from the locations sheet
wild_encounter	Golduck	55	Seafoam Islands B2F	Kanto	wild-night	NA	NA	REPEATABLE	NA	10	May	UNK	10	62	64	4	NA	NA	NA	NA	FALSE	NA	data.js:areas[Seafoam Islands B2F].wild-night[10]	Measured	rate Asserted from the locations sheet
wild_encounter	Golduck	55	Seafoam Islands B2F	Kanto	wild-night	NA	NA	REPEATABLE	NA	10	May	UNK	10	62	64	5	NA	NA	NA	NA	FALSE	NA	data.js:areas[Seafoam Islands B2F].wild-night[10]	Measured	rate Asserted from the locations sheet
wild_encounter	Golbat	42	Seafoam Islands B2F	Kanto	wild-night	NA	NA	REPEATABLE	NA	10	May	UNK	5	62	64	6	NA	NA	NA	NA	FALSE	NA	data.js:areas[Seafoam Islands B2F].wild-night[10]	Measured	rate Asserted from the locations sheet
wild_encounter	Golbat	42	Seafoam Islands B2F	Kanto	wild-night	NA	NA	REPEATABLE	NA	10	May	UNK	5	62	64	7	NA	NA	NA	NA	FALSE	NA	data.js:areas[Seafoam Islands B2F].wild-night[10]	Measured	rate Asserted from the locations sheet
wild_encounter	Cryogonal	668	Seafoam Islands B2F	Kanto	wild-night	NA	NA	REPEATABLE	NA	10	May	UNK	4	62	64	8	NA	NA	NA	NA	FALSE	NA	data.js:areas[Seafoam Islands B2F].wild-night[10]	Measured	rate Asserted from the locations sheet
wild_encounter	Cryogonal	668	Seafoam Islands B2F	Kanto	wild-night	NA	NA	REPEATABLE	NA	10	May	UNK	4	62	64	9	NA	NA	NA	NA	FALSE	NA	data.js:areas[Seafoam Islands B2F].wild-night[10]	Measured	rate Asserted from the locations sheet
wild_encounter	Delibird	225	Seafoam Islands B2F	Kanto	wild-night	NA	NA	REPEATABLE	NA	10	May	UNK	1	62	64	10	NA	NA	NA	NA	FALSE	NA	data.js:areas[Seafoam Islands B2F].wild-night[10]	Measured	rate Asserted from the locations sheet
wild_encounter	Delibird	225	Seafoam Islands B2F	Kanto	wild-night	NA	NA	REPEATABLE	NA	10	May	UNK	1	62	64	11	NA	NA	NA	NA	FALSE	NA	data.js:areas[Seafoam Islands B2F].wild-night[10]	Measured	rate Asserted from the locations sheet
static_pokemon	Keldeo	700	Seafoam Islands B2F	Kanto	fixed-overworld	NA	NA	1	NA	10	May	UNK	NA	NA	NA	NA	NA	NA	NA	NA	TRUE	one-time placement	data.js:areas[Seafoam Islands B2F].fixed-overworld[10]	Measured	NONE
item_ground	TM70	395	Seafoam Islands B2F	Kanto	item-standard	NA	NA	1	NA	10	May	UNK	NA	NA	NA	NA	NA	70	Triple Axel	NA	TRUE	single placement	data.js:areas[Seafoam Islands B2F].item-standard[10]	Measured	NONE
item_ground	Laprasite	729	Seafoam Islands B2F	Kanto	item-standard	NA	NA	1	NA	10	May	UNK	NA	NA	NA	NA	NA	NA	NA	NA	TRUE	single placement	data.js:areas[Seafoam Islands B2F].item-standard[10]	Measured	NONE
wild_encounter	Abomasnow	513	Seafoam Islands B3F	Kanto	wild-day	NA	NA	REPEATABLE	NA	10	May	UNK	20	62	64	0	NA	NA	NA	NA	FALSE	NA	data.js:areas[Seafoam Islands B3F].wild-day[10]	Measured	rate Asserted from the locations sheet
wild_encounter	Snover	512	Seafoam Islands B3F	Kanto	wild-day	NA	NA	REPEATABLE	NA	10	May	UNK	20	62	64	1	NA	NA	NA	NA	FALSE	NA	data.js:areas[Seafoam Islands B3F].wild-day[10]	Measured	rate Asserted from the locations sheet
wild_encounter	Ninetales-Alola	1026	Seafoam Islands B3F	Kanto	wild-day	NA	NA	REPEATABLE	NA	10	May	UNK	10	62	64	2	NA	NA	NA	NA	FALSE	NA	data.js:areas[Seafoam Islands B3F].wild-day[10]	Measured	rate Asserted from the locations sheet
wild_encounter	Ninetales-Alola	1026	Seafoam Islands B3F	Kanto	wild-day	NA	NA	REPEATABLE	NA	10	May	UNK	10	62	64	3	NA	NA	NA	NA	FALSE	NA	data.js:areas[Seafoam Islands B3F].wild-day[10]	Measured	rate Asserted from the locations sheet
wild_encounter	Crawdaunt	327	Seafoam Islands B3F	Kanto	wild-day	NA	NA	REPEATABLE	NA	10	May	UNK	10	62	64	4	NA	NA	NA	NA	FALSE	NA	data.js:areas[Seafoam Islands B3F].wild-day[10]	Measured	rate Asserted from the locations sheet
wild_encounter	Crawdaunt	327	Seafoam Islands B3F	Kanto	wild-day	NA	NA	REPEATABLE	NA	10	May	UNK	10	62	64	5	NA	NA	NA	NA	FALSE	NA	data.js:areas[Seafoam Islands B3F].wild-day[10]	Measured	rate Asserted from the locations sheet
wild_encounter	Golbat	42	Seafoam Islands B3F	Kanto	wild-day	NA	NA	REPEATABLE	NA	10	May	UNK	5	62	64	6	NA	NA	NA	NA	FALSE	NA	data.js:areas[Seafoam Islands B3F].wild-day[10]	Measured	rate Asserted from the locations sheet
wild_encounter	Golbat	42	Seafoam Islands B3F	Kanto	wild-day	NA	NA	REPEATABLE	NA	10	May	UNK	5	62	64	7	NA	NA	NA	NA	FALSE	NA	data.js:areas[Seafoam Islands B3F].wild-day[10]	Measured	rate Asserted from the locations sheet
wild_encounter	Sneasel	215	Seafoam Islands B3F	Kanto	wild-day	NA	NA	REPEATABLE	NA	10	May	UNK	4	62	64	8	NA	NA	NA	NA	FALSE	NA	data.js:areas[Seafoam Islands B3F].wild-day[10]	Measured	rate Asserted from the locations sheet
wild_encounter	Sneasel	215	Seafoam Islands B3F	Kanto	wild-day	NA	NA	REPEATABLE	NA	10	May	UNK	4	62	64	9	NA	NA	NA	NA	FALSE	NA	data.js:areas[Seafoam Islands B3F].wild-day[10]	Measured	rate Asserted from the locations sheet
wild_encounter	Delibird	225	Seafoam Islands B3F	Kanto	wild-day	NA	NA	REPEATABLE	NA	10	May	UNK	1	62	64	10	NA	NA	NA	NA	FALSE	NA	data.js:areas[Seafoam Islands B3F].wild-day[10]	Measured	rate Asserted from the locations sheet
wild_encounter	Delibird	225	Seafoam Islands B3F	Kanto	wild-day	NA	NA	REPEATABLE	NA	10	May	UNK	1	62	64	11	NA	NA	NA	NA	FALSE	NA	data.js:areas[Seafoam Islands B3F].wild-day[10]	Measured	rate Asserted from the locations sheet
wild_encounter	Abomasnow	513	Seafoam Islands B3F	Kanto	wild-night	NA	NA	REPEATABLE	NA	10	May	UNK	20	62	64	0	NA	NA	NA	NA	FALSE	NA	data.js:areas[Seafoam Islands B3F].wild-night[10]	Measured	rate Asserted from the locations sheet
wild_encounter	Snorunt	346	Seafoam Islands B3F	Kanto	wild-night	NA	NA	REPEATABLE	NA	10	May	UNK	20	62	64	1	NA	NA	NA	NA	FALSE	NA	data.js:areas[Seafoam Islands B3F].wild-night[10]	Measured	rate Asserted from the locations sheet
wild_encounter	Ninetales-Alola	1026	Seafoam Islands B3F	Kanto	wild-night	NA	NA	REPEATABLE	NA	10	May	UNK	10	62	64	2	NA	NA	NA	NA	FALSE	NA	data.js:areas[Seafoam Islands B3F].wild-night[10]	Measured	rate Asserted from the locations sheet
wild_encounter	Ninetales-Alola	1026	Seafoam Islands B3F	Kanto	wild-night	NA	NA	REPEATABLE	NA	10	May	UNK	10	62	64	3	NA	NA	NA	NA	FALSE	NA	data.js:areas[Seafoam Islands B3F].wild-night[10]	Measured	rate Asserted from the locations sheet
wild_encounter	Kingler	99	Seafoam Islands B3F	Kanto	wild-night	NA	NA	REPEATABLE	NA	10	May	UNK	10	62	64	4	NA	NA	NA	NA	FALSE	NA	data.js:areas[Seafoam Islands B3F].wild-night[10]	Measured	rate Asserted from the locations sheet
wild_encounter	Kingler	99	Seafoam Islands B3F	Kanto	wild-night	NA	NA	REPEATABLE	NA	10	May	UNK	10	62	64	5	NA	NA	NA	NA	FALSE	NA	data.js:areas[Seafoam Islands B3F].wild-night[10]	Measured	rate Asserted from the locations sheet
wild_encounter	Golbat	42	Seafoam Islands B3F	Kanto	wild-night	NA	NA	REPEATABLE	NA	10	May	UNK	5	62	64	6	NA	NA	NA	NA	FALSE	NA	data.js:areas[Seafoam Islands B3F].wild-night[10]	Measured	rate Asserted from the locations sheet
wild_encounter	Golbat	42	Seafoam Islands B3F	Kanto	wild-night	NA	NA	REPEATABLE	NA	10	May	UNK	5	62	64	7	NA	NA	NA	NA	FALSE	NA	data.js:areas[Seafoam Islands B3F].wild-night[10]	Measured	rate Asserted from the locations sheet
wild_encounter	Sneasel	215	Seafoam Islands B3F	Kanto	wild-night	NA	NA	REPEATABLE	NA	10	May	UNK	4	62	64	8	NA	NA	NA	NA	FALSE	NA	data.js:areas[Seafoam Islands B3F].wild-night[10]	Measured	rate Asserted from the locations sheet
wild_encounter	Sneasel	215	Seafoam Islands B3F	Kanto	wild-night	NA	NA	REPEATABLE	NA	10	May	UNK	4	62	64	9	NA	NA	NA	NA	FALSE	NA	data.js:areas[Seafoam Islands B3F].wild-night[10]	Measured	rate Asserted from the locations sheet
wild_encounter	Delibird	225	Seafoam Islands B3F	Kanto	wild-night	NA	NA	REPEATABLE	NA	10	May	UNK	1	62	64	10	NA	NA	NA	NA	FALSE	NA	data.js:areas[Seafoam Islands B3F].wild-night[10]	Measured	rate Asserted from the locations sheet
wild_encounter	Delibird	225	Seafoam Islands B3F	Kanto	wild-night	NA	NA	REPEATABLE	NA	10	May	UNK	1	62	64	11	NA	NA	NA	NA	FALSE	NA	data.js:areas[Seafoam Islands B3F].wild-night[10]	Measured	rate Asserted from the locations sheet
wild_encounter	Dewgong	87	Seafoam Islands B3F	Kanto	wild-surf	NA	NA	REPEATABLE	NA	10	May	UNK	60	56	58	0	NA	NA	NA	NA	FALSE	NA	data.js:areas[Seafoam Islands B3F].wild-surf[10]	Measured	rate Asserted from the locations sheet
wild_encounter	Walrein	343	Seafoam Islands B3F	Kanto	wild-surf	NA	NA	REPEATABLE	NA	10	May	UNK	30	56	58	1	NA	NA	NA	NA	FALSE	NA	data.js:areas[Seafoam Islands B3F].wild-surf[10]	Measured	rate Asserted from the locations sheet
wild_encounter	Crawdaunt	327	Seafoam Islands B3F	Kanto	wild-surf	NA	NA	REPEATABLE	NA	10	May	UNK	5	56	58	2	NA	NA	NA	NA	FALSE	NA	data.js:areas[Seafoam Islands B3F].wild-surf[10]	Measured	rate Asserted from the locations sheet
wild_encounter	Crawdaunt	327	Seafoam Islands B3F	Kanto	wild-surf	NA	NA	REPEATABLE	NA	10	May	UNK	4	56	58	3	NA	NA	NA	NA	FALSE	NA	data.js:areas[Seafoam Islands B3F].wild-surf[10]	Measured	rate Asserted from the locations sheet
wild_encounter	Crawdaunt	327	Seafoam Islands B3F	Kanto	wild-surf	NA	NA	REPEATABLE	NA	10	May	UNK	1	56	58	4	NA	NA	NA	NA	FALSE	NA	data.js:areas[Seafoam Islands B3F].wild-surf[10]	Measured	rate Asserted from the locations sheet
item_ground	Abomasite	576	Seafoam Islands B3F	Kanto	item-standard	NA	NA	1	NA	10	May	UNK	NA	NA	NA	NA	NA	NA	NA	NA	TRUE	single placement	data.js:areas[Seafoam Islands B3F].item-standard[10]	Measured	NONE
wild_encounter	Magikarp	129	Seafoam Islands B3F	Kanto	wild-oldRod	NA	NA	REPEATABLE	NA	10	May	UNK	70	2	4	0	NA	NA	NA	NA	FALSE	NA	data.js:areas[Seafoam Islands B3F].wild-oldRod[10]	Measured	rate Asserted from the locations sheet
wild_encounter	Goldeen	118	Seafoam Islands B3F	Kanto	wild-oldRod	NA	NA	REPEATABLE	NA	10	May	UNK	30	2	4	1	NA	NA	NA	NA	FALSE	NA	data.js:areas[Seafoam Islands B3F].wild-oldRod[10]	Measured	rate Asserted from the locations sheet
wild_encounter	Spheal	341	Seafoam Islands B3F	Kanto	wild-goodRod	NA	NA	REPEATABLE	NA	10	May	UNK	60	27	29	0	NA	NA	NA	NA	FALSE	NA	data.js:areas[Seafoam Islands B3F].wild-goodRod[10]	Measured	rate Asserted from the locations sheet
wild_encounter	Mareanie	964	Seafoam Islands B3F	Kanto	wild-goodRod	NA	NA	REPEATABLE	NA	10	May	UNK	20	27	29	1	NA	NA	NA	NA	FALSE	NA	data.js:areas[Seafoam Islands B3F].wild-goodRod[10]	Measured	rate Asserted from the locations sheet
wild_encounter	Krabby	98	Seafoam Islands B3F	Kanto	wild-goodRod	NA	NA	REPEATABLE	NA	10	May	UNK	20	27	29	2	NA	NA	NA	NA	FALSE	NA	data.js:areas[Seafoam Islands B3F].wild-goodRod[10]	Measured	rate Asserted from the locations sheet
wild_encounter	Seadra	117	Seafoam Islands B3F	Kanto	wild-superRod	NA	NA	REPEATABLE	NA	10	May	UNK	40	53	55	0	NA	NA	NA	NA	FALSE	NA	data.js:areas[Seafoam Islands B3F].wild-superRod[10]	Measured	rate Asserted from the locations sheet
wild_encounter	Seadra	117	Seafoam Islands B3F	Kanto	wild-superRod	NA	NA	REPEATABLE	NA	10	May	UNK	40	53	55	1	NA	NA	NA	NA	FALSE	NA	data.js:areas[Seafoam Islands B3F].wild-superRod[10]	Measured	rate Asserted from the locations sheet
wild_encounter	Gyarados	130	Seafoam Islands B3F	Kanto	wild-superRod	NA	NA	REPEATABLE	NA	10	May	UNK	15	53	55	2	NA	NA	NA	NA	FALSE	NA	data.js:areas[Seafoam Islands B3F].wild-superRod[10]	Measured	rate Asserted from the locations sheet
wild_encounter	Crawdaunt	327	Seafoam Islands B3F	Kanto	wild-superRod	NA	NA	REPEATABLE	NA	10	May	UNK	4	53	55	3	NA	NA	NA	NA	FALSE	NA	data.js:areas[Seafoam Islands B3F].wild-superRod[10]	Measured	rate Asserted from the locations sheet
wild_encounter	Crawdaunt	327	Seafoam Islands B3F	Kanto	wild-superRod	NA	NA	REPEATABLE	NA	10	May	UNK	1	53	55	4	NA	NA	NA	NA	FALSE	NA	data.js:areas[Seafoam Islands B3F].wild-superRod[10]	Measured	rate Asserted from the locations sheet
wild_encounter	Piloswine	221	Seafoam Islands B4F	Kanto	wild-day	NA	NA	REPEATABLE	NA	10	May	UNK	20	62	64	0	NA	NA	NA	NA	FALSE	NA	data.js:areas[Seafoam Islands B4F].wild-day[10]	Measured	rate Asserted from the locations sheet
wild_encounter	Darmanitan-Galar	1226	Seafoam Islands B4F	Kanto	wild-day	NA	NA	REPEATABLE	NA	10	May	UNK	20	62	64	1	NA	NA	NA	NA	FALSE	NA	data.js:areas[Seafoam Islands B4F].wild-day[10]	Measured	rate Asserted from the locations sheet
wild_encounter	Ninetales-Alola	1026	Seafoam Islands B4F	Kanto	wild-day	NA	NA	REPEATABLE	NA	10	May	UNK	10	62	64	2	NA	NA	NA	NA	FALSE	NA	data.js:areas[Seafoam Islands B4F].wild-day[10]	Measured	rate Asserted from the locations sheet
wild_encounter	Ninetales-Alola	1026	Seafoam Islands B4F	Kanto	wild-day	NA	NA	REPEATABLE	NA	10	May	UNK	10	62	64	3	NA	NA	NA	NA	FALSE	NA	data.js:areas[Seafoam Islands B4F].wild-day[10]	Measured	rate Asserted from the locations sheet
wild_encounter	Dewgong	87	Seafoam Islands B4F	Kanto	wild-day	NA	NA	REPEATABLE	NA	10	May	UNK	10	62	64	4	NA	NA	NA	NA	FALSE	NA	data.js:areas[Seafoam Islands B4F].wild-day[10]	Measured	rate Asserted from the locations sheet
wild_encounter	Dewgong	87	Seafoam Islands B4F	Kanto	wild-day	NA	NA	REPEATABLE	NA	10	May	UNK	10	62	64	5	NA	NA	NA	NA	FALSE	NA	data.js:areas[Seafoam Islands B4F].wild-day[10]	Measured	rate Asserted from the locations sheet
wild_encounter	Golbat	42	Seafoam Islands B4F	Kanto	wild-day	NA	NA	REPEATABLE	NA	10	May	UNK	5	62	64	6	NA	NA	NA	NA	FALSE	NA	data.js:areas[Seafoam Islands B4F].wild-day[10]	Measured	rate Asserted from the locations sheet
wild_encounter	Golbat	42	Seafoam Islands B4F	Kanto	wild-day	NA	NA	REPEATABLE	NA	10	May	UNK	5	62	64	7	NA	NA	NA	NA	FALSE	NA	data.js:areas[Seafoam Islands B4F].wild-day[10]	Measured	rate Asserted from the locations sheet
wild_encounter	Frosmoth	1165	Seafoam Islands B4F	Kanto	wild-day	NA	NA	REPEATABLE	NA	10	May	UNK	4	62	64	8	NA	NA	NA	NA	FALSE	NA	data.js:areas[Seafoam Islands B4F].wild-day[10]	Measured	rate Asserted from the locations sheet
wild_encounter	Frosmoth	1165	Seafoam Islands B4F	Kanto	wild-day	NA	NA	REPEATABLE	NA	10	May	UNK	4	62	64	9	NA	NA	NA	NA	FALSE	NA	data.js:areas[Seafoam Islands B4F].wild-day[10]	Measured	rate Asserted from the locations sheet
wild_encounter	Jynx	124	Seafoam Islands B4F	Kanto	wild-day	NA	NA	REPEATABLE	NA	10	May	UNK	1	62	64	10	NA	NA	NA	NA	FALSE	NA	data.js:areas[Seafoam Islands B4F].wild-day[10]	Measured	rate Asserted from the locations sheet
wild_encounter	Jynx	124	Seafoam Islands B4F	Kanto	wild-day	NA	NA	REPEATABLE	NA	10	May	UNK	1	62	64	11	NA	NA	NA	NA	FALSE	NA	data.js:areas[Seafoam Islands B4F].wild-day[10]	Measured	rate Asserted from the locations sheet
wild_encounter	Sandslash-Alola	1024	Seafoam Islands B4F	Kanto	wild-night	NA	NA	REPEATABLE	NA	10	May	UNK	20	62	64	0	NA	NA	NA	NA	FALSE	NA	data.js:areas[Seafoam Islands B4F].wild-night[10]	Measured	rate Asserted from the locations sheet
wild_encounter	Darmanitan-Galar	1226	Seafoam Islands B4F	Kanto	wild-night	NA	NA	REPEATABLE	NA	10	May	UNK	20	62	64	1	NA	NA	NA	NA	FALSE	NA	data.js:areas[Seafoam Islands B4F].wild-night[10]	Measured	rate Asserted from the locations sheet
wild_encounter	Ninetales-Alola	1026	Seafoam Islands B4F	Kanto	wild-night	NA	NA	REPEATABLE	NA	10	May	UNK	10	62	64	2	NA	NA	NA	NA	FALSE	NA	data.js:areas[Seafoam Islands B4F].wild-night[10]	Measured	rate Asserted from the locations sheet
wild_encounter	Ninetales-Alola	1026	Seafoam Islands B4F	Kanto	wild-night	NA	NA	REPEATABLE	NA	10	May	UNK	10	62	64	3	NA	NA	NA	NA	FALSE	NA	data.js:areas[Seafoam Islands B4F].wild-night[10]	Measured	rate Asserted from the locations sheet
wild_encounter	Golduck	55	Seafoam Islands B4F	Kanto	wild-night	NA	NA	REPEATABLE	NA	10	May	UNK	10	62	64	4	NA	NA	NA	NA	FALSE	NA	data.js:areas[Seafoam Islands B4F].wild-night[10]	Measured	rate Asserted from the locations sheet
wild_encounter	Golduck	55	Seafoam Islands B4F	Kanto	wild-night	NA	NA	REPEATABLE	NA	10	May	UNK	10	62	64	5	NA	NA	NA	NA	FALSE	NA	data.js:areas[Seafoam Islands B4F].wild-night[10]	Measured	rate Asserted from the locations sheet
wild_encounter	Golbat	42	Seafoam Islands B4F	Kanto	wild-night	NA	NA	REPEATABLE	NA	10	May	UNK	5	62	64	6	NA	NA	NA	NA	FALSE	NA	data.js:areas[Seafoam Islands B4F].wild-night[10]	Measured	rate Asserted from the locations sheet
wild_encounter	Golbat	42	Seafoam Islands B4F	Kanto	wild-night	NA	NA	REPEATABLE	NA	10	May	UNK	5	62	64	7	NA	NA	NA	NA	FALSE	NA	data.js:areas[Seafoam Islands B4F].wild-night[10]	Measured	rate Asserted from the locations sheet
wild_encounter	Frosmoth	1165	Seafoam Islands B4F	Kanto	wild-night	NA	NA	REPEATABLE	NA	10	May	UNK	4	62	64	8	NA	NA	NA	NA	FALSE	NA	data.js:areas[Seafoam Islands B4F].wild-night[10]	Measured	rate Asserted from the locations sheet
wild_encounter	Frosmoth	1165	Seafoam Islands B4F	Kanto	wild-night	NA	NA	REPEATABLE	NA	10	May	UNK	4	62	64	9	NA	NA	NA	NA	FALSE	NA	data.js:areas[Seafoam Islands B4F].wild-night[10]	Measured	rate Asserted from the locations sheet
wild_encounter	Jynx	124	Seafoam Islands B4F	Kanto	wild-night	NA	NA	REPEATABLE	NA	10	May	UNK	1	62	64	10	NA	NA	NA	NA	FALSE	NA	data.js:areas[Seafoam Islands B4F].wild-night[10]	Measured	rate Asserted from the locations sheet
wild_encounter	Jynx	124	Seafoam Islands B4F	Kanto	wild-night	NA	NA	REPEATABLE	NA	10	May	UNK	1	62	64	11	NA	NA	NA	NA	FALSE	NA	data.js:areas[Seafoam Islands B4F].wild-night[10]	Measured	rate Asserted from the locations sheet
wild_encounter	Golduck	55	Seafoam Islands B4F	Kanto	wild-surf	NA	NA	REPEATABLE	NA	10	May	UNK	60	56	58	0	NA	NA	NA	NA	FALSE	NA	data.js:areas[Seafoam Islands B4F].wild-surf[10]	Measured	rate Asserted from the locations sheet
wild_encounter	Slowbro	80	Seafoam Islands B4F	Kanto	wild-surf	NA	NA	REPEATABLE	NA	10	May	UNK	30	56	58	1	NA	NA	NA	NA	FALSE	NA	data.js:areas[Seafoam Islands B4F].wild-surf[10]	Measured	rate Asserted from the locations sheet
wild_encounter	Sharpedo	331	Seafoam Islands B4F	Kanto	wild-surf	NA	NA	REPEATABLE	NA	10	May	UNK	5	56	58	2	NA	NA	NA	NA	FALSE	NA	data.js:areas[Seafoam Islands B4F].wild-surf[10]	Measured	rate Asserted from the locations sheet
wild_encounter	Sharpedo	331	Seafoam Islands B4F	Kanto	wild-surf	NA	NA	REPEATABLE	NA	10	May	UNK	4	56	58	3	NA	NA	NA	NA	FALSE	NA	data.js:areas[Seafoam Islands B4F].wild-surf[10]	Measured	rate Asserted from the locations sheet
wild_encounter	Sharpedo	331	Seafoam Islands B4F	Kanto	wild-surf	NA	NA	REPEATABLE	NA	10	May	UNK	1	56	58	4	NA	NA	NA	NA	FALSE	NA	data.js:areas[Seafoam Islands B4F].wild-surf[10]	Measured	rate Asserted from the locations sheet
item_hidden	Nugget	110	Seafoam Islands B4F	Kanto	item-hidden	NA	NA	10	NA	10	May	UNK	NA	NA	NA	NA	NA	NA	NA	NA	TRUE	single placement	data.js:areas[Seafoam Islands B4F].item-hidden[10]	Asserted	 quantity from the official item sheet
wild_encounter	Magikarp	129	Seafoam Islands B4F	Kanto	wild-oldRod	NA	NA	REPEATABLE	NA	10	May	UNK	70	2	4	0	NA	NA	NA	NA	FALSE	NA	data.js:areas[Seafoam Islands B4F].wild-oldRod[10]	Measured	rate Asserted from the locations sheet
wild_encounter	Remoraid	223	Seafoam Islands B4F	Kanto	wild-oldRod	NA	NA	REPEATABLE	NA	10	May	UNK	30	2	4	1	NA	NA	NA	NA	FALSE	NA	data.js:areas[Seafoam Islands B4F].wild-oldRod[10]	Measured	rate Asserted from the locations sheet
wild_encounter	Spheal	341	Seafoam Islands B4F	Kanto	wild-goodRod	NA	NA	REPEATABLE	NA	10	May	UNK	60	27	29	0	NA	NA	NA	NA	FALSE	NA	data.js:areas[Seafoam Islands B4F].wild-goodRod[10]	Measured	rate Asserted from the locations sheet
wild_encounter	Shellder	90	Seafoam Islands B4F	Kanto	wild-goodRod	NA	NA	REPEATABLE	NA	10	May	UNK	20	27	29	1	NA	NA	NA	NA	FALSE	NA	data.js:areas[Seafoam Islands B4F].wild-goodRod[10]	Measured	rate Asserted from the locations sheet
wild_encounter	Carvanha	330	Seafoam Islands B4F	Kanto	wild-goodRod	NA	NA	REPEATABLE	NA	10	May	UNK	20	27	29	2	NA	NA	NA	NA	FALSE	NA	data.js:areas[Seafoam Islands B4F].wild-goodRod[10]	Measured	rate Asserted from the locations sheet
wild_encounter	Seadra	117	Seafoam Islands B4F	Kanto	wild-superRod	NA	NA	REPEATABLE	NA	10	May	UNK	40	53	55	0	NA	NA	NA	NA	FALSE	NA	data.js:areas[Seafoam Islands B4F].wild-superRod[10]	Measured	rate Asserted from the locations sheet
wild_encounter	Seadra	117	Seafoam Islands B4F	Kanto	wild-superRod	NA	NA	REPEATABLE	NA	10	May	UNK	40	53	55	1	NA	NA	NA	NA	FALSE	NA	data.js:areas[Seafoam Islands B4F].wild-superRod[10]	Measured	rate Asserted from the locations sheet
wild_encounter	Gyarados	130	Seafoam Islands B4F	Kanto	wild-superRod	NA	NA	REPEATABLE	NA	10	May	UNK	15	53	55	2	NA	NA	NA	NA	FALSE	NA	data.js:areas[Seafoam Islands B4F].wild-superRod[10]	Measured	rate Asserted from the locations sheet
wild_encounter	Grapploct	1145	Seafoam Islands B4F	Kanto	wild-superRod	NA	NA	REPEATABLE	NA	10	May	UNK	4	53	55	3	NA	NA	NA	NA	FALSE	NA	data.js:areas[Seafoam Islands B4F].wild-superRod[10]	Measured	rate Asserted from the locations sheet
wild_encounter	Grapploct	1145	Seafoam Islands B4F	Kanto	wild-superRod	NA	NA	REPEATABLE	NA	10	May	UNK	1	53	55	4	NA	NA	NA	NA	FALSE	NA	data.js:areas[Seafoam Islands B4F].wild-superRod[10]	Measured	rate Asserted from the locations sheet
static_pokemon	Articuno	144	Seafoam Islands B5F	Kanto	fixed-overworld	NA	NA	1	NA	10	May	UNK	NA	NA	NA	NA	NA	NA	NA	NA	TRUE	one-time placement	data.js:areas[Seafoam Islands B5F].fixed-overworld[10]	Measured	NONE
static_pokemon	Articuno-Galar	1217	Seafoam Islands B5F	Kanto	fixed-overworld	NA	NA	1	NA	10	May	UNK	NA	NA	NA	NA	NA	NA	NA	NA	TRUE	one-time placement	data.js:areas[Seafoam Islands B5F].fixed-overworld[10]	Measured	NONE
item_ground	Ultra Ball	2	Seafoam Islands B5F	Kanto	item-standard	NA	NA	10	NA	10	May	UNK	NA	NA	NA	NA	NA	NA	NA	NA	TRUE	single placement	data.js:areas[Seafoam Islands B5F].item-standard[10]	Asserted	 quantity from the official item sheet
item_hidden	Water Stone	97	Seafoam Islands B5F	Kanto	item-hidden	NA	NA	1	NA	10	May	UNK	NA	NA	NA	NA	NA	NA	NA	NA	TRUE	single placement	data.js:areas[Seafoam Islands B5F].item-hidden[10]	Measured	NONE
vendor_stock	Ultra Ball	2	Cinnabar Island Poke Mart	Kanto	item-shop	UNK	money	UNLIMITED	NA	10	May	UNK	NA	NA	NA	NA	NA	NA	NA	NA	FALSE	NA	data.js:areas[Cinnabar Island Poke Mart].item-shop[10]	Measured	NONE
vendor_stock	Great Ball	3	Cinnabar Island Poke Mart	Kanto	item-shop	UNK	money	UNLIMITED	NA	10	May	UNK	NA	NA	NA	NA	NA	NA	NA	NA	FALSE	NA	data.js:areas[Cinnabar Island Poke Mart].item-shop[10]	Measured	NONE
vendor_stock	Poke Ball	4	Cinnabar Island Poke Mart	Kanto	item-shop	UNK	money	UNLIMITED	NA	10	May	UNK	NA	NA	NA	NA	NA	NA	NA	NA	FALSE	NA	data.js:areas[Cinnabar Island Poke Mart].item-shop[10]	Measured	NONE
vendor_stock	Potion	13	Cinnabar Island Poke Mart	Kanto	item-shop	UNK	money	UNLIMITED	NA	10	May	UNK	NA	NA	NA	NA	NA	NA	NA	NA	FALSE	NA	data.js:areas[Cinnabar Island Poke Mart].item-shop[10]	Measured	NONE
vendor_stock	Antidote	14	Cinnabar Island Poke Mart	Kanto	item-shop	UNK	money	UNLIMITED	NA	10	May	UNK	NA	NA	NA	NA	NA	NA	NA	NA	FALSE	NA	data.js:areas[Cinnabar Island Poke Mart].item-shop[10]	Measured	NONE
vendor_stock	Burn Heal	15	Cinnabar Island Poke Mart	Kanto	item-shop	UNK	money	UNLIMITED	NA	10	May	UNK	NA	NA	NA	NA	NA	NA	NA	NA	FALSE	NA	data.js:areas[Cinnabar Island Poke Mart].item-shop[10]	Measured	NONE
vendor_stock	Ice Heal	16	Cinnabar Island Poke Mart	Kanto	item-shop	UNK	money	UNLIMITED	NA	10	May	UNK	NA	NA	NA	NA	NA	NA	NA	NA	FALSE	NA	data.js:areas[Cinnabar Island Poke Mart].item-shop[10]	Measured	NONE
vendor_stock	Awakening	17	Cinnabar Island Poke Mart	Kanto	item-shop	UNK	money	UNLIMITED	NA	10	May	UNK	NA	NA	NA	NA	NA	NA	NA	NA	FALSE	NA	data.js:areas[Cinnabar Island Poke Mart].item-shop[10]	Measured	NONE
vendor_stock	Paralyze Heal	18	Cinnabar Island Poke Mart	Kanto	item-shop	UNK	money	UNLIMITED	NA	10	May	UNK	NA	NA	NA	NA	NA	NA	NA	NA	FALSE	NA	data.js:areas[Cinnabar Island Poke Mart].item-shop[10]	Measured	NONE
vendor_stock	Full Restore	19	Cinnabar Island Poke Mart	Kanto	item-shop	UNK	money	UNLIMITED	NA	10	May	UNK	NA	NA	NA	NA	NA	NA	NA	NA	FALSE	NA	data.js:areas[Cinnabar Island Poke Mart].item-shop[10]	Measured	NONE
vendor_stock	Max Potion	20	Cinnabar Island Poke Mart	Kanto	item-shop	UNK	money	UNLIMITED	NA	10	May	UNK	NA	NA	NA	NA	NA	NA	NA	NA	FALSE	NA	data.js:areas[Cinnabar Island Poke Mart].item-shop[10]	Measured	NONE
vendor_stock	Hyper Potion	21	Cinnabar Island Poke Mart	Kanto	item-shop	UNK	money	UNLIMITED	NA	10	May	UNK	NA	NA	NA	NA	NA	NA	NA	NA	FALSE	NA	data.js:areas[Cinnabar Island Poke Mart].item-shop[10]	Measured	NONE
vendor_stock	Super Potion	22	Cinnabar Island Poke Mart	Kanto	item-shop	UNK	money	UNLIMITED	NA	10	May	UNK	NA	NA	NA	NA	NA	NA	NA	NA	FALSE	NA	data.js:areas[Cinnabar Island Poke Mart].item-shop[10]	Measured	NONE
vendor_stock	Full Heal	23	Cinnabar Island Poke Mart	Kanto	item-shop	UNK	money	UNLIMITED	NA	10	May	UNK	NA	NA	NA	NA	NA	NA	NA	NA	FALSE	NA	data.js:areas[Cinnabar Island Poke Mart].item-shop[10]	Measured	NONE
vendor_stock	Revive	24	Cinnabar Island Poke Mart	Kanto	item-shop	UNK	money	UNLIMITED	NA	10	May	UNK	NA	NA	NA	NA	NA	NA	NA	NA	FALSE	NA	data.js:areas[Cinnabar Island Poke Mart].item-shop[10]	Measured	NONE
vendor_stock	Super Repel	83	Cinnabar Island Poke Mart	Kanto	item-shop	UNK	money	UNLIMITED	NA	10	May	UNK	NA	NA	NA	NA	NA	NA	NA	NA	FALSE	NA	data.js:areas[Cinnabar Island Poke Mart].item-shop[10]	Measured	NONE
vendor_stock	Max Repel	84	Cinnabar Island Poke Mart	Kanto	item-shop	UNK	money	UNLIMITED	NA	10	May	UNK	NA	NA	NA	NA	NA	NA	NA	NA	FALSE	NA	data.js:areas[Cinnabar Island Poke Mart].item-shop[10]	Measured	NONE
vendor_stock	Escape Rope	85	Cinnabar Island Poke Mart	Kanto	item-shop	UNK	money	UNLIMITED	NA	10	May	UNK	NA	NA	NA	NA	NA	NA	NA	NA	FALSE	NA	data.js:areas[Cinnabar Island Poke Mart].item-shop[10]	Measured	NONE
vendor_stock	Repel	86	Cinnabar Island Poke Mart	Kanto	item-shop	UNK	money	UNLIMITED	NA	10	May	UNK	NA	NA	NA	NA	NA	NA	NA	NA	FALSE	NA	data.js:areas[Cinnabar Island Poke Mart].item-shop[10]	Measured	NONE
item_ground	Choice Band	186	Cinnabar Island Lab	Kanto	item-standard	NA	NA	10	NA	10	May	UNK	NA	NA	NA	NA	NA	NA	NA	NA	TRUE	single placement	data.js:areas[Cinnabar Island Lab].item-standard[10]	Asserted	 quantity from the official item sheet
item_ground	Steelixite	549	Cinnabar Island Lab	Kanto	item-standard	NA	NA	1	NA	10	May	UNK	NA	NA	NA	NA	NA	NA	NA	NA	TRUE	single placement	data.js:areas[Cinnabar Island Lab].item-standard[10]	Measured	NONE
item_ground	Aggronite	560	Cinnabar Island Lab	Kanto	item-standard	NA	NA	1	NA	10	May	UNK	NA	NA	NA	NA	NA	NA	NA	NA	TRUE	single placement	data.js:areas[Cinnabar Island Lab].item-standard[10]	Measured	NONE
item_ground	Assault Vest	711	Cinnabar Island Lab	Kanto	item-standard	NA	NA	1	NA	10	May	UNK	NA	NA	NA	NA	NA	NA	NA	NA	TRUE	single placement	data.js:areas[Cinnabar Island Lab].item-standard[10]	Measured	NONE
item_ground	Prison Bottle	482	Cinnabar Island Lab	Kanto	item-standard	NA	NA	1	NA	11	Blaine	UNK	NA	NA	NA	NA	NA	NA	NA	NA	TRUE	single placement	data.js:areas[Cinnabar Island Lab].item-standard[11]	Measured	NONE
item_ground	Reveal Glass	481	Cinnabar Island Lab	Kanto	item-standard	NA	NA	1	NA	15	Brendan	UNK	NA	NA	NA	NA	NA	NA	NA	NA	TRUE	single placement	data.js:areas[Cinnabar Island Lab].item-standard[15]	Measured	NONE
item_ground	Latiosite	572	Cinnabar Island Lab	Kanto	item-standard	NA	NA	1	NA	15	Brendan	UNK	NA	NA	NA	NA	NA	NA	NA	NA	TRUE	single placement	data.js:areas[Cinnabar Island Lab].item-standard[15]	Measured	NONE
item_ground	Latiasite	571	Cinnabar Island Lab	Kanto	item-standard	NA	NA	1	NA	15	Brendan	UNK	NA	NA	NA	NA	NA	NA	NA	NA	TRUE	single placement	data.js:areas[Cinnabar Island Lab].item-standard[15]	Measured	NONE
item_ground	Soul Dew	191	Cinnabar Island Lab	Kanto	item-standard	NA	NA	2	NA	15	Brendan	UNK	NA	NA	NA	NA	NA	NA	NA	NA	TRUE	single placement	data.js:areas[Cinnabar Island Lab].item-standard[15]	Asserted	 quantity from the official item sheet
trade_pokemon	Mimikyu	995	Cinnabar Island Lab Meeting Room	Kanto	fixed-trade	NA	NA	1	NA	10	May	UNK	NA	NA	NA	NA	NA	NA	NA	NA	FALSE	NA	data.js:areas[Cinnabar Island Lab Meeting Room].fixed-trade[10]	Measured	NONE
tutor	tutor_slot_99	99	Cinnabar Island Lab RnD Room	Kanto	tutor	UNK	money	REPEATABLE	NA	10	May	UNK	NA	NA	NA	NA	NA	NA	Sunny Day	NA	FALSE	NA	data.js:areas[Cinnabar Island Lab RnD Room].tutors[10]	Measured	value is a tutorMoves slot index, not a move ID
tutor	tutor_slot_123	123	Cinnabar Island Lab RnD Room	Kanto	tutor	UNK	money	REPEATABLE	NA	10	May	UNK	NA	NA	NA	NA	NA	NA	Rain Dance	NA	FALSE	NA	data.js:areas[Cinnabar Island Lab RnD Room].tutors[10]	Measured	value is a tutorMoves slot index, not a move ID
tutor	tutor_slot_50	50	Cinnabar Island Lab RnD Room	Kanto	tutor	UNK	money	REPEATABLE	NA	10	May	UNK	NA	NA	NA	NA	NA	NA	Snowscape	NA	FALSE	NA	data.js:areas[Cinnabar Island Lab RnD Room].tutors[10]	Measured	value is a tutorMoves slot index, not a move ID
tutor	tutor_slot_109	109	Cinnabar Island Lab RnD Room	Kanto	tutor	UNK	money	REPEATABLE	NA	10	May	UNK	NA	NA	NA	NA	NA	NA	Sandstorm	NA	FALSE	NA	data.js:areas[Cinnabar Island Lab RnD Room].tutors[10]	Measured	value is a tutorMoves slot index, not a move ID
trade_pokemon	Ursaluna-Bloodmoon	1356	Cinnabar Island Lab Testing Room	Kanto	fixed-trade	NA	NA	1	NA	10	May	UNK	NA	NA	NA	NA	NA	NA	NA	NA	FALSE	NA	data.js:areas[Cinnabar Island Lab Testing Room].fixed-trade[10]	Measured	NONE
item_ground	Soul Dew	191	Cinnabar Island Lab Testing Room	Kanto	item-standard	NA	NA	2	NA	10	May	UNK	NA	NA	NA	NA	NA	NA	NA	NA	TRUE	single placement	data.js:areas[Cinnabar Island Lab Testing Room].item-standard[10]	Asserted	 quantity from the official item sheet
item_ground	DNA Splicers	480	Cinnabar Island Lab Testing Room	Kanto	item-standard	NA	NA	1	NA	10	May	UNK	NA	NA	NA	NA	NA	NA	NA	NA	TRUE	single placement	data.js:areas[Cinnabar Island Lab Testing Room].item-standard[10]	Measured	NONE
item_ground	Reveal Glass	481	Cinnabar Island Lab Testing Room	Kanto	item-standard	NA	NA	1	NA	10	May	UNK	NA	NA	NA	NA	NA	NA	NA	NA	TRUE	single placement	data.js:areas[Cinnabar Island Lab Testing Room].item-standard[10]	Measured	NONE
item_ground	Prison Bottle	482	Cinnabar Island Lab Testing Room	Kanto	item-standard	NA	NA	1	NA	10	May	UNK	NA	NA	NA	NA	NA	NA	NA	NA	TRUE	single placement	data.js:areas[Cinnabar Island Lab Testing Room].item-standard[10]	Measured	NONE
item_ground	Latiasite	571	Cinnabar Island Lab Testing Room	Kanto	item-standard	NA	NA	1	NA	10	May	UNK	NA	NA	NA	NA	NA	NA	NA	NA	TRUE	single placement	data.js:areas[Cinnabar Island Lab Testing Room].item-standard[10]	Measured	NONE
item_ground	Latiosite	572	Cinnabar Island Lab Testing Room	Kanto	item-standard	NA	NA	1	NA	10	May	UNK	NA	NA	NA	NA	NA	NA	NA	NA	TRUE	single placement	data.js:areas[Cinnabar Island Lab Testing Room].item-standard[10]	Measured	NONE
tutor	tutor_slot_126	126	Cinnabar Island Lab Testing Room	Kanto	tutor	UNK	money	REPEATABLE	NA	10	May	UNK	NA	NA	NA	NA	NA	NA	Power Whip	NA	FALSE	NA	data.js:areas[Cinnabar Island Lab Testing Room].tutors[10]	Measured	value is a tutorMoves slot index, not a move ID
tutor	tutor_slot_105	105	Cinnabar Island Lab Testing Room	Kanto	tutor	UNK	money	REPEATABLE	NA	10	May	UNK	NA	NA	NA	NA	NA	NA	Bug Buzz	NA	FALSE	NA	data.js:areas[Cinnabar Island Lab Testing Room].tutors[10]	Measured	value is a tutorMoves slot index, not a move ID
tutor	tutor_slot_113	113	Cinnabar Island Lab Testing Room	Kanto	tutor	UNK	money	REPEATABLE	NA	10	May	UNK	NA	NA	NA	NA	NA	NA	Phantom Force	NA	FALSE	NA	data.js:areas[Cinnabar Island Lab Testing Room].tutors[10]	Measured	value is a tutorMoves slot index, not a move ID
tutor	tutor_slot_121	121	Cinnabar Island Lab Testing Room	Kanto	tutor	UNK	money	REPEATABLE	NA	10	May	UNK	NA	NA	NA	NA	NA	NA	Flare Blitz	NA	FALSE	NA	data.js:areas[Cinnabar Island Lab Testing Room].tutors[10]	Measured	value is a tutorMoves slot index, not a move ID
tutor	tutor_slot_97	97	Cinnabar Island Lab Testing Room	Kanto	tutor	UNK	money	REPEATABLE	NA	10	May	UNK	NA	NA	NA	NA	NA	NA	Stored Power	NA	FALSE	NA	data.js:areas[Cinnabar Island Lab Testing Room].tutors[10]	Measured	value is a tutorMoves slot index, not a move ID
tutor	tutor_slot_125	125	Cinnabar Island Lab Testing Room	Kanto	tutor	UNK	money	REPEATABLE	NA	10	May	UNK	NA	NA	NA	NA	NA	NA	Megahorn	NA	FALSE	NA	data.js:areas[Cinnabar Island Lab Testing Room].tutors[10]	Measured	value is a tutorMoves slot index, not a move ID
tutor	tutor_slot_101	101	Cinnabar Island Lab Testing Room	Kanto	tutor	UNK	money	REPEATABLE	NA	10	May	UNK	NA	NA	NA	NA	NA	NA	Solar Beam	NA	FALSE	NA	data.js:areas[Cinnabar Island Lab Testing Room].tutors[10]	Measured	value is a tutorMoves slot index, not a move ID
tutor	tutor_slot_127	127	Cinnabar Island Lab Testing Room	Kanto	tutor	UNK	money	REPEATABLE	NA	10	May	UNK	NA	NA	NA	NA	NA	NA	Solar Blade	NA	FALSE	NA	data.js:areas[Cinnabar Island Lab Testing Room].tutors[10]	Measured	value is a tutorMoves slot index, not a move ID
tutor	tutor_slot_126	126	Cinnabar Island Lab Testing Room	Kanto	tutor	UNK	money	REPEATABLE	NA	10	May	UNK	NA	NA	NA	NA	NA	NA	Power Whip	NA	FALSE	NA	data.js:areas[Cinnabar Island Lab Testing Room].tutors[10]	Measured	value is a tutorMoves slot index, not a move ID
tutor	tutor_slot_105	105	Cinnabar Island Lab Testing Room	Kanto	tutor	UNK	money	REPEATABLE	NA	10	May	UNK	NA	NA	NA	NA	NA	NA	Bug Buzz	NA	FALSE	NA	data.js:areas[Cinnabar Island Lab Testing Room].tutors[10]	Measured	value is a tutorMoves slot index, not a move ID
tutor	tutor_slot_113	113	Cinnabar Island Lab Testing Room	Kanto	tutor	UNK	money	REPEATABLE	NA	10	May	UNK	NA	NA	NA	NA	NA	NA	Phantom Force	NA	FALSE	NA	data.js:areas[Cinnabar Island Lab Testing Room].tutors[10]	Measured	value is a tutorMoves slot index, not a move ID
tutor	tutor_slot_121	121	Cinnabar Island Lab Testing Room	Kanto	tutor	UNK	money	REPEATABLE	NA	10	May	UNK	NA	NA	NA	NA	NA	NA	Flare Blitz	NA	FALSE	NA	data.js:areas[Cinnabar Island Lab Testing Room].tutors[10]	Measured	value is a tutorMoves slot index, not a move ID
tutor	tutor_slot_97	97	Cinnabar Island Lab Testing Room	Kanto	tutor	UNK	money	REPEATABLE	NA	10	May	UNK	NA	NA	NA	NA	NA	NA	Stored Power	NA	FALSE	NA	data.js:areas[Cinnabar Island Lab Testing Room].tutors[10]	Measured	value is a tutorMoves slot index, not a move ID
tutor	tutor_slot_28	28	Cinnabar Island Lab Testing Room	Kanto	tutor	UNK	money	REPEATABLE	NA	10	May	UNK	NA	NA	NA	NA	NA	NA	Tailwind	NA	FALSE	NA	data.js:areas[Cinnabar Island Lab Testing Room].tutors[10]	Measured	value is a tutorMoves slot index, not a move ID
tutor	tutor_slot_125	125	Cinnabar Island Lab Testing Room	Kanto	tutor	UNK	money	REPEATABLE	NA	10	May	UNK	NA	NA	NA	NA	NA	NA	Megahorn	NA	FALSE	NA	data.js:areas[Cinnabar Island Lab Testing Room].tutors[10]	Measured	value is a tutorMoves slot index, not a move ID
tutor	tutor_slot_47	47	Cinnabar Island Lab Testing Room	Kanto	tutor	UNK	money	REPEATABLE	NA	10	May	UNK	NA	NA	NA	NA	NA	NA	Stealth Rock	NA	FALSE	NA	data.js:areas[Cinnabar Island Lab Testing Room].tutors[10]	Measured	value is a tutorMoves slot index, not a move ID
tutor	tutor_slot_72	72	Cinnabar Island Lab Testing Room	Kanto	tutor	UNK	money	REPEATABLE	NA	10	May	UNK	NA	NA	NA	NA	NA	NA	Spikes	NA	FALSE	NA	data.js:areas[Cinnabar Island Lab Testing Room].tutors[10]	Measured	value is a tutorMoves slot index, not a move ID
tutor	tutor_slot_73	73	Cinnabar Island Lab Testing Room	Kanto	tutor	UNK	money	REPEATABLE	NA	10	May	UNK	NA	NA	NA	NA	NA	NA	Toxic Spikes	NA	FALSE	NA	data.js:areas[Cinnabar Island Lab Testing Room].tutors[10]	Measured	value is a tutorMoves slot index, not a move ID
tutor	tutor_slot_101	101	Cinnabar Island Lab Testing Room	Kanto	tutor	UNK	money	REPEATABLE	NA	10	May	UNK	NA	NA	NA	NA	NA	NA	Solar Beam	NA	FALSE	NA	data.js:areas[Cinnabar Island Lab Testing Room].tutors[10]	Measured	value is a tutorMoves slot index, not a move ID
tutor	tutor_slot_127	127	Cinnabar Island Lab Testing Room	Kanto	tutor	UNK	money	REPEATABLE	NA	10	May	UNK	NA	NA	NA	NA	NA	NA	Solar Blade	NA	FALSE	NA	data.js:areas[Cinnabar Island Lab Testing Room].tutors[10]	Measured	value is a tutorMoves slot index, not a move ID
wild_encounter	Tentacruel	73	Route 21 South	Kanto	wild-surf	NA	NA	REPEATABLE	NA	10	May	UNK	60	56	58	0	NA	NA	NA	NA	FALSE	NA	data.js:areas[Route 21 South].wild-surf[10]	Measured	rate Asserted from the locations sheet
wild_encounter	Mantine	226	Route 21 South	Kanto	wild-surf	NA	NA	REPEATABLE	NA	10	May	UNK	30	56	58	1	NA	NA	NA	NA	FALSE	NA	data.js:areas[Route 21 South].wild-surf[10]	Measured	rate Asserted from the locations sheet
wild_encounter	Mantine	226	Route 21 South	Kanto	wild-surf	NA	NA	REPEATABLE	NA	10	May	UNK	5	56	58	2	NA	NA	NA	NA	FALSE	NA	data.js:areas[Route 21 South].wild-surf[10]	Measured	rate Asserted from the locations sheet
wild_encounter	Jellicent	646	Route 21 South	Kanto	wild-surf	NA	NA	REPEATABLE	NA	10	May	UNK	4	56	58	3	NA	NA	NA	NA	FALSE	NA	data.js:areas[Route 21 South].wild-surf[10]	Measured	rate Asserted from the locations sheet
wild_encounter	Jellicent	646	Route 21 South	Kanto	wild-surf	NA	NA	REPEATABLE	NA	10	May	UNK	1	56	58	4	NA	NA	NA	NA	FALSE	NA	data.js:areas[Route 21 South].wild-surf[10]	Measured	rate Asserted from the locations sheet
wild_encounter	Magikarp	129	Route 21 South	Kanto	wild-oldRod	NA	NA	REPEATABLE	NA	10	May	UNK	70	2	4	0	NA	NA	NA	NA	FALSE	NA	data.js:areas[Route 21 South].wild-oldRod[10]	Measured	rate Asserted from the locations sheet
wild_encounter	Shellder	90	Route 21 South	Kanto	wild-oldRod	NA	NA	REPEATABLE	NA	10	May	UNK	30	2	4	1	NA	NA	NA	NA	FALSE	NA	data.js:areas[Route 21 South].wild-oldRod[10]	Measured	rate Asserted from the locations sheet
wild_encounter	Krabby	98	Route 21 South	Kanto	wild-goodRod	NA	NA	REPEATABLE	NA	10	May	UNK	60	27	29	0	NA	NA	NA	NA	FALSE	NA	data.js:areas[Route 21 South].wild-goodRod[10]	Measured	rate Asserted from the locations sheet
wild_encounter	Qwilfish	211	Route 21 South	Kanto	wild-goodRod	NA	NA	REPEATABLE	NA	10	May	UNK	20	27	29	1	NA	NA	NA	NA	FALSE	NA	data.js:areas[Route 21 South].wild-goodRod[10]	Measured	rate Asserted from the locations sheet
wild_encounter	Corsola	222	Route 21 South	Kanto	wild-goodRod	NA	NA	REPEATABLE	NA	10	May	UNK	20	27	29	2	NA	NA	NA	NA	FALSE	NA	data.js:areas[Route 21 South].wild-goodRod[10]	Measured	rate Asserted from the locations sheet
wild_encounter	Octillery	224	Route 21 South	Kanto	wild-superRod	NA	NA	REPEATABLE	NA	10	May	UNK	40	53	55	0	NA	NA	NA	NA	FALSE	NA	data.js:areas[Route 21 South].wild-superRod[10]	Measured	rate Asserted from the locations sheet
wild_encounter	Lumineon	510	Route 21 South	Kanto	wild-superRod	NA	NA	REPEATABLE	NA	10	May	UNK	40	53	55	1	NA	NA	NA	NA	FALSE	NA	data.js:areas[Route 21 South].wild-superRod[10]	Measured	rate Asserted from the locations sheet
wild_encounter	Sharpedo	331	Route 21 South	Kanto	wild-superRod	NA	NA	REPEATABLE	NA	10	May	UNK	15	53	55	2	NA	NA	NA	NA	FALSE	NA	data.js:areas[Route 21 South].wild-superRod[10]	Measured	rate Asserted from the locations sheet
wild_encounter	Relicanth	381	Route 21 South	Kanto	wild-superRod	NA	NA	REPEATABLE	NA	10	May	UNK	4	53	55	3	NA	NA	NA	NA	FALSE	NA	data.js:areas[Route 21 South].wild-superRod[10]	Measured	rate Asserted from the locations sheet
wild_encounter	Relicanth	381	Route 21 South	Kanto	wild-superRod	NA	NA	REPEATABLE	NA	10	May	UNK	1	53	55	4	NA	NA	NA	NA	FALSE	NA	data.js:areas[Route 21 South].wild-superRod[10]	Measured	rate Asserted from the locations sheet
wild_encounter	Tentacruel	73	Cinnabar Island	Kanto	wild-surf	NA	NA	REPEATABLE	NA	10	May	UNK	60	56	58	0	NA	NA	NA	NA	FALSE	NA	data.js:areas[Cinnabar Island].wild-surf[10]	Measured	rate Asserted from the locations sheet
wild_encounter	Mantine	226	Cinnabar Island	Kanto	wild-surf	NA	NA	REPEATABLE	NA	10	May	UNK	30	56	58	1	NA	NA	NA	NA	FALSE	NA	data.js:areas[Cinnabar Island].wild-surf[10]	Measured	rate Asserted from the locations sheet
wild_encounter	Mantine	226	Cinnabar Island	Kanto	wild-surf	NA	NA	REPEATABLE	NA	10	May	UNK	5	56	58	2	NA	NA	NA	NA	FALSE	NA	data.js:areas[Cinnabar Island].wild-surf[10]	Measured	rate Asserted from the locations sheet
wild_encounter	Cramorant	1137	Cinnabar Island	Kanto	wild-surf	NA	NA	REPEATABLE	NA	10	May	UNK	4	56	58	3	NA	NA	NA	NA	FALSE	NA	data.js:areas[Cinnabar Island].wild-surf[10]	Measured	rate Asserted from the locations sheet
wild_encounter	Cramorant	1137	Cinnabar Island	Kanto	wild-surf	NA	NA	REPEATABLE	NA	10	May	UNK	1	56	58	4	NA	NA	NA	NA	FALSE	NA	data.js:areas[Cinnabar Island].wild-surf[10]	Measured	rate Asserted from the locations sheet
item_ground	Blazikenite	555	Cinnabar Island	Kanto	item-standard	NA	NA	1	NA	11	Blaine	UNK	NA	NA	NA	NA	NA	NA	NA	NA	TRUE	single placement	data.js:areas[Cinnabar Island].item-standard[11]	Measured	NONE
wild_encounter	Magikarp	129	Cinnabar Island	Kanto	wild-oldRod	NA	NA	REPEATABLE	NA	10	May	UNK	70	2	4	0	NA	NA	NA	NA	FALSE	NA	data.js:areas[Cinnabar Island].wild-oldRod[10]	Measured	rate Asserted from the locations sheet
wild_encounter	Corsola	222	Cinnabar Island	Kanto	wild-oldRod	NA	NA	REPEATABLE	NA	10	May	UNK	30	2	4	1	NA	NA	NA	NA	FALSE	NA	data.js:areas[Cinnabar Island].wild-oldRod[10]	Measured	rate Asserted from the locations sheet
wild_encounter	Krabby	98	Cinnabar Island	Kanto	wild-goodRod	NA	NA	REPEATABLE	NA	10	May	UNK	60	27	29	0	NA	NA	NA	NA	FALSE	NA	data.js:areas[Cinnabar Island].wild-goodRod[10]	Measured	rate Asserted from the locations sheet
wild_encounter	Qwilfish	211	Cinnabar Island	Kanto	wild-goodRod	NA	NA	REPEATABLE	NA	10	May	UNK	20	27	29	1	NA	NA	NA	NA	FALSE	NA	data.js:areas[Cinnabar Island].wild-goodRod[10]	Measured	rate Asserted from the locations sheet
wild_encounter	Feebas	328	Cinnabar Island	Kanto	wild-goodRod	NA	NA	REPEATABLE	NA	10	May	UNK	20	27	29	2	NA	NA	NA	NA	FALSE	NA	data.js:areas[Cinnabar Island].wild-goodRod[10]	Measured	rate Asserted from the locations sheet
wild_encounter	Octillery	224	Cinnabar Island	Kanto	wild-superRod	NA	NA	REPEATABLE	NA	10	May	UNK	40	53	55	0	NA	NA	NA	NA	FALSE	NA	data.js:areas[Cinnabar Island].wild-superRod[10]	Measured	rate Asserted from the locations sheet
wild_encounter	Lumineon	510	Cinnabar Island	Kanto	wild-superRod	NA	NA	REPEATABLE	NA	10	May	UNK	40	53	55	1	NA	NA	NA	NA	FALSE	NA	data.js:areas[Cinnabar Island].wild-superRod[10]	Measured	rate Asserted from the locations sheet
wild_encounter	Sharpedo	331	Cinnabar Island	Kanto	wild-superRod	NA	NA	REPEATABLE	NA	10	May	UNK	15	53	55	2	NA	NA	NA	NA	FALSE	NA	data.js:areas[Cinnabar Island].wild-superRod[10]	Measured	rate Asserted from the locations sheet
wild_encounter	Dhelmise	998	Cinnabar Island	Kanto	wild-superRod	NA	NA	REPEATABLE	NA	10	May	UNK	4	53	55	3	NA	NA	NA	NA	FALSE	NA	data.js:areas[Cinnabar Island].wild-superRod[10]	Measured	rate Asserted from the locations sheet
wild_encounter	Dhelmise	998	Cinnabar Island	Kanto	wild-superRod	NA	NA	REPEATABLE	NA	10	May	UNK	1	53	55	4	NA	NA	NA	NA	FALSE	NA	data.js:areas[Cinnabar Island].wild-superRod[10]	Measured	rate Asserted from the locations sheet
wild_encounter	Raticate	20	Pokemon Mansion 1F	Kanto	wild-day	NA	NA	REPEATABLE	NA	11	Blaine	UNK	20	63	65	0	NA	NA	NA	NA	FALSE	NA	data.js:areas[Pokemon Mansion 1F].wild-day[11]	Measured	rate Asserted from the locations sheet
wild_encounter	Audino	584	Pokemon Mansion 1F	Kanto	wild-day	NA	NA	REPEATABLE	NA	11	Blaine	UNK	20	63	65	1	NA	NA	NA	NA	FALSE	NA	data.js:areas[Pokemon Mansion 1F].wild-day[11]	Measured	rate Asserted from the locations sheet
wild_encounter	Muk	89	Pokemon Mansion 1F	Kanto	wild-day	NA	NA	REPEATABLE	NA	11	Blaine	UNK	10	63	65	2	NA	NA	NA	NA	FALSE	NA	data.js:areas[Pokemon Mansion 1F].wild-day[11]	Measured	rate Asserted from the locations sheet
wild_encounter	Muk	89	Pokemon Mansion 1F	Kanto	wild-day	NA	NA	REPEATABLE	NA	11	Blaine	UNK	10	63	65	3	NA	NA	NA	NA	FALSE	NA	data.js:areas[Pokemon Mansion 1F].wild-day[11]	Measured	rate Asserted from the locations sheet
wild_encounter	Weezing	110	Pokemon Mansion 1F	Kanto	wild-day	NA	NA	REPEATABLE	NA	11	Blaine	UNK	10	63	65	4	NA	NA	NA	NA	FALSE	NA	data.js:areas[Pokemon Mansion 1F].wild-day[11]	Measured	rate Asserted from the locations sheet
wild_encounter	Liepard	563	Pokemon Mansion 1F	Kanto	wild-day	NA	NA	REPEATABLE	NA	11	Blaine	UNK	10	63	65	5	NA	NA	NA	NA	FALSE	NA	data.js:areas[Pokemon Mansion 1F].wild-day[11]	Measured	rate Asserted from the locations sheet
wild_encounter	Arcanine	59	Pokemon Mansion 1F	Kanto	wild-day	NA	NA	REPEATABLE	NA	11	Blaine	UNK	5	63	65	6	NA	NA	NA	NA	FALSE	NA	data.js:areas[Pokemon Mansion 1F].wild-day[11]	Measured	rate Asserted from the locations sheet
wild_encounter	Arcanine	59	Pokemon Mansion 1F	Kanto	wild-day	NA	NA	REPEATABLE	NA	11	Blaine	UNK	5	63	65	7	NA	NA	NA	NA	FALSE	NA	data.js:areas[Pokemon Mansion 1F].wild-day[11]	Measured	rate Asserted from the locations sheet
wild_encounter	Sableye	322	Pokemon Mansion 1F	Kanto	wild-day	NA	NA	REPEATABLE	NA	11	Blaine	UNK	4	63	65	8	NA	NA	NA	NA	FALSE	NA	data.js:areas[Pokemon Mansion 1F].wild-day[11]	Measured	rate Asserted from the locations sheet
wild_encounter	Sableye	322	Pokemon Mansion 1F	Kanto	wild-day	NA	NA	REPEATABLE	NA	11	Blaine	UNK	4	63	65	9	NA	NA	NA	NA	FALSE	NA	data.js:areas[Pokemon Mansion 1F].wild-day[11]	Measured	rate Asserted from the locations sheet
wild_encounter	Chimecho	411	Pokemon Mansion 1F	Kanto	wild-day	NA	NA	REPEATABLE	NA	11	Blaine	UNK	1	63	65	10	NA	NA	NA	NA	FALSE	NA	data.js:areas[Pokemon Mansion 1F].wild-day[11]	Measured	rate Asserted from the locations sheet
wild_encounter	Chimecho	411	Pokemon Mansion 1F	Kanto	wild-day	NA	NA	REPEATABLE	NA	11	Blaine	UNK	1	63	65	11	NA	NA	NA	NA	FALSE	NA	data.js:areas[Pokemon Mansion 1F].wild-day[11]	Measured	rate Asserted from the locations sheet
wild_encounter	Raticate-Alola	1021	Pokemon Mansion 1F	Kanto	wild-night	NA	NA	REPEATABLE	NA	11	Blaine	UNK	20	63	65	0	NA	NA	NA	NA	FALSE	NA	data.js:areas[Pokemon Mansion 1F].wild-night[11]	Measured	rate Asserted from the locations sheet
wild_encounter	Audino	584	Pokemon Mansion 1F	Kanto	wild-night	NA	NA	REPEATABLE	NA	11	Blaine	UNK	20	63	65	1	NA	NA	NA	NA	FALSE	NA	data.js:areas[Pokemon Mansion 1F].wild-night[11]	Measured	rate Asserted from the locations sheet
wild_encounter	Muk-Alola	1035	Pokemon Mansion 1F	Kanto	wild-night	NA	NA	REPEATABLE	NA	11	Blaine	UNK	10	63	65	2	NA	NA	NA	NA	FALSE	NA	data.js:areas[Pokemon Mansion 1F].wild-night[11]	Measured	rate Asserted from the locations sheet
wild_encounter	Muk-Alola	1035	Pokemon Mansion 1F	Kanto	wild-night	NA	NA	REPEATABLE	NA	11	Blaine	UNK	10	63	65	3	NA	NA	NA	NA	FALSE	NA	data.js:areas[Pokemon Mansion 1F].wild-night[11]	Measured	rate Asserted from the locations sheet
wild_encounter	Weezing-Galar	1215	Pokemon Mansion 1F	Kanto	wild-night	NA	NA	REPEATABLE	NA	11	Blaine	UNK	10	63	65	4	NA	NA	NA	NA	FALSE	NA	data.js:areas[Pokemon Mansion 1F].wild-night[11]	Measured	rate Asserted from the locations sheet
wild_encounter	Liepard	563	Pokemon Mansion 1F	Kanto	wild-night	NA	NA	REPEATABLE	NA	11	Blaine	UNK	10	63	65	5	NA	NA	NA	NA	FALSE	NA	data.js:areas[Pokemon Mansion 1F].wild-night[11]	Measured	rate Asserted from the locations sheet
wild_encounter	Ninetales	38	Pokemon Mansion 1F	Kanto	wild-night	NA	NA	REPEATABLE	NA	11	Blaine	UNK	5	63	65	6	NA	NA	NA	NA	FALSE	NA	data.js:areas[Pokemon Mansion 1F].wild-night[11]	Measured	rate Asserted from the locations sheet
wild_encounter	Ninetales	38	Pokemon Mansion 1F	Kanto	wild-night	NA	NA	REPEATABLE	NA	11	Blaine	UNK	5	63	65	7	NA	NA	NA	NA	FALSE	NA	data.js:areas[Pokemon Mansion 1F].wild-night[11]	Measured	rate Asserted from the locations sheet
wild_encounter	Sableye	322	Pokemon Mansion 1F	Kanto	wild-night	NA	NA	REPEATABLE	NA	11	Blaine	UNK	4	63	65	8	NA	NA	NA	NA	FALSE	NA	data.js:areas[Pokemon Mansion 1F].wild-night[11]	Measured	rate Asserted from the locations sheet
wild_encounter	Sableye	322	Pokemon Mansion 1F	Kanto	wild-night	NA	NA	REPEATABLE	NA	11	Blaine	UNK	4	63	65	9	NA	NA	NA	NA	FALSE	NA	data.js:areas[Pokemon Mansion 1F].wild-night[11]	Measured	rate Asserted from the locations sheet
wild_encounter	Chimecho	411	Pokemon Mansion 1F	Kanto	wild-night	NA	NA	REPEATABLE	NA	11	Blaine	UNK	1	63	65	10	NA	NA	NA	NA	FALSE	NA	data.js:areas[Pokemon Mansion 1F].wild-night[11]	Measured	rate Asserted from the locations sheet
wild_encounter	Chimecho	411	Pokemon Mansion 1F	Kanto	wild-night	NA	NA	REPEATABLE	NA	11	Blaine	UNK	1	63	65	11	NA	NA	NA	NA	FALSE	NA	data.js:areas[Pokemon Mansion 1F].wild-night[11]	Measured	rate Asserted from the locations sheet
item_ground	Escape Rope	85	Pokemon Mansion 1F	Kanto	item-standard	NA	NA	1	NA	11	Blaine	UNK	NA	NA	NA	NA	NA	NA	NA	NA	TRUE	single placement	data.js:areas[Pokemon Mansion 1F].item-standard[11]	Measured	NONE
item_ground	TM90	415	Pokemon Mansion 1F	Kanto	item-standard	NA	NA	1	NA	11	Blaine	UNK	NA	NA	NA	NA	NA	90	Gunk Shot	NA	TRUE	single placement	data.js:areas[Pokemon Mansion 1F].item-standard[11]	Measured	NONE
item_ground	Gardevoirite	557	Pokemon Mansion 1F	Kanto	item-standard	NA	NA	1	NA	11	Blaine	UNK	NA	NA	NA	NA	NA	NA	NA	NA	TRUE	single placement	data.js:areas[Pokemon Mansion 1F].item-standard[11]	Measured	NONE
item_ground	Cameruptite	564	Pokemon Mansion 1F	Kanto	item-standard	NA	NA	1	NA	11	Blaine	UNK	NA	NA	NA	NA	NA	NA	NA	NA	TRUE	single placement	data.js:areas[Pokemon Mansion 1F].item-standard[11]	Measured	NONE
item_hidden	Moon Stone	94	Pokemon Mansion 1F	Kanto	item-hidden	NA	NA	10	NA	11	Blaine	UNK	NA	NA	NA	NA	NA	NA	NA	NA	TRUE	single placement	data.js:areas[Pokemon Mansion 1F].item-hidden[11]	Asserted	 quantity from the official item sheet
raid_den	Floatzel	472	Pokemon Mansion 1F	Kanto	raid4	NA	NA	REPEATABLE	Wishing Piece to re-activate a spent den	11	Blaine	UNK	NA	NA	NA	NA	4	NA	NA	Star Piece,Nugget,Big Nugget,Occa Berry,Dream Patch,PP Up,PP Max,Salac Berry,Wishing Piece,Lucky Egg,Lucky Egg,Lucky Egg	FALSE	NA	data.js:areas[Pokemon Mansion 1F].raid4[11]	Measured	NONE
raid_den	Magcargo	219	Pokemon Mansion 1F	Kanto	raid4	NA	NA	REPEATABLE	Wishing Piece to re-activate a spent den	11	Blaine	UNK	NA	NA	NA	NA	4	NA	NA	Star Piece,Nugget,Big Nugget,Occa Berry,Dream Patch,PP Up,PP Max,Liechi Berry,Wishing Piece,Lucky Egg,Lucky Egg,Lucky Egg	FALSE	NA	data.js:areas[Pokemon Mansion 1F].raid4[11]	Measured	NONE
raid_den	Noctowl	164	Pokemon Mansion 1F	Kanto	raid4	NA	NA	REPEATABLE	Wishing Piece to re-activate a spent den	11	Blaine	UNK	NA	NA	NA	NA	4	NA	NA	Star Piece,Nugget,Big Nugget,Occa Berry,Dream Patch,PP Up,PP Max,Liechi Berry,Wishing Piece,Lucky Egg,Lucky Egg,Lucky Egg	FALSE	NA	data.js:areas[Pokemon Mansion 1F].raid4[11]	Measured	NONE
raid_den	Spectrier	1266	Pokemon Mansion 1F	Kanto	raid5	NA	NA	REPEATABLE	Wishing Piece to re-activate a spent den	11	Blaine	UNK	NA	NA	NA	NA	5	NA	NA	Star Piece,Nugget,Big Nugget,Occa Berry,Dream Patch,PP Up,PP Max,Salac Berry,Wishing Piece,Lucky Egg,Life Orb,Life Orb	FALSE	NA	data.js:areas[Pokemon Mansion 1F].raid5[11]	Measured	NONE
raid_den	Hoopa	828	Pokemon Mansion 1F	Kanto	raid5	NA	NA	REPEATABLE	Wishing Piece to re-activate a spent den	11	Blaine	UNK	NA	NA	NA	NA	5	NA	NA	Star Piece,Nugget,Big Nugget,Occa Berry,Dream Patch,PP Up,PP Max,Liechi Berry,Wishing Piece,Lucky Egg,Life Orb,Life Orb	FALSE	NA	data.js:areas[Pokemon Mansion 1F].raid5[11]	Measured	NONE
raid_den	Regidrago	1189	Pokemon Mansion 1F	Kanto	raid5	NA	NA	REPEATABLE	Wishing Piece to re-activate a spent den	11	Blaine	UNK	NA	NA	NA	NA	5	NA	NA	Star Piece,Nugget,Big Nugget,Occa Berry,Dream Patch,PP Up,PP Max,Liechi Berry,Wishing Piece,Lucky Egg,Life Orb,Life Orb	FALSE	NA	data.js:areas[Pokemon Mansion 1F].raid5[11]	Measured	NONE
raid_den	Tapu Lele	1003	Pokemon Mansion 1F	Kanto	raid6	NA	NA	REPEATABLE	Wishing Piece to re-activate a spent den	11	Blaine	UNK	NA	NA	NA	NA	6	NA	NA	Star Piece,Nugget,Big Nugget,Occa Berry,Dream Patch,PP Up,PP Max,Liechi Berry,Wishing Piece,Eviolite,Choice Band,Choice Band	FALSE	NA	data.js:areas[Pokemon Mansion 1F].raid6[11]	Measured	NONE
wild_encounter	Gumshoos	952	Pokemon Mansion 2F	Kanto	wild-day	NA	NA	REPEATABLE	NA	11	Blaine	UNK	20	63	65	0	NA	NA	NA	NA	FALSE	NA	data.js:areas[Pokemon Mansion 2F].wild-day[11]	Measured	rate Asserted from the locations sheet
wild_encounter	Garbodor	622	Pokemon Mansion 2F	Kanto	wild-day	NA	NA	REPEATABLE	NA	11	Blaine	UNK	20	63	65	1	NA	NA	NA	NA	FALSE	NA	data.js:areas[Pokemon Mansion 2F].wild-day[11]	Measured	rate Asserted from the locations sheet
wild_encounter	Weezing	110	Pokemon Mansion 2F	Kanto	wild-day	NA	NA	REPEATABLE	NA	11	Blaine	UNK	10	63	65	2	NA	NA	NA	NA	FALSE	NA	data.js:areas[Pokemon Mansion 2F].wild-day[11]	Measured	rate Asserted from the locations sheet
wild_encounter	Swalot	368	Pokemon Mansion 2F	Kanto	wild-day	NA	NA	REPEATABLE	NA	11	Blaine	UNK	10	63	65	3	NA	NA	NA	NA	FALSE	NA	data.js:areas[Pokemon Mansion 2F].wild-day[11]	Measured	rate Asserted from the locations sheet
wild_encounter	Heatmor	684	Pokemon Mansion 2F	Kanto	wild-day	NA	NA	REPEATABLE	NA	11	Blaine	UNK	10	63	65	4	NA	NA	NA	NA	FALSE	NA	data.js:areas[Pokemon Mansion 2F].wild-day[11]	Measured	rate Asserted from the locations sheet
wild_encounter	Salazzle	975	Pokemon Mansion 2F	Kanto	wild-day	NA	NA	REPEATABLE	NA	11	Blaine	UNK	10	63	65	5	NA	NA	NA	NA	FALSE	NA	data.js:areas[Pokemon Mansion 2F].wild-day[11]	Measured	rate Asserted from the locations sheet
wild_encounter	Houndoom	229	Pokemon Mansion 2F	Kanto	wild-day	NA	NA	REPEATABLE	NA	11	Blaine	UNK	5	63	65	6	NA	NA	NA	NA	FALSE	NA	data.js:areas[Pokemon Mansion 2F].wild-day[11]	Measured	rate Asserted from the locations sheet
wild_encounter	Houndoom	229	Pokemon Mansion 2F	Kanto	wild-day	NA	NA	REPEATABLE	NA	11	Blaine	UNK	5	63	65	7	NA	NA	NA	NA	FALSE	NA	data.js:areas[Pokemon Mansion 2F].wild-day[11]	Measured	rate Asserted from the locations sheet
wild_encounter	Banette	378	Pokemon Mansion 2F	Kanto	wild-day	NA	NA	REPEATABLE	NA	11	Blaine	UNK	4	63	65	8	NA	NA	NA	NA	FALSE	NA	data.js:areas[Pokemon Mansion 2F].wild-day[11]	Measured	rate Asserted from the locations sheet
wild_encounter	Banette	378	Pokemon Mansion 2F	Kanto	wild-day	NA	NA	REPEATABLE	NA	11	Blaine	UNK	4	63	65	9	NA	NA	NA	NA	FALSE	NA	data.js:areas[Pokemon Mansion 2F].wild-day[11]	Measured	rate Asserted from the locations sheet
wild_encounter	Chimecho	411	Pokemon Mansion 2F	Kanto	wild-day	NA	NA	REPEATABLE	NA	11	Blaine	UNK	1	63	65	10	NA	NA	NA	NA	FALSE	NA	data.js:areas[Pokemon Mansion 2F].wild-day[11]	Measured	rate Asserted from the locations sheet
wild_encounter	Chimecho	411	Pokemon Mansion 2F	Kanto	wild-day	NA	NA	REPEATABLE	NA	11	Blaine	UNK	1	63	65	11	NA	NA	NA	NA	FALSE	NA	data.js:areas[Pokemon Mansion 2F].wild-day[11]	Measured	rate Asserted from the locations sheet
wild_encounter	Obstagoon	1154	Pokemon Mansion 2F	Kanto	wild-night	NA	NA	REPEATABLE	NA	11	Blaine	UNK	20	63	65	0	NA	NA	NA	NA	FALSE	NA	data.js:areas[Pokemon Mansion 2F].wild-night[11]	Measured	rate Asserted from the locations sheet
wild_encounter	Garbodor	622	Pokemon Mansion 2F	Kanto	wild-night	NA	NA	REPEATABLE	NA	11	Blaine	UNK	20	63	65	1	NA	NA	NA	NA	FALSE	NA	data.js:areas[Pokemon Mansion 2F].wild-night[11]	Measured	rate Asserted from the locations sheet
wild_encounter	Weezing-Galar	1215	Pokemon Mansion 2F	Kanto	wild-night	NA	NA	REPEATABLE	NA	11	Blaine	UNK	10	63	65	2	NA	NA	NA	NA	FALSE	NA	data.js:areas[Pokemon Mansion 2F].wild-night[11]	Measured	rate Asserted from the locations sheet
wild_encounter	Swalot	368	Pokemon Mansion 2F	Kanto	wild-night	NA	NA	REPEATABLE	NA	11	Blaine	UNK	10	63	65	3	NA	NA	NA	NA	FALSE	NA	data.js:areas[Pokemon Mansion 2F].wild-night[11]	Measured	rate Asserted from the locations sheet
wild_encounter	Heatmor	684	Pokemon Mansion 2F	Kanto	wild-night	NA	NA	REPEATABLE	NA	11	Blaine	UNK	10	63	65	4	NA	NA	NA	NA	FALSE	NA	data.js:areas[Pokemon Mansion 2F].wild-night[11]	Measured	rate Asserted from the locations sheet
wild_encounter	Salazzle	975	Pokemon Mansion 2F	Kanto	wild-night	NA	NA	REPEATABLE	NA	11	Blaine	UNK	10	63	65	5	NA	NA	NA	NA	FALSE	NA	data.js:areas[Pokemon Mansion 2F].wild-night[11]	Measured	rate Asserted from the locations sheet
wild_encounter	Ninetales	38	Pokemon Mansion 2F	Kanto	wild-night	NA	NA	REPEATABLE	NA	11	Blaine	UNK	5	63	65	6	NA	NA	NA	NA	FALSE	NA	data.js:areas[Pokemon Mansion 2F].wild-night[11]	Measured	rate Asserted from the locations sheet
wild_encounter	Ninetales	38	Pokemon Mansion 2F	Kanto	wild-night	NA	NA	REPEATABLE	NA	11	Blaine	UNK	5	63	65	7	NA	NA	NA	NA	FALSE	NA	data.js:areas[Pokemon Mansion 2F].wild-night[11]	Measured	rate Asserted from the locations sheet
wild_encounter	Banette	378	Pokemon Mansion 2F	Kanto	wild-night	NA	NA	REPEATABLE	NA	11	Blaine	UNK	4	63	65	8	NA	NA	NA	NA	FALSE	NA	data.js:areas[Pokemon Mansion 2F].wild-night[11]	Measured	rate Asserted from the locations sheet
wild_encounter	Banette	378	Pokemon Mansion 2F	Kanto	wild-night	NA	NA	REPEATABLE	NA	11	Blaine	UNK	4	63	65	9	NA	NA	NA	NA	FALSE	NA	data.js:areas[Pokemon Mansion 2F].wild-night[11]	Measured	rate Asserted from the locations sheet
wild_encounter	Chimecho	411	Pokemon Mansion 2F	Kanto	wild-night	NA	NA	REPEATABLE	NA	11	Blaine	UNK	1	63	65	10	NA	NA	NA	NA	FALSE	NA	data.js:areas[Pokemon Mansion 2F].wild-night[11]	Measured	rate Asserted from the locations sheet
wild_encounter	Chimecho	411	Pokemon Mansion 2F	Kanto	wild-night	NA	NA	REPEATABLE	NA	11	Blaine	UNK	1	63	65	11	NA	NA	NA	NA	FALSE	NA	data.js:areas[Pokemon Mansion 2F].wild-night[11]	Measured	rate Asserted from the locations sheet
item_ground	HP Up	63	Pokemon Mansion 2F	Kanto	item-standard	NA	NA	10	NA	11	Blaine	UNK	NA	NA	NA	NA	NA	NA	NA	NA	TRUE	single placement	data.js:areas[Pokemon Mansion 2F].item-standard[11]	Asserted	 quantity from the official item sheet
item_ground	Calcium	67	Pokemon Mansion 2F	Kanto	item-standard	NA	NA	10	NA	11	Blaine	UNK	NA	NA	NA	NA	NA	NA	NA	NA	TRUE	single placement	data.js:areas[Pokemon Mansion 2F].item-standard[11]	Asserted	 quantity from the official item sheet
item_ground	Zinc	70	Pokemon Mansion 2F	Kanto	item-standard	NA	NA	10	NA	11	Blaine	UNK	NA	NA	NA	NA	NA	NA	NA	NA	TRUE	single placement	data.js:areas[Pokemon Mansion 2F].item-standard[11]	Asserted	 quantity from the official item sheet
wild_encounter	Bewear	977	Pokemon Mansion 3F	Kanto	wild-day	NA	NA	REPEATABLE	NA	11	Blaine	UNK	20	63	65	0	NA	NA	NA	NA	FALSE	NA	data.js:areas[Pokemon Mansion 3F].wild-day[11]	Measured	rate Asserted from the locations sheet
wild_encounter	Seviper	379	Pokemon Mansion 3F	Kanto	wild-day	NA	NA	REPEATABLE	NA	11	Blaine	UNK	20	63	65	1	NA	NA	NA	NA	FALSE	NA	data.js:areas[Pokemon Mansion 3F].wild-day[11]	Measured	rate Asserted from the locations sheet
wild_encounter	Ariados	168	Pokemon Mansion 3F	Kanto	wild-day	NA	NA	REPEATABLE	NA	11	Blaine	UNK	10	63	65	2	NA	NA	NA	NA	FALSE	NA	data.js:areas[Pokemon Mansion 3F].wild-day[11]	Measured	rate Asserted from the locations sheet
wild_encounter	Ariados	168	Pokemon Mansion 3F	Kanto	wild-day	NA	NA	REPEATABLE	NA	11	Blaine	UNK	10	63	65	3	NA	NA	NA	NA	FALSE	NA	data.js:areas[Pokemon Mansion 3F].wild-day[11]	Measured	rate Asserted from the locations sheet
wild_encounter	Rapidash	78	Pokemon Mansion 3F	Kanto	wild-day	NA	NA	REPEATABLE	NA	11	Blaine	UNK	10	63	65	4	NA	NA	NA	NA	FALSE	NA	data.js:areas[Pokemon Mansion 3F].wild-day[11]	Measured	rate Asserted from the locations sheet
wild_encounter	Skuntank	488	Pokemon Mansion 3F	Kanto	wild-day	NA	NA	REPEATABLE	NA	11	Blaine	UNK	10	63	65	5	NA	NA	NA	NA	FALSE	NA	data.js:areas[Pokemon Mansion 3F].wild-day[11]	Measured	rate Asserted from the locations sheet
wild_encounter	Armarouge	935	Pokemon Mansion 3F	Kanto	wild-day	NA	NA	REPEATABLE	NA	11	Blaine	UNK	5	63	65	6	NA	NA	NA	NA	FALSE	NA	data.js:areas[Pokemon Mansion 3F].wild-day[11]	Measured	rate Asserted from the locations sheet
wild_encounter	Armarouge	935	Pokemon Mansion 3F	Kanto	wild-day	NA	NA	REPEATABLE	NA	11	Blaine	UNK	5	63	65	7	NA	NA	NA	NA	FALSE	NA	data.js:areas[Pokemon Mansion 3F].wild-day[11]	Measured	rate Asserted from the locations sheet
wild_encounter	Krookodile	606	Pokemon Mansion 3F	Kanto	wild-day	NA	NA	REPEATABLE	NA	11	Blaine	UNK	4	63	65	8	NA	NA	NA	NA	FALSE	NA	data.js:areas[Pokemon Mansion 3F].wild-day[11]	Measured	rate Asserted from the locations sheet
wild_encounter	Krookodile	606	Pokemon Mansion 3F	Kanto	wild-day	NA	NA	REPEATABLE	NA	11	Blaine	UNK	4	63	65	9	NA	NA	NA	NA	FALSE	NA	data.js:areas[Pokemon Mansion 3F].wild-day[11]	Measured	rate Asserted from the locations sheet
wild_encounter	Chimecho	411	Pokemon Mansion 3F	Kanto	wild-day	NA	NA	REPEATABLE	NA	11	Blaine	UNK	1	63	65	10	NA	NA	NA	NA	FALSE	NA	data.js:areas[Pokemon Mansion 3F].wild-day[11]	Measured	rate Asserted from the locations sheet
wild_encounter	Chimecho	411	Pokemon Mansion 3F	Kanto	wild-day	NA	NA	REPEATABLE	NA	11	Blaine	UNK	1	63	65	11	NA	NA	NA	NA	FALSE	NA	data.js:areas[Pokemon Mansion 3F].wild-day[11]	Measured	rate Asserted from the locations sheet
wild_encounter	Komala	992	Pokemon Mansion 3F	Kanto	wild-night	NA	NA	REPEATABLE	NA	11	Blaine	UNK	20	63	65	0	NA	NA	NA	NA	FALSE	NA	data.js:areas[Pokemon Mansion 3F].wild-night[11]	Measured	rate Asserted from the locations sheet
wild_encounter	Seviper	379	Pokemon Mansion 3F	Kanto	wild-night	NA	NA	REPEATABLE	NA	11	Blaine	UNK	20	63	65	1	NA	NA	NA	NA	FALSE	NA	data.js:areas[Pokemon Mansion 3F].wild-night[11]	Measured	rate Asserted from the locations sheet
wild_encounter	Ariados	168	Pokemon Mansion 3F	Kanto	wild-night	NA	NA	REPEATABLE	NA	11	Blaine	UNK	10	63	65	2	NA	NA	NA	NA	FALSE	NA	data.js:areas[Pokemon Mansion 3F].wild-night[11]	Measured	rate Asserted from the locations sheet
wild_encounter	Ariados	168	Pokemon Mansion 3F	Kanto	wild-night	NA	NA	REPEATABLE	NA	11	Blaine	UNK	10	63	65	3	NA	NA	NA	NA	FALSE	NA	data.js:areas[Pokemon Mansion 3F].wild-night[11]	Measured	rate Asserted from the locations sheet
wild_encounter	Rapidash-Galar	1210	Pokemon Mansion 3F	Kanto	wild-night	NA	NA	REPEATABLE	NA	11	Blaine	UNK	10	63	65	4	NA	NA	NA	NA	FALSE	NA	data.js:areas[Pokemon Mansion 3F].wild-night[11]	Measured	rate Asserted from the locations sheet
wild_encounter	Skuntank	488	Pokemon Mansion 3F	Kanto	wild-night	NA	NA	REPEATABLE	NA	11	Blaine	UNK	10	63	65	5	NA	NA	NA	NA	FALSE	NA	data.js:areas[Pokemon Mansion 3F].wild-night[11]	Measured	rate Asserted from the locations sheet
wild_encounter	Ceruledge	934	Pokemon Mansion 3F	Kanto	wild-night	NA	NA	REPEATABLE	NA	11	Blaine	UNK	5	63	65	6	NA	NA	NA	NA	FALSE	NA	data.js:areas[Pokemon Mansion 3F].wild-night[11]	Measured	rate Asserted from the locations sheet
wild_encounter	Ceruledge	934	Pokemon Mansion 3F	Kanto	wild-night	NA	NA	REPEATABLE	NA	11	Blaine	UNK	5	63	65	7	NA	NA	NA	NA	FALSE	NA	data.js:areas[Pokemon Mansion 3F].wild-night[11]	Measured	rate Asserted from the locations sheet
wild_encounter	Krookodile	606	Pokemon Mansion 3F	Kanto	wild-night	NA	NA	REPEATABLE	NA	11	Blaine	UNK	4	63	65	8	NA	NA	NA	NA	FALSE	NA	data.js:areas[Pokemon Mansion 3F].wild-night[11]	Measured	rate Asserted from the locations sheet
wild_encounter	Krookodile	606	Pokemon Mansion 3F	Kanto	wild-night	NA	NA	REPEATABLE	NA	11	Blaine	UNK	4	63	65	9	NA	NA	NA	NA	FALSE	NA	data.js:areas[Pokemon Mansion 3F].wild-night[11]	Measured	rate Asserted from the locations sheet
wild_encounter	Chimecho	411	Pokemon Mansion 3F	Kanto	wild-night	NA	NA	REPEATABLE	NA	11	Blaine	UNK	1	63	65	10	NA	NA	NA	NA	FALSE	NA	data.js:areas[Pokemon Mansion 3F].wild-night[11]	Measured	rate Asserted from the locations sheet
wild_encounter	Chimecho	411	Pokemon Mansion 3F	Kanto	wild-night	NA	NA	REPEATABLE	NA	11	Blaine	UNK	1	63	65	11	NA	NA	NA	NA	FALSE	NA	data.js:areas[Pokemon Mansion 3F].wild-night[11]	Measured	rate Asserted from the locations sheet
item_ground	Iron	65	Pokemon Mansion 3F	Kanto	item-standard	NA	NA	10	NA	11	Blaine	UNK	NA	NA	NA	NA	NA	NA	NA	NA	TRUE	single placement	data.js:areas[Pokemon Mansion 3F].item-standard[11]	Asserted	 quantity from the official item sheet
item_ground	TM07	295	Pokemon Mansion 3F	Kanto	item-standard	NA	NA	1	NA	11	Blaine	UNK	NA	NA	NA	NA	NA	7	Heat Wave	NA	TRUE	single placement	data.js:areas[Pokemon Mansion 3F].item-standard[11]	Measured	NONE
item_hidden	Rare Candy	68	Pokemon Mansion 3F	Kanto	item-hidden	NA	NA	1	NA	11	Blaine	UNK	NA	NA	NA	NA	NA	NA	NA	NA	TRUE	single placement	data.js:areas[Pokemon Mansion 3F].item-hidden[11]	Measured	NONE
wild_encounter	Raticate	20	Pokemon Mansion B1F	Kanto	wild-day	NA	NA	REPEATABLE	NA	11	Blaine	UNK	20	63	65	0	NA	NA	NA	NA	FALSE	NA	data.js:areas[Pokemon Mansion B1F].wild-day[11]	Measured	rate Asserted from the locations sheet
wild_encounter	Garbodor	622	Pokemon Mansion B1F	Kanto	wild-day	NA	NA	REPEATABLE	NA	11	Blaine	UNK	20	63	65	1	NA	NA	NA	NA	FALSE	NA	data.js:areas[Pokemon Mansion B1F].wild-day[11]	Measured	rate Asserted from the locations sheet
wild_encounter	Ariados	168	Pokemon Mansion B1F	Kanto	wild-day	NA	NA	REPEATABLE	NA	11	Blaine	UNK	10	63	65	2	NA	NA	NA	NA	FALSE	NA	data.js:areas[Pokemon Mansion B1F].wild-day[11]	Measured	rate Asserted from the locations sheet
wild_encounter	Ariados	168	Pokemon Mansion B1F	Kanto	wild-day	NA	NA	REPEATABLE	NA	11	Blaine	UNK	10	63	65	3	NA	NA	NA	NA	FALSE	NA	data.js:areas[Pokemon Mansion B1F].wild-day[11]	Measured	rate Asserted from the locations sheet
wild_encounter	Magmar	126	Pokemon Mansion B1F	Kanto	wild-day	NA	NA	REPEATABLE	NA	11	Blaine	UNK	10	63	65	4	NA	NA	NA	NA	FALSE	NA	data.js:areas[Pokemon Mansion B1F].wild-day[11]	Measured	rate Asserted from the locations sheet
wild_encounter	Mightyena	287	Pokemon Mansion B1F	Kanto	wild-day	NA	NA	REPEATABLE	NA	11	Blaine	UNK	10	63	65	5	NA	NA	NA	NA	FALSE	NA	data.js:areas[Pokemon Mansion B1F].wild-day[11]	Measured	rate Asserted from the locations sheet
wild_encounter	Arcanine	59	Pokemon Mansion B1F	Kanto	wild-day	NA	NA	REPEATABLE	NA	11	Blaine	UNK	5	63	65	6	NA	NA	NA	NA	FALSE	NA	data.js:areas[Pokemon Mansion B1F].wild-day[11]	Measured	rate Asserted from the locations sheet
wild_encounter	Arcanine	59	Pokemon Mansion B1F	Kanto	wild-day	NA	NA	REPEATABLE	NA	11	Blaine	UNK	5	63	65	7	NA	NA	NA	NA	FALSE	NA	data.js:areas[Pokemon Mansion B1F].wild-day[11]	Measured	rate Asserted from the locations sheet
wild_encounter	Banette	378	Pokemon Mansion B1F	Kanto	wild-day	NA	NA	REPEATABLE	NA	11	Blaine	UNK	4	63	65	8	NA	NA	NA	NA	FALSE	NA	data.js:areas[Pokemon Mansion B1F].wild-day[11]	Measured	rate Asserted from the locations sheet
wild_encounter	Banette	378	Pokemon Mansion B1F	Kanto	wild-day	NA	NA	REPEATABLE	NA	11	Blaine	UNK	4	63	65	9	NA	NA	NA	NA	FALSE	NA	data.js:areas[Pokemon Mansion B1F].wild-day[11]	Measured	rate Asserted from the locations sheet
wild_encounter	Chimecho	411	Pokemon Mansion B1F	Kanto	wild-day	NA	NA	REPEATABLE	NA	11	Blaine	UNK	1	63	65	10	NA	NA	NA	NA	FALSE	NA	data.js:areas[Pokemon Mansion B1F].wild-day[11]	Measured	rate Asserted from the locations sheet
wild_encounter	Chimecho	411	Pokemon Mansion B1F	Kanto	wild-day	NA	NA	REPEATABLE	NA	11	Blaine	UNK	1	63	65	11	NA	NA	NA	NA	FALSE	NA	data.js:areas[Pokemon Mansion B1F].wild-day[11]	Measured	rate Asserted from the locations sheet
wild_encounter	Raticate-Alola	1021	Pokemon Mansion B1F	Kanto	wild-night	NA	NA	REPEATABLE	NA	11	Blaine	UNK	20	63	65	0	NA	NA	NA	NA	FALSE	NA	data.js:areas[Pokemon Mansion B1F].wild-night[11]	Measured	rate Asserted from the locations sheet
wild_encounter	Garbodor	622	Pokemon Mansion B1F	Kanto	wild-night	NA	NA	REPEATABLE	NA	11	Blaine	UNK	20	63	65	1	NA	NA	NA	NA	FALSE	NA	data.js:areas[Pokemon Mansion B1F].wild-night[11]	Measured	rate Asserted from the locations sheet
wild_encounter	Ariados	168	Pokemon Mansion B1F	Kanto	wild-night	NA	NA	REPEATABLE	NA	11	Blaine	UNK	10	63	65	2	NA	NA	NA	NA	FALSE	NA	data.js:areas[Pokemon Mansion B1F].wild-night[11]	Measured	rate Asserted from the locations sheet
wild_encounter	Ariados	168	Pokemon Mansion B1F	Kanto	wild-night	NA	NA	REPEATABLE	NA	11	Blaine	UNK	10	63	65	3	NA	NA	NA	NA	FALSE	NA	data.js:areas[Pokemon Mansion B1F].wild-night[11]	Measured	rate Asserted from the locations sheet
wild_encounter	Magmar	126	Pokemon Mansion B1F	Kanto	wild-night	NA	NA	REPEATABLE	NA	11	Blaine	UNK	10	63	65	4	NA	NA	NA	NA	FALSE	NA	data.js:areas[Pokemon Mansion B1F].wild-night[11]	Measured	rate Asserted from the locations sheet
wild_encounter	Mightyena	287	Pokemon Mansion B1F	Kanto	wild-night	NA	NA	REPEATABLE	NA	11	Blaine	UNK	10	63	65	5	NA	NA	NA	NA	FALSE	NA	data.js:areas[Pokemon Mansion B1F].wild-night[11]	Measured	rate Asserted from the locations sheet
wild_encounter	Ninetales	38	Pokemon Mansion B1F	Kanto	wild-night	NA	NA	REPEATABLE	NA	11	Blaine	UNK	5	63	65	6	NA	NA	NA	NA	FALSE	NA	data.js:areas[Pokemon Mansion B1F].wild-night[11]	Measured	rate Asserted from the locations sheet
wild_encounter	Ninetales	38	Pokemon Mansion B1F	Kanto	wild-night	NA	NA	REPEATABLE	NA	11	Blaine	UNK	5	63	65	7	NA	NA	NA	NA	FALSE	NA	data.js:areas[Pokemon Mansion B1F].wild-night[11]	Measured	rate Asserted from the locations sheet
wild_encounter	Banette	378	Pokemon Mansion B1F	Kanto	wild-night	NA	NA	REPEATABLE	NA	11	Blaine	UNK	4	63	65	8	NA	NA	NA	NA	FALSE	NA	data.js:areas[Pokemon Mansion B1F].wild-night[11]	Measured	rate Asserted from the locations sheet
wild_encounter	Banette	378	Pokemon Mansion B1F	Kanto	wild-night	NA	NA	REPEATABLE	NA	11	Blaine	UNK	4	63	65	9	NA	NA	NA	NA	FALSE	NA	data.js:areas[Pokemon Mansion B1F].wild-night[11]	Measured	rate Asserted from the locations sheet
wild_encounter	Chimecho	411	Pokemon Mansion B1F	Kanto	wild-night	NA	NA	REPEATABLE	NA	11	Blaine	UNK	1	63	65	10	NA	NA	NA	NA	FALSE	NA	data.js:areas[Pokemon Mansion B1F].wild-night[11]	Measured	rate Asserted from the locations sheet
wild_encounter	Chimecho	411	Pokemon Mansion B1F	Kanto	wild-night	NA	NA	REPEATABLE	NA	11	Blaine	UNK	1	63	65	11	NA	NA	NA	NA	FALSE	NA	data.js:areas[Pokemon Mansion B1F].wild-night[11]	Measured	rate Asserted from the locations sheet
item_ground	TM14	302	Pokemon Mansion B1F	Kanto	item-standard	NA	NA	1	NA	11	Blaine	UNK	NA	NA	NA	NA	NA	14	Blizzard	NA	TRUE	single placement	data.js:areas[Pokemon Mansion B1F].item-standard[11]	Measured	NONE
item_ground	TM22	310	Pokemon Mansion B1F	Kanto	item-standard	NA	NA	1	NA	11	Blaine	UNK	NA	NA	NA	NA	NA	22	Weather Ball	NA	TRUE	single placement	data.js:areas[Pokemon Mansion B1F].item-standard[11]	Measured	NONE
item_ground	Secret Key	351	Pokemon Mansion B1F	Kanto	item-standard	NA	NA	1	NA	11	Blaine	UNK	NA	NA	NA	NA	NA	NA	NA	NA	TRUE	single placement	data.js:areas[Pokemon Mansion B1F].item-standard[11]	Measured	NONE
item_ground	Banettite	566	Pokemon Mansion B1F	Kanto	item-standard	NA	NA	1	NA	11	Blaine	UNK	NA	NA	NA	NA	NA	NA	NA	NA	TRUE	single placement	data.js:areas[Pokemon Mansion B1F].item-standard[11]	Measured	NONE
item_hidden	Elixir	36	Pokemon Mansion B1F	Kanto	item-hidden	NA	NA	1	NA	11	Blaine	UNK	NA	NA	NA	NA	NA	NA	NA	NA	TRUE	single placement	data.js:areas[Pokemon Mansion B1F].item-hidden[11]	Measured	NONE
item_ground	TM38	326	Cinnabar Island Gym	Kanto	item-standard	NA	NA	1	NA	12	Archer-3	UNK	NA	NA	NA	NA	NA	38	Fire Blast	NA	TRUE	single placement	data.js:areas[Cinnabar Island Gym].item-standard[12]	Measured	NONE
item_ground	Charzardite X	534	Cinnabar Island Gym	Kanto	item-standard	NA	NA	1	NA	12	Archer-3	UNK	NA	NA	NA	NA	NA	NA	NA	NA	TRUE	single placement	data.js:areas[Cinnabar Island Gym].item-standard[12]	Measured	NONE
item_ground	Charzardite Y	535	Cinnabar Island Gym	Kanto	item-standard	NA	NA	1	NA	12	Archer-3	UNK	NA	NA	NA	NA	NA	NA	NA	NA	TRUE	single placement	data.js:areas[Cinnabar Island Gym].item-standard[12]	Measured	NONE
item_ground	Choice Specs	696	Cinnabar Island Gym	Kanto	item-standard	NA	NA	10	NA	12	Archer-3	UNK	NA	NA	NA	NA	NA	NA	NA	NA	TRUE	single placement	data.js:areas[Cinnabar Island Gym].item-standard[12]	Asserted	 quantity from the official item sheet
item_care_package	Life Orb	678	Cinnabar Island Gym	Kanto	item-cheat	NA	NA	10	NA	11	Blaine	UNK	NA	NA	NA	NA	NA	NA	NA	NA	TRUE	single placement	data.js:areas[Cinnabar Island Gym].item-cheat[11]	Asserted	care-package item, delivered by code not exploration quantity from the official item sheet
item_care_package	Power Herb	679	Cinnabar Island Gym	Kanto	item-cheat	NA	NA	10	NA	11	Blaine	UNK	NA	NA	NA	NA	NA	NA	NA	NA	TRUE	single placement	data.js:areas[Cinnabar Island Gym].item-cheat[11]	Asserted	care-package item, delivered by code not exploration quantity from the official item sheet
wild_encounter	Parasect	47	Cerulean Cave 1F	Kanto	wild-day	NA	NA	REPEATABLE	NA	12	Archer-3	UNK	20	68	70	0	NA	NA	NA	NA	FALSE	NA	data.js:areas[Cerulean Cave 1F].wild-day[12]	Measured	rate Asserted from the locations sheet
wild_encounter	Golbat	42	Cerulean Cave 1F	Kanto	wild-day	NA	NA	REPEATABLE	NA	12	Archer-3	UNK	20	68	70	1	NA	NA	NA	NA	FALSE	NA	data.js:areas[Cerulean Cave 1F].wild-day[12]	Measured	rate Asserted from the locations sheet
wild_encounter	Machamp	68	Cerulean Cave 1F	Kanto	wild-day	NA	NA	REPEATABLE	NA	12	Archer-3	UNK	10	68	70	2	NA	NA	NA	NA	FALSE	NA	data.js:areas[Cerulean Cave 1F].wild-day[12]	Measured	rate Asserted from the locations sheet
wild_encounter	Machamp	68	Cerulean Cave 1F	Kanto	wild-day	NA	NA	REPEATABLE	NA	12	Archer-3	UNK	10	68	70	3	NA	NA	NA	NA	FALSE	NA	data.js:areas[Cerulean Cave 1F].wild-day[12]	Measured	rate Asserted from the locations sheet
wild_encounter	Magneton	82	Cerulean Cave 1F	Kanto	wild-day	NA	NA	REPEATABLE	NA	12	Archer-3	UNK	10	68	70	4	NA	NA	NA	NA	FALSE	NA	data.js:areas[Cerulean Cave 1F].wild-day[12]	Measured	rate Asserted from the locations sheet
wild_encounter	Magneton	82	Cerulean Cave 1F	Kanto	wild-day	NA	NA	REPEATABLE	NA	12	Archer-3	UNK	10	68	70	5	NA	NA	NA	NA	FALSE	NA	data.js:areas[Cerulean Cave 1F].wild-day[12]	Measured	rate Asserted from the locations sheet
wild_encounter	Seismitoad	590	Cerulean Cave 1F	Kanto	wild-day	NA	NA	REPEATABLE	NA	12	Archer-3	UNK	5	68	70	6	NA	NA	NA	NA	FALSE	NA	data.js:areas[Cerulean Cave 1F].wild-day[12]	Measured	rate Asserted from the locations sheet
wild_encounter	Seismitoad	590	Cerulean Cave 1F	Kanto	wild-day	NA	NA	REPEATABLE	NA	12	Archer-3	UNK	5	68	70	7	NA	NA	NA	NA	FALSE	NA	data.js:areas[Cerulean Cave 1F].wild-day[12]	Measured	rate Asserted from the locations sheet
wild_encounter	Duraludon	1176	Cerulean Cave 1F	Kanto	wild-day	NA	NA	REPEATABLE	NA	12	Archer-3	UNK	4	68	70	8	NA	NA	NA	NA	FALSE	NA	data.js:areas[Cerulean Cave 1F].wild-day[12]	Measured	rate Asserted from the locations sheet
wild_encounter	Duraludon	1176	Cerulean Cave 1F	Kanto	wild-day	NA	NA	REPEATABLE	NA	12	Archer-3	UNK	4	68	70	9	NA	NA	NA	NA	FALSE	NA	data.js:areas[Cerulean Cave 1F].wild-day[12]	Measured	rate Asserted from the locations sheet
wild_encounter	Type: Null	989	Cerulean Cave 1F	Kanto	wild-day	NA	NA	REPEATABLE	NA	12	Archer-3	UNK	1	68	70	10	NA	NA	NA	NA	FALSE	NA	data.js:areas[Cerulean Cave 1F].wild-day[12]	Measured	rate Asserted from the locations sheet
wild_encounter	Type: Null	989	Cerulean Cave 1F	Kanto	wild-day	NA	NA	REPEATABLE	NA	12	Archer-3	UNK	1	68	70	11	NA	NA	NA	NA	FALSE	NA	data.js:areas[Cerulean Cave 1F].wild-day[12]	Measured	rate Asserted from the locations sheet
wild_encounter	Parasect	47	Cerulean Cave 1F	Kanto	wild-night	NA	NA	REPEATABLE	NA	12	Archer-3	UNK	20	68	70	0	NA	NA	NA	NA	FALSE	NA	data.js:areas[Cerulean Cave 1F].wild-night[12]	Measured	rate Asserted from the locations sheet
wild_encounter	Golbat	42	Cerulean Cave 1F	Kanto	wild-night	NA	NA	REPEATABLE	NA	12	Archer-3	UNK	20	68	70	1	NA	NA	NA	NA	FALSE	NA	data.js:areas[Cerulean Cave 1F].wild-night[12]	Measured	rate Asserted from the locations sheet
wild_encounter	Conkeldurr	587	Cerulean Cave 1F	Kanto	wild-night	NA	NA	REPEATABLE	NA	12	Archer-3	UNK	10	68	70	2	NA	NA	NA	NA	FALSE	NA	data.js:areas[Cerulean Cave 1F].wild-night[12]	Measured	rate Asserted from the locations sheet
wild_encounter	Conkeldurr	587	Cerulean Cave 1F	Kanto	wild-night	NA	NA	REPEATABLE	NA	12	Archer-3	UNK	10	68	70	3	NA	NA	NA	NA	FALSE	NA	data.js:areas[Cerulean Cave 1F].wild-night[12]	Measured	rate Asserted from the locations sheet
wild_encounter	Magneton	82	Cerulean Cave 1F	Kanto	wild-night	NA	NA	REPEATABLE	NA	12	Archer-3	UNK	10	68	70	4	NA	NA	NA	NA	FALSE	NA	data.js:areas[Cerulean Cave 1F].wild-night[12]	Measured	rate Asserted from the locations sheet
wild_encounter	Magneton	82	Cerulean Cave 1F	Kanto	wild-night	NA	NA	REPEATABLE	NA	12	Archer-3	UNK	10	68	70	5	NA	NA	NA	NA	FALSE	NA	data.js:areas[Cerulean Cave 1F].wild-night[12]	Measured	rate Asserted from the locations sheet
wild_encounter	Seismitoad	590	Cerulean Cave 1F	Kanto	wild-night	NA	NA	REPEATABLE	NA	12	Archer-3	UNK	5	68	70	6	NA	NA	NA	NA	FALSE	NA	data.js:areas[Cerulean Cave 1F].wild-night[12]	Measured	rate Asserted from the locations sheet
wild_encounter	Seismitoad	590	Cerulean Cave 1F	Kanto	wild-night	NA	NA	REPEATABLE	NA	12	Archer-3	UNK	5	68	70	7	NA	NA	NA	NA	FALSE	NA	data.js:areas[Cerulean Cave 1F].wild-night[12]	Measured	rate Asserted from the locations sheet
wild_encounter	Duraludon	1176	Cerulean Cave 1F	Kanto	wild-night	NA	NA	REPEATABLE	NA	12	Archer-3	UNK	4	68	70	8	NA	NA	NA	NA	FALSE	NA	data.js:areas[Cerulean Cave 1F].wild-night[12]	Measured	rate Asserted from the locations sheet
wild_encounter	Duraludon	1176	Cerulean Cave 1F	Kanto	wild-night	NA	NA	REPEATABLE	NA	12	Archer-3	UNK	4	68	70	9	NA	NA	NA	NA	FALSE	NA	data.js:areas[Cerulean Cave 1F].wild-night[12]	Measured	rate Asserted from the locations sheet
wild_encounter	Type: Null	989	Cerulean Cave 1F	Kanto	wild-night	NA	NA	REPEATABLE	NA	12	Archer-3	UNK	1	68	70	10	NA	NA	NA	NA	FALSE	NA	data.js:areas[Cerulean Cave 1F].wild-night[12]	Measured	rate Asserted from the locations sheet
wild_encounter	Type: Null	989	Cerulean Cave 1F	Kanto	wild-night	NA	NA	REPEATABLE	NA	12	Archer-3	UNK	1	68	70	11	NA	NA	NA	NA	FALSE	NA	data.js:areas[Cerulean Cave 1F].wild-night[12]	Measured	rate Asserted from the locations sheet
wild_encounter	Seismitoad	590	Cerulean Cave 1F	Kanto	wild-surf	NA	NA	REPEATABLE	NA	12	Archer-3	UNK	60	56	58	0	NA	NA	NA	NA	FALSE	NA	data.js:areas[Cerulean Cave 1F].wild-surf[12]	Measured	rate Asserted from the locations sheet
wild_encounter	Golduck	55	Cerulean Cave 1F	Kanto	wild-surf	NA	NA	REPEATABLE	NA	12	Archer-3	UNK	30	56	58	1	NA	NA	NA	NA	FALSE	NA	data.js:areas[Cerulean Cave 1F].wild-surf[12]	Measured	rate Asserted from the locations sheet
wild_encounter	Crawdaunt	327	Cerulean Cave 1F	Kanto	wild-surf	NA	NA	REPEATABLE	NA	12	Archer-3	UNK	5	56	58	2	NA	NA	NA	NA	FALSE	NA	data.js:areas[Cerulean Cave 1F].wild-surf[12]	Measured	rate Asserted from the locations sheet
wild_encounter	Kingler	99	Cerulean Cave 1F	Kanto	wild-surf	NA	NA	REPEATABLE	NA	12	Archer-3	UNK	4	56	58	3	NA	NA	NA	NA	FALSE	NA	data.js:areas[Cerulean Cave 1F].wild-surf[12]	Measured	rate Asserted from the locations sheet
wild_encounter	Kingler	99	Cerulean Cave 1F	Kanto	wild-surf	NA	NA	REPEATABLE	NA	12	Archer-3	UNK	1	56	58	4	NA	NA	NA	NA	FALSE	NA	data.js:areas[Cerulean Cave 1F].wild-surf[12]	Measured	rate Asserted from the locations sheet
item_ground	Full Restore	19	Cerulean Cave 1F	Kanto	item-standard	NA	NA	1	NA	12	Archer-3	UNK	NA	NA	NA	NA	NA	NA	NA	NA	TRUE	single placement	data.js:areas[Cerulean Cave 1F].item-standard[12]	Measured	NONE
item_ground	Max Elixir	37	Cerulean Cave 1F	Kanto	item-standard	NA	NA	1	NA	12	Archer-3	UNK	NA	NA	NA	NA	NA	NA	NA	NA	TRUE	single placement	data.js:areas[Cerulean Cave 1F].item-standard[12]	Measured	NONE
item_ground	Nugget	110	Cerulean Cave 1F	Kanto	item-standard	NA	NA	10	NA	12	Archer-3	UNK	NA	NA	NA	NA	NA	NA	NA	NA	TRUE	single placement	data.js:areas[Cerulean Cave 1F].item-standard[12]	Asserted	 quantity from the official item sheet
item_ground	Houndoomnite	552	Cerulean Cave 1F	Kanto	item-standard	NA	NA	1	NA	13	Giovanni-3	UNK	NA	NA	NA	NA	NA	NA	NA	NA	TRUE	single placement	data.js:areas[Cerulean Cave 1F].item-standard[13]	Measured	NONE
item_ground	Mawilite	559	Cerulean Cave 1F	Kanto	item-standard	NA	NA	1	NA	13	Giovanni-3	UNK	NA	NA	NA	NA	NA	NA	NA	NA	TRUE	single placement	data.js:areas[Cerulean Cave 1F].item-standard[13]	Measured	NONE
item_hidden	Ultra Ball	2	Cerulean Cave 1F	Kanto	item-hidden	NA	NA	10	NA	12	Archer-3	UNK	NA	NA	NA	NA	NA	NA	NA	NA	TRUE	single placement	data.js:areas[Cerulean Cave 1F].item-hidden[12]	Asserted	 quantity from the official item sheet
wild_encounter	Magikarp	129	Cerulean Cave 1F	Kanto	wild-oldRod	NA	NA	REPEATABLE	NA	12	Archer-3	UNK	70	2	4	0	NA	NA	NA	NA	FALSE	NA	data.js:areas[Cerulean Cave 1F].wild-oldRod[12]	Measured	rate Asserted from the locations sheet
wild_encounter	Staryu	120	Cerulean Cave 1F	Kanto	wild-oldRod	NA	NA	REPEATABLE	NA	12	Archer-3	UNK	30	2	4	1	NA	NA	NA	NA	FALSE	NA	data.js:areas[Cerulean Cave 1F].wild-oldRod[12]	Measured	rate Asserted from the locations sheet
wild_encounter	Carvanha	330	Cerulean Cave 1F	Kanto	wild-goodRod	NA	NA	REPEATABLE	NA	12	Archer-3	UNK	60	27	29	0	NA	NA	NA	NA	FALSE	NA	data.js:areas[Cerulean Cave 1F].wild-goodRod[12]	Measured	rate Asserted from the locations sheet
wild_encounter	Pyukumuku	988	Cerulean Cave 1F	Kanto	wild-goodRod	NA	NA	REPEATABLE	NA	12	Archer-3	UNK	20	27	29	1	NA	NA	NA	NA	FALSE	NA	data.js:areas[Cerulean Cave 1F].wild-goodRod[12]	Measured	rate Asserted from the locations sheet
wild_encounter	Krabby	98	Cerulean Cave 1F	Kanto	wild-goodRod	NA	NA	REPEATABLE	NA	12	Archer-3	UNK	20	27	29	2	NA	NA	NA	NA	FALSE	NA	data.js:areas[Cerulean Cave 1F].wild-goodRod[12]	Measured	rate Asserted from the locations sheet
wild_encounter	Seismitoad	590	Cerulean Cave 1F	Kanto	wild-superRod	NA	NA	REPEATABLE	NA	12	Archer-3	UNK	40	53	55	0	NA	NA	NA	NA	FALSE	NA	data.js:areas[Cerulean Cave 1F].wild-superRod[12]	Measured	rate Asserted from the locations sheet
wild_encounter	Poliwhirl	61	Cerulean Cave 1F	Kanto	wild-superRod	NA	NA	REPEATABLE	NA	12	Archer-3	UNK	40	53	55	1	NA	NA	NA	NA	FALSE	NA	data.js:areas[Cerulean Cave 1F].wild-superRod[12]	Measured	rate Asserted from the locations sheet
wild_encounter	Crawdaunt	327	Cerulean Cave 1F	Kanto	wild-superRod	NA	NA	REPEATABLE	NA	12	Archer-3	UNK	15	53	55	2	NA	NA	NA	NA	FALSE	NA	data.js:areas[Cerulean Cave 1F].wild-superRod[12]	Measured	rate Asserted from the locations sheet
wild_encounter	Crawdaunt	327	Cerulean Cave 1F	Kanto	wild-superRod	NA	NA	REPEATABLE	NA	12	Archer-3	UNK	4	53	55	3	NA	NA	NA	NA	FALSE	NA	data.js:areas[Cerulean Cave 1F].wild-superRod[12]	Measured	rate Asserted from the locations sheet
wild_encounter	Crawdaunt	327	Cerulean Cave 1F	Kanto	wild-superRod	NA	NA	REPEATABLE	NA	12	Archer-3	UNK	1	53	55	4	NA	NA	NA	NA	FALSE	NA	data.js:areas[Cerulean Cave 1F].wild-superRod[12]	Measured	rate Asserted from the locations sheet
wild_encounter	Brute Bonnet	1243	Cerulean Cave 2F	Kanto	wild-day	NA	NA	REPEATABLE	NA	12	Archer-3	UNK	20	68	70	0	NA	NA	NA	NA	FALSE	NA	data.js:areas[Cerulean Cave 2F].wild-day[12]	Measured	rate Asserted from the locations sheet
wild_encounter	Great Tusk	1237	Cerulean Cave 2F	Kanto	wild-day	NA	NA	REPEATABLE	NA	12	Archer-3	UNK	20	68	70	1	NA	NA	NA	NA	FALSE	NA	data.js:areas[Cerulean Cave 2F].wild-day[12]	Measured	rate Asserted from the locations sheet
wild_encounter	Primeape	57	Cerulean Cave 2F	Kanto	wild-day	NA	NA	REPEATABLE	NA	12	Archer-3	UNK	10	68	70	2	NA	NA	NA	NA	FALSE	NA	data.js:areas[Cerulean Cave 2F].wild-day[12]	Measured	rate Asserted from the locations sheet
wild_encounter	Primeape	57	Cerulean Cave 2F	Kanto	wild-day	NA	NA	REPEATABLE	NA	12	Archer-3	UNK	10	68	70	3	NA	NA	NA	NA	FALSE	NA	data.js:areas[Cerulean Cave 2F].wild-day[12]	Measured	rate Asserted from the locations sheet
wild_encounter	Great Tusk	1237	Cerulean Cave 2F	Kanto	wild-day	NA	NA	REPEATABLE	NA	12	Archer-3	UNK	10	68	70	4	NA	NA	NA	NA	FALSE	NA	data.js:areas[Cerulean Cave 2F].wild-day[12]	Measured	rate Asserted from the locations sheet
wild_encounter	Audino	584	Cerulean Cave 2F	Kanto	wild-day	NA	NA	REPEATABLE	NA	12	Archer-3	UNK	10	68	70	5	NA	NA	NA	NA	FALSE	NA	data.js:areas[Cerulean Cave 2F].wild-day[12]	Measured	rate Asserted from the locations sheet
wild_encounter	Alakazam	65	Cerulean Cave 2F	Kanto	wild-day	NA	NA	REPEATABLE	NA	12	Archer-3	UNK	5	68	70	6	NA	NA	NA	NA	FALSE	NA	data.js:areas[Cerulean Cave 2F].wild-day[12]	Measured	rate Asserted from the locations sheet
wild_encounter	Alakazam	65	Cerulean Cave 2F	Kanto	wild-day	NA	NA	REPEATABLE	NA	12	Archer-3	UNK	5	68	70	7	NA	NA	NA	NA	FALSE	NA	data.js:areas[Cerulean Cave 2F].wild-day[12]	Measured	rate Asserted from the locations sheet
wild_encounter	Duraludon	1176	Cerulean Cave 2F	Kanto	wild-day	NA	NA	REPEATABLE	NA	12	Archer-3	UNK	4	68	70	8	NA	NA	NA	NA	FALSE	NA	data.js:areas[Cerulean Cave 2F].wild-day[12]	Measured	rate Asserted from the locations sheet
wild_encounter	Duraludon	1176	Cerulean Cave 2F	Kanto	wild-day	NA	NA	REPEATABLE	NA	12	Archer-3	UNK	4	68	70	9	NA	NA	NA	NA	FALSE	NA	data.js:areas[Cerulean Cave 2F].wild-day[12]	Measured	rate Asserted from the locations sheet
wild_encounter	Type: Null	989	Cerulean Cave 2F	Kanto	wild-day	NA	NA	REPEATABLE	NA	12	Archer-3	UNK	1	68	70	10	NA	NA	NA	NA	FALSE	NA	data.js:areas[Cerulean Cave 2F].wild-day[12]	Measured	rate Asserted from the locations sheet
wild_encounter	Type: Null	989	Cerulean Cave 2F	Kanto	wild-day	NA	NA	REPEATABLE	NA	12	Archer-3	UNK	1	68	70	11	NA	NA	NA	NA	FALSE	NA	data.js:areas[Cerulean Cave 2F].wild-day[12]	Measured	rate Asserted from the locations sheet
wild_encounter	Brute Bonnet	1243	Cerulean Cave 2F	Kanto	wild-night	NA	NA	REPEATABLE	NA	12	Archer-3	UNK	20	68	70	0	NA	NA	NA	NA	FALSE	NA	data.js:areas[Cerulean Cave 2F].wild-night[12]	Measured	rate Asserted from the locations sheet
wild_encounter	Iron Treads	1258	Cerulean Cave 2F	Kanto	wild-night	NA	NA	REPEATABLE	NA	12	Archer-3	UNK	20	68	70	1	NA	NA	NA	NA	FALSE	NA	data.js:areas[Cerulean Cave 2F].wild-night[12]	Measured	rate Asserted from the locations sheet
wild_encounter	Pangoro	783	Cerulean Cave 2F	Kanto	wild-night	NA	NA	REPEATABLE	NA	12	Archer-3	UNK	10	68	70	2	NA	NA	NA	NA	FALSE	NA	data.js:areas[Cerulean Cave 2F].wild-night[12]	Measured	rate Asserted from the locations sheet
wild_encounter	Pangoro	783	Cerulean Cave 2F	Kanto	wild-night	NA	NA	REPEATABLE	NA	12	Archer-3	UNK	10	68	70	3	NA	NA	NA	NA	FALSE	NA	data.js:areas[Cerulean Cave 2F].wild-night[12]	Measured	rate Asserted from the locations sheet
wild_encounter	Iron Treads	1258	Cerulean Cave 2F	Kanto	wild-night	NA	NA	REPEATABLE	NA	12	Archer-3	UNK	10	68	70	4	NA	NA	NA	NA	FALSE	NA	data.js:areas[Cerulean Cave 2F].wild-night[12]	Measured	rate Asserted from the locations sheet
wild_encounter	Audino	584	Cerulean Cave 2F	Kanto	wild-night	NA	NA	REPEATABLE	NA	12	Archer-3	UNK	10	68	70	5	NA	NA	NA	NA	FALSE	NA	data.js:areas[Cerulean Cave 2F].wild-night[12]	Measured	rate Asserted from the locations sheet
wild_encounter	Reuniclus	632	Cerulean Cave 2F	Kanto	wild-night	NA	NA	REPEATABLE	NA	12	Archer-3	UNK	5	68	70	6	NA	NA	NA	NA	FALSE	NA	data.js:areas[Cerulean Cave 2F].wild-night[12]	Measured	rate Asserted from the locations sheet
wild_encounter	Reuniclus	632	Cerulean Cave 2F	Kanto	wild-night	NA	NA	REPEATABLE	NA	12	Archer-3	UNK	5	68	70	7	NA	NA	NA	NA	FALSE	NA	data.js:areas[Cerulean Cave 2F].wild-night[12]	Measured	rate Asserted from the locations sheet
wild_encounter	Duraludon	1176	Cerulean Cave 2F	Kanto	wild-night	NA	NA	REPEATABLE	NA	12	Archer-3	UNK	4	68	70	8	NA	NA	NA	NA	FALSE	NA	data.js:areas[Cerulean Cave 2F].wild-night[12]	Measured	rate Asserted from the locations sheet
wild_encounter	Duraludon	1176	Cerulean Cave 2F	Kanto	wild-night	NA	NA	REPEATABLE	NA	12	Archer-3	UNK	4	68	70	9	NA	NA	NA	NA	FALSE	NA	data.js:areas[Cerulean Cave 2F].wild-night[12]	Measured	rate Asserted from the locations sheet
wild_encounter	Type: Null	989	Cerulean Cave 2F	Kanto	wild-night	NA	NA	REPEATABLE	NA	12	Archer-3	UNK	1	68	70	10	NA	NA	NA	NA	FALSE	NA	data.js:areas[Cerulean Cave 2F].wild-night[12]	Measured	rate Asserted from the locations sheet
wild_encounter	Type: Null	989	Cerulean Cave 2F	Kanto	wild-night	NA	NA	REPEATABLE	NA	12	Archer-3	UNK	1	68	70	11	NA	NA	NA	NA	FALSE	NA	data.js:areas[Cerulean Cave 2F].wild-night[12]	Measured	rate Asserted from the locations sheet
gift_pokemon	Kubfu	1183	Cerulean Cave 2F	Kanto	fixed-gift	NA	NA	1	NA	14	Clair	UNK	NA	NA	NA	NA	NA	NA	NA	NA	TRUE	one-time placement	data.js:areas[Cerulean Cave 2F].fixed-gift[14]	Measured	NONE
item_ground	PP Up	69	Cerulean Cave 2F	Kanto	item-standard	NA	NA	10	NA	12	Archer-3	UNK	NA	NA	NA	NA	NA	NA	NA	NA	TRUE	single placement	data.js:areas[Cerulean Cave 2F].item-standard[12]	Asserted	 quantity from the official item sheet
item_ground	TM01	289	Cerulean Cave 2F	Kanto	item-standard	NA	NA	1	NA	12	Archer-3	UNK	NA	NA	NA	NA	NA	1	Close Combat	NA	TRUE	single placement	data.js:areas[Cerulean Cave 2F].item-standard[12]	Measured	NONE
item_ground	Diancite	579	Cerulean Cave 2F	Kanto	item-standard	NA	NA	1	NA	12	Archer-3	UNK	NA	NA	NA	NA	NA	NA	NA	NA	TRUE	single placement	data.js:areas[Cerulean Cave 2F].item-standard[12]	Measured	NONE
item_ground	Big Nugget	115	Cerulean Cave 2F	Kanto	item-standard	NA	NA	10	NA	14	Clair	UNK	NA	NA	NA	NA	NA	NA	NA	NA	TRUE	single placement	data.js:areas[Cerulean Cave 2F].item-standard[14]	Asserted	 quantity from the official item sheet
raid_den	Xurkitree	1013	Cerulean Cave 2F	Kanto	raid4	NA	NA	REPEATABLE	Wishing Piece to re-activate a spent den	12	Archer-3	UNK	NA	NA	NA	NA	4	NA	NA	Nugget,Big Nugget,Calcium,Carbos,Stardust,Star Piece,PP Max,Beast Ball,Power Herb,Wishing Piece,Life Orb,Life Orb	FALSE	NA	data.js:areas[Cerulean Cave 2F].raid4[12]	Measured	NONE
raid_den	Stakataka	1076	Cerulean Cave 2F	Kanto	raid4	NA	NA	REPEATABLE	Wishing Piece to re-activate a spent den	12	Archer-3	UNK	NA	NA	NA	NA	4	NA	NA	Nugget,Big Nugget,Calcium,Carbos,Stardust,Star Piece,PP Max,Beast Ball,Power Herb,Wishing Piece,Life Orb,Life Orb	FALSE	NA	data.js:areas[Cerulean Cave 2F].raid4[12]	Measured	NONE
raid_den	Guzzlord	1016	Cerulean Cave 2F	Kanto	raid4	NA	NA	REPEATABLE	Wishing Piece to re-activate a spent den	12	Archer-3	UNK	NA	NA	NA	NA	4	NA	NA	Nugget,Big Nugget,Calcium,Carbos,Stardust,Star Piece,PP Max,Beast Ball,Wishing Piece,Lucky Egg,Life Orb,Life Orb	FALSE	NA	data.js:areas[Cerulean Cave 2F].raid4[12]	Measured	NONE
raid_den	Buzzwole	1011	Cerulean Cave 2F	Kanto	raid5	NA	NA	REPEATABLE	Wishing Piece to re-activate a spent den	12	Archer-3	UNK	NA	NA	NA	NA	5	NA	NA	Nugget,Big Nugget,Calcium,Carbos,Stardust,Star Piece,PP Max,Beast Ball,Power Herb,Wishing Piece,Life Orb,Life Orb	FALSE	NA	data.js:areas[Cerulean Cave 2F].raid5[12]	Measured	NONE
raid_den	Xurkitree	1013	Cerulean Cave 2F	Kanto	raid5	NA	NA	REPEATABLE	Wishing Piece to re-activate a spent den	12	Archer-3	UNK	NA	NA	NA	NA	5	NA	NA	Nugget,Big Nugget,Calcium,Carbos,Stardust,Star Piece,PP Max,Beast Ball,Power Herb,Wishing Piece,Life Orb,Life Orb	FALSE	NA	data.js:areas[Cerulean Cave 2F].raid5[12]	Measured	NONE
raid_den	Stakataka	1076	Cerulean Cave 2F	Kanto	raid5	NA	NA	REPEATABLE	Wishing Piece to re-activate a spent den	12	Archer-3	UNK	NA	NA	NA	NA	5	NA	NA	Nugget,Big Nugget,Calcium,Carbos,Stardust,Star Piece,PP Max,Beast Ball,Power Herb,Wishing Piece,Life Orb,Life Orb	FALSE	NA	data.js:areas[Cerulean Cave 2F].raid5[12]	Measured	NONE
raid_den	Guzzlord	1016	Cerulean Cave 2F	Kanto	raid5	NA	NA	REPEATABLE	Wishing Piece to re-activate a spent den	12	Archer-3	UNK	NA	NA	NA	NA	5	NA	NA	Nugget,Big Nugget,Calcium,Carbos,Stardust,Star Piece,PP Max,Beast Ball,Wishing Piece,Lucky Egg,Life Orb,Life Orb	FALSE	NA	data.js:areas[Cerulean Cave 2F].raid5[12]	Measured	NONE
raid_den	Nihilego	1010	Cerulean Cave 2F	Kanto	raid5	NA	NA	REPEATABLE	Wishing Piece to re-activate a spent den	12	Archer-3	UNK	NA	NA	NA	NA	5	NA	NA	Nugget,Big Nugget,Calcium,Carbos,Stardust,Star Piece,PP Max,Beast Ball,Wishing Piece,Lucky Egg,Life Orb,Life Orb	FALSE	NA	data.js:areas[Cerulean Cave 2F].raid5[12]	Measured	NONE
raid_den	Blacephalon	1077	Cerulean Cave 2F	Kanto	raid6	NA	NA	REPEATABLE	Wishing Piece to re-activate a spent den	12	Archer-3	UNK	NA	NA	NA	NA	6	NA	NA	Nugget,Big Nugget,Big Nugget,PP Up,PP Max,Wishing Piece,Power Herb,Eviolite,Choice Scarf,Choice Scarf	FALSE	NA	data.js:areas[Cerulean Cave 2F].raid6[12]	Measured	NONE
raid_den	Kartana	1015	Cerulean Cave 2F	Kanto	raid6	NA	NA	REPEATABLE	Wishing Piece to re-activate a spent den	12	Archer-3	UNK	NA	NA	NA	NA	6	NA	NA	Nugget,Big Nugget,Big Nugget,PP Up,PP Max,Wishing Piece,Power Herb,Eviolite,Choice Band,Choice Band	FALSE	NA	data.js:areas[Cerulean Cave 2F].raid6[12]	Measured	NONE
raid_den	Poipole	1074	Cerulean Cave 2F	Kanto	raid6	NA	NA	REPEATABLE	Wishing Piece to re-activate a spent den	12	Archer-3	UNK	NA	NA	NA	NA	6	NA	NA	Nugget,Big Nugget,Big Nugget,Big Nugget,PP Up,PP Max,PP Up,Power Herb,Eviolite,Life Orb,Life Orb	FALSE	NA	data.js:areas[Cerulean Cave 2F].raid6[12]	Measured	NONE
raid_den	Pheromosa	1012	Cerulean Cave 2F	Kanto	raid6	NA	NA	REPEATABLE	Wishing Piece to re-activate a spent den	12	Archer-3	UNK	NA	NA	NA	NA	6	NA	NA	Nugget,Big Nugget,Big Nugget,PP Up,Nugget,PP Max,White Herb,Eviolite,Choice Scarf,Choice Scarf	FALSE	NA	data.js:areas[Cerulean Cave 2F].raid6[12]	Measured	NONE
raid_den	Celesteela	1014	Cerulean Cave 2F	Kanto	raid6	NA	NA	REPEATABLE	Wishing Piece to re-activate a spent den	12	Archer-3	UNK	NA	NA	NA	NA	6	NA	NA	Nugget,Big Nugget,Big Nugget,PP Up,PP Max,Wishing Piece,White Herb,Eviolite,Choice Specs,Choice Specs	FALSE	NA	data.js:areas[Cerulean Cave 2F].raid6[12]	Measured	NONE
wild_encounter	Iron Treads	1258	Cerulean Cave B1F	Kanto	wild-day	NA	NA	REPEATABLE	NA	13	Giovanni-3	UNK	20	68	70	0	NA	NA	NA	NA	FALSE	NA	data.js:areas[Cerulean Cave B1F].wild-day[13]	Measured	rate Asserted from the locations sheet
wild_encounter	Noivern	823	Cerulean Cave B1F	Kanto	wild-day	NA	NA	REPEATABLE	NA	13	Giovanni-3	UNK	20	68	70	1	NA	NA	NA	NA	FALSE	NA	data.js:areas[Cerulean Cave B1F].wild-day[13]	Measured	rate Asserted from the locations sheet
wild_encounter	Medicham	357	Cerulean Cave B1F	Kanto	wild-day	NA	NA	REPEATABLE	NA	13	Giovanni-3	UNK	10	68	70	2	NA	NA	NA	NA	FALSE	NA	data.js:areas[Cerulean Cave B1F].wild-day[13]	Measured	rate Asserted from the locations sheet
wild_encounter	Medicham	357	Cerulean Cave B1F	Kanto	wild-day	NA	NA	REPEATABLE	NA	13	Giovanni-3	UNK	10	68	70	3	NA	NA	NA	NA	FALSE	NA	data.js:areas[Cerulean Cave B1F].wild-day[13]	Measured	rate Asserted from the locations sheet
wild_encounter	Lopunny	481	Cerulean Cave B1F	Kanto	wild-day	NA	NA	REPEATABLE	NA	13	Giovanni-3	UNK	10	68	70	4	NA	NA	NA	NA	FALSE	NA	data.js:areas[Cerulean Cave B1F].wild-day[13]	Measured	rate Asserted from the locations sheet
wild_encounter	Iron Treads	1258	Cerulean Cave B1F	Kanto	wild-day	NA	NA	REPEATABLE	NA	13	Giovanni-3	UNK	10	68	70	5	NA	NA	NA	NA	FALSE	NA	data.js:areas[Cerulean Cave B1F].wild-day[13]	Measured	rate Asserted from the locations sheet
wild_encounter	Lopunny	481	Cerulean Cave B1F	Kanto	wild-day	NA	NA	REPEATABLE	NA	13	Giovanni-3	UNK	5	68	70	6	NA	NA	NA	NA	FALSE	NA	data.js:areas[Cerulean Cave B1F].wild-day[13]	Measured	rate Asserted from the locations sheet
wild_encounter	Gardevoir	394	Cerulean Cave B1F	Kanto	wild-day	NA	NA	REPEATABLE	NA	13	Giovanni-3	UNK	5	68	70	7	NA	NA	NA	NA	FALSE	NA	data.js:areas[Cerulean Cave B1F].wild-day[13]	Measured	rate Asserted from the locations sheet
wild_encounter	Excadrill	583	Cerulean Cave B1F	Kanto	wild-day	NA	NA	REPEATABLE	NA	13	Giovanni-3	UNK	4	68	70	8	NA	NA	NA	NA	FALSE	NA	data.js:areas[Cerulean Cave B1F].wild-day[13]	Measured	rate Asserted from the locations sheet
wild_encounter	Excadrill	583	Cerulean Cave B1F	Kanto	wild-day	NA	NA	REPEATABLE	NA	13	Giovanni-3	UNK	4	68	70	9	NA	NA	NA	NA	FALSE	NA	data.js:areas[Cerulean Cave B1F].wild-day[13]	Measured	rate Asserted from the locations sheet
wild_encounter	Type: Null	989	Cerulean Cave B1F	Kanto	wild-day	NA	NA	REPEATABLE	NA	13	Giovanni-3	UNK	1	68	70	10	NA	NA	NA	NA	FALSE	NA	data.js:areas[Cerulean Cave B1F].wild-day[13]	Measured	rate Asserted from the locations sheet
wild_encounter	Type: Null	989	Cerulean Cave B1F	Kanto	wild-day	NA	NA	REPEATABLE	NA	13	Giovanni-3	UNK	1	68	70	11	NA	NA	NA	NA	FALSE	NA	data.js:areas[Cerulean Cave B1F].wild-day[13]	Measured	rate Asserted from the locations sheet
wild_encounter	Iron Treads	1258	Cerulean Cave B1F	Kanto	wild-night	NA	NA	REPEATABLE	NA	13	Giovanni-3	UNK	20	68	70	0	NA	NA	NA	NA	FALSE	NA	data.js:areas[Cerulean Cave B1F].wild-night[13]	Measured	rate Asserted from the locations sheet
wild_encounter	Noivern	823	Cerulean Cave B1F	Kanto	wild-night	NA	NA	REPEATABLE	NA	13	Giovanni-3	UNK	20	68	70	1	NA	NA	NA	NA	FALSE	NA	data.js:areas[Cerulean Cave B1F].wild-night[13]	Measured	rate Asserted from the locations sheet
wild_encounter	Toxicroak	507	Cerulean Cave B1F	Kanto	wild-night	NA	NA	REPEATABLE	NA	13	Giovanni-3	UNK	10	68	70	2	NA	NA	NA	NA	FALSE	NA	data.js:areas[Cerulean Cave B1F].wild-night[13]	Measured	rate Asserted from the locations sheet
wild_encounter	Toxicroak	507	Cerulean Cave B1F	Kanto	wild-night	NA	NA	REPEATABLE	NA	13	Giovanni-3	UNK	10	68	70	3	NA	NA	NA	NA	FALSE	NA	data.js:areas[Cerulean Cave B1F].wild-night[13]	Measured	rate Asserted from the locations sheet
wild_encounter	Lopunny	481	Cerulean Cave B1F	Kanto	wild-night	NA	NA	REPEATABLE	NA	13	Giovanni-3	UNK	10	68	70	4	NA	NA	NA	NA	FALSE	NA	data.js:areas[Cerulean Cave B1F].wild-night[13]	Measured	rate Asserted from the locations sheet
wild_encounter	Iron Treads	1258	Cerulean Cave B1F	Kanto	wild-night	NA	NA	REPEATABLE	NA	13	Giovanni-3	UNK	10	68	70	5	NA	NA	NA	NA	FALSE	NA	data.js:areas[Cerulean Cave B1F].wild-night[13]	Measured	rate Asserted from the locations sheet
wild_encounter	Lopunny	481	Cerulean Cave B1F	Kanto	wild-night	NA	NA	REPEATABLE	NA	13	Giovanni-3	UNK	5	68	70	6	NA	NA	NA	NA	FALSE	NA	data.js:areas[Cerulean Cave B1F].wild-night[13]	Measured	rate Asserted from the locations sheet
wild_encounter	Gardevoir	394	Cerulean Cave B1F	Kanto	wild-night	NA	NA	REPEATABLE	NA	13	Giovanni-3	UNK	5	68	70	7	NA	NA	NA	NA	FALSE	NA	data.js:areas[Cerulean Cave B1F].wild-night[13]	Measured	rate Asserted from the locations sheet
wild_encounter	Excadrill	583	Cerulean Cave B1F	Kanto	wild-night	NA	NA	REPEATABLE	NA	13	Giovanni-3	UNK	4	68	70	8	NA	NA	NA	NA	FALSE	NA	data.js:areas[Cerulean Cave B1F].wild-night[13]	Measured	rate Asserted from the locations sheet
wild_encounter	Excadrill	583	Cerulean Cave B1F	Kanto	wild-night	NA	NA	REPEATABLE	NA	13	Giovanni-3	UNK	4	68	70	9	NA	NA	NA	NA	FALSE	NA	data.js:areas[Cerulean Cave B1F].wild-night[13]	Measured	rate Asserted from the locations sheet
wild_encounter	Type: Null	989	Cerulean Cave B1F	Kanto	wild-night	NA	NA	REPEATABLE	NA	13	Giovanni-3	UNK	1	68	70	10	NA	NA	NA	NA	FALSE	NA	data.js:areas[Cerulean Cave B1F].wild-night[13]	Measured	rate Asserted from the locations sheet
wild_encounter	Type: Null	989	Cerulean Cave B1F	Kanto	wild-night	NA	NA	REPEATABLE	NA	13	Giovanni-3	UNK	1	68	70	11	NA	NA	NA	NA	FALSE	NA	data.js:areas[Cerulean Cave B1F].wild-night[13]	Measured	rate Asserted from the locations sheet
wild_encounter	Sharpedo	331	Cerulean Cave B1F	Kanto	wild-surf	NA	NA	REPEATABLE	NA	13	Giovanni-3	UNK	60	56	58	0	NA	NA	NA	NA	FALSE	NA	data.js:areas[Cerulean Cave B1F].wild-surf[13]	Measured	rate Asserted from the locations sheet
wild_encounter	Slowbro	80	Cerulean Cave B1F	Kanto	wild-surf	NA	NA	REPEATABLE	NA	13	Giovanni-3	UNK	30	56	58	1	NA	NA	NA	NA	FALSE	NA	data.js:areas[Cerulean Cave B1F].wild-surf[13]	Measured	rate Asserted from the locations sheet
wild_encounter	Toxapex	965	Cerulean Cave B1F	Kanto	wild-surf	NA	NA	REPEATABLE	NA	13	Giovanni-3	UNK	5	56	58	2	NA	NA	NA	NA	FALSE	NA	data.js:areas[Cerulean Cave B1F].wild-surf[13]	Measured	rate Asserted from the locations sheet
wild_encounter	Toxapex	965	Cerulean Cave B1F	Kanto	wild-surf	NA	NA	REPEATABLE	NA	13	Giovanni-3	UNK	4	56	58	3	NA	NA	NA	NA	FALSE	NA	data.js:areas[Cerulean Cave B1F].wild-surf[13]	Measured	rate Asserted from the locations sheet
wild_encounter	Milotic	329	Cerulean Cave B1F	Kanto	wild-surf	NA	NA	REPEATABLE	NA	13	Giovanni-3	UNK	1	56	58	4	NA	NA	NA	NA	FALSE	NA	data.js:areas[Cerulean Cave B1F].wild-surf[13]	Measured	rate Asserted from the locations sheet
static_pokemon	Mewtwo	150	Cerulean Cave B1F	Kanto	fixed-overworld	NA	NA	1	NA	17	Post-Game	UNK	NA	NA	NA	NA	NA	NA	NA	NA	TRUE	one-time placement	data.js:areas[Cerulean Cave B1F].fixed-overworld[17]	Measured	NONE
item_ground	Garchompite	574	Cerulean Cave B1F	Kanto	item-standard	NA	NA	1	NA	13	Giovanni-3	UNK	NA	NA	NA	NA	NA	NA	NA	NA	TRUE	single placement	data.js:areas[Cerulean Cave B1F].item-standard[13]	Measured	NONE
item_ground	Booster Energy	614	Cerulean Cave B1F	Kanto	item-standard	NA	NA	1	NA	13	Giovanni-3	UNK	NA	NA	NA	NA	NA	NA	NA	NA	TRUE	single placement	data.js:areas[Cerulean Cave B1F].item-standard[13]	Measured	NONE
wild_encounter	Feebas	328	Cerulean Cave B1F	Kanto	wild-oldRod	NA	NA	REPEATABLE	NA	13	Giovanni-3	UNK	70	2	4	0	NA	NA	NA	NA	FALSE	NA	data.js:areas[Cerulean Cave B1F].wild-oldRod[13]	Measured	rate Asserted from the locations sheet
wild_encounter	Mareanie	964	Cerulean Cave B1F	Kanto	wild-oldRod	NA	NA	REPEATABLE	NA	13	Giovanni-3	UNK	30	2	4	1	NA	NA	NA	NA	FALSE	NA	data.js:areas[Cerulean Cave B1F].wild-oldRod[13]	Measured	rate Asserted from the locations sheet
wild_encounter	Corphish	326	Cerulean Cave B1F	Kanto	wild-goodRod	NA	NA	REPEATABLE	NA	13	Giovanni-3	UNK	60	27	29	0	NA	NA	NA	NA	FALSE	NA	data.js:areas[Cerulean Cave B1F].wild-goodRod[13]	Measured	rate Asserted from the locations sheet
wild_encounter	Krabby	98	Cerulean Cave B1F	Kanto	wild-goodRod	NA	NA	REPEATABLE	NA	13	Giovanni-3	UNK	20	27	29	1	NA	NA	NA	NA	FALSE	NA	data.js:areas[Cerulean Cave B1F].wild-goodRod[13]	Measured	rate Asserted from the locations sheet
wild_encounter	Mareanie	964	Cerulean Cave B1F	Kanto	wild-goodRod	NA	NA	REPEATABLE	NA	13	Giovanni-3	UNK	20	27	29	2	NA	NA	NA	NA	FALSE	NA	data.js:areas[Cerulean Cave B1F].wild-goodRod[13]	Measured	rate Asserted from the locations sheet
wild_encounter	Poliwrath	62	Cerulean Cave B1F	Kanto	wild-superRod	NA	NA	REPEATABLE	NA	13	Giovanni-3	UNK	40	53	55	0	NA	NA	NA	NA	FALSE	NA	data.js:areas[Cerulean Cave B1F].wild-superRod[13]	Measured	rate Asserted from the locations sheet
wild_encounter	Crawdaunt	327	Cerulean Cave B1F	Kanto	wild-superRod	NA	NA	REPEATABLE	NA	13	Giovanni-3	UNK	40	53	55	1	NA	NA	NA	NA	FALSE	NA	data.js:areas[Cerulean Cave B1F].wild-superRod[13]	Measured	rate Asserted from the locations sheet
wild_encounter	Sharpedo	331	Cerulean Cave B1F	Kanto	wild-superRod	NA	NA	REPEATABLE	NA	13	Giovanni-3	UNK	15	53	55	2	NA	NA	NA	NA	FALSE	NA	data.js:areas[Cerulean Cave B1F].wild-superRod[13]	Measured	rate Asserted from the locations sheet
wild_encounter	Gyarados	130	Cerulean Cave B1F	Kanto	wild-superRod	NA	NA	REPEATABLE	NA	13	Giovanni-3	UNK	4	53	55	3	NA	NA	NA	NA	FALSE	NA	data.js:areas[Cerulean Cave B1F].wild-superRod[13]	Measured	rate Asserted from the locations sheet
wild_encounter	Gyarados	130	Cerulean Cave B1F	Kanto	wild-superRod	NA	NA	REPEATABLE	NA	13	Giovanni-3	UNK	1	53	55	4	NA	NA	NA	NA	FALSE	NA	data.js:areas[Cerulean Cave B1F].wild-superRod[13]	Measured	rate Asserted from the locations sheet
gift_pokemon	Dragapult	1179	Viridian City Gym	Kanto	fixed-gift	NA	NA	1	NA	17	Post-Game	UNK	NA	NA	NA	NA	NA	NA	NA	NA	TRUE	one-time placement	data.js:areas[Viridian City Gym].fixed-gift[17]	Measured	NONE
item_ground	TM119	444	Viridian City Gym	Kanto	item-standard	NA	NA	1	NA	15	Brendan	UNK	NA	NA	NA	NA	NA	119	Draco Meteor	NA	TRUE	single placement	data.js:areas[Viridian City Gym].item-standard[15]	Measured	NONE
item_ground	TM72	397	Viridian City Gym	Kanto	item-standard	NA	NA	1	NA	17	Post-Game	UNK	NA	NA	NA	NA	NA	72	Draco Barrage	NA	TRUE	single placement	data.js:areas[Viridian City Gym].item-standard[17]	Measured	NONE
item_care_package	Beast Ball	251	Viridian City Gym	Kanto	item-cheat	NA	NA	100	NA	15	Brendan	UNK	NA	NA	NA	NA	NA	NA	NA	NA	TRUE	single placement	data.js:areas[Viridian City Gym].item-cheat[15]	Asserted	care-package item, delivered by code not exploration quantity from the official item sheet
item_ground	Upgrade	619	Silph Co. B1F	Kanto	item-standard	NA	NA	1	NA	15	Brendan	UNK	NA	NA	NA	NA	NA	NA	NA	NA	TRUE	single placement	data.js:areas[Silph Co. B1F].item-standard[15]	Measured	NONE
static_pokemon	Raging Bolt	1367	Silph Co. Raging Bolt's Office	Kanto	fixed-overworld	NA	NA	1	NA	15	Brendan	UNK	NA	NA	NA	NA	NA	NA	NA	NA	TRUE	one-time placement	data.js:areas[Silph Co. Raging Bolt's Office].fixed-overworld[15]	Measured	NONE
wild_encounter	Unown	201	Pokemon Mansion 4F	Kanto	wild-day	NA	NA	REPEATABLE	NA	15	Brendan	UNK	20	75	77	0	NA	NA	NA	NA	FALSE	NA	data.js:areas[Pokemon Mansion 4F].wild-day[15]	Measured	rate Asserted from the locations sheet
wild_encounter	Unown	201	Pokemon Mansion 4F	Kanto	wild-day	NA	NA	REPEATABLE	NA	15	Brendan	UNK	20	75	77	1	NA	NA	NA	NA	FALSE	NA	data.js:areas[Pokemon Mansion 4F].wild-day[15]	Measured	rate Asserted from the locations sheet
wild_encounter	Meganium	154	Pokemon Mansion 4F	Kanto	wild-day	NA	NA	REPEATABLE	NA	15	Brendan	UNK	10	75	77	2	NA	NA	NA	NA	FALSE	NA	data.js:areas[Pokemon Mansion 4F].wild-day[15]	Measured	rate Asserted from the locations sheet
wild_encounter	Meganium	154	Pokemon Mansion 4F	Kanto	wild-day	NA	NA	REPEATABLE	NA	15	Brendan	UNK	10	75	77	3	NA	NA	NA	NA	FALSE	NA	data.js:areas[Pokemon Mansion 4F].wild-day[15]	Measured	rate Asserted from the locations sheet
wild_encounter	Quaquaval	929	Pokemon Mansion 4F	Kanto	wild-day	NA	NA	REPEATABLE	NA	15	Brendan	UNK	10	75	77	4	NA	NA	NA	NA	FALSE	NA	data.js:areas[Pokemon Mansion 4F].wild-day[15]	Measured	rate Asserted from the locations sheet
wild_encounter	Quaquaval	929	Pokemon Mansion 4F	Kanto	wild-day	NA	NA	REPEATABLE	NA	15	Brendan	UNK	10	75	77	5	NA	NA	NA	NA	FALSE	NA	data.js:areas[Pokemon Mansion 4F].wild-day[15]	Measured	rate Asserted from the locations sheet
wild_encounter	Empoleon	448	Pokemon Mansion 4F	Kanto	wild-day	NA	NA	REPEATABLE	NA	15	Brendan	UNK	5	75	77	6	NA	NA	NA	NA	FALSE	NA	data.js:areas[Pokemon Mansion 4F].wild-day[15]	Measured	rate Asserted from the locations sheet
wild_encounter	Empoleon	448	Pokemon Mansion 4F	Kanto	wild-day	NA	NA	REPEATABLE	NA	15	Brendan	UNK	5	75	77	7	NA	NA	NA	NA	FALSE	NA	data.js:areas[Pokemon Mansion 4F].wild-day[15]	Measured	rate Asserted from the locations sheet
wild_encounter	Mismagius	482	Pokemon Mansion 4F	Kanto	wild-day	NA	NA	REPEATABLE	NA	15	Brendan	UNK	4	75	77	8	NA	NA	NA	NA	FALSE	NA	data.js:areas[Pokemon Mansion 4F].wild-day[15]	Measured	rate Asserted from the locations sheet
wild_encounter	Mismagius	482	Pokemon Mansion 4F	Kanto	wild-day	NA	NA	REPEATABLE	NA	15	Brendan	UNK	4	75	77	9	NA	NA	NA	NA	FALSE	NA	data.js:areas[Pokemon Mansion 4F].wild-day[15]	Measured	rate Asserted from the locations sheet
wild_encounter	Unown	201	Pokemon Mansion 4F	Kanto	wild-day	NA	NA	REPEATABLE	NA	15	Brendan	UNK	1	75	77	10	NA	NA	NA	NA	FALSE	NA	data.js:areas[Pokemon Mansion 4F].wild-day[15]	Measured	rate Asserted from the locations sheet
wild_encounter	Unown	201	Pokemon Mansion 4F	Kanto	wild-day	NA	NA	REPEATABLE	NA	15	Brendan	UNK	1	75	77	11	NA	NA	NA	NA	FALSE	NA	data.js:areas[Pokemon Mansion 4F].wild-day[15]	Measured	rate Asserted from the locations sheet
wild_encounter	Unown	201	Pokemon Mansion 4F	Kanto	wild-night	NA	NA	REPEATABLE	NA	15	Brendan	UNK	20	75	77	0	NA	NA	NA	NA	FALSE	NA	data.js:areas[Pokemon Mansion 4F].wild-night[15]	Measured	rate Asserted from the locations sheet
wild_encounter	Unown	201	Pokemon Mansion 4F	Kanto	wild-night	NA	NA	REPEATABLE	NA	15	Brendan	UNK	20	75	77	1	NA	NA	NA	NA	FALSE	NA	data.js:areas[Pokemon Mansion 4F].wild-night[15]	Measured	rate Asserted from the locations sheet
wild_encounter	Meowscarada	923	Pokemon Mansion 4F	Kanto	wild-night	NA	NA	REPEATABLE	NA	15	Brendan	UNK	10	75	77	2	NA	NA	NA	NA	FALSE	NA	data.js:areas[Pokemon Mansion 4F].wild-night[15]	Measured	rate Asserted from the locations sheet
wild_encounter	Meowscarada	923	Pokemon Mansion 4F	Kanto	wild-night	NA	NA	REPEATABLE	NA	15	Brendan	UNK	10	75	77	3	NA	NA	NA	NA	FALSE	NA	data.js:areas[Pokemon Mansion 4F].wild-night[15]	Measured	rate Asserted from the locations sheet
wild_encounter	Quaquaval	929	Pokemon Mansion 4F	Kanto	wild-night	NA	NA	REPEATABLE	NA	15	Brendan	UNK	10	75	77	4	NA	NA	NA	NA	FALSE	NA	data.js:areas[Pokemon Mansion 4F].wild-night[15]	Measured	rate Asserted from the locations sheet
wild_encounter	Quaquaval	929	Pokemon Mansion 4F	Kanto	wild-night	NA	NA	REPEATABLE	NA	15	Brendan	UNK	10	75	77	5	NA	NA	NA	NA	FALSE	NA	data.js:areas[Pokemon Mansion 4F].wild-night[15]	Measured	rate Asserted from the locations sheet
wild_encounter	Empoleon	448	Pokemon Mansion 4F	Kanto	wild-night	NA	NA	REPEATABLE	NA	15	Brendan	UNK	5	75	77	6	NA	NA	NA	NA	FALSE	NA	data.js:areas[Pokemon Mansion 4F].wild-night[15]	Measured	rate Asserted from the locations sheet
wild_encounter	Empoleon	448	Pokemon Mansion 4F	Kanto	wild-night	NA	NA	REPEATABLE	NA	15	Brendan	UNK	5	75	77	7	NA	NA	NA	NA	FALSE	NA	data.js:areas[Pokemon Mansion 4F].wild-night[15]	Measured	rate Asserted from the locations sheet
wild_encounter	Froslass	531	Pokemon Mansion 4F	Kanto	wild-night	NA	NA	REPEATABLE	NA	15	Brendan	UNK	4	75	77	8	NA	NA	NA	NA	FALSE	NA	data.js:areas[Pokemon Mansion 4F].wild-night[15]	Measured	rate Asserted from the locations sheet
wild_encounter	Froslass	531	Pokemon Mansion 4F	Kanto	wild-night	NA	NA	REPEATABLE	NA	15	Brendan	UNK	4	75	77	9	NA	NA	NA	NA	FALSE	NA	data.js:areas[Pokemon Mansion 4F].wild-night[15]	Measured	rate Asserted from the locations sheet
wild_encounter	Unown	201	Pokemon Mansion 4F	Kanto	wild-night	NA	NA	REPEATABLE	NA	15	Brendan	UNK	1	75	77	10	NA	NA	NA	NA	FALSE	NA	data.js:areas[Pokemon Mansion 4F].wild-night[15]	Measured	rate Asserted from the locations sheet
wild_encounter	Unown	201	Pokemon Mansion 4F	Kanto	wild-night	NA	NA	REPEATABLE	NA	15	Brendan	UNK	1	75	77	11	NA	NA	NA	NA	FALSE	NA	data.js:areas[Pokemon Mansion 4F].wild-night[15]	Measured	rate Asserted from the locations sheet
item_ground	Hearthflame Mask	622	Pokemon Mansion 4F	Kanto	item-standard	NA	NA	1	NA	15	Brendan	UNK	NA	NA	NA	NA	NA	NA	NA	NA	TRUE	single placement	data.js:areas[Pokemon Mansion 4F].item-standard[15]	Measured	NONE
wild_encounter	Unown	201	Pokemon Mansion Gouging Fire's Room	Kanto	wild-day	NA	NA	REPEATABLE	NA	15	Brendan	UNK	20	75	77	0	NA	NA	NA	NA	FALSE	NA	data.js:areas[Pokemon Mansion Gouging Fire's Room].wild-day[15]	Measured	rate Asserted from the locations sheet
wild_encounter	Unown	201	Pokemon Mansion Gouging Fire's Room	Kanto	wild-day	NA	NA	REPEATABLE	NA	15	Brendan	UNK	20	75	77	1	NA	NA	NA	NA	FALSE	NA	data.js:areas[Pokemon Mansion Gouging Fire's Room].wild-day[15]	Measured	rate Asserted from the locations sheet
wild_encounter	Cinderace	1107	Pokemon Mansion Gouging Fire's Room	Kanto	wild-day	NA	NA	REPEATABLE	NA	15	Brendan	UNK	10	75	77	2	NA	NA	NA	NA	FALSE	NA	data.js:areas[Pokemon Mansion Gouging Fire's Room].wild-day[15]	Measured	rate Asserted from the locations sheet
wild_encounter	Cinderace	1107	Pokemon Mansion Gouging Fire's Room	Kanto	wild-day	NA	NA	REPEATABLE	NA	15	Brendan	UNK	10	75	77	3	NA	NA	NA	NA	FALSE	NA	data.js:areas[Pokemon Mansion Gouging Fire's Room].wild-day[15]	Measured	rate Asserted from the locations sheet
wild_encounter	Typhlosion	157	Pokemon Mansion Gouging Fire's Room	Kanto	wild-day	NA	NA	REPEATABLE	NA	15	Brendan	UNK	10	63	65	4	NA	NA	NA	NA	FALSE	NA	data.js:areas[Pokemon Mansion Gouging Fire's Room].wild-day[15]	Measured	rate Asserted from the locations sheet
wild_encounter	Typhlosion	157	Pokemon Mansion Gouging Fire's Room	Kanto	wild-day	NA	NA	REPEATABLE	NA	15	Brendan	UNK	10	63	65	5	NA	NA	NA	NA	FALSE	NA	data.js:areas[Pokemon Mansion Gouging Fire's Room].wild-day[15]	Measured	rate Asserted from the locations sheet
wild_encounter	Blaziken	282	Pokemon Mansion Gouging Fire's Room	Kanto	wild-day	NA	NA	REPEATABLE	NA	15	Brendan	UNK	5	75	77	6	NA	NA	NA	NA	FALSE	NA	data.js:areas[Pokemon Mansion Gouging Fire's Room].wild-day[15]	Measured	rate Asserted from the locations sheet
wild_encounter	Blaziken	282	Pokemon Mansion Gouging Fire's Room	Kanto	wild-day	NA	NA	REPEATABLE	NA	15	Brendan	UNK	5	75	77	7	NA	NA	NA	NA	FALSE	NA	data.js:areas[Pokemon Mansion Gouging Fire's Room].wild-day[15]	Measured	rate Asserted from the locations sheet
wild_encounter	Morpeko	1169	Pokemon Mansion Gouging Fire's Room	Kanto	wild-day	NA	NA	REPEATABLE	NA	15	Brendan	UNK	4	75	77	8	NA	NA	NA	NA	FALSE	NA	data.js:areas[Pokemon Mansion Gouging Fire's Room].wild-day[15]	Measured	rate Asserted from the locations sheet
wild_encounter	Morpeko	1169	Pokemon Mansion Gouging Fire's Room	Kanto	wild-day	NA	NA	REPEATABLE	NA	15	Brendan	UNK	4	75	77	9	NA	NA	NA	NA	FALSE	NA	data.js:areas[Pokemon Mansion Gouging Fire's Room].wild-day[15]	Measured	rate Asserted from the locations sheet
wild_encounter	Unown	201	Pokemon Mansion Gouging Fire's Room	Kanto	wild-day	NA	NA	REPEATABLE	NA	15	Brendan	UNK	1	75	77	10	NA	NA	NA	NA	FALSE	NA	data.js:areas[Pokemon Mansion Gouging Fire's Room].wild-day[15]	Measured	rate Asserted from the locations sheet
wild_encounter	Unown	201	Pokemon Mansion Gouging Fire's Room	Kanto	wild-day	NA	NA	REPEATABLE	NA	15	Brendan	UNK	1	75	77	11	NA	NA	NA	NA	FALSE	NA	data.js:areas[Pokemon Mansion Gouging Fire's Room].wild-day[15]	Measured	rate Asserted from the locations sheet
wild_encounter	Unown	201	Pokemon Mansion Gouging Fire's Room	Kanto	wild-night	NA	NA	REPEATABLE	NA	15	Brendan	UNK	20	75	77	0	NA	NA	NA	NA	FALSE	NA	data.js:areas[Pokemon Mansion Gouging Fire's Room].wild-night[15]	Measured	rate Asserted from the locations sheet
wild_encounter	Unown	201	Pokemon Mansion Gouging Fire's Room	Kanto	wild-night	NA	NA	REPEATABLE	NA	15	Brendan	UNK	20	75	77	1	NA	NA	NA	NA	FALSE	NA	data.js:areas[Pokemon Mansion Gouging Fire's Room].wild-night[15]	Measured	rate Asserted from the locations sheet
wild_encounter	Infernape	445	Pokemon Mansion Gouging Fire's Room	Kanto	wild-night	NA	NA	REPEATABLE	NA	15	Brendan	UNK	10	75	77	2	NA	NA	NA	NA	FALSE	NA	data.js:areas[Pokemon Mansion Gouging Fire's Room].wild-night[15]	Measured	rate Asserted from the locations sheet
wild_encounter	Infernape	445	Pokemon Mansion Gouging Fire's Room	Kanto	wild-night	NA	NA	REPEATABLE	NA	15	Brendan	UNK	10	75	77	3	NA	NA	NA	NA	FALSE	NA	data.js:areas[Pokemon Mansion Gouging Fire's Room].wild-night[15]	Measured	rate Asserted from the locations sheet
wild_encounter	Typhlosion	157	Pokemon Mansion Gouging Fire's Room	Kanto	wild-night	NA	NA	REPEATABLE	NA	15	Brendan	UNK	10	75	77	4	NA	NA	NA	NA	FALSE	NA	data.js:areas[Pokemon Mansion Gouging Fire's Room].wild-night[15]	Measured	rate Asserted from the locations sheet
wild_encounter	Typhlosion	157	Pokemon Mansion Gouging Fire's Room	Kanto	wild-night	NA	NA	REPEATABLE	NA	15	Brendan	UNK	10	75	77	5	NA	NA	NA	NA	FALSE	NA	data.js:areas[Pokemon Mansion Gouging Fire's Room].wild-night[15]	Measured	rate Asserted from the locations sheet
wild_encounter	Blaziken	282	Pokemon Mansion Gouging Fire's Room	Kanto	wild-night	NA	NA	REPEATABLE	NA	15	Brendan	UNK	5	75	77	6	NA	NA	NA	NA	FALSE	NA	data.js:areas[Pokemon Mansion Gouging Fire's Room].wild-night[15]	Measured	rate Asserted from the locations sheet
wild_encounter	Blaziken	282	Pokemon Mansion Gouging Fire's Room	Kanto	wild-night	NA	NA	REPEATABLE	NA	15	Brendan	UNK	5	75	77	7	NA	NA	NA	NA	FALSE	NA	data.js:areas[Pokemon Mansion Gouging Fire's Room].wild-night[15]	Measured	rate Asserted from the locations sheet
wild_encounter	Morpeko	1169	Pokemon Mansion Gouging Fire's Room	Kanto	wild-night	NA	NA	REPEATABLE	NA	15	Brendan	UNK	4	75	77	8	NA	NA	NA	NA	FALSE	NA	data.js:areas[Pokemon Mansion Gouging Fire's Room].wild-night[15]	Measured	rate Asserted from the locations sheet
wild_encounter	Morpeko	1169	Pokemon Mansion Gouging Fire's Room	Kanto	wild-night	NA	NA	REPEATABLE	NA	15	Brendan	UNK	4	75	77	9	NA	NA	NA	NA	FALSE	NA	data.js:areas[Pokemon Mansion Gouging Fire's Room].wild-night[15]	Measured	rate Asserted from the locations sheet
wild_encounter	Unown	201	Pokemon Mansion Gouging Fire's Room	Kanto	wild-night	NA	NA	REPEATABLE	NA	15	Brendan	UNK	1	75	77	10	NA	NA	NA	NA	FALSE	NA	data.js:areas[Pokemon Mansion Gouging Fire's Room].wild-night[15]	Measured	rate Asserted from the locations sheet
wild_encounter	Unown	201	Pokemon Mansion Gouging Fire's Room	Kanto	wild-night	NA	NA	REPEATABLE	NA	15	Brendan	UNK	1	75	77	11	NA	NA	NA	NA	FALSE	NA	data.js:areas[Pokemon Mansion Gouging Fire's Room].wild-night[15]	Measured	rate Asserted from the locations sheet
static_pokemon	Gouging Fire	1374	Pokemon Mansion Gouging Fire's Room	Kanto	fixed-overworld	NA	NA	1	NA	15	Brendan	UNK	NA	NA	NA	NA	NA	NA	NA	NA	TRUE	one-time placement	data.js:areas[Pokemon Mansion Gouging Fire's Room].fixed-overworld[15]	Measured	NONE
item_ground	Max Potion	20	Pokemon Mansion Gouging Fire's Room	Kanto	item-standard	NA	NA	1	NA	15	Brendan	UNK	NA	NA	NA	NA	NA	NA	NA	NA	TRUE	single placement	data.js:areas[Pokemon Mansion Gouging Fire's Room].item-standard[15]	Measured	NONE
item_ground	Iron	65	Pokemon Mansion Gouging Fire's Room	Kanto	item-standard	NA	NA	10	NA	15	Brendan	UNK	NA	NA	NA	NA	NA	NA	NA	NA	TRUE	single placement	data.js:areas[Pokemon Mansion Gouging Fire's Room].item-standard[15]	Asserted	 quantity from the official item sheet
item_hidden	Rare Candy	68	Pokemon Mansion Gouging Fire's Room	Kanto	item-hidden	NA	NA	1	NA	15	Brendan	UNK	NA	NA	NA	NA	NA	NA	NA	NA	TRUE	single placement	data.js:areas[Pokemon Mansion Gouging Fire's Room].item-hidden[15]	Measured	NONE
wild_encounter	Primeape	57	Route 23	Kanto	wild-day	NA	NA	REPEATABLE	NA	15	Brendan	UNK	20	33	35	0	NA	NA	NA	NA	FALSE	NA	data.js:areas[Route 23].wild-day[15]	Measured	rate Asserted from the locations sheet
wild_encounter	Fearow	22	Route 23	Kanto	wild-day	NA	NA	REPEATABLE	NA	15	Brendan	UNK	20	33	35	1	NA	NA	NA	NA	FALSE	NA	data.js:areas[Route 23].wild-day[15]	Measured	rate Asserted from the locations sheet
wild_encounter	Simisage	565	Route 23	Kanto	wild-day	NA	NA	REPEATABLE	NA	15	Brendan	UNK	10	33	35	2	NA	NA	NA	NA	FALSE	NA	data.js:areas[Route 23].wild-day[15]	Measured	rate Asserted from the locations sheet
wild_encounter	Simisear	567	Route 23	Kanto	wild-day	NA	NA	REPEATABLE	NA	15	Brendan	UNK	10	33	35	3	NA	NA	NA	NA	FALSE	NA	data.js:areas[Route 23].wild-day[15]	Measured	rate Asserted from the locations sheet
wild_encounter	Simipour	569	Route 23	Kanto	wild-day	NA	NA	REPEATABLE	NA	15	Brendan	UNK	10	33	35	4	NA	NA	NA	NA	FALSE	NA	data.js:areas[Route 23].wild-day[15]	Measured	rate Asserted from the locations sheet
wild_encounter	Simipour	569	Route 23	Kanto	wild-day	NA	NA	REPEATABLE	NA	15	Brendan	UNK	10	33	35	5	NA	NA	NA	NA	FALSE	NA	data.js:areas[Route 23].wild-day[15]	Measured	rate Asserted from the locations sheet
wild_encounter	Seviper	379	Route 23	Kanto	wild-day	NA	NA	REPEATABLE	NA	15	Brendan	UNK	5	33	35	6	NA	NA	NA	NA	FALSE	NA	data.js:areas[Route 23].wild-day[15]	Measured	rate Asserted from the locations sheet
wild_encounter	Seviper	379	Route 23	Kanto	wild-day	NA	NA	REPEATABLE	NA	15	Brendan	UNK	5	33	35	7	NA	NA	NA	NA	FALSE	NA	data.js:areas[Route 23].wild-day[15]	Measured	rate Asserted from the locations sheet
wild_encounter	Golbat	42	Route 23	Kanto	wild-day	NA	NA	REPEATABLE	NA	15	Brendan	UNK	4	33	35	8	NA	NA	NA	NA	FALSE	NA	data.js:areas[Route 23].wild-day[15]	Measured	rate Asserted from the locations sheet
wild_encounter	Golbat	42	Route 23	Kanto	wild-day	NA	NA	REPEATABLE	NA	15	Brendan	UNK	4	33	35	9	NA	NA	NA	NA	FALSE	NA	data.js:areas[Route 23].wild-day[15]	Measured	rate Asserted from the locations sheet
wild_encounter	Staraptor	451	Route 23	Kanto	wild-day	NA	NA	REPEATABLE	NA	15	Brendan	UNK	1	33	35	10	NA	NA	NA	NA	FALSE	NA	data.js:areas[Route 23].wild-day[15]	Measured	rate Asserted from the locations sheet
wild_encounter	Staraptor	451	Route 23	Kanto	wild-day	NA	NA	REPEATABLE	NA	15	Brendan	UNK	1	33	35	11	NA	NA	NA	NA	FALSE	NA	data.js:areas[Route 23].wild-day[15]	Measured	rate Asserted from the locations sheet
wild_encounter	Primeape	57	Route 23	Kanto	wild-night	NA	NA	REPEATABLE	NA	15	Brendan	UNK	20	33	35	0	NA	NA	NA	NA	FALSE	NA	data.js:areas[Route 23].wild-night[15]	Measured	rate Asserted from the locations sheet
wild_encounter	Fearow	22	Route 23	Kanto	wild-night	NA	NA	REPEATABLE	NA	15	Brendan	UNK	20	33	35	1	NA	NA	NA	NA	FALSE	NA	data.js:areas[Route 23].wild-night[15]	Measured	rate Asserted from the locations sheet
wild_encounter	Simisage	565	Route 23	Kanto	wild-night	NA	NA	REPEATABLE	NA	15	Brendan	UNK	10	33	35	2	NA	NA	NA	NA	FALSE	NA	data.js:areas[Route 23].wild-night[15]	Measured	rate Asserted from the locations sheet
wild_encounter	Simisear	567	Route 23	Kanto	wild-night	NA	NA	REPEATABLE	NA	15	Brendan	UNK	10	33	35	3	NA	NA	NA	NA	FALSE	NA	data.js:areas[Route 23].wild-night[15]	Measured	rate Asserted from the locations sheet
wild_encounter	Simipour	569	Route 23	Kanto	wild-night	NA	NA	REPEATABLE	NA	15	Brendan	UNK	10	33	35	4	NA	NA	NA	NA	FALSE	NA	data.js:areas[Route 23].wild-night[15]	Measured	rate Asserted from the locations sheet
wild_encounter	Simipour	569	Route 23	Kanto	wild-night	NA	NA	REPEATABLE	NA	15	Brendan	UNK	10	33	35	5	NA	NA	NA	NA	FALSE	NA	data.js:areas[Route 23].wild-night[15]	Measured	rate Asserted from the locations sheet
wild_encounter	Seviper	379	Route 23	Kanto	wild-night	NA	NA	REPEATABLE	NA	15	Brendan	UNK	5	33	35	6	NA	NA	NA	NA	FALSE	NA	data.js:areas[Route 23].wild-night[15]	Measured	rate Asserted from the locations sheet
wild_encounter	Seviper	379	Route 23	Kanto	wild-night	NA	NA	REPEATABLE	NA	15	Brendan	UNK	5	33	35	7	NA	NA	NA	NA	FALSE	NA	data.js:areas[Route 23].wild-night[15]	Measured	rate Asserted from the locations sheet
wild_encounter	Golbat	42	Route 23	Kanto	wild-night	NA	NA	REPEATABLE	NA	15	Brendan	UNK	4	33	35	8	NA	NA	NA	NA	FALSE	NA	data.js:areas[Route 23].wild-night[15]	Measured	rate Asserted from the locations sheet
wild_encounter	Golbat	42	Route 23	Kanto	wild-night	NA	NA	REPEATABLE	NA	15	Brendan	UNK	4	33	35	9	NA	NA	NA	NA	FALSE	NA	data.js:areas[Route 23].wild-night[15]	Measured	rate Asserted from the locations sheet
wild_encounter	Staraptor	451	Route 23	Kanto	wild-night	NA	NA	REPEATABLE	NA	15	Brendan	UNK	1	33	35	10	NA	NA	NA	NA	FALSE	NA	data.js:areas[Route 23].wild-night[15]	Measured	rate Asserted from the locations sheet
wild_encounter	Staraptor	451	Route 23	Kanto	wild-night	NA	NA	REPEATABLE	NA	15	Brendan	UNK	1	33	35	11	NA	NA	NA	NA	FALSE	NA	data.js:areas[Route 23].wild-night[15]	Measured	rate Asserted from the locations sheet
wild_encounter	Psyduck	54	Route 23	Kanto	wild-surf	NA	NA	REPEATABLE	NA	15	Brendan	UNK	60	56	58	0	NA	NA	NA	NA	FALSE	NA	data.js:areas[Route 23].wild-surf[15]	Measured	rate Asserted from the locations sheet
wild_encounter	Psyduck	54	Route 23	Kanto	wild-surf	NA	NA	REPEATABLE	NA	15	Brendan	UNK	30	56	58	1	NA	NA	NA	NA	FALSE	NA	data.js:areas[Route 23].wild-surf[15]	Measured	rate Asserted from the locations sheet
wild_encounter	Psyduck	54	Route 23	Kanto	wild-surf	NA	NA	REPEATABLE	NA	15	Brendan	UNK	5	56	58	2	NA	NA	NA	NA	FALSE	NA	data.js:areas[Route 23].wild-surf[15]	Measured	rate Asserted from the locations sheet
wild_encounter	Psyduck	54	Route 23	Kanto	wild-surf	NA	NA	REPEATABLE	NA	15	Brendan	UNK	4	56	58	3	NA	NA	NA	NA	FALSE	NA	data.js:areas[Route 23].wild-surf[15]	Measured	rate Asserted from the locations sheet
wild_encounter	Psyduck	54	Route 23	Kanto	wild-surf	NA	NA	REPEATABLE	NA	15	Brendan	UNK	1	56	58	4	NA	NA	NA	NA	FALSE	NA	data.js:areas[Route 23].wild-surf[15]	Measured	rate Asserted from the locations sheet
item_ground	Snorlaxite	732	Route 23	Kanto	item-standard	NA	NA	1	NA	15	Brendan	UNK	NA	NA	NA	NA	NA	NA	NA	NA	TRUE	single placement	data.js:areas[Route 23].item-standard[15]	Measured	NONE
item_ground	Sceptilite	554	Route 23	Kanto	item-standard	NA	NA	1	NA	16	Elite-4	UNK	NA	NA	NA	NA	NA	NA	NA	NA	TRUE	single placement	data.js:areas[Route 23].item-standard[16]	Measured	NONE
item_hidden	Ultra Ball	2	Route 23	Kanto	item-hidden	NA	NA	10	NA	15	Brendan	UNK	NA	NA	NA	NA	NA	NA	NA	NA	TRUE	single placement	data.js:areas[Route 23].item-hidden[15]	Asserted	 quantity from the official item sheet
item_hidden	Full Restore	19	Route 23	Kanto	item-hidden	NA	NA	1	NA	15	Brendan	UNK	NA	NA	NA	NA	NA	NA	NA	NA	TRUE	single placement	data.js:areas[Route 23].item-hidden[15]	Measured	NONE
item_hidden	Max Ether	35	Route 23	Kanto	item-hidden	NA	NA	1	NA	15	Brendan	UNK	NA	NA	NA	NA	NA	NA	NA	NA	TRUE	single placement	data.js:areas[Route 23].item-hidden[15]	Measured	NONE
item_hidden	Aspear Berry	137	Route 23	Kanto	item-hidden	NA	NA	10	NA	15	Brendan	UNK	NA	NA	NA	NA	NA	NA	NA	NA	TRUE	single placement	data.js:areas[Route 23].item-hidden[15]	Asserted	 quantity from the official item sheet
item_hidden	Leppa Berry	138	Route 23	Kanto	item-hidden	NA	NA	10	NA	15	Brendan	UNK	NA	NA	NA	NA	NA	NA	NA	NA	TRUE	single placement	data.js:areas[Route 23].item-hidden[15]	Asserted	 quantity from the official item sheet
item_hidden	Sitrus Berry	142	Route 23	Kanto	item-hidden	NA	NA	10	NA	15	Brendan	UNK	NA	NA	NA	NA	NA	NA	NA	NA	TRUE	single placement	data.js:areas[Route 23].item-hidden[15]	Asserted	 quantity from the official item sheet
item_hidden	Lum Berry	141	Route 23	Kanto	item-hidden	NA	NA	1	NA	16	Elite-4	UNK	NA	NA	NA	NA	NA	NA	NA	NA	TRUE	single placement	data.js:areas[Route 23].item-hidden[16]	Measured	NONE
item_hidden	Max Elixir	37	Route 23	Kanto	item-hidden	NA	NA	1	NA	16	Elite-4	UNK	NA	NA	NA	NA	NA	NA	NA	NA	TRUE	single placement	data.js:areas[Route 23].item-hidden[16]	Measured	NONE
wild_encounter	Magikarp	129	Route 23	Kanto	wild-oldRod	NA	NA	REPEATABLE	NA	15	Brendan	UNK	70	2	4	0	NA	NA	NA	NA	FALSE	NA	data.js:areas[Route 23].wild-oldRod[15]	Measured	rate Asserted from the locations sheet
wild_encounter	Magikarp	129	Route 23	Kanto	wild-oldRod	NA	NA	REPEATABLE	NA	15	Brendan	UNK	30	2	4	1	NA	NA	NA	NA	FALSE	NA	data.js:areas[Route 23].wild-oldRod[15]	Measured	rate Asserted from the locations sheet
wild_encounter	Poliwag	60	Route 23	Kanto	wild-goodRod	NA	NA	REPEATABLE	NA	15	Brendan	UNK	60	27	29	0	NA	NA	NA	NA	FALSE	NA	data.js:areas[Route 23].wild-goodRod[15]	Measured	rate Asserted from the locations sheet
wild_encounter	Goldeen	118	Route 23	Kanto	wild-goodRod	NA	NA	REPEATABLE	NA	15	Brendan	UNK	20	27	29	1	NA	NA	NA	NA	FALSE	NA	data.js:areas[Route 23].wild-goodRod[15]	Measured	rate Asserted from the locations sheet
wild_encounter	Magikarp	129	Route 23	Kanto	wild-goodRod	NA	NA	REPEATABLE	NA	15	Brendan	UNK	20	27	29	2	NA	NA	NA	NA	FALSE	NA	data.js:areas[Route 23].wild-goodRod[15]	Measured	rate Asserted from the locations sheet
wild_encounter	Poliwag	60	Route 23	Kanto	wild-superRod	NA	NA	REPEATABLE	NA	15	Brendan	UNK	40	53	55	0	NA	NA	NA	NA	FALSE	NA	data.js:areas[Route 23].wild-superRod[15]	Measured	rate Asserted from the locations sheet
wild_encounter	Psyduck	54	Route 23	Kanto	wild-superRod	NA	NA	REPEATABLE	NA	15	Brendan	UNK	40	53	55	1	NA	NA	NA	NA	FALSE	NA	data.js:areas[Route 23].wild-superRod[15]	Measured	rate Asserted from the locations sheet
wild_encounter	Poliwhirl	61	Route 23	Kanto	wild-superRod	NA	NA	REPEATABLE	NA	15	Brendan	UNK	15	53	55	2	NA	NA	NA	NA	FALSE	NA	data.js:areas[Route 23].wild-superRod[15]	Measured	rate Asserted from the locations sheet
wild_encounter	Gyarados	130	Route 23	Kanto	wild-superRod	NA	NA	REPEATABLE	NA	15	Brendan	UNK	4	53	55	3	NA	NA	NA	NA	FALSE	NA	data.js:areas[Route 23].wild-superRod[15]	Measured	rate Asserted from the locations sheet
wild_encounter	Gyarados	130	Route 23	Kanto	wild-superRod	NA	NA	REPEATABLE	NA	15	Brendan	UNK	1	53	55	4	NA	NA	NA	NA	FALSE	NA	data.js:areas[Route 23].wild-superRod[15]	Measured	rate Asserted from the locations sheet
wild_encounter	Iron Valiant	1232	Victory Road 1F	Kanto	wild-day	NA	NA	REPEATABLE	NA	16	Elite-4	UNK	20	80	82	0	NA	NA	NA	NA	FALSE	NA	data.js:areas[Victory Road 1F].wild-day[16]	Measured	rate Asserted from the locations sheet
wild_encounter	Metagross	400	Victory Road 1F	Kanto	wild-day	NA	NA	REPEATABLE	NA	16	Elite-4	UNK	20	80	82	1	NA	NA	NA	NA	FALSE	NA	data.js:areas[Victory Road 1F].wild-day[16]	Measured	rate Asserted from the locations sheet
wild_encounter	Goodra	814	Victory Road 1F	Kanto	wild-day	NA	NA	REPEATABLE	NA	16	Elite-4	UNK	10	80	82	2	NA	NA	NA	NA	FALSE	NA	data.js:areas[Victory Road 1F].wild-day[16]	Measured	rate Asserted from the locations sheet
wild_encounter	Steelix	208	Victory Road 1F	Kanto	wild-day	NA	NA	REPEATABLE	NA	16	Elite-4	UNK	10	80	82	3	NA	NA	NA	NA	FALSE	NA	data.js:areas[Victory Road 1F].wild-day[16]	Measured	rate Asserted from the locations sheet
wild_encounter	Audino	584	Victory Road 1F	Kanto	wild-day	NA	NA	REPEATABLE	NA	16	Elite-4	UNK	10	80	82	4	NA	NA	NA	NA	FALSE	NA	data.js:areas[Victory Road 1F].wild-day[16]	Measured	rate Asserted from the locations sheet
wild_encounter	Salamence	397	Victory Road 1F	Kanto	wild-day	NA	NA	REPEATABLE	NA	16	Elite-4	UNK	10	80	82	5	NA	NA	NA	NA	FALSE	NA	data.js:areas[Victory Road 1F].wild-day[16]	Measured	rate Asserted from the locations sheet
wild_encounter	Volcarona	690	Victory Road 1F	Kanto	wild-day	NA	NA	REPEATABLE	NA	16	Elite-4	UNK	5	80	82	6	NA	NA	NA	NA	FALSE	NA	data.js:areas[Victory Road 1F].wild-day[16]	Measured	rate Asserted from the locations sheet
wild_encounter	Aegislash-Shield	789	Victory Road 1F	Kanto	wild-day	NA	NA	REPEATABLE	NA	16	Elite-4	UNK	5	80	82	7	NA	NA	NA	NA	FALSE	NA	data.js:areas[Victory Road 1F].wild-day[16]	Measured	rate Asserted from the locations sheet
wild_encounter	Marowak	105	Victory Road 1F	Kanto	wild-day	NA	NA	REPEATABLE	NA	16	Elite-4	UNK	4	80	82	8	NA	NA	NA	NA	FALSE	NA	data.js:areas[Victory Road 1F].wild-day[16]	Measured	rate Asserted from the locations sheet
wild_encounter	Salamence	397	Victory Road 1F	Kanto	wild-day	NA	NA	REPEATABLE	NA	16	Elite-4	UNK	4	80	82	9	NA	NA	NA	NA	FALSE	NA	data.js:areas[Victory Road 1F].wild-day[16]	Measured	rate Asserted from the locations sheet
wild_encounter	Metagross	400	Victory Road 1F	Kanto	wild-day	NA	NA	REPEATABLE	NA	16	Elite-4	UNK	1	80	82	10	NA	NA	NA	NA	FALSE	NA	data.js:areas[Victory Road 1F].wild-day[16]	Measured	rate Asserted from the locations sheet
wild_encounter	Salamence	397	Victory Road 1F	Kanto	wild-day	NA	NA	REPEATABLE	NA	16	Elite-4	UNK	1	80	82	11	NA	NA	NA	NA	FALSE	NA	data.js:areas[Victory Road 1F].wild-day[16]	Measured	rate Asserted from the locations sheet
wild_encounter	Flutter Mane	1246	Victory Road 1F	Kanto	wild-night	NA	NA	REPEATABLE	NA	16	Elite-4	UNK	20	80	82	0	NA	NA	NA	NA	FALSE	NA	data.js:areas[Victory Road 1F].wild-night[16]	Measured	rate Asserted from the locations sheet
wild_encounter	Metagross	400	Victory Road 1F	Kanto	wild-night	NA	NA	REPEATABLE	NA	16	Elite-4	UNK	20	80	82	1	NA	NA	NA	NA	FALSE	NA	data.js:areas[Victory Road 1F].wild-night[16]	Measured	rate Asserted from the locations sheet
wild_encounter	Goodra-Hisui	1298	Victory Road 1F	Kanto	wild-night	NA	NA	REPEATABLE	NA	16	Elite-4	UNK	10	80	82	2	NA	NA	NA	NA	FALSE	NA	data.js:areas[Victory Road 1F].wild-night[16]	Measured	rate Asserted from the locations sheet
wild_encounter	Steelix	208	Victory Road 1F	Kanto	wild-night	NA	NA	REPEATABLE	NA	16	Elite-4	UNK	10	80	82	3	NA	NA	NA	NA	FALSE	NA	data.js:areas[Victory Road 1F].wild-night[16]	Measured	rate Asserted from the locations sheet
wild_encounter	Audino	584	Victory Road 1F	Kanto	wild-night	NA	NA	REPEATABLE	NA	16	Elite-4	UNK	10	80	82	4	NA	NA	NA	NA	FALSE	NA	data.js:areas[Victory Road 1F].wild-night[16]	Measured	rate Asserted from the locations sheet
wild_encounter	Salamence	397	Victory Road 1F	Kanto	wild-night	NA	NA	REPEATABLE	NA	16	Elite-4	UNK	10	80	82	5	NA	NA	NA	NA	FALSE	NA	data.js:areas[Victory Road 1F].wild-night[16]	Measured	rate Asserted from the locations sheet
wild_encounter	Volcarona	690	Victory Road 1F	Kanto	wild-night	NA	NA	REPEATABLE	NA	16	Elite-4	UNK	5	80	82	6	NA	NA	NA	NA	FALSE	NA	data.js:areas[Victory Road 1F].wild-night[16]	Measured	rate Asserted from the locations sheet
wild_encounter	Aegislash-Shield	789	Victory Road 1F	Kanto	wild-night	NA	NA	REPEATABLE	NA	16	Elite-4	UNK	5	80	82	7	NA	NA	NA	NA	FALSE	NA	data.js:areas[Victory Road 1F].wild-night[16]	Measured	rate Asserted from the locations sheet
wild_encounter	Marowak-Alola	1039	Victory Road 1F	Kanto	wild-night	NA	NA	REPEATABLE	NA	16	Elite-4	UNK	4	80	82	8	NA	NA	NA	NA	FALSE	NA	data.js:areas[Victory Road 1F].wild-night[16]	Measured	rate Asserted from the locations sheet
wild_encounter	Salamence	397	Victory Road 1F	Kanto	wild-night	NA	NA	REPEATABLE	NA	16	Elite-4	UNK	4	80	82	9	NA	NA	NA	NA	FALSE	NA	data.js:areas[Victory Road 1F].wild-night[16]	Measured	rate Asserted from the locations sheet
wild_encounter	Metagross	400	Victory Road 1F	Kanto	wild-night	NA	NA	REPEATABLE	NA	16	Elite-4	UNK	1	80	82	10	NA	NA	NA	NA	FALSE	NA	data.js:areas[Victory Road 1F].wild-night[16]	Measured	rate Asserted from the locations sheet
wild_encounter	Salamence	397	Victory Road 1F	Kanto	wild-night	NA	NA	REPEATABLE	NA	16	Elite-4	UNK	1	80	82	11	NA	NA	NA	NA	FALSE	NA	data.js:areas[Victory Road 1F].wild-night[16]	Measured	rate Asserted from the locations sheet
item_ground	Rare Candy	68	Victory Road 1F	Kanto	item-standard	NA	NA	1	NA	16	Elite-4	UNK	NA	NA	NA	NA	NA	NA	NA	NA	TRUE	single placement	data.js:areas[Victory Road 1F].item-standard[16]	Measured	NONE
item_ground	TM67	392	Victory Road 1F	Kanto	item-standard	NA	NA	1	NA	16	Elite-4	UNK	NA	NA	NA	NA	NA	67	Poltergeist	NA	TRUE	single placement	data.js:areas[Victory Road 1F].item-standard[16]	Measured	NONE
item_hidden	Ultra Ball	2	Victory Road 1F	Kanto	item-hidden	NA	NA	10	NA	16	Elite-4	UNK	NA	NA	NA	NA	NA	NA	NA	NA	TRUE	single placement	data.js:areas[Victory Road 1F].item-hidden[16]	Asserted	 quantity from the official item sheet
item_hidden	Full Restore	19	Victory Road 1F	Kanto	item-hidden	NA	NA	1	NA	16	Elite-4	UNK	NA	NA	NA	NA	NA	NA	NA	NA	TRUE	single placement	data.js:areas[Victory Road 1F].item-hidden[16]	Measured	NONE
wild_encounter	Baxcalibur	1197	Victory Road 2F	Kanto	wild-day	NA	NA	REPEATABLE	NA	16	Elite-4	UNK	20	80	82	0	NA	NA	NA	NA	FALSE	NA	data.js:areas[Victory Road 2F].wild-day[16]	Measured	rate Asserted from the locations sheet
wild_encounter	Garchomp	498	Victory Road 2F	Kanto	wild-day	NA	NA	REPEATABLE	NA	16	Elite-4	UNK	20	80	82	1	NA	NA	NA	NA	FALSE	NA	data.js:areas[Victory Road 2F].wild-day[16]	Measured	rate Asserted from the locations sheet
wild_encounter	Tyranitar	248	Victory Road 2F	Kanto	wild-day	NA	NA	REPEATABLE	NA	16	Elite-4	UNK	10	80	82	2	NA	NA	NA	NA	FALSE	NA	data.js:areas[Victory Road 2F].wild-day[16]	Measured	rate Asserted from the locations sheet
wild_encounter	Machamp	68	Victory Road 2F	Kanto	wild-day	NA	NA	REPEATABLE	NA	16	Elite-4	UNK	10	80	82	3	NA	NA	NA	NA	FALSE	NA	data.js:areas[Victory Road 2F].wild-day[16]	Measured	rate Asserted from the locations sheet
wild_encounter	Medicham	357	Victory Road 2F	Kanto	wild-day	NA	NA	REPEATABLE	NA	16	Elite-4	UNK	10	80	82	4	NA	NA	NA	NA	FALSE	NA	data.js:areas[Victory Road 2F].wild-day[16]	Measured	rate Asserted from the locations sheet
wild_encounter	Lucario	501	Victory Road 2F	Kanto	wild-day	NA	NA	REPEATABLE	NA	16	Elite-4	UNK	10	80	82	5	NA	NA	NA	NA	FALSE	NA	data.js:areas[Victory Road 2F].wild-day[16]	Measured	rate Asserted from the locations sheet
wild_encounter	Lucario	501	Victory Road 2F	Kanto	wild-day	NA	NA	REPEATABLE	NA	16	Elite-4	UNK	5	80	82	6	NA	NA	NA	NA	FALSE	NA	data.js:areas[Victory Road 2F].wild-day[16]	Measured	rate Asserted from the locations sheet
wild_encounter	Medicham	357	Victory Road 2F	Kanto	wild-day	NA	NA	REPEATABLE	NA	16	Elite-4	UNK	5	80	82	7	NA	NA	NA	NA	FALSE	NA	data.js:areas[Victory Road 2F].wild-day[16]	Measured	rate Asserted from the locations sheet
wild_encounter	Kommo-o	1001	Victory Road 2F	Kanto	wild-day	NA	NA	REPEATABLE	NA	16	Elite-4	UNK	4	80	82	8	NA	NA	NA	NA	FALSE	NA	data.js:areas[Victory Road 2F].wild-day[16]	Measured	rate Asserted from the locations sheet
wild_encounter	Kommo-o	1001	Victory Road 2F	Kanto	wild-day	NA	NA	REPEATABLE	NA	16	Elite-4	UNK	4	80	82	9	NA	NA	NA	NA	FALSE	NA	data.js:areas[Victory Road 2F].wild-day[16]	Measured	rate Asserted from the locations sheet
wild_encounter	Baxcalibur	1197	Victory Road 2F	Kanto	wild-day	NA	NA	REPEATABLE	NA	16	Elite-4	UNK	1	80	82	10	NA	NA	NA	NA	FALSE	NA	data.js:areas[Victory Road 2F].wild-day[16]	Measured	rate Asserted from the locations sheet
wild_encounter	Tyranitar	248	Victory Road 2F	Kanto	wild-day	NA	NA	REPEATABLE	NA	16	Elite-4	UNK	1	80	82	11	NA	NA	NA	NA	FALSE	NA	data.js:areas[Victory Road 2F].wild-day[16]	Measured	rate Asserted from the locations sheet
wild_encounter	Baxcalibur	1197	Victory Road 2F	Kanto	wild-night	NA	NA	REPEATABLE	NA	16	Elite-4	UNK	20	80	82	0	NA	NA	NA	NA	FALSE	NA	data.js:areas[Victory Road 2F].wild-night[16]	Measured	rate Asserted from the locations sheet
wild_encounter	Garchomp	498	Victory Road 2F	Kanto	wild-night	NA	NA	REPEATABLE	NA	16	Elite-4	UNK	20	80	82	1	NA	NA	NA	NA	FALSE	NA	data.js:areas[Victory Road 2F].wild-night[16]	Measured	rate Asserted from the locations sheet
wild_encounter	Tyranitar	248	Victory Road 2F	Kanto	wild-night	NA	NA	REPEATABLE	NA	16	Elite-4	UNK	10	80	82	2	NA	NA	NA	NA	FALSE	NA	data.js:areas[Victory Road 2F].wild-night[16]	Measured	rate Asserted from the locations sheet
wild_encounter	Machamp	68	Victory Road 2F	Kanto	wild-night	NA	NA	REPEATABLE	NA	16	Elite-4	UNK	10	80	82	3	NA	NA	NA	NA	FALSE	NA	data.js:areas[Victory Road 2F].wild-night[16]	Measured	rate Asserted from the locations sheet
wild_encounter	Medicham	357	Victory Road 2F	Kanto	wild-night	NA	NA	REPEATABLE	NA	16	Elite-4	UNK	10	80	82	4	NA	NA	NA	NA	FALSE	NA	data.js:areas[Victory Road 2F].wild-night[16]	Measured	rate Asserted from the locations sheet
wild_encounter	Lucario	501	Victory Road 2F	Kanto	wild-night	NA	NA	REPEATABLE	NA	16	Elite-4	UNK	10	80	82	5	NA	NA	NA	NA	FALSE	NA	data.js:areas[Victory Road 2F].wild-night[16]	Measured	rate Asserted from the locations sheet
wild_encounter	Lucario	501	Victory Road 2F	Kanto	wild-night	NA	NA	REPEATABLE	NA	16	Elite-4	UNK	5	80	82	6	NA	NA	NA	NA	FALSE	NA	data.js:areas[Victory Road 2F].wild-night[16]	Measured	rate Asserted from the locations sheet
wild_encounter	Medicham	357	Victory Road 2F	Kanto	wild-night	NA	NA	REPEATABLE	NA	16	Elite-4	UNK	5	80	82	7	NA	NA	NA	NA	FALSE	NA	data.js:areas[Victory Road 2F].wild-night[16]	Measured	rate Asserted from the locations sheet
wild_encounter	Kommo-o	1001	Victory Road 2F	Kanto	wild-night	NA	NA	REPEATABLE	NA	16	Elite-4	UNK	4	80	82	8	NA	NA	NA	NA	FALSE	NA	data.js:areas[Victory Road 2F].wild-night[16]	Measured	rate Asserted from the locations sheet
wild_encounter	Kommo-o	1001	Victory Road 2F	Kanto	wild-night	NA	NA	REPEATABLE	NA	16	Elite-4	UNK	4	80	82	9	NA	NA	NA	NA	FALSE	NA	data.js:areas[Victory Road 2F].wild-night[16]	Measured	rate Asserted from the locations sheet
wild_encounter	Baxcalibur	1197	Victory Road 2F	Kanto	wild-night	NA	NA	REPEATABLE	NA	16	Elite-4	UNK	1	80	82	10	NA	NA	NA	NA	FALSE	NA	data.js:areas[Victory Road 2F].wild-night[16]	Measured	rate Asserted from the locations sheet
wild_encounter	Tyranitar	248	Victory Road 2F	Kanto	wild-night	NA	NA	REPEATABLE	NA	16	Elite-4	UNK	1	80	82	11	NA	NA	NA	NA	FALSE	NA	data.js:areas[Victory Road 2F].wild-night[16]	Measured	rate Asserted from the locations sheet
static_pokemon	Walking Wake	1354	Victory Road 2F	Kanto	fixed-overworld	NA	NA	1	NA	16	Elite-4	UNK	NA	NA	NA	NA	NA	NA	NA	NA	TRUE	one-time placement	data.js:areas[Victory Road 2F].fixed-overworld[16]	Measured	NONE
item_ground	Full Heal	23	Victory Road 2F	Kanto	item-standard	NA	NA	1	NA	16	Elite-4	UNK	NA	NA	NA	NA	NA	NA	NA	NA	TRUE	single placement	data.js:areas[Victory Road 2F].item-standard[16]	Measured	NONE
item_ground	TM37	325	Victory Road 2F	Kanto	item-standard	NA	NA	1	NA	16	Elite-4	UNK	NA	NA	NA	NA	NA	37	High Horsepower	NA	TRUE	single placement	data.js:areas[Victory Road 2F].item-standard[16]	Measured	NONE
item_ground	Metagrossite	570	Victory Road 2F	Kanto	item-standard	NA	NA	1	NA	16	Elite-4	UNK	NA	NA	NA	NA	NA	NA	NA	NA	TRUE	single placement	data.js:areas[Victory Road 2F].item-standard[16]	Measured	NONE
item_ground	Heavy-Duty Boots	725	Victory Road 2F	Kanto	item-standard	NA	NA	1	NA	16	Elite-4	UNK	NA	NA	NA	NA	NA	NA	NA	NA	TRUE	single placement	data.js:areas[Victory Road 2F].item-standard[16]	Measured	NONE
raid_den	Meloetta	701	Victory Road 2F	Kanto	raid5	NA	NA	REPEATABLE	Wishing Piece to re-activate a spent den	16	Elite-4	UNK	NA	NA	NA	NA	5	NA	NA	Star Piece,Nugget,Big Nugget,Protein,Calcium,PP Up,PP Max,Wishing Piece,Rocky Helmet,Eviolite,Life Orb,Life Orb	FALSE	NA	data.js:areas[Victory Road 2F].raid5[16]	Measured	NONE
raid_den	Genesect	702	Victory Road 2F	Kanto	raid5	NA	NA	REPEATABLE	Wishing Piece to re-activate a spent den	16	Elite-4	UNK	NA	NA	NA	NA	5	NA	NA	Star Piece,Nugget,Big Nugget,Protein,Calcium,PP Up,PP Max,Wishing Piece,Rocky Helmet,Eviolite,Life Orb,Life Orb	FALSE	NA	data.js:areas[Victory Road 2F].raid5[16]	Measured	NONE
raid_den	Jirachi	409	Victory Road 2F	Kanto	raid5	NA	NA	REPEATABLE	Wishing Piece to re-activate a spent den	16	Elite-4	UNK	NA	NA	NA	NA	5	NA	NA	Star Piece,Nugget,Big Nugget,Protein,Calcium,PP Up,PP Max,Wishing Piece,Rocky Helmet,Eviolite,Life Orb,Life Orb	FALSE	NA	data.js:areas[Victory Road 2F].raid5[16]	Measured	NONE
raid_den	Zygarde	826	Victory Road 2F	Kanto	raid6	NA	NA	REPEATABLE	Wishing Piece to re-activate a spent den	16	Elite-4	UNK	NA	NA	NA	NA	6	NA	NA	Star Piece,Nugget,Big Nugget,Protein,Calcium,PP Up,PP Max,Wishing Piece,Rocky Helmet,Eviolite,Choice Band,Choice Band	FALSE	NA	data.js:areas[Victory Road 2F].raid6[16]	Measured	NONE
tutor	tutor_slot_39	39	Victory Road 2F	Kanto	tutor	UNK	money	REPEATABLE	NA	16	Elite-4	UNK	NA	NA	NA	NA	NA	NA	Dragon Dance	NA	FALSE	NA	data.js:areas[Victory Road 2F].tutors[16]	Measured	value is a tutorMoves slot index, not a move ID
wild_encounter	Dragonite	149	Victory Road 3F	Kanto	wild-day	NA	NA	REPEATABLE	NA	16	Elite-4	UNK	20	80	82	0	NA	NA	NA	NA	FALSE	NA	data.js:areas[Victory Road 3F].wild-day[16]	Measured	rate Asserted from the locations sheet
wild_encounter	Iron Bundle	1231	Victory Road 3F	Kanto	wild-day	NA	NA	REPEATABLE	NA	16	Elite-4	UNK	20	80	82	1	NA	NA	NA	NA	FALSE	NA	data.js:areas[Victory Road 3F].wild-day[16]	Measured	rate Asserted from the locations sheet
wild_encounter	Dragapult	1179	Victory Road 3F	Kanto	wild-day	NA	NA	REPEATABLE	NA	16	Elite-4	UNK	10	80	82	2	NA	NA	NA	NA	FALSE	NA	data.js:areas[Victory Road 3F].wild-day[16]	Measured	rate Asserted from the locations sheet
wild_encounter	Mawile	355	Victory Road 3F	Kanto	wild-day	NA	NA	REPEATABLE	NA	16	Elite-4	UNK	10	80	82	3	NA	NA	NA	NA	FALSE	NA	data.js:areas[Victory Road 3F].wild-day[16]	Measured	rate Asserted from the locations sheet
wild_encounter	Mawile	355	Victory Road 3F	Kanto	wild-day	NA	NA	REPEATABLE	NA	16	Elite-4	UNK	10	80	82	4	NA	NA	NA	NA	FALSE	NA	data.js:areas[Victory Road 3F].wild-day[16]	Measured	rate Asserted from the locations sheet
wild_encounter	Toxtricity	1141	Victory Road 3F	Kanto	wild-day	NA	NA	REPEATABLE	NA	16	Elite-4	UNK	10	80	82	5	NA	NA	NA	NA	FALSE	NA	data.js:areas[Victory Road 3F].wild-day[16]	Measured	rate Asserted from the locations sheet
wild_encounter	Scizor	212	Victory Road 3F	Kanto	wild-day	NA	NA	REPEATABLE	NA	16	Elite-4	UNK	5	80	82	6	NA	NA	NA	NA	FALSE	NA	data.js:areas[Victory Road 3F].wild-day[16]	Measured	rate Asserted from the locations sheet
wild_encounter	Aerodactyl	142	Victory Road 3F	Kanto	wild-day	NA	NA	REPEATABLE	NA	16	Elite-4	UNK	5	80	82	7	NA	NA	NA	NA	FALSE	NA	data.js:areas[Victory Road 3F].wild-day[16]	Measured	rate Asserted from the locations sheet
wild_encounter	Aerodactyl	142	Victory Road 3F	Kanto	wild-day	NA	NA	REPEATABLE	NA	16	Elite-4	UNK	4	80	82	8	NA	NA	NA	NA	FALSE	NA	data.js:areas[Victory Road 3F].wild-day[16]	Measured	rate Asserted from the locations sheet
wild_encounter	Dragapult	1179	Victory Road 3F	Kanto	wild-day	NA	NA	REPEATABLE	NA	16	Elite-4	UNK	4	80	82	9	NA	NA	NA	NA	FALSE	NA	data.js:areas[Victory Road 3F].wild-day[16]	Measured	rate Asserted from the locations sheet
wild_encounter	Iron Bundle	1231	Victory Road 3F	Kanto	wild-day	NA	NA	REPEATABLE	NA	16	Elite-4	UNK	1	80	82	10	NA	NA	NA	NA	FALSE	NA	data.js:areas[Victory Road 3F].wild-day[16]	Measured	rate Asserted from the locations sheet
wild_encounter	Dragonite	149	Victory Road 3F	Kanto	wild-day	NA	NA	REPEATABLE	NA	16	Elite-4	UNK	1	80	82	11	NA	NA	NA	NA	FALSE	NA	data.js:areas[Victory Road 3F].wild-day[16]	Measured	rate Asserted from the locations sheet
wild_encounter	Dragonite	149	Victory Road 3F	Kanto	wild-night	NA	NA	REPEATABLE	NA	16	Elite-4	UNK	20	80	82	0	NA	NA	NA	NA	FALSE	NA	data.js:areas[Victory Road 3F].wild-night[16]	Measured	rate Asserted from the locations sheet
wild_encounter	Roaring Moon	1257	Victory Road 3F	Kanto	wild-night	NA	NA	REPEATABLE	NA	16	Elite-4	UNK	20	80	82	1	NA	NA	NA	NA	FALSE	NA	data.js:areas[Victory Road 3F].wild-night[16]	Measured	rate Asserted from the locations sheet
wild_encounter	Dragapult	1179	Victory Road 3F	Kanto	wild-night	NA	NA	REPEATABLE	NA	16	Elite-4	UNK	10	80	82	2	NA	NA	NA	NA	FALSE	NA	data.js:areas[Victory Road 3F].wild-night[16]	Measured	rate Asserted from the locations sheet
wild_encounter	Mawile	355	Victory Road 3F	Kanto	wild-night	NA	NA	REPEATABLE	NA	16	Elite-4	UNK	10	80	82	3	NA	NA	NA	NA	FALSE	NA	data.js:areas[Victory Road 3F].wild-night[16]	Measured	rate Asserted from the locations sheet
wild_encounter	Mawile	355	Victory Road 3F	Kanto	wild-night	NA	NA	REPEATABLE	NA	16	Elite-4	UNK	10	80	82	4	NA	NA	NA	NA	FALSE	NA	data.js:areas[Victory Road 3F].wild-night[16]	Measured	rate Asserted from the locations sheet
wild_encounter	Toxtricity	1141	Victory Road 3F	Kanto	wild-night	NA	NA	REPEATABLE	NA	16	Elite-4	UNK	10	80	82	5	NA	NA	NA	NA	FALSE	NA	data.js:areas[Victory Road 3F].wild-night[16]	Measured	rate Asserted from the locations sheet
wild_encounter	Scizor	212	Victory Road 3F	Kanto	wild-night	NA	NA	REPEATABLE	NA	16	Elite-4	UNK	5	80	82	6	NA	NA	NA	NA	FALSE	NA	data.js:areas[Victory Road 3F].wild-night[16]	Measured	rate Asserted from the locations sheet
wild_encounter	Aerodactyl	142	Victory Road 3F	Kanto	wild-night	NA	NA	REPEATABLE	NA	16	Elite-4	UNK	5	80	82	7	NA	NA	NA	NA	FALSE	NA	data.js:areas[Victory Road 3F].wild-night[16]	Measured	rate Asserted from the locations sheet
wild_encounter	Aerodactyl	142	Victory Road 3F	Kanto	wild-night	NA	NA	REPEATABLE	NA	16	Elite-4	UNK	4	80	82	8	NA	NA	NA	NA	FALSE	NA	data.js:areas[Victory Road 3F].wild-night[16]	Measured	rate Asserted from the locations sheet
wild_encounter	Dragapult	1179	Victory Road 3F	Kanto	wild-night	NA	NA	REPEATABLE	NA	16	Elite-4	UNK	4	80	82	9	NA	NA	NA	NA	FALSE	NA	data.js:areas[Victory Road 3F].wild-night[16]	Measured	rate Asserted from the locations sheet
wild_encounter	Roaring Moon	1257	Victory Road 3F	Kanto	wild-night	NA	NA	REPEATABLE	NA	16	Elite-4	UNK	1	80	82	10	NA	NA	NA	NA	FALSE	NA	data.js:areas[Victory Road 3F].wild-night[16]	Measured	rate Asserted from the locations sheet
wild_encounter	Dragonite	149	Victory Road 3F	Kanto	wild-night	NA	NA	REPEATABLE	NA	16	Elite-4	UNK	1	80	82	11	NA	NA	NA	NA	FALSE	NA	data.js:areas[Victory Road 3F].wild-night[16]	Measured	rate Asserted from the locations sheet
item_ground	Max Revive	25	Victory Road 3F	Kanto	item-standard	NA	NA	1	NA	16	Elite-4	UNK	NA	NA	NA	NA	NA	NA	NA	NA	TRUE	single placement	data.js:areas[Victory Road 3F].item-standard[16]	Measured	NONE
item_ground	TM50	338	Victory Road 3F	Kanto	item-standard	NA	NA	1	NA	16	Elite-4	UNK	NA	NA	NA	NA	NA	50	Overheat	NA	TRUE	single placement	data.js:areas[Victory Road 3F].item-standard[16]	Measured	NONE
item_ground	TM11	299	Indigo Plateau League Approach	Kanto	item-standard	NA	NA	1	NA	16	Elite-4	UNK	NA	NA	NA	NA	NA	11	Soupercell Slam	NA	TRUE	single placement	data.js:areas[Indigo Plateau League Approach].item-standard[16]	Measured	NONE
vendor_stock	Ultra Ball	2	Pokemon League Lobby	Kanto	item-shop	UNK	money	UNLIMITED	NA	16	Elite-4	UNK	NA	NA	NA	NA	NA	NA	NA	NA	FALSE	NA	data.js:areas[Pokemon League Lobby].item-shop[16]	Measured	NONE
vendor_stock	Great Ball	3	Pokemon League Lobby	Kanto	item-shop	UNK	money	UNLIMITED	NA	16	Elite-4	UNK	NA	NA	NA	NA	NA	NA	NA	NA	FALSE	NA	data.js:areas[Pokemon League Lobby].item-shop[16]	Measured	NONE
vendor_stock	Poke Ball	4	Pokemon League Lobby	Kanto	item-shop	UNK	money	UNLIMITED	NA	16	Elite-4	UNK	NA	NA	NA	NA	NA	NA	NA	NA	FALSE	NA	data.js:areas[Pokemon League Lobby].item-shop[16]	Measured	NONE
vendor_stock	Potion	13	Pokemon League Lobby	Kanto	item-shop	UNK	money	UNLIMITED	NA	16	Elite-4	UNK	NA	NA	NA	NA	NA	NA	NA	NA	FALSE	NA	data.js:areas[Pokemon League Lobby].item-shop[16]	Measured	NONE
vendor_stock	Antidote	14	Pokemon League Lobby	Kanto	item-shop	UNK	money	UNLIMITED	NA	16	Elite-4	UNK	NA	NA	NA	NA	NA	NA	NA	NA	FALSE	NA	data.js:areas[Pokemon League Lobby].item-shop[16]	Measured	NONE
vendor_stock	Burn Heal	15	Pokemon League Lobby	Kanto	item-shop	UNK	money	UNLIMITED	NA	16	Elite-4	UNK	NA	NA	NA	NA	NA	NA	NA	NA	FALSE	NA	data.js:areas[Pokemon League Lobby].item-shop[16]	Measured	NONE
vendor_stock	Ice Heal	16	Pokemon League Lobby	Kanto	item-shop	UNK	money	UNLIMITED	NA	16	Elite-4	UNK	NA	NA	NA	NA	NA	NA	NA	NA	FALSE	NA	data.js:areas[Pokemon League Lobby].item-shop[16]	Measured	NONE
vendor_stock	Awakening	17	Pokemon League Lobby	Kanto	item-shop	UNK	money	UNLIMITED	NA	16	Elite-4	UNK	NA	NA	NA	NA	NA	NA	NA	NA	FALSE	NA	data.js:areas[Pokemon League Lobby].item-shop[16]	Measured	NONE
vendor_stock	Paralyze Heal	18	Pokemon League Lobby	Kanto	item-shop	UNK	money	UNLIMITED	NA	16	Elite-4	UNK	NA	NA	NA	NA	NA	NA	NA	NA	FALSE	NA	data.js:areas[Pokemon League Lobby].item-shop[16]	Measured	NONE
vendor_stock	Full Restore	19	Pokemon League Lobby	Kanto	item-shop	UNK	money	UNLIMITED	NA	16	Elite-4	UNK	NA	NA	NA	NA	NA	NA	NA	NA	FALSE	NA	data.js:areas[Pokemon League Lobby].item-shop[16]	Measured	NONE
vendor_stock	Max Potion	20	Pokemon League Lobby	Kanto	item-shop	UNK	money	UNLIMITED	NA	16	Elite-4	UNK	NA	NA	NA	NA	NA	NA	NA	NA	FALSE	NA	data.js:areas[Pokemon League Lobby].item-shop[16]	Measured	NONE
vendor_stock	Hyper Potion	21	Pokemon League Lobby	Kanto	item-shop	UNK	money	UNLIMITED	NA	16	Elite-4	UNK	NA	NA	NA	NA	NA	NA	NA	NA	FALSE	NA	data.js:areas[Pokemon League Lobby].item-shop[16]	Measured	NONE
vendor_stock	Super Potion	22	Pokemon League Lobby	Kanto	item-shop	UNK	money	UNLIMITED	NA	16	Elite-4	UNK	NA	NA	NA	NA	NA	NA	NA	NA	FALSE	NA	data.js:areas[Pokemon League Lobby].item-shop[16]	Measured	NONE
vendor_stock	Full Heal	23	Pokemon League Lobby	Kanto	item-shop	UNK	money	UNLIMITED	NA	16	Elite-4	UNK	NA	NA	NA	NA	NA	NA	NA	NA	FALSE	NA	data.js:areas[Pokemon League Lobby].item-shop[16]	Measured	NONE
vendor_stock	Revive	24	Pokemon League Lobby	Kanto	item-shop	UNK	money	UNLIMITED	NA	16	Elite-4	UNK	NA	NA	NA	NA	NA	NA	NA	NA	FALSE	NA	data.js:areas[Pokemon League Lobby].item-shop[16]	Measured	NONE
vendor_stock	Super Repel	83	Pokemon League Lobby	Kanto	item-shop	UNK	money	UNLIMITED	NA	16	Elite-4	UNK	NA	NA	NA	NA	NA	NA	NA	NA	FALSE	NA	data.js:areas[Pokemon League Lobby].item-shop[16]	Measured	NONE
vendor_stock	Max Repel	84	Pokemon League Lobby	Kanto	item-shop	UNK	money	UNLIMITED	NA	16	Elite-4	UNK	NA	NA	NA	NA	NA	NA	NA	NA	FALSE	NA	data.js:areas[Pokemon League Lobby].item-shop[16]	Measured	NONE
vendor_stock	Escape Rope	85	Pokemon League Lobby	Kanto	item-shop	UNK	money	UNLIMITED	NA	16	Elite-4	UNK	NA	NA	NA	NA	NA	NA	NA	NA	FALSE	NA	data.js:areas[Pokemon League Lobby].item-shop[16]	Measured	NONE
vendor_stock	Repel	86	Pokemon League Lobby	Kanto	item-shop	UNK	money	UNLIMITED	NA	16	Elite-4	UNK	NA	NA	NA	NA	NA	NA	NA	NA	FALSE	NA	data.js:areas[Pokemon League Lobby].item-shop[16]	Measured	NONE
item_ground	Z-Power Ring	267	One Island	Sevii	item-standard	NA	NA	1	NA	17	Post-Game	UNK	NA	NA	NA	NA	NA	NA	NA	NA	TRUE	single placement	data.js:areas[One Island].item-standard[17]	Measured	NONE
item_ground	Fightinium Z	581	One Island	Sevii	item-standard	NA	NA	1	NA	17	Post-Game	UNK	NA	NA	NA	NA	NA	NA	NA	NA	TRUE	single placement	data.js:areas[One Island].item-standard[17]	Measured	NONE
wild_encounter	Teddiursa-Sevii	1278	Pokemon Tower 8F	Kanto	wild-day	NA	NA	REPEATABLE	NA	17	Post-Game	UNK	20	85	85	0	NA	NA	NA	NA	FALSE	NA	data.js:areas[Pokemon Tower 8F].wild-day[17]	Measured	rate Asserted from the locations sheet
wild_encounter	Zoroark-Hisui	1281	Pokemon Tower 8F	Kanto	wild-day	NA	NA	REPEATABLE	NA	17	Post-Game	UNK	20	84	85	1	NA	NA	NA	NA	FALSE	NA	data.js:areas[Pokemon Tower 8F].wild-day[17]	Measured	rate Asserted from the locations sheet
wild_encounter	Ursaluna-Bloodmoon	1356	Pokemon Tower 8F	Kanto	wild-day	NA	NA	REPEATABLE	NA	17	Post-Game	UNK	10	84	85	2	NA	NA	NA	NA	FALSE	NA	data.js:areas[Pokemon Tower 8F].wild-day[17]	Measured	rate Asserted from the locations sheet
wild_encounter	Ursaluna-Bloodmoon	1356	Pokemon Tower 8F	Kanto	wild-day	NA	NA	REPEATABLE	NA	17	Post-Game	UNK	10	84	85	3	NA	NA	NA	NA	FALSE	NA	data.js:areas[Pokemon Tower 8F].wild-day[17]	Measured	rate Asserted from the locations sheet
wild_encounter	Mimikyu	995	Pokemon Tower 8F	Kanto	wild-day	NA	NA	REPEATABLE	NA	17	Post-Game	UNK	10	84	85	4	NA	NA	NA	NA	FALSE	NA	data.js:areas[Pokemon Tower 8F].wild-day[17]	Measured	rate Asserted from the locations sheet
wild_encounter	Mimikyu	995	Pokemon Tower 8F	Kanto	wild-day	NA	NA	REPEATABLE	NA	17	Post-Game	UNK	10	83	85	5	NA	NA	NA	NA	FALSE	NA	data.js:areas[Pokemon Tower 8F].wild-day[17]	Measured	rate Asserted from the locations sheet
wild_encounter	Flutter Mane	1246	Pokemon Tower 8F	Kanto	wild-day	NA	NA	REPEATABLE	NA	17	Post-Game	UNK	5	83	85	6	NA	NA	NA	NA	FALSE	NA	data.js:areas[Pokemon Tower 8F].wild-day[17]	Measured	rate Asserted from the locations sheet
wild_encounter	Flutter Mane	1246	Pokemon Tower 8F	Kanto	wild-day	NA	NA	REPEATABLE	NA	17	Post-Game	UNK	5	83	85	7	NA	NA	NA	NA	FALSE	NA	data.js:areas[Pokemon Tower 8F].wild-day[17]	Measured	rate Asserted from the locations sheet
wild_encounter	Polteageist	1147	Pokemon Tower 8F	Kanto	wild-day	NA	NA	REPEATABLE	NA	17	Post-Game	UNK	4	83	85	8	NA	NA	NA	NA	FALSE	NA	data.js:areas[Pokemon Tower 8F].wild-day[17]	Measured	rate Asserted from the locations sheet
wild_encounter	Sinistcha	1362	Pokemon Tower 8F	Kanto	wild-day	NA	NA	REPEATABLE	NA	17	Post-Game	UNK	4	83	85	9	NA	NA	NA	NA	FALSE	NA	data.js:areas[Pokemon Tower 8F].wild-day[17]	Measured	rate Asserted from the locations sheet
wild_encounter	Mimikyu	995	Pokemon Tower 8F	Kanto	wild-day	NA	NA	REPEATABLE	NA	17	Post-Game	UNK	1	83	85	10	NA	NA	NA	NA	FALSE	NA	data.js:areas[Pokemon Tower 8F].wild-day[17]	Measured	rate Asserted from the locations sheet
wild_encounter	Mimikyu	995	Pokemon Tower 8F	Kanto	wild-day	NA	NA	REPEATABLE	NA	17	Post-Game	UNK	1	83	85	11	NA	NA	NA	NA	FALSE	NA	data.js:areas[Pokemon Tower 8F].wild-day[17]	Measured	rate Asserted from the locations sheet
wild_encounter	Teddiursa-Sevii	1278	Pokemon Tower 8F	Kanto	wild-night	NA	NA	REPEATABLE	NA	17	Post-Game	UNK	20	85	85	0	NA	NA	NA	NA	FALSE	NA	data.js:areas[Pokemon Tower 8F].wild-night[17]	Measured	rate Asserted from the locations sheet
wild_encounter	Zoroark-Hisui	1281	Pokemon Tower 8F	Kanto	wild-night	NA	NA	REPEATABLE	NA	17	Post-Game	UNK	20	84	85	1	NA	NA	NA	NA	FALSE	NA	data.js:areas[Pokemon Tower 8F].wild-night[17]	Measured	rate Asserted from the locations sheet
wild_encounter	Ursaluna-Bloodmoon	1356	Pokemon Tower 8F	Kanto	wild-night	NA	NA	REPEATABLE	NA	17	Post-Game	UNK	10	84	85	2	NA	NA	NA	NA	FALSE	NA	data.js:areas[Pokemon Tower 8F].wild-night[17]	Measured	rate Asserted from the locations sheet
wild_encounter	Ursaluna-Bloodmoon	1356	Pokemon Tower 8F	Kanto	wild-night	NA	NA	REPEATABLE	NA	17	Post-Game	UNK	10	84	85	3	NA	NA	NA	NA	FALSE	NA	data.js:areas[Pokemon Tower 8F].wild-night[17]	Measured	rate Asserted from the locations sheet
wild_encounter	Mimikyu	995	Pokemon Tower 8F	Kanto	wild-night	NA	NA	REPEATABLE	NA	17	Post-Game	UNK	10	84	85	4	NA	NA	NA	NA	FALSE	NA	data.js:areas[Pokemon Tower 8F].wild-night[17]	Measured	rate Asserted from the locations sheet
wild_encounter	Mimikyu	995	Pokemon Tower 8F	Kanto	wild-night	NA	NA	REPEATABLE	NA	17	Post-Game	UNK	10	83	85	5	NA	NA	NA	NA	FALSE	NA	data.js:areas[Pokemon Tower 8F].wild-night[17]	Measured	rate Asserted from the locations sheet
wild_encounter	Flutter Mane	1246	Pokemon Tower 8F	Kanto	wild-night	NA	NA	REPEATABLE	NA	17	Post-Game	UNK	5	83	85	6	NA	NA	NA	NA	FALSE	NA	data.js:areas[Pokemon Tower 8F].wild-night[17]	Measured	rate Asserted from the locations sheet
wild_encounter	Flutter Mane	1246	Pokemon Tower 8F	Kanto	wild-night	NA	NA	REPEATABLE	NA	17	Post-Game	UNK	5	83	85	7	NA	NA	NA	NA	FALSE	NA	data.js:areas[Pokemon Tower 8F].wild-night[17]	Measured	rate Asserted from the locations sheet
wild_encounter	Polteageist	1147	Pokemon Tower 8F	Kanto	wild-night	NA	NA	REPEATABLE	NA	17	Post-Game	UNK	4	83	85	8	NA	NA	NA	NA	FALSE	NA	data.js:areas[Pokemon Tower 8F].wild-night[17]	Measured	rate Asserted from the locations sheet
wild_encounter	Sinistcha	1362	Pokemon Tower 8F	Kanto	wild-night	NA	NA	REPEATABLE	NA	17	Post-Game	UNK	4	83	85	9	NA	NA	NA	NA	FALSE	NA	data.js:areas[Pokemon Tower 8F].wild-night[17]	Measured	rate Asserted from the locations sheet
wild_encounter	Mimikyu	995	Pokemon Tower 8F	Kanto	wild-night	NA	NA	REPEATABLE	NA	17	Post-Game	UNK	1	83	85	10	NA	NA	NA	NA	FALSE	NA	data.js:areas[Pokemon Tower 8F].wild-night[17]	Measured	rate Asserted from the locations sheet
wild_encounter	Mimikyu	995	Pokemon Tower 8F	Kanto	wild-night	NA	NA	REPEATABLE	NA	17	Post-Game	UNK	1	83	85	11	NA	NA	NA	NA	FALSE	NA	data.js:areas[Pokemon Tower 8F].wild-night[17]	Measured	rate Asserted from the locations sheet
item_ground	Mimikium Z	607	Pokemon Tower 8F	Kanto	item-standard	NA	NA	1	NA	17	Post-Game	UNK	NA	NA	NA	NA	NA	NA	NA	NA	TRUE	single placement	data.js:areas[Pokemon Tower 8F].item-standard[17]	Measured	NONE
item_ground	Ghost Gem	662	Pokemon Tower 8F	Kanto	item-standard	NA	NA	1	NA	17	Post-Game	UNK	NA	NA	NA	NA	NA	NA	NA	NA	TRUE	single placement	data.js:areas[Pokemon Tower 8F].item-standard[17]	Measured	NONE
item_hidden	Soothe Bell	184	Pokemon Tower 8F	Kanto	item-hidden	NA	NA	1	NA	17	Post-Game	UNK	NA	NA	NA	NA	NA	NA	NA	NA	TRUE	single placement	data.js:areas[Pokemon Tower 8F].item-hidden[17]	Measured	NONE
wild_encounter	Wishiwashi-Sevii	1292	Pokemon Tower 9F	Kanto	wild-day	NA	NA	REPEATABLE	NA	17	Post-Game	UNK	20	85	85	0	NA	NA	NA	NA	FALSE	NA	data.js:areas[Pokemon Tower 9F].wild-day[17]	Measured	rate Asserted from the locations sheet
wild_encounter	Typhlosion-Hisui	1299	Pokemon Tower 9F	Kanto	wild-day	NA	NA	REPEATABLE	NA	17	Post-Game	UNK	20	84	85	1	NA	NA	NA	NA	FALSE	NA	data.js:areas[Pokemon Tower 9F].wild-day[17]	Measured	rate Asserted from the locations sheet
wild_encounter	Flutter Mane	1246	Pokemon Tower 9F	Kanto	wild-day	NA	NA	REPEATABLE	NA	17	Post-Game	UNK	10	83	85	2	NA	NA	NA	NA	FALSE	NA	data.js:areas[Pokemon Tower 9F].wild-day[17]	Measured	rate Asserted from the locations sheet
wild_encounter	Flutter Mane	1246	Pokemon Tower 9F	Kanto	wild-day	NA	NA	REPEATABLE	NA	17	Post-Game	UNK	10	83	85	3	NA	NA	NA	NA	FALSE	NA	data.js:areas[Pokemon Tower 9F].wild-day[17]	Measured	rate Asserted from the locations sheet
wild_encounter	Spiritomb	495	Pokemon Tower 9F	Kanto	wild-day	NA	NA	REPEATABLE	NA	17	Post-Game	UNK	10	84	85	4	NA	NA	NA	NA	FALSE	NA	data.js:areas[Pokemon Tower 9F].wild-day[17]	Measured	rate Asserted from the locations sheet
wild_encounter	Spiritomb	495	Pokemon Tower 9F	Kanto	wild-day	NA	NA	REPEATABLE	NA	17	Post-Game	UNK	10	83	85	5	NA	NA	NA	NA	FALSE	NA	data.js:areas[Pokemon Tower 9F].wild-day[17]	Measured	rate Asserted from the locations sheet
wild_encounter	Dragapult	1179	Pokemon Tower 9F	Kanto	wild-day	NA	NA	REPEATABLE	NA	17	Post-Game	UNK	5	83	85	6	NA	NA	NA	NA	FALSE	NA	data.js:areas[Pokemon Tower 9F].wild-day[17]	Measured	rate Asserted from the locations sheet
wild_encounter	Dragapult	1179	Pokemon Tower 9F	Kanto	wild-day	NA	NA	REPEATABLE	NA	17	Post-Game	UNK	5	83	85	7	NA	NA	NA	NA	FALSE	NA	data.js:areas[Pokemon Tower 9F].wild-day[17]	Measured	rate Asserted from the locations sheet
wild_encounter	Cursola	1156	Pokemon Tower 9F	Kanto	wild-day	NA	NA	REPEATABLE	NA	17	Post-Game	UNK	4	83	85	8	NA	NA	NA	NA	FALSE	NA	data.js:areas[Pokemon Tower 9F].wild-day[17]	Measured	rate Asserted from the locations sheet
wild_encounter	Cursola	1156	Pokemon Tower 9F	Kanto	wild-day	NA	NA	REPEATABLE	NA	17	Post-Game	UNK	4	83	85	9	NA	NA	NA	NA	FALSE	NA	data.js:areas[Pokemon Tower 9F].wild-day[17]	Measured	rate Asserted from the locations sheet
wild_encounter	Spiritomb	495	Pokemon Tower 9F	Kanto	wild-day	NA	NA	REPEATABLE	NA	17	Post-Game	UNK	1	83	85	10	NA	NA	NA	NA	FALSE	NA	data.js:areas[Pokemon Tower 9F].wild-day[17]	Measured	rate Asserted from the locations sheet
wild_encounter	Spiritomb	495	Pokemon Tower 9F	Kanto	wild-day	NA	NA	REPEATABLE	NA	17	Post-Game	UNK	1	83	85	11	NA	NA	NA	NA	FALSE	NA	data.js:areas[Pokemon Tower 9F].wild-day[17]	Measured	rate Asserted from the locations sheet
wild_encounter	Wishiwashi-Sevii	1292	Pokemon Tower 9F	Kanto	wild-night	NA	NA	REPEATABLE	NA	17	Post-Game	UNK	20	85	85	0	NA	NA	NA	NA	FALSE	NA	data.js:areas[Pokemon Tower 9F].wild-night[17]	Measured	rate Asserted from the locations sheet
wild_encounter	Typhlosion-Hisui	1299	Pokemon Tower 9F	Kanto	wild-night	NA	NA	REPEATABLE	NA	17	Post-Game	UNK	20	84	85	1	NA	NA	NA	NA	FALSE	NA	data.js:areas[Pokemon Tower 9F].wild-night[17]	Measured	rate Asserted from the locations sheet
wild_encounter	Flutter Mane	1246	Pokemon Tower 9F	Kanto	wild-night	NA	NA	REPEATABLE	NA	17	Post-Game	UNK	10	83	85	2	NA	NA	NA	NA	FALSE	NA	data.js:areas[Pokemon Tower 9F].wild-night[17]	Measured	rate Asserted from the locations sheet
wild_encounter	Flutter Mane	1246	Pokemon Tower 9F	Kanto	wild-night	NA	NA	REPEATABLE	NA	17	Post-Game	UNK	10	83	85	3	NA	NA	NA	NA	FALSE	NA	data.js:areas[Pokemon Tower 9F].wild-night[17]	Measured	rate Asserted from the locations sheet
wild_encounter	Spiritomb	495	Pokemon Tower 9F	Kanto	wild-night	NA	NA	REPEATABLE	NA	17	Post-Game	UNK	10	84	85	4	NA	NA	NA	NA	FALSE	NA	data.js:areas[Pokemon Tower 9F].wild-night[17]	Measured	rate Asserted from the locations sheet
wild_encounter	Spiritomb	495	Pokemon Tower 9F	Kanto	wild-night	NA	NA	REPEATABLE	NA	17	Post-Game	UNK	10	83	85	5	NA	NA	NA	NA	FALSE	NA	data.js:areas[Pokemon Tower 9F].wild-night[17]	Measured	rate Asserted from the locations sheet
wild_encounter	Dragapult	1179	Pokemon Tower 9F	Kanto	wild-night	NA	NA	REPEATABLE	NA	17	Post-Game	UNK	5	83	85	6	NA	NA	NA	NA	FALSE	NA	data.js:areas[Pokemon Tower 9F].wild-night[17]	Measured	rate Asserted from the locations sheet
wild_encounter	Dragapult	1179	Pokemon Tower 9F	Kanto	wild-night	NA	NA	REPEATABLE	NA	17	Post-Game	UNK	5	83	85	7	NA	NA	NA	NA	FALSE	NA	data.js:areas[Pokemon Tower 9F].wild-night[17]	Measured	rate Asserted from the locations sheet
wild_encounter	Cursola	1156	Pokemon Tower 9F	Kanto	wild-night	NA	NA	REPEATABLE	NA	17	Post-Game	UNK	4	83	85	8	NA	NA	NA	NA	FALSE	NA	data.js:areas[Pokemon Tower 9F].wild-night[17]	Measured	rate Asserted from the locations sheet
wild_encounter	Cursola	1156	Pokemon Tower 9F	Kanto	wild-night	NA	NA	REPEATABLE	NA	17	Post-Game	UNK	4	83	85	9	NA	NA	NA	NA	FALSE	NA	data.js:areas[Pokemon Tower 9F].wild-night[17]	Measured	rate Asserted from the locations sheet
wild_encounter	Spiritomb	495	Pokemon Tower 9F	Kanto	wild-night	NA	NA	REPEATABLE	NA	17	Post-Game	UNK	1	83	85	10	NA	NA	NA	NA	FALSE	NA	data.js:areas[Pokemon Tower 9F].wild-night[17]	Measured	rate Asserted from the locations sheet
wild_encounter	Spiritomb	495	Pokemon Tower 9F	Kanto	wild-night	NA	NA	REPEATABLE	NA	17	Post-Game	UNK	1	83	85	11	NA	NA	NA	NA	FALSE	NA	data.js:areas[Pokemon Tower 9F].wild-night[17]	Measured	rate Asserted from the locations sheet
static_pokemon	Marshadow	1019	Pokemon Tower 9F	Kanto	fixed-overworld	NA	NA	1	NA	17	Post-Game	UNK	NA	NA	NA	NA	NA	NA	NA	NA	TRUE	one-time placement	data.js:areas[Pokemon Tower 9F].fixed-overworld[17]	Measured	NONE
item_ground	Ghostium Z	587	Pokemon Tower 9F	Kanto	item-standard	NA	NA	1	NA	17	Post-Game	UNK	NA	NA	NA	NA	NA	NA	NA	NA	TRUE	single placement	data.js:areas[Pokemon Tower 9F].item-standard[17]	Measured	NONE
item_ground	Marshadium Z	605	Pokemon Tower 9F	Kanto	item-standard	NA	NA	1	NA	17	Post-Game	UNK	NA	NA	NA	NA	NA	NA	NA	NA	TRUE	single placement	data.js:areas[Pokemon Tower 9F].item-standard[17]	Measured	NONE
item_hidden	Soothe Bell	184	Pokemon Tower 9F	Kanto	item-hidden	NA	NA	1	NA	17	Post-Game	UNK	NA	NA	NA	NA	NA	NA	NA	NA	TRUE	single placement	data.js:areas[Pokemon Tower 9F].item-hidden[17]	Measured	NONE
wild_encounter	Ursaluna	1302	Rock Tunnel Magearna's Chamber	Kanto	wild-day	NA	NA	REPEATABLE	NA	17	Post-Game	UNK	20	85	85	0	NA	NA	NA	NA	FALSE	NA	data.js:areas[Rock Tunnel Magearna's Chamber].wild-day[17]	Measured	rate Asserted from the locations sheet
wild_encounter	Noibat-Sevii	866	Rock Tunnel Magearna's Chamber	Kanto	wild-day	NA	NA	REPEATABLE	NA	17	Post-Game	UNK	20	84	85	1	NA	NA	NA	NA	FALSE	NA	data.js:areas[Rock Tunnel Magearna's Chamber].wild-day[17]	Measured	rate Asserted from the locations sheet
wild_encounter	Copperajah	1171	Rock Tunnel Magearna's Chamber	Kanto	wild-day	NA	NA	REPEATABLE	NA	17	Post-Game	UNK	10	84	85	2	NA	NA	NA	NA	FALSE	NA	data.js:areas[Rock Tunnel Magearna's Chamber].wild-day[17]	Measured	rate Asserted from the locations sheet
wild_encounter	Copperajah	1171	Rock Tunnel Magearna's Chamber	Kanto	wild-day	NA	NA	REPEATABLE	NA	17	Post-Game	UNK	10	84	85	3	NA	NA	NA	NA	FALSE	NA	data.js:areas[Rock Tunnel Magearna's Chamber].wild-day[17]	Measured	rate Asserted from the locations sheet
wild_encounter	Stunfisk-Galar	1229	Rock Tunnel Magearna's Chamber	Kanto	wild-day	NA	NA	REPEATABLE	NA	17	Post-Game	UNK	10	84	85	4	NA	NA	NA	NA	FALSE	NA	data.js:areas[Rock Tunnel Magearna's Chamber].wild-day[17]	Measured	rate Asserted from the locations sheet
wild_encounter	Stunfisk-Galar	1229	Rock Tunnel Magearna's Chamber	Kanto	wild-day	NA	NA	REPEATABLE	NA	17	Post-Game	UNK	10	83	85	5	NA	NA	NA	NA	FALSE	NA	data.js:areas[Rock Tunnel Magearna's Chamber].wild-day[17]	Measured	rate Asserted from the locations sheet
wild_encounter	Arcanine-Hisui	1272	Rock Tunnel Magearna's Chamber	Kanto	wild-day	NA	NA	REPEATABLE	NA	17	Post-Game	UNK	5	83	85	6	NA	NA	NA	NA	FALSE	NA	data.js:areas[Rock Tunnel Magearna's Chamber].wild-day[17]	Measured	rate Asserted from the locations sheet
wild_encounter	Arcanine-Hisui	1272	Rock Tunnel Magearna's Chamber	Kanto	wild-day	NA	NA	REPEATABLE	NA	17	Post-Game	UNK	5	83	85	7	NA	NA	NA	NA	FALSE	NA	data.js:areas[Rock Tunnel Magearna's Chamber].wild-day[17]	Measured	rate Asserted from the locations sheet
wild_encounter	Great Tusk	1237	Rock Tunnel Magearna's Chamber	Kanto	wild-day	NA	NA	REPEATABLE	NA	17	Post-Game	UNK	4	83	85	8	NA	NA	NA	NA	FALSE	NA	data.js:areas[Rock Tunnel Magearna's Chamber].wild-day[17]	Measured	rate Asserted from the locations sheet
wild_encounter	Great Tusk	1237	Rock Tunnel Magearna's Chamber	Kanto	wild-day	NA	NA	REPEATABLE	NA	17	Post-Game	UNK	4	83	85	9	NA	NA	NA	NA	FALSE	NA	data.js:areas[Rock Tunnel Magearna's Chamber].wild-day[17]	Measured	rate Asserted from the locations sheet
wild_encounter	Meltan	1083	Rock Tunnel Magearna's Chamber	Kanto	wild-day	NA	NA	REPEATABLE	NA	17	Post-Game	UNK	1	83	85	10	NA	NA	NA	NA	FALSE	NA	data.js:areas[Rock Tunnel Magearna's Chamber].wild-day[17]	Measured	rate Asserted from the locations sheet
wild_encounter	Meltan	1083	Rock Tunnel Magearna's Chamber	Kanto	wild-day	NA	NA	REPEATABLE	NA	17	Post-Game	UNK	1	83	85	11	NA	NA	NA	NA	FALSE	NA	data.js:areas[Rock Tunnel Magearna's Chamber].wild-day[17]	Measured	rate Asserted from the locations sheet
wild_encounter	Ursaluna	1302	Rock Tunnel Magearna's Chamber	Kanto	wild-night	NA	NA	REPEATABLE	NA	17	Post-Game	UNK	20	85	85	0	NA	NA	NA	NA	FALSE	NA	data.js:areas[Rock Tunnel Magearna's Chamber].wild-night[17]	Measured	rate Asserted from the locations sheet
wild_encounter	Noibat-Sevii	866	Rock Tunnel Magearna's Chamber	Kanto	wild-night	NA	NA	REPEATABLE	NA	17	Post-Game	UNK	20	84	85	1	NA	NA	NA	NA	FALSE	NA	data.js:areas[Rock Tunnel Magearna's Chamber].wild-night[17]	Measured	rate Asserted from the locations sheet
wild_encounter	Aggron	384	Rock Tunnel Magearna's Chamber	Kanto	wild-night	NA	NA	REPEATABLE	NA	17	Post-Game	UNK	10	84	85	2	NA	NA	NA	NA	FALSE	NA	data.js:areas[Rock Tunnel Magearna's Chamber].wild-night[17]	Measured	rate Asserted from the locations sheet
wild_encounter	Aggron	384	Rock Tunnel Magearna's Chamber	Kanto	wild-night	NA	NA	REPEATABLE	NA	17	Post-Game	UNK	10	84	85	3	NA	NA	NA	NA	FALSE	NA	data.js:areas[Rock Tunnel Magearna's Chamber].wild-night[17]	Measured	rate Asserted from the locations sheet
wild_encounter	Stunfisk	671	Rock Tunnel Magearna's Chamber	Kanto	wild-night	NA	NA	REPEATABLE	NA	17	Post-Game	UNK	10	84	85	4	NA	NA	NA	NA	FALSE	NA	data.js:areas[Rock Tunnel Magearna's Chamber].wild-night[17]	Measured	rate Asserted from the locations sheet
wild_encounter	Stunfisk	671	Rock Tunnel Magearna's Chamber	Kanto	wild-night	NA	NA	REPEATABLE	NA	17	Post-Game	UNK	10	83	85	5	NA	NA	NA	NA	FALSE	NA	data.js:areas[Rock Tunnel Magearna's Chamber].wild-night[17]	Measured	rate Asserted from the locations sheet
wild_encounter	Arcanine-Hisui	1272	Rock Tunnel Magearna's Chamber	Kanto	wild-night	NA	NA	REPEATABLE	NA	17	Post-Game	UNK	5	83	85	6	NA	NA	NA	NA	FALSE	NA	data.js:areas[Rock Tunnel Magearna's Chamber].wild-night[17]	Measured	rate Asserted from the locations sheet
wild_encounter	Arcanine-Hisui	1272	Rock Tunnel Magearna's Chamber	Kanto	wild-night	NA	NA	REPEATABLE	NA	17	Post-Game	UNK	5	83	85	7	NA	NA	NA	NA	FALSE	NA	data.js:areas[Rock Tunnel Magearna's Chamber].wild-night[17]	Measured	rate Asserted from the locations sheet
wild_encounter	Iron Treads	1258	Rock Tunnel Magearna's Chamber	Kanto	wild-night	NA	NA	REPEATABLE	NA	17	Post-Game	UNK	4	83	85	8	NA	NA	NA	NA	FALSE	NA	data.js:areas[Rock Tunnel Magearna's Chamber].wild-night[17]	Measured	rate Asserted from the locations sheet
wild_encounter	Iron Treads	1258	Rock Tunnel Magearna's Chamber	Kanto	wild-night	NA	NA	REPEATABLE	NA	17	Post-Game	UNK	4	83	85	9	NA	NA	NA	NA	FALSE	NA	data.js:areas[Rock Tunnel Magearna's Chamber].wild-night[17]	Measured	rate Asserted from the locations sheet
wild_encounter	Meltan	1083	Rock Tunnel Magearna's Chamber	Kanto	wild-night	NA	NA	REPEATABLE	NA	17	Post-Game	UNK	1	83	85	10	NA	NA	NA	NA	FALSE	NA	data.js:areas[Rock Tunnel Magearna's Chamber].wild-night[17]	Measured	rate Asserted from the locations sheet
wild_encounter	Meltan	1083	Rock Tunnel Magearna's Chamber	Kanto	wild-night	NA	NA	REPEATABLE	NA	17	Post-Game	UNK	1	83	85	11	NA	NA	NA	NA	FALSE	NA	data.js:areas[Rock Tunnel Magearna's Chamber].wild-night[17]	Measured	rate Asserted from the locations sheet
wild_encounter	Golem	76	Rock Tunnel Magearna's Chamber	Kanto	wild-smash	NA	NA	REPEATABLE	NA	17	Post-Game	UNK	UNK	85	85	0	NA	NA	NA	NA	FALSE	NA	data.js:areas[Rock Tunnel Magearna's Chamber].wild-smash[17]	Measured	ladder unresolved
wild_encounter	Golem-Alola	1033	Rock Tunnel Magearna's Chamber	Kanto	wild-smash	NA	NA	REPEATABLE	NA	17	Post-Game	UNK	UNK	84	85	1	NA	NA	NA	NA	FALSE	NA	data.js:areas[Rock Tunnel Magearna's Chamber].wild-smash[17]	Measured	ladder unresolved
wild_encounter	Probopass	529	Rock Tunnel Magearna's Chamber	Kanto	wild-smash	NA	NA	REPEATABLE	NA	17	Post-Game	UNK	UNK	84	85	2	NA	NA	NA	NA	FALSE	NA	data.js:areas[Rock Tunnel Magearna's Chamber].wild-smash[17]	Measured	ladder unresolved
wild_encounter	Probopass	529	Rock Tunnel Magearna's Chamber	Kanto	wild-smash	NA	NA	REPEATABLE	NA	17	Post-Game	UNK	UNK	84	85	3	NA	NA	NA	NA	FALSE	NA	data.js:areas[Rock Tunnel Magearna's Chamber].wild-smash[17]	Measured	ladder unresolved
wild_encounter	Carbink	811	Rock Tunnel Magearna's Chamber	Kanto	wild-smash	NA	NA	REPEATABLE	NA	17	Post-Game	UNK	UNK	84	85	4	NA	NA	NA	NA	FALSE	NA	data.js:areas[Rock Tunnel Magearna's Chamber].wild-smash[17]	Measured	ladder unresolved
static_pokemon	Magearna	1018	Rock Tunnel Magearna's Chamber	Kanto	fixed-overworld	NA	NA	1	NA	17	Post-Game	UNK	NA	NA	NA	NA	NA	NA	NA	NA	TRUE	one-time placement	data.js:areas[Rock Tunnel Magearna's Chamber].fixed-overworld[17]	Measured	NONE
item_ground	TM103	428	Rock Tunnel Magearna's Chamber	Kanto	item-standard	NA	NA	1	NA	17	Post-Game	UNK	NA	NA	NA	NA	NA	103	Sludge Wave	NA	TRUE	single placement	data.js:areas[Rock Tunnel Magearna's Chamber].item-standard[17]	Measured	NONE
item_ground	Gracidea	479	Rock Tunnel Magearna's Chamber	Kanto	item-standard	NA	NA	1	NA	17	Post-Game	UNK	NA	NA	NA	NA	NA	NA	NA	NA	TRUE	single placement	data.js:areas[Rock Tunnel Magearna's Chamber].item-standard[17]	Measured	NONE
item_ground	Flyinium Z	582	Rock Tunnel Magearna's Chamber	Kanto	item-standard	NA	NA	1	NA	17	Post-Game	UNK	NA	NA	NA	NA	NA	NA	NA	NA	TRUE	single placement	data.js:areas[Rock Tunnel Magearna's Chamber].item-standard[17]	Measured	NONE
item_ground	Steel Gem	663	Rock Tunnel Magearna's Chamber	Kanto	item-standard	NA	NA	1	NA	17	Post-Game	UNK	NA	NA	NA	NA	NA	NA	NA	NA	TRUE	single placement	data.js:areas[Rock Tunnel Magearna's Chamber].item-standard[17]	Measured	NONE
static_pokemon	Kyogre	404	Seafoam Islands Kyogre's Chamber	Kanto	fixed-overworld	NA	NA	1	NA	17	Post-Game	UNK	NA	NA	NA	NA	NA	NA	NA	NA	TRUE	one-time placement	data.js:areas[Seafoam Islands Kyogre's Chamber].fixed-overworld[17]	Measured	NONE
item_ground	Blue Orb	277	Seafoam Islands Kyogre's Chamber	Kanto	item-standard	NA	NA	1	NA	17	Post-Game	UNK	NA	NA	NA	NA	NA	NA	NA	NA	TRUE	single placement	data.js:areas[Seafoam Islands Kyogre's Chamber].item-standard[17]	Measured	NONE
item_ground	TM97	422	Seafoam Islands Kyogre's Chamber	Kanto	item-standard	NA	NA	1	NA	17	Post-Game	UNK	NA	NA	NA	NA	NA	97	Frost Breath	NA	TRUE	single placement	data.js:areas[Seafoam Islands Kyogre's Chamber].item-standard[17]	Measured	NONE
item_ground	Icium Z	594	Seafoam Islands Kyogre's Chamber	Kanto	item-standard	NA	NA	1	NA	17	Post-Game	UNK	NA	NA	NA	NA	NA	NA	NA	NA	TRUE	single placement	data.js:areas[Seafoam Islands Kyogre's Chamber].item-standard[17]	Measured	NONE
item_hidden	Water Stone	97	Seafoam Islands Kyogre's Chamber	Kanto	item-hidden	NA	NA	1	NA	17	Post-Game	UNK	NA	NA	NA	NA	NA	NA	NA	NA	TRUE	single placement	data.js:areas[Seafoam Islands Kyogre's Chamber].item-hidden[17]	Measured	NONE
item_ground	Meteorite	280	One Island Poke Center	Sevii	item-standard	NA	NA	1	NA	17	Post-Game	UNK	NA	NA	NA	NA	NA	NA	NA	NA	TRUE	single placement	data.js:areas[One Island Poke Center].item-standard[17]	Measured	NONE
item_ground	Town Map	361	One Island Poke Center	Sevii	item-standard	NA	NA	1	NA	17	Post-Game	UNK	NA	NA	NA	NA	NA	NA	NA	NA	TRUE	single placement	data.js:areas[One Island Poke Center].item-standard[17]	Measured	NONE
item_ground	Tri-Pass	367	One Island Poke Center	Sevii	item-standard	NA	NA	1	NA	17	Post-Game	UNK	NA	NA	NA	NA	NA	NA	NA	NA	TRUE	single placement	data.js:areas[One Island Poke Center].item-standard[17]	Measured	NONE
wild_encounter	Sirfetch’d	1157	Treasure Beach	Sevii	wild-day	NA	NA	REPEATABLE	NA	17	Post-Game	UNK	20	85	85	0	NA	NA	NA	NA	FALSE	NA	data.js:areas[Treasure Beach].wild-day[17]	Measured	rate Asserted from the locations sheet
wild_encounter	Sirfetch’d	1157	Treasure Beach	Sevii	wild-day	NA	NA	REPEATABLE	NA	17	Post-Game	UNK	20	84	85	1	NA	NA	NA	NA	FALSE	NA	data.js:areas[Treasure Beach].wild-day[17]	Measured	rate Asserted from the locations sheet
wild_encounter	Lilligant	602	Treasure Beach	Sevii	wild-day	NA	NA	REPEATABLE	NA	17	Post-Game	UNK	10	84	85	2	NA	NA	NA	NA	FALSE	NA	data.js:areas[Treasure Beach].wild-day[17]	Measured	rate Asserted from the locations sheet
wild_encounter	Lilligant	602	Treasure Beach	Sevii	wild-day	NA	NA	REPEATABLE	NA	17	Post-Game	UNK	10	84	85	3	NA	NA	NA	NA	FALSE	NA	data.js:areas[Treasure Beach].wild-day[17]	Measured	rate Asserted from the locations sheet
wild_encounter	Flygon	334	Treasure Beach	Sevii	wild-day	NA	NA	REPEATABLE	NA	17	Post-Game	UNK	10	84	85	4	NA	NA	NA	NA	FALSE	NA	data.js:areas[Treasure Beach].wild-day[17]	Measured	rate Asserted from the locations sheet
wild_encounter	Flygon	334	Treasure Beach	Sevii	wild-day	NA	NA	REPEATABLE	NA	17	Post-Game	UNK	10	83	85	5	NA	NA	NA	NA	FALSE	NA	data.js:areas[Treasure Beach].wild-day[17]	Measured	rate Asserted from the locations sheet
wild_encounter	Klefki	815	Treasure Beach	Sevii	wild-day	NA	NA	REPEATABLE	NA	17	Post-Game	UNK	5	83	85	6	NA	NA	NA	NA	FALSE	NA	data.js:areas[Treasure Beach].wild-day[17]	Measured	rate Asserted from the locations sheet
wild_encounter	Klefki	815	Treasure Beach	Sevii	wild-day	NA	NA	REPEATABLE	NA	17	Post-Game	UNK	5	83	85	7	NA	NA	NA	NA	FALSE	NA	data.js:areas[Treasure Beach].wild-day[17]	Measured	rate Asserted from the locations sheet
wild_encounter	Kingler	99	Treasure Beach	Sevii	wild-day	NA	NA	REPEATABLE	NA	17	Post-Game	UNK	4	83	85	8	NA	NA	NA	NA	FALSE	NA	data.js:areas[Treasure Beach].wild-day[17]	Measured	rate Asserted from the locations sheet
wild_encounter	Kingler	99	Treasure Beach	Sevii	wild-day	NA	NA	REPEATABLE	NA	17	Post-Game	UNK	4	83	85	9	NA	NA	NA	NA	FALSE	NA	data.js:areas[Treasure Beach].wild-day[17]	Measured	rate Asserted from the locations sheet
wild_encounter	Meltan	1083	Treasure Beach	Sevii	wild-day	NA	NA	REPEATABLE	NA	17	Post-Game	UNK	1	83	85	10	NA	NA	NA	NA	FALSE	NA	data.js:areas[Treasure Beach].wild-day[17]	Measured	rate Asserted from the locations sheet
wild_encounter	Meltan	1083	Treasure Beach	Sevii	wild-day	NA	NA	REPEATABLE	NA	17	Post-Game	UNK	1	83	85	11	NA	NA	NA	NA	FALSE	NA	data.js:areas[Treasure Beach].wild-day[17]	Measured	rate Asserted from the locations sheet
wild_encounter	Sirfetch’d	1157	Treasure Beach	Sevii	wild-night	NA	NA	REPEATABLE	NA	17	Post-Game	UNK	20	85	85	0	NA	NA	NA	NA	FALSE	NA	data.js:areas[Treasure Beach].wild-night[17]	Measured	rate Asserted from the locations sheet
wild_encounter	Sirfetch’d	1157	Treasure Beach	Sevii	wild-night	NA	NA	REPEATABLE	NA	17	Post-Game	UNK	20	84	85	1	NA	NA	NA	NA	FALSE	NA	data.js:areas[Treasure Beach].wild-night[17]	Measured	rate Asserted from the locations sheet
wild_encounter	Lilligant-Hisui	1303	Treasure Beach	Sevii	wild-night	NA	NA	REPEATABLE	NA	17	Post-Game	UNK	10	84	85	2	NA	NA	NA	NA	FALSE	NA	data.js:areas[Treasure Beach].wild-night[17]	Measured	rate Asserted from the locations sheet
wild_encounter	Lilligant-Hisui	1303	Treasure Beach	Sevii	wild-night	NA	NA	REPEATABLE	NA	17	Post-Game	UNK	10	84	85	3	NA	NA	NA	NA	FALSE	NA	data.js:areas[Treasure Beach].wild-night[17]	Measured	rate Asserted from the locations sheet
wild_encounter	Sandaconda	1136	Treasure Beach	Sevii	wild-night	NA	NA	REPEATABLE	NA	17	Post-Game	UNK	10	84	85	4	NA	NA	NA	NA	FALSE	NA	data.js:areas[Treasure Beach].wild-night[17]	Measured	rate Asserted from the locations sheet
wild_encounter	Sandaconda	1136	Treasure Beach	Sevii	wild-night	NA	NA	REPEATABLE	NA	17	Post-Game	UNK	10	83	85	5	NA	NA	NA	NA	FALSE	NA	data.js:areas[Treasure Beach].wild-night[17]	Measured	rate Asserted from the locations sheet
wild_encounter	Klefki	815	Treasure Beach	Sevii	wild-night	NA	NA	REPEATABLE	NA	17	Post-Game	UNK	5	83	85	6	NA	NA	NA	NA	FALSE	NA	data.js:areas[Treasure Beach].wild-night[17]	Measured	rate Asserted from the locations sheet
wild_encounter	Klefki	815	Treasure Beach	Sevii	wild-night	NA	NA	REPEATABLE	NA	17	Post-Game	UNK	5	83	85	7	NA	NA	NA	NA	FALSE	NA	data.js:areas[Treasure Beach].wild-night[17]	Measured	rate Asserted from the locations sheet
wild_encounter	Crawdaunt	327	Treasure Beach	Sevii	wild-night	NA	NA	REPEATABLE	NA	17	Post-Game	UNK	4	83	85	8	NA	NA	NA	NA	FALSE	NA	data.js:areas[Treasure Beach].wild-night[17]	Measured	rate Asserted from the locations sheet
wild_encounter	Crawdaunt	327	Treasure Beach	Sevii	wild-night	NA	NA	REPEATABLE	NA	17	Post-Game	UNK	4	83	85	9	NA	NA	NA	NA	FALSE	NA	data.js:areas[Treasure Beach].wild-night[17]	Measured	rate Asserted from the locations sheet
wild_encounter	Meltan	1083	Treasure Beach	Sevii	wild-night	NA	NA	REPEATABLE	NA	17	Post-Game	UNK	1	83	85	10	NA	NA	NA	NA	FALSE	NA	data.js:areas[Treasure Beach].wild-night[17]	Measured	rate Asserted from the locations sheet
wild_encounter	Meltan	1083	Treasure Beach	Sevii	wild-night	NA	NA	REPEATABLE	NA	17	Post-Game	UNK	1	83	85	11	NA	NA	NA	NA	FALSE	NA	data.js:areas[Treasure Beach].wild-night[17]	Measured	rate Asserted from the locations sheet
wild_encounter	Mantyke-Sevii	1283	Treasure Beach	Sevii	wild-surf	NA	NA	REPEATABLE	NA	17	Post-Game	UNK	60	60	65	0	NA	NA	NA	NA	FALSE	NA	data.js:areas[Treasure Beach].wild-surf[17]	Measured	rate Asserted from the locations sheet
wild_encounter	Basculegion	1268	Treasure Beach	Sevii	wild-surf	NA	NA	REPEATABLE	NA	17	Post-Game	UNK	30	83	85	1	NA	NA	NA	NA	FALSE	NA	data.js:areas[Treasure Beach].wild-surf[17]	Measured	rate Asserted from the locations sheet
wild_encounter	Basculegion-F	1306	Treasure Beach	Sevii	wild-surf	NA	NA	REPEATABLE	NA	17	Post-Game	UNK	5	83	85	2	NA	NA	NA	NA	FALSE	NA	data.js:areas[Treasure Beach].wild-surf[17]	Measured	rate Asserted from the locations sheet
wild_encounter	Mantine-Sevii	1284	Treasure Beach	Sevii	wild-surf	NA	NA	REPEATABLE	NA	17	Post-Game	UNK	4	83	85	3	NA	NA	NA	NA	FALSE	NA	data.js:areas[Treasure Beach].wild-surf[17]	Measured	rate Asserted from the locations sheet
wild_encounter	Mantine-Sevii	1284	Treasure Beach	Sevii	wild-surf	NA	NA	REPEATABLE	NA	17	Post-Game	UNK	1	83	85	4	NA	NA	NA	NA	FALSE	NA	data.js:areas[Treasure Beach].wild-surf[17]	Measured	rate Asserted from the locations sheet
gift_pokemon	Pikachu-Libre	1088	Treasure Beach	Sevii	fixed-gift	NA	NA	1	NA	17	Post-Game	UNK	NA	NA	NA	NA	NA	NA	NA	NA	TRUE	one-time placement	data.js:areas[Treasure Beach].fixed-gift[17]	Measured	NONE
item_ground	Mewtwonite X	546	Treasure Beach	Sevii	item-standard	NA	NA	1	NA	17	Post-Game	UNK	NA	NA	NA	NA	NA	NA	NA	NA	TRUE	single placement	data.js:areas[Treasure Beach].item-standard[17]	Measured	NONE
item_ground	Rock Gem	660	Treasure Beach	Sevii	item-standard	NA	NA	1	NA	17	Post-Game	UNK	NA	NA	NA	NA	NA	NA	NA	NA	TRUE	single placement	data.js:areas[Treasure Beach].item-standard[17]	Measured	NONE
item_hidden	Ultra Ball	2	Treasure Beach	Sevii	item-hidden	NA	NA	10	NA	17	Post-Game	UNK	NA	NA	NA	NA	NA	NA	NA	NA	TRUE	single placement	data.js:areas[Treasure Beach].item-hidden[17]	Asserted	 quantity from the official item sheet
item_hidden	Pearl	106	Treasure Beach	Sevii	item-hidden	NA	NA	10	NA	17	Post-Game	UNK	NA	NA	NA	NA	NA	NA	NA	NA	TRUE	single placement	data.js:areas[Treasure Beach].item-hidden[17]	Asserted	 quantity from the official item sheet
item_hidden	Big Pearl	107	Treasure Beach	Sevii	item-hidden	NA	NA	10	NA	17	Post-Game	UNK	NA	NA	NA	NA	NA	NA	NA	NA	TRUE	single placement	data.js:areas[Treasure Beach].item-hidden[17]	Asserted	 quantity from the official item sheet
item_hidden	Stardust	108	Treasure Beach	Sevii	item-hidden	NA	NA	10	NA	17	Post-Game	UNK	NA	NA	NA	NA	NA	NA	NA	NA	TRUE	single placement	data.js:areas[Treasure Beach].item-hidden[17]	Asserted	 quantity from the official item sheet
item_hidden	Star Piece	109	Treasure Beach	Sevii	item-hidden	NA	NA	10	NA	17	Post-Game	UNK	NA	NA	NA	NA	NA	NA	NA	NA	TRUE	single placement	data.js:areas[Treasure Beach].item-hidden[17]	Asserted	 quantity from the official item sheet
wild_encounter	Feebas	328	Treasure Beach	Sevii	wild-oldRod	NA	NA	REPEATABLE	NA	17	Post-Game	UNK	70	60	65	0	NA	NA	NA	NA	FALSE	NA	data.js:areas[Treasure Beach].wild-oldRod[17]	Measured	rate Asserted from the locations sheet
wild_encounter	Remoraid	223	Treasure Beach	Sevii	wild-oldRod	NA	NA	REPEATABLE	NA	17	Post-Game	UNK	30	60	65	1	NA	NA	NA	NA	FALSE	NA	data.js:areas[Treasure Beach].wild-oldRod[17]	Measured	rate Asserted from the locations sheet
wild_encounter	Corsola-Galar	1221	Treasure Beach	Sevii	wild-goodRod	NA	NA	REPEATABLE	NA	17	Post-Game	UNK	60	83	85	0	NA	NA	NA	NA	FALSE	NA	data.js:areas[Treasure Beach].wild-goodRod[17]	Measured	rate Asserted from the locations sheet
wild_encounter	Mantyke-Sevii	1283	Treasure Beach	Sevii	wild-goodRod	NA	NA	REPEATABLE	NA	17	Post-Game	UNK	20	60	65	1	NA	NA	NA	NA	FALSE	NA	data.js:areas[Treasure Beach].wild-goodRod[17]	Measured	rate Asserted from the locations sheet
wild_encounter	Mantyke-Sevii	1283	Treasure Beach	Sevii	wild-goodRod	NA	NA	REPEATABLE	NA	17	Post-Game	UNK	20	60	65	2	NA	NA	NA	NA	FALSE	NA	data.js:areas[Treasure Beach].wild-goodRod[17]	Measured	rate Asserted from the locations sheet
wild_encounter	Basculin	603	Treasure Beach	Sevii	wild-superRod	NA	NA	REPEATABLE	NA	17	Post-Game	UNK	40	83	85	0	NA	NA	NA	NA	FALSE	NA	data.js:areas[Treasure Beach].wild-superRod[17]	Measured	rate Asserted from the locations sheet
wild_encounter	Basculin	603	Treasure Beach	Sevii	wild-superRod	NA	NA	REPEATABLE	NA	17	Post-Game	UNK	40	83	85	1	NA	NA	NA	NA	FALSE	NA	data.js:areas[Treasure Beach].wild-superRod[17]	Measured	rate Asserted from the locations sheet
wild_encounter	Golisopod	985	Treasure Beach	Sevii	wild-superRod	NA	NA	REPEATABLE	NA	17	Post-Game	UNK	15	83	85	2	NA	NA	NA	NA	FALSE	NA	data.js:areas[Treasure Beach].wild-superRod[17]	Measured	rate Asserted from the locations sheet
wild_encounter	Araquanid	969	Treasure Beach	Sevii	wild-superRod	NA	NA	REPEATABLE	NA	17	Post-Game	UNK	4	83	85	3	NA	NA	NA	NA	FALSE	NA	data.js:areas[Treasure Beach].wild-superRod[17]	Measured	rate Asserted from the locations sheet
wild_encounter	Araquanid	969	Treasure Beach	Sevii	wild-superRod	NA	NA	REPEATABLE	NA	17	Post-Game	UNK	1	83	85	4	NA	NA	NA	NA	FALSE	NA	data.js:areas[Treasure Beach].wild-superRod[17]	Measured	rate Asserted from the locations sheet
wild_encounter	Absol	376	Kindle Road	Sevii	wild-day	NA	NA	REPEATABLE	NA	17	Post-Game	UNK	20	83	85	0	NA	NA	NA	NA	FALSE	NA	data.js:areas[Kindle Road].wild-day[17]	Measured	rate Asserted from the locations sheet
wild_encounter	Smeargle	235	Kindle Road	Sevii	wild-day	NA	NA	REPEATABLE	NA	17	Post-Game	UNK	20	83	85	1	NA	NA	NA	NA	FALSE	NA	data.js:areas[Kindle Road].wild-day[17]	Measured	rate Asserted from the locations sheet
wild_encounter	Alcremie	1161	Kindle Road	Sevii	wild-day	NA	NA	REPEATABLE	NA	17	Post-Game	UNK	10	83	85	2	NA	NA	NA	NA	FALSE	NA	data.js:areas[Kindle Road].wild-day[17]	Measured	rate Asserted from the locations sheet
wild_encounter	Alcremie	1161	Kindle Road	Sevii	wild-day	NA	NA	REPEATABLE	NA	17	Post-Game	UNK	10	83	85	3	NA	NA	NA	NA	FALSE	NA	data.js:areas[Kindle Road].wild-day[17]	Measured	rate Asserted from the locations sheet
wild_encounter	Centiskorch	1143	Kindle Road	Sevii	wild-day	NA	NA	REPEATABLE	NA	17	Post-Game	UNK	10	83	85	4	NA	NA	NA	NA	FALSE	NA	data.js:areas[Kindle Road].wild-day[17]	Measured	rate Asserted from the locations sheet
wild_encounter	Centiskorch	1143	Kindle Road	Sevii	wild-day	NA	NA	REPEATABLE	NA	17	Post-Game	UNK	10	83	85	5	NA	NA	NA	NA	FALSE	NA	data.js:areas[Kindle Road].wild-day[17]	Measured	rate Asserted from the locations sheet
wild_encounter	Gardevoir	394	Kindle Road	Sevii	wild-day	NA	NA	REPEATABLE	NA	17	Post-Game	UNK	5	83	85	6	NA	NA	NA	NA	FALSE	NA	data.js:areas[Kindle Road].wild-day[17]	Measured	rate Asserted from the locations sheet
wild_encounter	Gardevoir	394	Kindle Road	Sevii	wild-day	NA	NA	REPEATABLE	NA	17	Post-Game	UNK	5	83	85	7	NA	NA	NA	NA	FALSE	NA	data.js:areas[Kindle Road].wild-day[17]	Measured	rate Asserted from the locations sheet
wild_encounter	Seviper	379	Kindle Road	Sevii	wild-day	NA	NA	REPEATABLE	NA	17	Post-Game	UNK	4	83	85	8	NA	NA	NA	NA	FALSE	NA	data.js:areas[Kindle Road].wild-day[17]	Measured	rate Asserted from the locations sheet
wild_encounter	Seviper	379	Kindle Road	Sevii	wild-day	NA	NA	REPEATABLE	NA	17	Post-Game	UNK	4	83	85	9	NA	NA	NA	NA	FALSE	NA	data.js:areas[Kindle Road].wild-day[17]	Measured	rate Asserted from the locations sheet
wild_encounter	Seviper	379	Kindle Road	Sevii	wild-day	NA	NA	REPEATABLE	NA	17	Post-Game	UNK	1	83	85	10	NA	NA	NA	NA	FALSE	NA	data.js:areas[Kindle Road].wild-day[17]	Measured	rate Asserted from the locations sheet
wild_encounter	Seviper	379	Kindle Road	Sevii	wild-day	NA	NA	REPEATABLE	NA	17	Post-Game	UNK	1	83	85	11	NA	NA	NA	NA	FALSE	NA	data.js:areas[Kindle Road].wild-day[17]	Measured	rate Asserted from the locations sheet
wild_encounter	Absol	376	Kindle Road	Sevii	wild-night	NA	NA	REPEATABLE	NA	17	Post-Game	UNK	20	83	85	0	NA	NA	NA	NA	FALSE	NA	data.js:areas[Kindle Road].wild-night[17]	Measured	rate Asserted from the locations sheet
wild_encounter	Smeargle	235	Kindle Road	Sevii	wild-night	NA	NA	REPEATABLE	NA	17	Post-Game	UNK	20	83	85	1	NA	NA	NA	NA	FALSE	NA	data.js:areas[Kindle Road].wild-night[17]	Measured	rate Asserted from the locations sheet
wild_encounter	Alcremie	1161	Kindle Road	Sevii	wild-night	NA	NA	REPEATABLE	NA	17	Post-Game	UNK	10	83	85	2	NA	NA	NA	NA	FALSE	NA	data.js:areas[Kindle Road].wild-night[17]	Measured	rate Asserted from the locations sheet
wild_encounter	Alcremie	1161	Kindle Road	Sevii	wild-night	NA	NA	REPEATABLE	NA	17	Post-Game	UNK	10	83	85	3	NA	NA	NA	NA	FALSE	NA	data.js:areas[Kindle Road].wild-night[17]	Measured	rate Asserted from the locations sheet
wild_encounter	Centiskorch-Sevii	1290	Kindle Road	Sevii	wild-night	NA	NA	REPEATABLE	NA	17	Post-Game	UNK	10	83	85	4	NA	NA	NA	NA	FALSE	NA	data.js:areas[Kindle Road].wild-night[17]	Measured	rate Asserted from the locations sheet
wild_encounter	Centiskorch-Sevii	1290	Kindle Road	Sevii	wild-night	NA	NA	REPEATABLE	NA	17	Post-Game	UNK	10	83	85	5	NA	NA	NA	NA	FALSE	NA	data.js:areas[Kindle Road].wild-night[17]	Measured	rate Asserted from the locations sheet
wild_encounter	Grimmsnarl	1153	Kindle Road	Sevii	wild-night	NA	NA	REPEATABLE	NA	17	Post-Game	UNK	5	83	85	6	NA	NA	NA	NA	FALSE	NA	data.js:areas[Kindle Road].wild-night[17]	Measured	rate Asserted from the locations sheet
wild_encounter	Grimmsnarl	1153	Kindle Road	Sevii	wild-night	NA	NA	REPEATABLE	NA	17	Post-Game	UNK	5	83	85	7	NA	NA	NA	NA	FALSE	NA	data.js:areas[Kindle Road].wild-night[17]	Measured	rate Asserted from the locations sheet
wild_encounter	Eelektross	657	Kindle Road	Sevii	wild-night	NA	NA	REPEATABLE	NA	17	Post-Game	UNK	4	83	85	8	NA	NA	NA	NA	FALSE	NA	data.js:areas[Kindle Road].wild-night[17]	Measured	rate Asserted from the locations sheet
wild_encounter	Eelektross	657	Kindle Road	Sevii	wild-night	NA	NA	REPEATABLE	NA	17	Post-Game	UNK	4	83	85	9	NA	NA	NA	NA	FALSE	NA	data.js:areas[Kindle Road].wild-night[17]	Measured	rate Asserted from the locations sheet
wild_encounter	Eelektross	657	Kindle Road	Sevii	wild-night	NA	NA	REPEATABLE	NA	17	Post-Game	UNK	1	83	85	10	NA	NA	NA	NA	FALSE	NA	data.js:areas[Kindle Road].wild-night[17]	Measured	rate Asserted from the locations sheet
wild_encounter	Eelektross	657	Kindle Road	Sevii	wild-night	NA	NA	REPEATABLE	NA	17	Post-Game	UNK	1	83	85	11	NA	NA	NA	NA	FALSE	NA	data.js:areas[Kindle Road].wild-night[17]	Measured	rate Asserted from the locations sheet
wild_encounter	Mantyke-Sevii	1283	Kindle Road	Sevii	wild-surf	NA	NA	REPEATABLE	NA	17	Post-Game	UNK	60	60	65	0	NA	NA	NA	NA	FALSE	NA	data.js:areas[Kindle Road].wild-surf[17]	Measured	rate Asserted from the locations sheet
wild_encounter	Pyukumuku	988	Kindle Road	Sevii	wild-surf	NA	NA	REPEATABLE	NA	17	Post-Game	UNK	30	83	85	1	NA	NA	NA	NA	FALSE	NA	data.js:areas[Kindle Road].wild-surf[17]	Measured	rate Asserted from the locations sheet
wild_encounter	Cramorant	1137	Kindle Road	Sevii	wild-surf	NA	NA	REPEATABLE	NA	17	Post-Game	UNK	5	83	85	2	NA	NA	NA	NA	FALSE	NA	data.js:areas[Kindle Road].wild-surf[17]	Measured	rate Asserted from the locations sheet
wild_encounter	Mantine-Sevii	1284	Kindle Road	Sevii	wild-surf	NA	NA	REPEATABLE	NA	17	Post-Game	UNK	4	83	85	3	NA	NA	NA	NA	FALSE	NA	data.js:areas[Kindle Road].wild-surf[17]	Measured	rate Asserted from the locations sheet
wild_encounter	Mantine-Sevii	1284	Kindle Road	Sevii	wild-surf	NA	NA	REPEATABLE	NA	17	Post-Game	UNK	1	83	85	4	NA	NA	NA	NA	FALSE	NA	data.js:areas[Kindle Road].wild-surf[17]	Measured	rate Asserted from the locations sheet
gift_pokemon	Pinsir	127	Kindle Road	Sevii	fixed-gift	NA	NA	1	NA	17	Post-Game	UNK	NA	NA	NA	NA	NA	NA	NA	NA	TRUE	one-time placement	data.js:areas[Kindle Road].fixed-gift[17]	Measured	NONE
item_ground	Max Ether	35	Kindle Road	Sevii	item-standard	NA	NA	1	NA	17	Post-Game	UNK	NA	NA	NA	NA	NA	NA	NA	NA	TRUE	single placement	data.js:areas[Kindle Road].item-standard[17]	Measured	NONE
item_ground	Big Nugget	115	Kindle Road	Sevii	item-standard	NA	NA	10	NA	17	Post-Game	UNK	NA	NA	NA	NA	NA	NA	NA	NA	TRUE	single placement	data.js:areas[Kindle Road].item-standard[17]	Asserted	 quantity from the official item sheet
item_ground	Buginium Z	586	Kindle Road	Sevii	item-standard	NA	NA	1	NA	17	Post-Game	UNK	NA	NA	NA	NA	NA	NA	NA	NA	TRUE	single placement	data.js:areas[Kindle Road].item-standard[17]	Measured	NONE
item_ground	Bug Gem	661	Kindle Road	Sevii	item-standard	NA	NA	1	NA	17	Post-Game	UNK	NA	NA	NA	NA	NA	NA	NA	NA	TRUE	single placement	data.js:areas[Kindle Road].item-standard[17]	Measured	NONE
wild_encounter	Feebas	328	Kindle Road	Sevii	wild-oldRod	NA	NA	REPEATABLE	NA	17	Post-Game	UNK	70	83	85	0	NA	NA	NA	NA	FALSE	NA	data.js:areas[Kindle Road].wild-oldRod[17]	Measured	rate Asserted from the locations sheet
wild_encounter	Remoraid	223	Kindle Road	Sevii	wild-oldRod	NA	NA	REPEATABLE	NA	17	Post-Game	UNK	30	83	85	1	NA	NA	NA	NA	FALSE	NA	data.js:areas[Kindle Road].wild-oldRod[17]	Measured	rate Asserted from the locations sheet
wild_encounter	Corsola-Galar	1221	Kindle Road	Sevii	wild-goodRod	NA	NA	REPEATABLE	NA	17	Post-Game	UNK	60	83	85	0	NA	NA	NA	NA	FALSE	NA	data.js:areas[Kindle Road].wild-goodRod[17]	Measured	rate Asserted from the locations sheet
wild_encounter	Qwilfish	211	Kindle Road	Sevii	wild-goodRod	NA	NA	REPEATABLE	NA	17	Post-Game	UNK	20	83	85	1	NA	NA	NA	NA	FALSE	NA	data.js:areas[Kindle Road].wild-goodRod[17]	Measured	rate Asserted from the locations sheet
wild_encounter	Qwilfish	211	Kindle Road	Sevii	wild-goodRod	NA	NA	REPEATABLE	NA	17	Post-Game	UNK	20	83	85	2	NA	NA	NA	NA	FALSE	NA	data.js:areas[Kindle Road].wild-goodRod[17]	Measured	rate Asserted from the locations sheet
wild_encounter	Luvdisc	325	Kindle Road	Sevii	wild-superRod	NA	NA	REPEATABLE	NA	17	Post-Game	UNK	40	83	85	0	NA	NA	NA	NA	FALSE	NA	data.js:areas[Kindle Road].wild-superRod[17]	Measured	rate Asserted from the locations sheet
wild_encounter	Luvdisc	325	Kindle Road	Sevii	wild-superRod	NA	NA	REPEATABLE	NA	17	Post-Game	UNK	40	83	85	1	NA	NA	NA	NA	FALSE	NA	data.js:areas[Kindle Road].wild-superRod[17]	Measured	rate Asserted from the locations sheet
wild_encounter	Gorebyss	375	Kindle Road	Sevii	wild-superRod	NA	NA	REPEATABLE	NA	17	Post-Game	UNK	15	83	85	2	NA	NA	NA	NA	FALSE	NA	data.js:areas[Kindle Road].wild-superRod[17]	Measured	rate Asserted from the locations sheet
wild_encounter	Huntail	374	Kindle Road	Sevii	wild-superRod	NA	NA	REPEATABLE	NA	17	Post-Game	UNK	4	83	85	3	NA	NA	NA	NA	FALSE	NA	data.js:areas[Kindle Road].wild-superRod[17]	Measured	rate Asserted from the locations sheet
wild_encounter	Huntail	374	Kindle Road	Sevii	wild-superRod	NA	NA	REPEATABLE	NA	17	Post-Game	UNK	1	83	85	4	NA	NA	NA	NA	FALSE	NA	data.js:areas[Kindle Road].wild-superRod[17]	Measured	rate Asserted from the locations sheet
item_ground	HM07	345	Ember Spa	Sevii	item-standard	NA	NA	1	NA	17	Post-Game	UNK	NA	NA	NA	NA	NA	NA	NA	NA	TRUE	single placement	data.js:areas[Ember Spa].item-standard[17]	Measured	NONE
wild_encounter	Doduo-Sevii	1276	Mt Ember Exterior	Sevii	wild-day	NA	NA	REPEATABLE	NA	17	Post-Game	UNK	20	60	65	0	NA	NA	NA	NA	FALSE	NA	data.js:areas[Mt Ember Exterior].wild-day[17]	Measured	rate Asserted from the locations sheet
wild_encounter	Coalossal	1131	Mt Ember Exterior	Sevii	wild-day	NA	NA	REPEATABLE	NA	17	Post-Game	UNK	20	83	85	1	NA	NA	NA	NA	FALSE	NA	data.js:areas[Mt Ember Exterior].wild-day[17]	Measured	rate Asserted from the locations sheet
wild_encounter	Darmanitan	608	Mt Ember Exterior	Sevii	wild-day	NA	NA	REPEATABLE	NA	17	Post-Game	UNK	10	83	85	2	NA	NA	NA	NA	FALSE	NA	data.js:areas[Mt Ember Exterior].wild-day[17]	Measured	rate Asserted from the locations sheet
wild_encounter	Darmanitan	608	Mt Ember Exterior	Sevii	wild-day	NA	NA	REPEATABLE	NA	17	Post-Game	UNK	10	83	85	3	NA	NA	NA	NA	FALSE	NA	data.js:areas[Mt Ember Exterior].wild-day[17]	Measured	rate Asserted from the locations sheet
wild_encounter	Pyroar	776	Mt Ember Exterior	Sevii	wild-day	NA	NA	REPEATABLE	NA	17	Post-Game	UNK	10	83	85	4	NA	NA	NA	NA	FALSE	NA	data.js:areas[Mt Ember Exterior].wild-day[17]	Measured	rate Asserted from the locations sheet
wild_encounter	Dodrio-Sevii	1277	Mt Ember Exterior	Sevii	wild-day	NA	NA	REPEATABLE	NA	17	Post-Game	UNK	10	83	85	5	NA	NA	NA	NA	FALSE	NA	data.js:areas[Mt Ember Exterior].wild-day[17]	Measured	rate Asserted from the locations sheet
wild_encounter	Arcanine	59	Mt Ember Exterior	Sevii	wild-day	NA	NA	REPEATABLE	NA	17	Post-Game	UNK	5	83	85	6	NA	NA	NA	NA	FALSE	NA	data.js:areas[Mt Ember Exterior].wild-day[17]	Measured	rate Asserted from the locations sheet
wild_encounter	Arcanine	59	Mt Ember Exterior	Sevii	wild-day	NA	NA	REPEATABLE	NA	17	Post-Game	UNK	5	83	85	7	NA	NA	NA	NA	FALSE	NA	data.js:areas[Mt Ember Exterior].wild-day[17]	Measured	rate Asserted from the locations sheet
wild_encounter	Volcarona	690	Mt Ember Exterior	Sevii	wild-day	NA	NA	REPEATABLE	NA	17	Post-Game	UNK	4	83	85	8	NA	NA	NA	NA	FALSE	NA	data.js:areas[Mt Ember Exterior].wild-day[17]	Measured	rate Asserted from the locations sheet
wild_encounter	Volcarona	690	Mt Ember Exterior	Sevii	wild-day	NA	NA	REPEATABLE	NA	17	Post-Game	UNK	4	83	85	9	NA	NA	NA	NA	FALSE	NA	data.js:areas[Mt Ember Exterior].wild-day[17]	Measured	rate Asserted from the locations sheet
wild_encounter	Volcarona	690	Mt Ember Exterior	Sevii	wild-day	NA	NA	REPEATABLE	NA	17	Post-Game	UNK	1	83	85	10	NA	NA	NA	NA	FALSE	NA	data.js:areas[Mt Ember Exterior].wild-day[17]	Measured	rate Asserted from the locations sheet
wild_encounter	Volcarona	690	Mt Ember Exterior	Sevii	wild-day	NA	NA	REPEATABLE	NA	17	Post-Game	UNK	1	83	85	11	NA	NA	NA	NA	FALSE	NA	data.js:areas[Mt Ember Exterior].wild-day[17]	Measured	rate Asserted from the locations sheet
wild_encounter	Doduo-Sevii	1276	Mt Ember Exterior	Sevii	wild-night	NA	NA	REPEATABLE	NA	17	Post-Game	UNK	20	60	65	0	NA	NA	NA	NA	FALSE	NA	data.js:areas[Mt Ember Exterior].wild-night[17]	Measured	rate Asserted from the locations sheet
wild_encounter	Coalossal	1131	Mt Ember Exterior	Sevii	wild-night	NA	NA	REPEATABLE	NA	17	Post-Game	UNK	20	83	85	1	NA	NA	NA	NA	FALSE	NA	data.js:areas[Mt Ember Exterior].wild-night[17]	Measured	rate Asserted from the locations sheet
wild_encounter	Darmanitan	608	Mt Ember Exterior	Sevii	wild-night	NA	NA	REPEATABLE	NA	17	Post-Game	UNK	10	83	85	2	NA	NA	NA	NA	FALSE	NA	data.js:areas[Mt Ember Exterior].wild-night[17]	Measured	rate Asserted from the locations sheet
wild_encounter	Darmanitan	608	Mt Ember Exterior	Sevii	wild-night	NA	NA	REPEATABLE	NA	17	Post-Game	UNK	10	83	85	3	NA	NA	NA	NA	FALSE	NA	data.js:areas[Mt Ember Exterior].wild-night[17]	Measured	rate Asserted from the locations sheet
wild_encounter	Houndoom	229	Mt Ember Exterior	Sevii	wild-night	NA	NA	REPEATABLE	NA	17	Post-Game	UNK	10	83	85	4	NA	NA	NA	NA	FALSE	NA	data.js:areas[Mt Ember Exterior].wild-night[17]	Measured	rate Asserted from the locations sheet
wild_encounter	Dodrio-Sevii	1277	Mt Ember Exterior	Sevii	wild-night	NA	NA	REPEATABLE	NA	17	Post-Game	UNK	10	83	85	5	NA	NA	NA	NA	FALSE	NA	data.js:areas[Mt Ember Exterior].wild-night[17]	Measured	rate Asserted from the locations sheet
wild_encounter	Arcanine-Hisui	1272	Mt Ember Exterior	Sevii	wild-night	NA	NA	REPEATABLE	NA	17	Post-Game	UNK	5	83	85	6	NA	NA	NA	NA	FALSE	NA	data.js:areas[Mt Ember Exterior].wild-night[17]	Measured	rate Asserted from the locations sheet
wild_encounter	Arcanine-Hisui	1272	Mt Ember Exterior	Sevii	wild-night	NA	NA	REPEATABLE	NA	17	Post-Game	UNK	5	83	85	7	NA	NA	NA	NA	FALSE	NA	data.js:areas[Mt Ember Exterior].wild-night[17]	Measured	rate Asserted from the locations sheet
wild_encounter	Volcarona	690	Mt Ember Exterior	Sevii	wild-night	NA	NA	REPEATABLE	NA	17	Post-Game	UNK	4	83	85	8	NA	NA	NA	NA	FALSE	NA	data.js:areas[Mt Ember Exterior].wild-night[17]	Measured	rate Asserted from the locations sheet
wild_encounter	Volcarona	690	Mt Ember Exterior	Sevii	wild-night	NA	NA	REPEATABLE	NA	17	Post-Game	UNK	4	83	85	9	NA	NA	NA	NA	FALSE	NA	data.js:areas[Mt Ember Exterior].wild-night[17]	Measured	rate Asserted from the locations sheet
wild_encounter	Volcarona	690	Mt Ember Exterior	Sevii	wild-night	NA	NA	REPEATABLE	NA	17	Post-Game	UNK	1	83	85	10	NA	NA	NA	NA	FALSE	NA	data.js:areas[Mt Ember Exterior].wild-night[17]	Measured	rate Asserted from the locations sheet
wild_encounter	Volcarona	690	Mt Ember Exterior	Sevii	wild-night	NA	NA	REPEATABLE	NA	17	Post-Game	UNK	1	83	85	11	NA	NA	NA	NA	FALSE	NA	data.js:areas[Mt Ember Exterior].wild-night[17]	Measured	rate Asserted from the locations sheet
item_ground	Dusk Ball	240	Mt Ember Exterior	Sevii	item-standard	NA	NA	10	NA	17	Post-Game	UNK	NA	NA	NA	NA	NA	NA	NA	NA	TRUE	single placement	data.js:areas[Mt Ember Exterior].item-standard[17]	Asserted	 quantity from the official item sheet
item_ground	TM94	419	Mt Ember Exterior	Sevii	item-standard	NA	NA	1	NA	17	Post-Game	UNK	NA	NA	NA	NA	NA	94	Scale Shot	NA	TRUE	single placement	data.js:areas[Mt Ember Exterior].item-standard[17]	Measured	NONE
item_ground	TM112	437	Mt Ember Exterior	Sevii	item-standard	NA	NA	1	NA	17	Post-Game	UNK	NA	NA	NA	NA	NA	112	Misty Explosion	NA	TRUE	single placement	data.js:areas[Mt Ember Exterior].item-standard[17]	Measured	NONE
item_ground	Fairium Z	597	Mt Ember Exterior	Sevii	item-standard	NA	NA	1	NA	17	Post-Game	UNK	NA	NA	NA	NA	NA	NA	NA	NA	TRUE	single placement	data.js:areas[Mt Ember Exterior].item-standard[17]	Measured	NONE
item_hidden	Ultra Ball	2	Mt Ember Exterior	Sevii	item-hidden	NA	NA	10	NA	17	Post-Game	UNK	NA	NA	NA	NA	NA	NA	NA	NA	TRUE	single placement	data.js:areas[Mt Ember Exterior].item-hidden[17]	Asserted	 quantity from the official item sheet
item_hidden	Fire Stone	95	Mt Ember Exterior	Sevii	item-hidden	NA	NA	1	NA	17	Post-Game	UNK	NA	NA	NA	NA	NA	NA	NA	NA	TRUE	single placement	data.js:areas[Mt Ember Exterior].item-hidden[17]	Measured	NONE
wild_encounter	Torkoal	321	Mt Ember Interior	Sevii	wild-day	NA	NA	REPEATABLE	NA	17	Post-Game	UNK	20	85	85	0	NA	NA	NA	NA	FALSE	NA	data.js:areas[Mt Ember Interior].wild-day[17]	Measured	rate Asserted from the locations sheet
wild_encounter	Magcargo	219	Mt Ember Interior	Sevii	wild-day	NA	NA	REPEATABLE	NA	17	Post-Game	UNK	20	84	85	1	NA	NA	NA	NA	FALSE	NA	data.js:areas[Mt Ember Interior].wild-day[17]	Measured	rate Asserted from the locations sheet
wild_encounter	Ninetales	38	Mt Ember Interior	Sevii	wild-day	NA	NA	REPEATABLE	NA	17	Post-Game	UNK	10	84	85	2	NA	NA	NA	NA	FALSE	NA	data.js:areas[Mt Ember Interior].wild-day[17]	Measured	rate Asserted from the locations sheet
wild_encounter	Ninetales	38	Mt Ember Interior	Sevii	wild-day	NA	NA	REPEATABLE	NA	17	Post-Game	UNK	10	84	85	3	NA	NA	NA	NA	FALSE	NA	data.js:areas[Mt Ember Interior].wild-day[17]	Measured	rate Asserted from the locations sheet
wild_encounter	Pyroar	776	Mt Ember Interior	Sevii	wild-day	NA	NA	REPEATABLE	NA	17	Post-Game	UNK	10	84	85	4	NA	NA	NA	NA	FALSE	NA	data.js:areas[Mt Ember Interior].wild-day[17]	Measured	rate Asserted from the locations sheet
wild_encounter	Pyroar	776	Mt Ember Interior	Sevii	wild-day	NA	NA	REPEATABLE	NA	17	Post-Game	UNK	10	83	85	5	NA	NA	NA	NA	FALSE	NA	data.js:areas[Mt Ember Interior].wild-day[17]	Measured	rate Asserted from the locations sheet
wild_encounter	Darmanitan	608	Mt Ember Interior	Sevii	wild-day	NA	NA	REPEATABLE	NA	17	Post-Game	UNK	5	83	85	6	NA	NA	NA	NA	FALSE	NA	data.js:areas[Mt Ember Interior].wild-day[17]	Measured	rate Asserted from the locations sheet
wild_encounter	Darmanitan	608	Mt Ember Interior	Sevii	wild-day	NA	NA	REPEATABLE	NA	17	Post-Game	UNK	5	83	85	7	NA	NA	NA	NA	FALSE	NA	data.js:areas[Mt Ember Interior].wild-day[17]	Measured	rate Asserted from the locations sheet
wild_encounter	Arcanine-Hisui	1272	Mt Ember Interior	Sevii	wild-day	NA	NA	REPEATABLE	NA	17	Post-Game	UNK	4	83	85	8	NA	NA	NA	NA	FALSE	NA	data.js:areas[Mt Ember Interior].wild-day[17]	Measured	rate Asserted from the locations sheet
wild_encounter	Arcanine-Hisui	1272	Mt Ember Interior	Sevii	wild-day	NA	NA	REPEATABLE	NA	17	Post-Game	UNK	4	83	85	9	NA	NA	NA	NA	FALSE	NA	data.js:areas[Mt Ember Interior].wild-day[17]	Measured	rate Asserted from the locations sheet
wild_encounter	Arcanine-Hisui	1272	Mt Ember Interior	Sevii	wild-day	NA	NA	REPEATABLE	NA	17	Post-Game	UNK	1	83	85	10	NA	NA	NA	NA	FALSE	NA	data.js:areas[Mt Ember Interior].wild-day[17]	Measured	rate Asserted from the locations sheet
wild_encounter	Arcanine-Hisui	1272	Mt Ember Interior	Sevii	wild-day	NA	NA	REPEATABLE	NA	17	Post-Game	UNK	1	83	85	11	NA	NA	NA	NA	FALSE	NA	data.js:areas[Mt Ember Interior].wild-day[17]	Measured	rate Asserted from the locations sheet
wild_encounter	Torkoal	321	Mt Ember Interior	Sevii	wild-night	NA	NA	REPEATABLE	NA	17	Post-Game	UNK	20	85	85	0	NA	NA	NA	NA	FALSE	NA	data.js:areas[Mt Ember Interior].wild-night[17]	Measured	rate Asserted from the locations sheet
wild_encounter	Magcargo	219	Mt Ember Interior	Sevii	wild-night	NA	NA	REPEATABLE	NA	17	Post-Game	UNK	20	84	85	1	NA	NA	NA	NA	FALSE	NA	data.js:areas[Mt Ember Interior].wild-night[17]	Measured	rate Asserted from the locations sheet
wild_encounter	Ninetales	38	Mt Ember Interior	Sevii	wild-night	NA	NA	REPEATABLE	NA	17	Post-Game	UNK	10	84	85	2	NA	NA	NA	NA	FALSE	NA	data.js:areas[Mt Ember Interior].wild-night[17]	Measured	rate Asserted from the locations sheet
wild_encounter	Ninetales	38	Mt Ember Interior	Sevii	wild-night	NA	NA	REPEATABLE	NA	17	Post-Game	UNK	10	84	85	3	NA	NA	NA	NA	FALSE	NA	data.js:areas[Mt Ember Interior].wild-night[17]	Measured	rate Asserted from the locations sheet
wild_encounter	Pyroar	776	Mt Ember Interior	Sevii	wild-night	NA	NA	REPEATABLE	NA	17	Post-Game	UNK	10	84	85	4	NA	NA	NA	NA	FALSE	NA	data.js:areas[Mt Ember Interior].wild-night[17]	Measured	rate Asserted from the locations sheet
wild_encounter	Pyroar	776	Mt Ember Interior	Sevii	wild-night	NA	NA	REPEATABLE	NA	17	Post-Game	UNK	10	83	85	5	NA	NA	NA	NA	FALSE	NA	data.js:areas[Mt Ember Interior].wild-night[17]	Measured	rate Asserted from the locations sheet
wild_encounter	Darmanitan	608	Mt Ember Interior	Sevii	wild-night	NA	NA	REPEATABLE	NA	17	Post-Game	UNK	5	83	85	6	NA	NA	NA	NA	FALSE	NA	data.js:areas[Mt Ember Interior].wild-night[17]	Measured	rate Asserted from the locations sheet
wild_encounter	Darmanitan	608	Mt Ember Interior	Sevii	wild-night	NA	NA	REPEATABLE	NA	17	Post-Game	UNK	5	83	85	7	NA	NA	NA	NA	FALSE	NA	data.js:areas[Mt Ember Interior].wild-night[17]	Measured	rate Asserted from the locations sheet
wild_encounter	Arcanine-Hisui	1272	Mt Ember Interior	Sevii	wild-night	NA	NA	REPEATABLE	NA	17	Post-Game	UNK	4	83	85	8	NA	NA	NA	NA	FALSE	NA	data.js:areas[Mt Ember Interior].wild-night[17]	Measured	rate Asserted from the locations sheet
wild_encounter	Arcanine-Hisui	1272	Mt Ember Interior	Sevii	wild-night	NA	NA	REPEATABLE	NA	17	Post-Game	UNK	4	83	85	9	NA	NA	NA	NA	FALSE	NA	data.js:areas[Mt Ember Interior].wild-night[17]	Measured	rate Asserted from the locations sheet
wild_encounter	Arcanine-Hisui	1272	Mt Ember Interior	Sevii	wild-night	NA	NA	REPEATABLE	NA	17	Post-Game	UNK	1	83	85	10	NA	NA	NA	NA	FALSE	NA	data.js:areas[Mt Ember Interior].wild-night[17]	Measured	rate Asserted from the locations sheet
wild_encounter	Arcanine-Hisui	1272	Mt Ember Interior	Sevii	wild-night	NA	NA	REPEATABLE	NA	17	Post-Game	UNK	1	83	85	11	NA	NA	NA	NA	FALSE	NA	data.js:areas[Mt Ember Interior].wild-night[17]	Measured	rate Asserted from the locations sheet
static_pokemon	Heatran	538	Mt Ember Summit	Sevii	fixed-overworld	NA	NA	1	NA	17	Post-Game	UNK	NA	NA	NA	NA	NA	NA	NA	NA	TRUE	one-time placement	data.js:areas[Mt Ember Summit].fixed-overworld[17]	Measured	NONE
gift_pokemon	Aerodactyl	142	Mt Ember Summit	Sevii	fixed-gift	NA	NA	1	NA	17	Post-Game	UNK	NA	NA	NA	NA	NA	NA	NA	NA	TRUE	one-time placement	data.js:areas[Mt Ember Summit].fixed-gift[17]	Measured	NONE
item_ground	TM66	391	Two Island	Sevii	item-standard	NA	NA	1	NA	17	Post-Game	UNK	NA	NA	NA	NA	NA	66	Steel Beam	NA	TRUE	single placement	data.js:areas[Two Island].item-standard[17]	Measured	NONE
vendor_stock	Ultra Ball	2	Two Island	Sevii	item-shop	UNK	money	UNLIMITED	NA	17	Post-Game	UNK	NA	NA	NA	NA	NA	NA	NA	NA	FALSE	NA	data.js:areas[Two Island].item-shop[17]	Measured	NONE
vendor_stock	Timer Ball	10	Two Island	Sevii	item-shop	UNK	money	UNLIMITED	NA	17	Post-Game	UNK	NA	NA	NA	NA	NA	NA	NA	NA	FALSE	NA	data.js:areas[Two Island].item-shop[17]	Measured	NONE
vendor_stock	Fresh Water	26	Two Island	Sevii	item-shop	UNK	money	UNLIMITED	NA	17	Post-Game	UNK	NA	NA	NA	NA	NA	NA	NA	NA	FALSE	NA	data.js:areas[Two Island].item-shop[17]	Measured	NONE
vendor_stock	Soda Pop	27	Two Island	Sevii	item-shop	UNK	money	UNLIMITED	NA	17	Post-Game	UNK	NA	NA	NA	NA	NA	NA	NA	NA	FALSE	NA	data.js:areas[Two Island].item-shop[17]	Measured	NONE
vendor_stock	Lemonade	28	Two Island	Sevii	item-shop	UNK	money	UNLIMITED	NA	17	Post-Game	UNK	NA	NA	NA	NA	NA	NA	NA	NA	FALSE	NA	data.js:areas[Two Island].item-shop[17]	Measured	NONE
vendor_stock	Moomoo Milk	29	Two Island	Sevii	item-shop	UNK	money	UNLIMITED	NA	17	Post-Game	UNK	NA	NA	NA	NA	NA	NA	NA	NA	FALSE	NA	data.js:areas[Two Island].item-shop[17]	Measured	NONE
vendor_stock	Lava Cookie	38	Two Island	Sevii	item-shop	UNK	money	UNLIMITED	NA	17	Post-Game	UNK	NA	NA	NA	NA	NA	NA	NA	NA	FALSE	NA	data.js:areas[Two Island].item-shop[17]	Measured	NONE
vendor_stock	Wishing Piece	641	Two Island	Sevii	item-shop	UNK	money	UNLIMITED	NA	17	Post-Game	UNK	NA	NA	NA	NA	NA	NA	NA	NA	FALSE	NA	data.js:areas[Two Island].item-shop[17]	Measured	NONE
tutor	tutor_slot_61	61	Two Island Game Corner	Sevii	tutor	UNK	money	REPEATABLE	NA	17	Post-Game	UNK	NA	NA	NA	NA	NA	NA	Frenzy Plant	NA	FALSE	NA	data.js:areas[Two Island Game Corner].tutors[17]	Measured	value is a tutorMoves slot index, not a move ID
tutor	tutor_slot_63	63	Two Island Game Corner	Sevii	tutor	UNK	money	REPEATABLE	NA	17	Post-Game	UNK	NA	NA	NA	NA	NA	NA	Hydro Cannon	NA	FALSE	NA	data.js:areas[Two Island Game Corner].tutors[17]	Measured	value is a tutorMoves slot index, not a move ID
tutor	tutor_slot_62	62	Two Island Game Corner	Sevii	tutor	UNK	money	REPEATABLE	NA	17	Post-Game	UNK	NA	NA	NA	NA	NA	NA	Blast Burn	NA	FALSE	NA	data.js:areas[Two Island Game Corner].tutors[17]	Measured	value is a tutorMoves slot index, not a move ID
gift_pokemon	Clefable	36	Two Island House	Sevii	fixed-gift	NA	NA	1	NA	17	Post-Game	UNK	NA	NA	NA	NA	NA	NA	NA	NA	TRUE	one-time placement	data.js:areas[Two Island House].fixed-gift[17]	Measured	NONE
item_ground	Normalium Z	580	Two Island House	Sevii	item-standard	NA	NA	1	NA	17	Post-Game	UNK	NA	NA	NA	NA	NA	NA	NA	NA	TRUE	single placement	data.js:areas[Two Island House].item-standard[17]	Measured	NONE
wild_encounter	Electrode-Hisui	1296	Cape Brink	Sevii	wild-day	NA	NA	REPEATABLE	NA	17	Post-Game	UNK	20	85	85	0	NA	NA	NA	NA	FALSE	NA	data.js:areas[Cape Brink].wild-day[17]	Measured	rate Asserted from the locations sheet
wild_encounter	Blitzle-Sevii	1274	Cape Brink	Sevii	wild-day	NA	NA	REPEATABLE	NA	17	Post-Game	UNK	20	84	85	1	NA	NA	NA	NA	FALSE	NA	data.js:areas[Cape Brink].wild-day[17]	Measured	rate Asserted from the locations sheet
wild_encounter	Lilligant-Hisui	1303	Cape Brink	Sevii	wild-day	NA	NA	REPEATABLE	NA	17	Post-Game	UNK	10	84	85	2	NA	NA	NA	NA	FALSE	NA	data.js:areas[Cape Brink].wild-day[17]	Measured	rate Asserted from the locations sheet
wild_encounter	Lilligant-Hisui	1303	Cape Brink	Sevii	wild-day	NA	NA	REPEATABLE	NA	17	Post-Game	UNK	10	84	85	3	NA	NA	NA	NA	FALSE	NA	data.js:areas[Cape Brink].wild-day[17]	Measured	rate Asserted from the locations sheet
wild_encounter	Slowbro-Galar	1212	Cape Brink	Sevii	wild-day	NA	NA	REPEATABLE	NA	17	Post-Game	UNK	10	84	85	4	NA	NA	NA	NA	FALSE	NA	data.js:areas[Cape Brink].wild-day[17]	Measured	rate Asserted from the locations sheet
wild_encounter	Slowbro-Galar	1212	Cape Brink	Sevii	wild-day	NA	NA	REPEATABLE	NA	17	Post-Game	UNK	10	83	85	5	NA	NA	NA	NA	FALSE	NA	data.js:areas[Cape Brink].wild-day[17]	Measured	rate Asserted from the locations sheet
wild_encounter	Morpeko	1169	Cape Brink	Sevii	wild-day	NA	NA	REPEATABLE	NA	17	Post-Game	UNK	5	83	85	6	NA	NA	NA	NA	FALSE	NA	data.js:areas[Cape Brink].wild-day[17]	Measured	rate Asserted from the locations sheet
wild_encounter	Morpeko	1169	Cape Brink	Sevii	wild-day	NA	NA	REPEATABLE	NA	17	Post-Game	UNK	5	83	85	7	NA	NA	NA	NA	FALSE	NA	data.js:areas[Cape Brink].wild-day[17]	Measured	rate Asserted from the locations sheet
wild_encounter	Grapploct	1145	Cape Brink	Sevii	wild-day	NA	NA	REPEATABLE	NA	17	Post-Game	UNK	4	83	85	8	NA	NA	NA	NA	FALSE	NA	data.js:areas[Cape Brink].wild-day[17]	Measured	rate Asserted from the locations sheet
wild_encounter	Grapploct	1145	Cape Brink	Sevii	wild-day	NA	NA	REPEATABLE	NA	17	Post-Game	UNK	4	83	85	9	NA	NA	NA	NA	FALSE	NA	data.js:areas[Cape Brink].wild-day[17]	Measured	rate Asserted from the locations sheet
wild_encounter	Scyther	123	Cape Brink	Sevii	wild-day	NA	NA	REPEATABLE	NA	17	Post-Game	UNK	1	83	85	10	NA	NA	NA	NA	FALSE	NA	data.js:areas[Cape Brink].wild-day[17]	Measured	rate Asserted from the locations sheet
wild_encounter	Scyther	123	Cape Brink	Sevii	wild-day	NA	NA	REPEATABLE	NA	17	Post-Game	UNK	1	83	85	11	NA	NA	NA	NA	FALSE	NA	data.js:areas[Cape Brink].wild-day[17]	Measured	rate Asserted from the locations sheet
wild_encounter	Electrode-Hisui	1296	Cape Brink	Sevii	wild-night	NA	NA	REPEATABLE	NA	17	Post-Game	UNK	20	85	85	0	NA	NA	NA	NA	FALSE	NA	data.js:areas[Cape Brink].wild-night[17]	Measured	rate Asserted from the locations sheet
wild_encounter	Blitzle-Sevii	1274	Cape Brink	Sevii	wild-night	NA	NA	REPEATABLE	NA	17	Post-Game	UNK	20	84	85	1	NA	NA	NA	NA	FALSE	NA	data.js:areas[Cape Brink].wild-night[17]	Measured	rate Asserted from the locations sheet
wild_encounter	Shiftry	300	Cape Brink	Sevii	wild-night	NA	NA	REPEATABLE	NA	17	Post-Game	UNK	10	84	85	2	NA	NA	NA	NA	FALSE	NA	data.js:areas[Cape Brink].wild-night[17]	Measured	rate Asserted from the locations sheet
wild_encounter	Shiftry	300	Cape Brink	Sevii	wild-night	NA	NA	REPEATABLE	NA	17	Post-Game	UNK	10	84	85	3	NA	NA	NA	NA	FALSE	NA	data.js:areas[Cape Brink].wild-night[17]	Measured	rate Asserted from the locations sheet
wild_encounter	Slowbro	80	Cape Brink	Sevii	wild-night	NA	NA	REPEATABLE	NA	17	Post-Game	UNK	10	84	85	4	NA	NA	NA	NA	FALSE	NA	data.js:areas[Cape Brink].wild-night[17]	Measured	rate Asserted from the locations sheet
wild_encounter	Slowbro	80	Cape Brink	Sevii	wild-night	NA	NA	REPEATABLE	NA	17	Post-Game	UNK	10	83	85	5	NA	NA	NA	NA	FALSE	NA	data.js:areas[Cape Brink].wild-night[17]	Measured	rate Asserted from the locations sheet
wild_encounter	Morpeko	1169	Cape Brink	Sevii	wild-night	NA	NA	REPEATABLE	NA	17	Post-Game	UNK	5	83	85	6	NA	NA	NA	NA	FALSE	NA	data.js:areas[Cape Brink].wild-night[17]	Measured	rate Asserted from the locations sheet
wild_encounter	Morpeko	1169	Cape Brink	Sevii	wild-night	NA	NA	REPEATABLE	NA	17	Post-Game	UNK	5	83	85	7	NA	NA	NA	NA	FALSE	NA	data.js:areas[Cape Brink].wild-night[17]	Measured	rate Asserted from the locations sheet
wild_encounter	Grapploct	1145	Cape Brink	Sevii	wild-night	NA	NA	REPEATABLE	NA	17	Post-Game	UNK	4	83	85	8	NA	NA	NA	NA	FALSE	NA	data.js:areas[Cape Brink].wild-night[17]	Measured	rate Asserted from the locations sheet
wild_encounter	Grapploct	1145	Cape Brink	Sevii	wild-night	NA	NA	REPEATABLE	NA	17	Post-Game	UNK	4	83	85	9	NA	NA	NA	NA	FALSE	NA	data.js:areas[Cape Brink].wild-night[17]	Measured	rate Asserted from the locations sheet
wild_encounter	Scyther	123	Cape Brink	Sevii	wild-night	NA	NA	REPEATABLE	NA	17	Post-Game	UNK	1	83	85	10	NA	NA	NA	NA	FALSE	NA	data.js:areas[Cape Brink].wild-night[17]	Measured	rate Asserted from the locations sheet
wild_encounter	Scyther	123	Cape Brink	Sevii	wild-night	NA	NA	REPEATABLE	NA	17	Post-Game	UNK	1	83	85	11	NA	NA	NA	NA	FALSE	NA	data.js:areas[Cape Brink].wild-night[17]	Measured	rate Asserted from the locations sheet
wild_encounter	Araquanid	969	Cape Brink	Sevii	wild-surf	NA	NA	REPEATABLE	NA	17	Post-Game	UNK	60	60	65	0	NA	NA	NA	NA	FALSE	NA	data.js:areas[Cape Brink].wild-surf[17]	Measured	rate Asserted from the locations sheet
wild_encounter	Slowbro	80	Cape Brink	Sevii	wild-surf	NA	NA	REPEATABLE	NA	17	Post-Game	UNK	30	83	85	1	NA	NA	NA	NA	FALSE	NA	data.js:areas[Cape Brink].wild-surf[17]	Measured	rate Asserted from the locations sheet
wild_encounter	Cramorant	1137	Cape Brink	Sevii	wild-surf	NA	NA	REPEATABLE	NA	17	Post-Game	UNK	5	83	85	2	NA	NA	NA	NA	FALSE	NA	data.js:areas[Cape Brink].wild-surf[17]	Measured	rate Asserted from the locations sheet
wild_encounter	Barbaracle	797	Cape Brink	Sevii	wild-surf	NA	NA	REPEATABLE	NA	17	Post-Game	UNK	4	83	85	3	NA	NA	NA	NA	FALSE	NA	data.js:areas[Cape Brink].wild-surf[17]	Measured	rate Asserted from the locations sheet
wild_encounter	Barbaracle	797	Cape Brink	Sevii	wild-surf	NA	NA	REPEATABLE	NA	17	Post-Game	UNK	1	83	85	4	NA	NA	NA	NA	FALSE	NA	data.js:areas[Cape Brink].wild-surf[17]	Measured	rate Asserted from the locations sheet
item_hidden	Rare Candy	68	Cape Brink	Sevii	item-hidden	NA	NA	1	NA	17	Post-Game	UNK	NA	NA	NA	NA	NA	NA	NA	NA	TRUE	single placement	data.js:areas[Cape Brink].item-hidden[17]	Measured	NONE
item_hidden	PP Max	71	Cape Brink	Sevii	item-hidden	NA	NA	153	NA	17	Post-Game	UNK	NA	NA	NA	NA	NA	NA	NA	NA	TRUE	single placement	data.js:areas[Cape Brink].item-hidden[17]	Asserted	 quantity from the official item sheet
wild_encounter	Feebas	328	Cape Brink	Sevii	wild-oldRod	NA	NA	REPEATABLE	NA	17	Post-Game	UNK	70	83	85	0	NA	NA	NA	NA	FALSE	NA	data.js:areas[Cape Brink].wild-oldRod[17]	Measured	rate Asserted from the locations sheet
wild_encounter	Remoraid	223	Cape Brink	Sevii	wild-oldRod	NA	NA	REPEATABLE	NA	17	Post-Game	UNK	30	83	85	1	NA	NA	NA	NA	FALSE	NA	data.js:areas[Cape Brink].wild-oldRod[17]	Measured	rate Asserted from the locations sheet
wild_encounter	Corsola-Galar	1221	Cape Brink	Sevii	wild-goodRod	NA	NA	REPEATABLE	NA	17	Post-Game	UNK	60	83	85	0	NA	NA	NA	NA	FALSE	NA	data.js:areas[Cape Brink].wild-goodRod[17]	Measured	rate Asserted from the locations sheet
wild_encounter	Barraskewda	1139	Cape Brink	Sevii	wild-goodRod	NA	NA	REPEATABLE	NA	17	Post-Game	UNK	20	83	85	1	NA	NA	NA	NA	FALSE	NA	data.js:areas[Cape Brink].wild-goodRod[17]	Measured	rate Asserted from the locations sheet
wild_encounter	Barraskewda	1139	Cape Brink	Sevii	wild-goodRod	NA	NA	REPEATABLE	NA	17	Post-Game	UNK	20	83	85	2	NA	NA	NA	NA	FALSE	NA	data.js:areas[Cape Brink].wild-goodRod[17]	Measured	rate Asserted from the locations sheet
wild_encounter	Luvdisc	325	Cape Brink	Sevii	wild-superRod	NA	NA	REPEATABLE	NA	17	Post-Game	UNK	40	83	85	0	NA	NA	NA	NA	FALSE	NA	data.js:areas[Cape Brink].wild-superRod[17]	Measured	rate Asserted from the locations sheet
wild_encounter	Luvdisc	325	Cape Brink	Sevii	wild-superRod	NA	NA	REPEATABLE	NA	17	Post-Game	UNK	40	83	85	1	NA	NA	NA	NA	FALSE	NA	data.js:areas[Cape Brink].wild-superRod[17]	Measured	rate Asserted from the locations sheet
wild_encounter	Wishiwashi	963	Cape Brink	Sevii	wild-superRod	NA	NA	REPEATABLE	NA	17	Post-Game	UNK	15	83	85	2	NA	NA	NA	NA	FALSE	NA	data.js:areas[Cape Brink].wild-superRod[17]	Measured	rate Asserted from the locations sheet
wild_encounter	Kingler	99	Cape Brink	Sevii	wild-superRod	NA	NA	REPEATABLE	NA	17	Post-Game	UNK	4	83	85	3	NA	NA	NA	NA	FALSE	NA	data.js:areas[Cape Brink].wild-superRod[17]	Measured	rate Asserted from the locations sheet
wild_encounter	Kingler	99	Cape Brink	Sevii	wild-superRod	NA	NA	REPEATABLE	NA	17	Post-Game	UNK	1	83	85	4	NA	NA	NA	NA	FALSE	NA	data.js:areas[Cape Brink].wild-superRod[17]	Measured	rate Asserted from the locations sheet
tutor	tutor_slot_8	8	Cape Brink House	Sevii	tutor	UNK	money	REPEATABLE	NA	17	Post-Game	UNK	NA	NA	NA	NA	NA	NA	Dark Hole	NA	FALSE	NA	data.js:areas[Cape Brink House].tutors[17]	Measured	value is a tutorMoves slot index, not a move ID
wild_encounter	Dunsparce	206	Three Isle Port	Sevii	wild-day	NA	NA	REPEATABLE	NA	17	Post-Game	UNK	20	85	85	0	NA	NA	NA	NA	FALSE	NA	data.js:areas[Three Isle Port].wild-day[17]	Measured	rate Asserted from the locations sheet
wild_encounter	Clauncher-Sevii	1287	Three Isle Port	Sevii	wild-day	NA	NA	REPEATABLE	NA	17	Post-Game	UNK	20	84	85	1	NA	NA	NA	NA	FALSE	NA	data.js:areas[Three Isle Port].wild-day[17]	Measured	rate Asserted from the locations sheet
wild_encounter	Goodra-Hisui	1298	Three Isle Port	Sevii	wild-day	NA	NA	REPEATABLE	NA	17	Post-Game	UNK	10	84	85	2	NA	NA	NA	NA	FALSE	NA	data.js:areas[Three Isle Port].wild-day[17]	Measured	rate Asserted from the locations sheet
wild_encounter	Goodra-Hisui	1298	Three Isle Port	Sevii	wild-day	NA	NA	REPEATABLE	NA	17	Post-Game	UNK	10	84	85	3	NA	NA	NA	NA	FALSE	NA	data.js:areas[Three Isle Port].wild-day[17]	Measured	rate Asserted from the locations sheet
wild_encounter	Samurott-Hisui	1300	Three Isle Port	Sevii	wild-day	NA	NA	REPEATABLE	NA	17	Post-Game	UNK	10	84	85	4	NA	NA	NA	NA	FALSE	NA	data.js:areas[Three Isle Port].wild-day[17]	Measured	rate Asserted from the locations sheet
wild_encounter	Samurott-Hisui	1300	Three Isle Port	Sevii	wild-day	NA	NA	REPEATABLE	NA	17	Post-Game	UNK	10	83	85	5	NA	NA	NA	NA	FALSE	NA	data.js:areas[Three Isle Port].wild-day[17]	Measured	rate Asserted from the locations sheet
wild_encounter	Sandaconda	1136	Three Isle Port	Sevii	wild-day	NA	NA	REPEATABLE	NA	17	Post-Game	UNK	5	83	85	6	NA	NA	NA	NA	FALSE	NA	data.js:areas[Three Isle Port].wild-day[17]	Measured	rate Asserted from the locations sheet
wild_encounter	Sandaconda	1136	Three Isle Port	Sevii	wild-day	NA	NA	REPEATABLE	NA	17	Post-Game	UNK	5	83	85	7	NA	NA	NA	NA	FALSE	NA	data.js:areas[Three Isle Port].wild-day[17]	Measured	rate Asserted from the locations sheet
wild_encounter	Smeargle	235	Three Isle Port	Sevii	wild-day	NA	NA	REPEATABLE	NA	17	Post-Game	UNK	4	83	85	8	NA	NA	NA	NA	FALSE	NA	data.js:areas[Three Isle Port].wild-day[17]	Measured	rate Asserted from the locations sheet
wild_encounter	Smeargle	235	Three Isle Port	Sevii	wild-day	NA	NA	REPEATABLE	NA	17	Post-Game	UNK	4	83	85	9	NA	NA	NA	NA	FALSE	NA	data.js:areas[Three Isle Port].wild-day[17]	Measured	rate Asserted from the locations sheet
wild_encounter	Corviknight	1115	Three Isle Port	Sevii	wild-day	NA	NA	REPEATABLE	NA	17	Post-Game	UNK	1	83	85	10	NA	NA	NA	NA	FALSE	NA	data.js:areas[Three Isle Port].wild-day[17]	Measured	rate Asserted from the locations sheet
wild_encounter	Corviknight	1115	Three Isle Port	Sevii	wild-day	NA	NA	REPEATABLE	NA	17	Post-Game	UNK	1	83	85	11	NA	NA	NA	NA	FALSE	NA	data.js:areas[Three Isle Port].wild-day[17]	Measured	rate Asserted from the locations sheet
wild_encounter	Dunsparce	206	Three Isle Port	Sevii	wild-night	NA	NA	REPEATABLE	NA	17	Post-Game	UNK	20	85	85	0	NA	NA	NA	NA	FALSE	NA	data.js:areas[Three Isle Port].wild-night[17]	Measured	rate Asserted from the locations sheet
wild_encounter	Clauncher-Sevii	1287	Three Isle Port	Sevii	wild-night	NA	NA	REPEATABLE	NA	17	Post-Game	UNK	20	84	85	1	NA	NA	NA	NA	FALSE	NA	data.js:areas[Three Isle Port].wild-night[17]	Measured	rate Asserted from the locations sheet
wild_encounter	Goodra-Hisui	1298	Three Isle Port	Sevii	wild-night	NA	NA	REPEATABLE	NA	17	Post-Game	UNK	10	84	85	2	NA	NA	NA	NA	FALSE	NA	data.js:areas[Three Isle Port].wild-night[17]	Measured	rate Asserted from the locations sheet
wild_encounter	Goodra-Hisui	1298	Three Isle Port	Sevii	wild-night	NA	NA	REPEATABLE	NA	17	Post-Game	UNK	10	84	85	3	NA	NA	NA	NA	FALSE	NA	data.js:areas[Three Isle Port].wild-night[17]	Measured	rate Asserted from the locations sheet
wild_encounter	Samurott-Hisui	1300	Three Isle Port	Sevii	wild-night	NA	NA	REPEATABLE	NA	17	Post-Game	UNK	10	84	85	4	NA	NA	NA	NA	FALSE	NA	data.js:areas[Three Isle Port].wild-night[17]	Measured	rate Asserted from the locations sheet
wild_encounter	Samurott-Hisui	1300	Three Isle Port	Sevii	wild-night	NA	NA	REPEATABLE	NA	17	Post-Game	UNK	10	83	85	5	NA	NA	NA	NA	FALSE	NA	data.js:areas[Three Isle Port].wild-night[17]	Measured	rate Asserted from the locations sheet
wild_encounter	Sandaconda	1136	Three Isle Port	Sevii	wild-night	NA	NA	REPEATABLE	NA	17	Post-Game	UNK	5	83	85	6	NA	NA	NA	NA	FALSE	NA	data.js:areas[Three Isle Port].wild-night[17]	Measured	rate Asserted from the locations sheet
wild_encounter	Sandaconda	1136	Three Isle Port	Sevii	wild-night	NA	NA	REPEATABLE	NA	17	Post-Game	UNK	5	83	85	7	NA	NA	NA	NA	FALSE	NA	data.js:areas[Three Isle Port].wild-night[17]	Measured	rate Asserted from the locations sheet
wild_encounter	Smeargle	235	Three Isle Port	Sevii	wild-night	NA	NA	REPEATABLE	NA	17	Post-Game	UNK	4	83	85	8	NA	NA	NA	NA	FALSE	NA	data.js:areas[Three Isle Port].wild-night[17]	Measured	rate Asserted from the locations sheet
wild_encounter	Smeargle	235	Three Isle Port	Sevii	wild-night	NA	NA	REPEATABLE	NA	17	Post-Game	UNK	4	83	85	9	NA	NA	NA	NA	FALSE	NA	data.js:areas[Three Isle Port].wild-night[17]	Measured	rate Asserted from the locations sheet
wild_encounter	Corviknight	1115	Three Isle Port	Sevii	wild-night	NA	NA	REPEATABLE	NA	17	Post-Game	UNK	1	83	85	10	NA	NA	NA	NA	FALSE	NA	data.js:areas[Three Isle Port].wild-night[17]	Measured	rate Asserted from the locations sheet
wild_encounter	Corviknight	1115	Three Isle Port	Sevii	wild-night	NA	NA	REPEATABLE	NA	17	Post-Game	UNK	1	83	85	11	NA	NA	NA	NA	FALSE	NA	data.js:areas[Three Isle Port].wild-night[17]	Measured	rate Asserted from the locations sheet
item_ground	Groundium Z	584	Three Isle Path	Sevii	item-standard	NA	NA	1	NA	17	Post-Game	UNK	NA	NA	NA	NA	NA	NA	NA	NA	TRUE	single placement	data.js:areas[Three Isle Path].item-standard[17]	Measured	NONE
item_hidden	Nugget	110	Three Isle Path	Sevii	item-hidden	NA	NA	10	NA	17	Post-Game	UNK	NA	NA	NA	NA	NA	NA	NA	NA	TRUE	single placement	data.js:areas[Three Isle Path].item-hidden[17]	Asserted	 quantity from the official item sheet
item_ground	Steelium Z	588	Three Island	Sevii	item-standard	NA	NA	1	NA	17	Post-Game	UNK	NA	NA	NA	NA	NA	NA	NA	NA	TRUE	single placement	data.js:areas[Three Island].item-standard[17]	Measured	NONE
item_ground	Grass Gem	666	Three Island	Sevii	item-standard	NA	NA	1	NA	17	Post-Game	UNK	NA	NA	NA	NA	NA	NA	NA	NA	TRUE	single placement	data.js:areas[Three Island].item-standard[17]	Measured	NONE
item_hidden	PP Up	69	Three Island	Sevii	item-hidden	NA	NA	10	NA	17	Post-Game	UNK	NA	NA	NA	NA	NA	NA	NA	NA	TRUE	single placement	data.js:areas[Three Island].item-hidden[17]	Asserted	 quantity from the official item sheet
vendor_stock	Ultra Ball	2	Three Island Poke Mart	Sevii	item-shop	UNK	money	UNLIMITED	NA	17	Post-Game	UNK	NA	NA	NA	NA	NA	NA	NA	NA	FALSE	NA	data.js:areas[Three Island Poke Mart].item-shop[17]	Measured	NONE
vendor_stock	Great Ball	3	Three Island Poke Mart	Sevii	item-shop	UNK	money	UNLIMITED	NA	17	Post-Game	UNK	NA	NA	NA	NA	NA	NA	NA	NA	FALSE	NA	data.js:areas[Three Island Poke Mart].item-shop[17]	Measured	NONE
vendor_stock	Poke Ball	4	Three Island Poke Mart	Sevii	item-shop	UNK	money	UNLIMITED	NA	17	Post-Game	UNK	NA	NA	NA	NA	NA	NA	NA	NA	FALSE	NA	data.js:areas[Three Island Poke Mart].item-shop[17]	Measured	NONE
vendor_stock	Potion	13	Three Island Poke Mart	Sevii	item-shop	UNK	money	UNLIMITED	NA	17	Post-Game	UNK	NA	NA	NA	NA	NA	NA	NA	NA	FALSE	NA	data.js:areas[Three Island Poke Mart].item-shop[17]	Measured	NONE
vendor_stock	Antidote	14	Three Island Poke Mart	Sevii	item-shop	UNK	money	UNLIMITED	NA	17	Post-Game	UNK	NA	NA	NA	NA	NA	NA	NA	NA	FALSE	NA	data.js:areas[Three Island Poke Mart].item-shop[17]	Measured	NONE
vendor_stock	Burn Heal	15	Three Island Poke Mart	Sevii	item-shop	UNK	money	UNLIMITED	NA	17	Post-Game	UNK	NA	NA	NA	NA	NA	NA	NA	NA	FALSE	NA	data.js:areas[Three Island Poke Mart].item-shop[17]	Measured	NONE
vendor_stock	Ice Heal	16	Three Island Poke Mart	Sevii	item-shop	UNK	money	UNLIMITED	NA	17	Post-Game	UNK	NA	NA	NA	NA	NA	NA	NA	NA	FALSE	NA	data.js:areas[Three Island Poke Mart].item-shop[17]	Measured	NONE
vendor_stock	Awakening	17	Three Island Poke Mart	Sevii	item-shop	UNK	money	UNLIMITED	NA	17	Post-Game	UNK	NA	NA	NA	NA	NA	NA	NA	NA	FALSE	NA	data.js:areas[Three Island Poke Mart].item-shop[17]	Measured	NONE
vendor_stock	Paralyze Heal	18	Three Island Poke Mart	Sevii	item-shop	UNK	money	UNLIMITED	NA	17	Post-Game	UNK	NA	NA	NA	NA	NA	NA	NA	NA	FALSE	NA	data.js:areas[Three Island Poke Mart].item-shop[17]	Measured	NONE
vendor_stock	Full Restore	19	Three Island Poke Mart	Sevii	item-shop	UNK	money	UNLIMITED	NA	17	Post-Game	UNK	NA	NA	NA	NA	NA	NA	NA	NA	FALSE	NA	data.js:areas[Three Island Poke Mart].item-shop[17]	Measured	NONE
vendor_stock	Max Potion	20	Three Island Poke Mart	Sevii	item-shop	UNK	money	UNLIMITED	NA	17	Post-Game	UNK	NA	NA	NA	NA	NA	NA	NA	NA	FALSE	NA	data.js:areas[Three Island Poke Mart].item-shop[17]	Measured	NONE
vendor_stock	Hyper Potion	21	Three Island Poke Mart	Sevii	item-shop	UNK	money	UNLIMITED	NA	17	Post-Game	UNK	NA	NA	NA	NA	NA	NA	NA	NA	FALSE	NA	data.js:areas[Three Island Poke Mart].item-shop[17]	Measured	NONE
vendor_stock	Super Potion	22	Three Island Poke Mart	Sevii	item-shop	UNK	money	UNLIMITED	NA	17	Post-Game	UNK	NA	NA	NA	NA	NA	NA	NA	NA	FALSE	NA	data.js:areas[Three Island Poke Mart].item-shop[17]	Measured	NONE
vendor_stock	Full Heal	23	Three Island Poke Mart	Sevii	item-shop	UNK	money	UNLIMITED	NA	17	Post-Game	UNK	NA	NA	NA	NA	NA	NA	NA	NA	FALSE	NA	data.js:areas[Three Island Poke Mart].item-shop[17]	Measured	NONE
vendor_stock	Revive	24	Three Island Poke Mart	Sevii	item-shop	UNK	money	UNLIMITED	NA	17	Post-Game	UNK	NA	NA	NA	NA	NA	NA	NA	NA	FALSE	NA	data.js:areas[Three Island Poke Mart].item-shop[17]	Measured	NONE
vendor_stock	Super Repel	83	Three Island Poke Mart	Sevii	item-shop	UNK	money	UNLIMITED	NA	17	Post-Game	UNK	NA	NA	NA	NA	NA	NA	NA	NA	FALSE	NA	data.js:areas[Three Island Poke Mart].item-shop[17]	Measured	NONE
vendor_stock	Max Repel	84	Three Island Poke Mart	Sevii	item-shop	UNK	money	UNLIMITED	NA	17	Post-Game	UNK	NA	NA	NA	NA	NA	NA	NA	NA	FALSE	NA	data.js:areas[Three Island Poke Mart].item-shop[17]	Measured	NONE
vendor_stock	Escape Rope	85	Three Island Poke Mart	Sevii	item-shop	UNK	money	UNLIMITED	NA	17	Post-Game	UNK	NA	NA	NA	NA	NA	NA	NA	NA	FALSE	NA	data.js:areas[Three Island Poke Mart].item-shop[17]	Measured	NONE
vendor_stock	Repel	86	Three Island Poke Mart	Sevii	item-shop	UNK	money	UNLIMITED	NA	17	Post-Game	UNK	NA	NA	NA	NA	NA	NA	NA	NA	FALSE	NA	data.js:areas[Three Island Poke Mart].item-shop[17]	Measured	NONE
wild_encounter	Decidueye-Hisui	1301	Bond Bridge	Sevii	wild-day	NA	NA	REPEATABLE	NA	17	Post-Game	UNK	20	85	85	0	NA	NA	NA	NA	FALSE	NA	data.js:areas[Bond Bridge].wild-day[17]	Measured	rate Asserted from the locations sheet
wild_encounter	Sneasel-Hisui	1304	Bond Bridge	Sevii	wild-day	NA	NA	REPEATABLE	NA	17	Post-Game	UNK	20	84	85	1	NA	NA	NA	NA	FALSE	NA	data.js:areas[Bond Bridge].wild-day[17]	Measured	rate Asserted from the locations sheet
wild_encounter	Hatterene	1150	Bond Bridge	Sevii	wild-day	NA	NA	REPEATABLE	NA	17	Post-Game	UNK	10	84	85	2	NA	NA	NA	NA	FALSE	NA	data.js:areas[Bond Bridge].wild-day[17]	Measured	rate Asserted from the locations sheet
wild_encounter	Hatterene	1150	Bond Bridge	Sevii	wild-day	NA	NA	REPEATABLE	NA	17	Post-Game	UNK	10	84	85	3	NA	NA	NA	NA	FALSE	NA	data.js:areas[Bond Bridge].wild-day[17]	Measured	rate Asserted from the locations sheet
wild_encounter	Crustle	611	Bond Bridge	Sevii	wild-day	NA	NA	REPEATABLE	NA	17	Post-Game	UNK	10	84	85	4	NA	NA	NA	NA	FALSE	NA	data.js:areas[Bond Bridge].wild-day[17]	Measured	rate Asserted from the locations sheet
wild_encounter	Crustle	611	Bond Bridge	Sevii	wild-day	NA	NA	REPEATABLE	NA	17	Post-Game	UNK	10	83	85	5	NA	NA	NA	NA	FALSE	NA	data.js:areas[Bond Bridge].wild-day[17]	Measured	rate Asserted from the locations sheet
wild_encounter	Braviary-Hisui	1269	Bond Bridge	Sevii	wild-day	NA	NA	REPEATABLE	NA	17	Post-Game	UNK	5	83	85	6	NA	NA	NA	NA	FALSE	NA	data.js:areas[Bond Bridge].wild-day[17]	Measured	rate Asserted from the locations sheet
wild_encounter	Braviary-Hisui	1269	Bond Bridge	Sevii	wild-day	NA	NA	REPEATABLE	NA	17	Post-Game	UNK	5	83	85	7	NA	NA	NA	NA	FALSE	NA	data.js:areas[Bond Bridge].wild-day[17]	Measured	rate Asserted from the locations sheet
wild_encounter	Gliscor	525	Bond Bridge	Sevii	wild-day	NA	NA	REPEATABLE	NA	17	Post-Game	UNK	4	83	85	8	NA	NA	NA	NA	FALSE	NA	data.js:areas[Bond Bridge].wild-day[17]	Measured	rate Asserted from the locations sheet
wild_encounter	Gliscor	525	Bond Bridge	Sevii	wild-day	NA	NA	REPEATABLE	NA	17	Post-Game	UNK	4	83	85	9	NA	NA	NA	NA	FALSE	NA	data.js:areas[Bond Bridge].wild-day[17]	Measured	rate Asserted from the locations sheet
wild_encounter	Hawlucha	809	Bond Bridge	Sevii	wild-day	NA	NA	REPEATABLE	NA	17	Post-Game	UNK	1	83	85	10	NA	NA	NA	NA	FALSE	NA	data.js:areas[Bond Bridge].wild-day[17]	Measured	rate Asserted from the locations sheet
wild_encounter	Hawlucha	809	Bond Bridge	Sevii	wild-day	NA	NA	REPEATABLE	NA	17	Post-Game	UNK	1	83	85	11	NA	NA	NA	NA	FALSE	NA	data.js:areas[Bond Bridge].wild-day[17]	Measured	rate Asserted from the locations sheet
wild_encounter	Decidueye-Hisui	1301	Bond Bridge	Sevii	wild-night	NA	NA	REPEATABLE	NA	17	Post-Game	UNK	20	85	85	0	NA	NA	NA	NA	FALSE	NA	data.js:areas[Bond Bridge].wild-night[17]	Measured	rate Asserted from the locations sheet
wild_encounter	Sneasel-Hisui	1304	Bond Bridge	Sevii	wild-night	NA	NA	REPEATABLE	NA	17	Post-Game	UNK	20	84	85	1	NA	NA	NA	NA	FALSE	NA	data.js:areas[Bond Bridge].wild-night[17]	Measured	rate Asserted from the locations sheet
wild_encounter	Hatterene	1150	Bond Bridge	Sevii	wild-night	NA	NA	REPEATABLE	NA	17	Post-Game	UNK	10	84	85	2	NA	NA	NA	NA	FALSE	NA	data.js:areas[Bond Bridge].wild-night[17]	Measured	rate Asserted from the locations sheet
wild_encounter	Hatterene	1150	Bond Bridge	Sevii	wild-night	NA	NA	REPEATABLE	NA	17	Post-Game	UNK	10	84	85	3	NA	NA	NA	NA	FALSE	NA	data.js:areas[Bond Bridge].wild-night[17]	Measured	rate Asserted from the locations sheet
wild_encounter	Crustle	611	Bond Bridge	Sevii	wild-night	NA	NA	REPEATABLE	NA	17	Post-Game	UNK	10	84	85	4	NA	NA	NA	NA	FALSE	NA	data.js:areas[Bond Bridge].wild-night[17]	Measured	rate Asserted from the locations sheet
wild_encounter	Crustle	611	Bond Bridge	Sevii	wild-night	NA	NA	REPEATABLE	NA	17	Post-Game	UNK	10	83	85	5	NA	NA	NA	NA	FALSE	NA	data.js:areas[Bond Bridge].wild-night[17]	Measured	rate Asserted from the locations sheet
wild_encounter	Braviary-Hisui	1269	Bond Bridge	Sevii	wild-night	NA	NA	REPEATABLE	NA	17	Post-Game	UNK	5	83	85	6	NA	NA	NA	NA	FALSE	NA	data.js:areas[Bond Bridge].wild-night[17]	Measured	rate Asserted from the locations sheet
wild_encounter	Braviary-Hisui	1269	Bond Bridge	Sevii	wild-night	NA	NA	REPEATABLE	NA	17	Post-Game	UNK	5	83	85	7	NA	NA	NA	NA	FALSE	NA	data.js:areas[Bond Bridge].wild-night[17]	Measured	rate Asserted from the locations sheet
wild_encounter	Gliscor	525	Bond Bridge	Sevii	wild-night	NA	NA	REPEATABLE	NA	17	Post-Game	UNK	4	83	85	8	NA	NA	NA	NA	FALSE	NA	data.js:areas[Bond Bridge].wild-night[17]	Measured	rate Asserted from the locations sheet
wild_encounter	Gliscor	525	Bond Bridge	Sevii	wild-night	NA	NA	REPEATABLE	NA	17	Post-Game	UNK	4	83	85	9	NA	NA	NA	NA	FALSE	NA	data.js:areas[Bond Bridge].wild-night[17]	Measured	rate Asserted from the locations sheet
wild_encounter	Hawlucha	809	Bond Bridge	Sevii	wild-night	NA	NA	REPEATABLE	NA	17	Post-Game	UNK	1	83	85	10	NA	NA	NA	NA	FALSE	NA	data.js:areas[Bond Bridge].wild-night[17]	Measured	rate Asserted from the locations sheet
wild_encounter	Hawlucha	809	Bond Bridge	Sevii	wild-night	NA	NA	REPEATABLE	NA	17	Post-Game	UNK	1	83	85	11	NA	NA	NA	NA	FALSE	NA	data.js:areas[Bond Bridge].wild-night[17]	Measured	rate Asserted from the locations sheet
wild_encounter	Palafin	864	Bond Bridge	Sevii	wild-surf	NA	NA	REPEATABLE	NA	17	Post-Game	UNK	60	60	65	0	NA	NA	NA	NA	FALSE	NA	data.js:areas[Bond Bridge].wild-surf[17]	Measured	rate Asserted from the locations sheet
wild_encounter	Slowking	199	Bond Bridge	Sevii	wild-surf	NA	NA	REPEATABLE	NA	17	Post-Game	UNK	30	83	85	1	NA	NA	NA	NA	FALSE	NA	data.js:areas[Bond Bridge].wild-surf[17]	Measured	rate Asserted from the locations sheet
wild_encounter	Mantine-Sevii	1284	Bond Bridge	Sevii	wild-surf	NA	NA	REPEATABLE	NA	17	Post-Game	UNK	5	83	85	2	NA	NA	NA	NA	FALSE	NA	data.js:areas[Bond Bridge].wild-surf[17]	Measured	rate Asserted from the locations sheet
wild_encounter	Milotic-Sevii	1286	Bond Bridge	Sevii	wild-surf	NA	NA	REPEATABLE	NA	17	Post-Game	UNK	4	83	85	3	NA	NA	NA	NA	FALSE	NA	data.js:areas[Bond Bridge].wild-surf[17]	Measured	rate Asserted from the locations sheet
wild_encounter	Milotic-Sevii	1286	Bond Bridge	Sevii	wild-surf	NA	NA	REPEATABLE	NA	17	Post-Game	UNK	1	83	85	4	NA	NA	NA	NA	FALSE	NA	data.js:areas[Bond Bridge].wild-surf[17]	Measured	rate Asserted from the locations sheet
item_hidden	Max Repel	84	Bond Bridge	Sevii	item-hidden	NA	NA	1	NA	17	Post-Game	UNK	NA	NA	NA	NA	NA	NA	NA	NA	TRUE	single placement	data.js:areas[Bond Bridge].item-hidden[17]	Measured	NONE
item_hidden	Pearl	106	Bond Bridge	Sevii	item-hidden	NA	NA	10	NA	17	Post-Game	UNK	NA	NA	NA	NA	NA	NA	NA	NA	TRUE	single placement	data.js:areas[Bond Bridge].item-hidden[17]	Asserted	 quantity from the official item sheet
item_hidden	Stardust	108	Bond Bridge	Sevii	item-hidden	NA	NA	10	NA	17	Post-Game	UNK	NA	NA	NA	NA	NA	NA	NA	NA	TRUE	single placement	data.js:areas[Bond Bridge].item-hidden[17]	Asserted	 quantity from the official item sheet
wild_encounter	Feebas	328	Bond Bridge	Sevii	wild-oldRod	NA	NA	REPEATABLE	NA	17	Post-Game	UNK	70	83	85	0	NA	NA	NA	NA	FALSE	NA	data.js:areas[Bond Bridge].wild-oldRod[17]	Measured	rate Asserted from the locations sheet
wild_encounter	Remoraid	223	Bond Bridge	Sevii	wild-oldRod	NA	NA	REPEATABLE	NA	17	Post-Game	UNK	30	83	85	1	NA	NA	NA	NA	FALSE	NA	data.js:areas[Bond Bridge].wild-oldRod[17]	Measured	rate Asserted from the locations sheet
wild_encounter	Clawitzer	801	Bond Bridge	Sevii	wild-goodRod	NA	NA	REPEATABLE	NA	17	Post-Game	UNK	60	83	85	0	NA	NA	NA	NA	FALSE	NA	data.js:areas[Bond Bridge].wild-goodRod[17]	Measured	rate Asserted from the locations sheet
wild_encounter	Sharpedo	331	Bond Bridge	Sevii	wild-goodRod	NA	NA	REPEATABLE	NA	17	Post-Game	UNK	20	83	85	1	NA	NA	NA	NA	FALSE	NA	data.js:areas[Bond Bridge].wild-goodRod[17]	Measured	rate Asserted from the locations sheet
wild_encounter	Sharpedo	331	Bond Bridge	Sevii	wild-goodRod	NA	NA	REPEATABLE	NA	17	Post-Game	UNK	20	83	85	2	NA	NA	NA	NA	FALSE	NA	data.js:areas[Bond Bridge].wild-goodRod[17]	Measured	rate Asserted from the locations sheet
wild_encounter	Alomomola	647	Bond Bridge	Sevii	wild-superRod	NA	NA	REPEATABLE	NA	17	Post-Game	UNK	40	83	85	0	NA	NA	NA	NA	FALSE	NA	data.js:areas[Bond Bridge].wild-superRod[17]	Measured	rate Asserted from the locations sheet
wild_encounter	Alomomola	647	Bond Bridge	Sevii	wild-superRod	NA	NA	REPEATABLE	NA	17	Post-Game	UNK	40	83	85	1	NA	NA	NA	NA	FALSE	NA	data.js:areas[Bond Bridge].wild-superRod[17]	Measured	rate Asserted from the locations sheet
wild_encounter	Dhelmise-Sevii	1294	Bond Bridge	Sevii	wild-superRod	NA	NA	REPEATABLE	NA	17	Post-Game	UNK	15	83	85	2	NA	NA	NA	NA	FALSE	NA	data.js:areas[Bond Bridge].wild-superRod[17]	Measured	rate Asserted from the locations sheet
wild_encounter	Dhelmise-Sevii	1294	Bond Bridge	Sevii	wild-superRod	NA	NA	REPEATABLE	NA	17	Post-Game	UNK	4	83	85	3	NA	NA	NA	NA	FALSE	NA	data.js:areas[Bond Bridge].wild-superRod[17]	Measured	rate Asserted from the locations sheet
wild_encounter	Dhelmise-Sevii	1294	Bond Bridge	Sevii	wild-superRod	NA	NA	REPEATABLE	NA	17	Post-Game	UNK	1	83	85	4	NA	NA	NA	NA	FALSE	NA	data.js:areas[Bond Bridge].wild-superRod[17]	Measured	rate Asserted from the locations sheet
wild_encounter	Carnivine-Sevii	1282	Berry Forest	Sevii	wild-day	NA	NA	REPEATABLE	NA	17	Post-Game	UNK	20	85	85	0	NA	NA	NA	NA	FALSE	NA	data.js:areas[Berry Forest].wild-day[17]	Measured	rate Asserted from the locations sheet
wild_encounter	Nymble-Sevii	1200	Berry Forest	Sevii	wild-day	NA	NA	REPEATABLE	NA	17	Post-Game	UNK	20	84	85	1	NA	NA	NA	NA	FALSE	NA	data.js:areas[Berry Forest].wild-day[17]	Measured	rate Asserted from the locations sheet
wild_encounter	Decidueye-Hisui	1301	Berry Forest	Sevii	wild-day	NA	NA	REPEATABLE	NA	17	Post-Game	UNK	10	84	85	2	NA	NA	NA	NA	FALSE	NA	data.js:areas[Berry Forest].wild-day[17]	Measured	rate Asserted from the locations sheet
wild_encounter	Decidueye-Hisui	1301	Berry Forest	Sevii	wild-day	NA	NA	REPEATABLE	NA	17	Post-Game	UNK	10	84	85	3	NA	NA	NA	NA	FALSE	NA	data.js:areas[Berry Forest].wild-day[17]	Measured	rate Asserted from the locations sheet
wild_encounter	Pinsir	127	Berry Forest	Sevii	wild-day	NA	NA	REPEATABLE	NA	17	Post-Game	UNK	10	84	85	4	NA	NA	NA	NA	FALSE	NA	data.js:areas[Berry Forest].wild-day[17]	Measured	rate Asserted from the locations sheet
wild_encounter	Pinsir	127	Berry Forest	Sevii	wild-day	NA	NA	REPEATABLE	NA	17	Post-Game	UNK	10	83	85	5	NA	NA	NA	NA	FALSE	NA	data.js:areas[Berry Forest].wild-day[17]	Measured	rate Asserted from the locations sheet
wild_encounter	Indeedee	1168	Berry Forest	Sevii	wild-day	NA	NA	REPEATABLE	NA	17	Post-Game	UNK	5	83	85	6	NA	NA	NA	NA	FALSE	NA	data.js:areas[Berry Forest].wild-day[17]	Measured	rate Asserted from the locations sheet
wild_encounter	Indeedee	1168	Berry Forest	Sevii	wild-day	NA	NA	REPEATABLE	NA	17	Post-Game	UNK	5	83	85	7	NA	NA	NA	NA	FALSE	NA	data.js:areas[Berry Forest].wild-day[17]	Measured	rate Asserted from the locations sheet
wild_encounter	Roserade	460	Berry Forest	Sevii	wild-day	NA	NA	REPEATABLE	NA	17	Post-Game	UNK	4	83	85	8	NA	NA	NA	NA	FALSE	NA	data.js:areas[Berry Forest].wild-day[17]	Measured	rate Asserted from the locations sheet
wild_encounter	Roserade	460	Berry Forest	Sevii	wild-day	NA	NA	REPEATABLE	NA	17	Post-Game	UNK	4	83	85	9	NA	NA	NA	NA	FALSE	NA	data.js:areas[Berry Forest].wild-day[17]	Measured	rate Asserted from the locations sheet
wild_encounter	Durant	685	Berry Forest	Sevii	wild-day	NA	NA	REPEATABLE	NA	17	Post-Game	UNK	1	83	85	10	NA	NA	NA	NA	FALSE	NA	data.js:areas[Berry Forest].wild-day[17]	Measured	rate Asserted from the locations sheet
wild_encounter	Durant	685	Berry Forest	Sevii	wild-day	NA	NA	REPEATABLE	NA	17	Post-Game	UNK	1	83	85	11	NA	NA	NA	NA	FALSE	NA	data.js:areas[Berry Forest].wild-day[17]	Measured	rate Asserted from the locations sheet
wild_encounter	Carnivine-Sevii	1282	Berry Forest	Sevii	wild-night	NA	NA	REPEATABLE	NA	17	Post-Game	UNK	20	85	85	0	NA	NA	NA	NA	FALSE	NA	data.js:areas[Berry Forest].wild-night[17]	Measured	rate Asserted from the locations sheet
wild_encounter	Nymble-Sevii	1200	Berry Forest	Sevii	wild-night	NA	NA	REPEATABLE	NA	17	Post-Game	UNK	20	84	85	1	NA	NA	NA	NA	FALSE	NA	data.js:areas[Berry Forest].wild-night[17]	Measured	rate Asserted from the locations sheet
wild_encounter	Decidueye-Hisui	1301	Berry Forest	Sevii	wild-night	NA	NA	REPEATABLE	NA	17	Post-Game	UNK	10	84	85	2	NA	NA	NA	NA	FALSE	NA	data.js:areas[Berry Forest].wild-night[17]	Measured	rate Asserted from the locations sheet
wild_encounter	Decidueye-Hisui	1301	Berry Forest	Sevii	wild-night	NA	NA	REPEATABLE	NA	17	Post-Game	UNK	10	84	85	3	NA	NA	NA	NA	FALSE	NA	data.js:areas[Berry Forest].wild-night[17]	Measured	rate Asserted from the locations sheet
wild_encounter	Pinsir	127	Berry Forest	Sevii	wild-night	NA	NA	REPEATABLE	NA	17	Post-Game	UNK	10	84	85	4	NA	NA	NA	NA	FALSE	NA	data.js:areas[Berry Forest].wild-night[17]	Measured	rate Asserted from the locations sheet
wild_encounter	Pinsir	127	Berry Forest	Sevii	wild-night	NA	NA	REPEATABLE	NA	17	Post-Game	UNK	10	83	85	5	NA	NA	NA	NA	FALSE	NA	data.js:areas[Berry Forest].wild-night[17]	Measured	rate Asserted from the locations sheet
wild_encounter	Indeedee-F	1202	Berry Forest	Sevii	wild-night	NA	NA	REPEATABLE	NA	17	Post-Game	UNK	5	83	85	6	NA	NA	NA	NA	FALSE	NA	data.js:areas[Berry Forest].wild-night[17]	Measured	rate Asserted from the locations sheet
wild_encounter	Indeedee-F	1202	Berry Forest	Sevii	wild-night	NA	NA	REPEATABLE	NA	17	Post-Game	UNK	5	83	85	7	NA	NA	NA	NA	FALSE	NA	data.js:areas[Berry Forest].wild-night[17]	Measured	rate Asserted from the locations sheet
wild_encounter	Tsareena	980	Berry Forest	Sevii	wild-night	NA	NA	REPEATABLE	NA	17	Post-Game	UNK	4	83	85	8	NA	NA	NA	NA	FALSE	NA	data.js:areas[Berry Forest].wild-night[17]	Measured	rate Asserted from the locations sheet
wild_encounter	Tsareena	980	Berry Forest	Sevii	wild-night	NA	NA	REPEATABLE	NA	17	Post-Game	UNK	4	83	85	9	NA	NA	NA	NA	FALSE	NA	data.js:areas[Berry Forest].wild-night[17]	Measured	rate Asserted from the locations sheet
wild_encounter	Durant	685	Berry Forest	Sevii	wild-night	NA	NA	REPEATABLE	NA	17	Post-Game	UNK	1	83	85	10	NA	NA	NA	NA	FALSE	NA	data.js:areas[Berry Forest].wild-night[17]	Measured	rate Asserted from the locations sheet
wild_encounter	Durant	685	Berry Forest	Sevii	wild-night	NA	NA	REPEATABLE	NA	17	Post-Game	UNK	1	83	85	11	NA	NA	NA	NA	FALSE	NA	data.js:areas[Berry Forest].wild-night[17]	Measured	rate Asserted from the locations sheet
wild_encounter	Araquanid	969	Berry Forest	Sevii	wild-surf	NA	NA	REPEATABLE	NA	17	Post-Game	UNK	60	56	58	0	NA	NA	NA	NA	FALSE	NA	data.js:areas[Berry Forest].wild-surf[17]	Measured	rate Asserted from the locations sheet
wild_encounter	Golisopod	985	Berry Forest	Sevii	wild-surf	NA	NA	REPEATABLE	NA	17	Post-Game	UNK	30	56	58	1	NA	NA	NA	NA	FALSE	NA	data.js:areas[Berry Forest].wild-surf[17]	Measured	rate Asserted from the locations sheet
wild_encounter	Masquerain	312	Berry Forest	Sevii	wild-surf	NA	NA	REPEATABLE	NA	17	Post-Game	UNK	5	56	58	2	NA	NA	NA	NA	FALSE	NA	data.js:areas[Berry Forest].wild-surf[17]	Measured	rate Asserted from the locations sheet
wild_encounter	Masquerain	312	Berry Forest	Sevii	wild-surf	NA	NA	REPEATABLE	NA	17	Post-Game	UNK	4	56	58	3	NA	NA	NA	NA	FALSE	NA	data.js:areas[Berry Forest].wild-surf[17]	Measured	rate Asserted from the locations sheet
wild_encounter	Tentacruel	73	Berry Forest	Sevii	wild-surf	NA	NA	REPEATABLE	NA	17	Post-Game	UNK	1	56	58	4	NA	NA	NA	NA	FALSE	NA	data.js:areas[Berry Forest].wild-surf[17]	Measured	rate Asserted from the locations sheet
gift_pokemon	Mew	151	Berry Forest	Sevii	fixed-gift	NA	NA	1	NA	17	Post-Game	UNK	NA	NA	NA	NA	NA	NA	NA	NA	TRUE	one-time placement	data.js:areas[Berry Forest].fixed-gift[17]	Measured	NONE
item_ground	Max Ether	35	Berry Forest	Sevii	item-standard	NA	NA	1	NA	17	Post-Game	UNK	NA	NA	NA	NA	NA	NA	NA	NA	TRUE	single placement	data.js:areas[Berry Forest].item-standard[17]	Measured	NONE
item_ground	TM95	420	Berry Forest	Sevii	item-standard	NA	NA	1	NA	17	Post-Game	UNK	NA	NA	NA	NA	NA	95	Cosmic Power	NA	TRUE	single placement	data.js:areas[Berry Forest].item-standard[17]	Measured	NONE
item_ground	Psychium Z	593	Berry Forest	Sevii	item-standard	NA	NA	1	NA	17	Post-Game	UNK	NA	NA	NA	NA	NA	NA	NA	NA	TRUE	single placement	data.js:areas[Berry Forest].item-standard[17]	Measured	NONE
item_ground	Mewnium Z	606	Berry Forest	Sevii	item-standard	NA	NA	1	NA	17	Post-Game	UNK	NA	NA	NA	NA	NA	NA	NA	NA	TRUE	single placement	data.js:areas[Berry Forest].item-standard[17]	Measured	NONE
item_ground	Ground Gem	659	Berry Forest	Sevii	item-standard	NA	NA	1	NA	17	Post-Game	UNK	NA	NA	NA	NA	NA	NA	NA	NA	TRUE	single placement	data.js:areas[Berry Forest].item-standard[17]	Measured	NONE
item_hidden	Cheri Berry	133	Berry Forest	Sevii	item-hidden	NA	NA	10	NA	17	Post-Game	UNK	NA	NA	NA	NA	NA	NA	NA	NA	TRUE	single placement	data.js:areas[Berry Forest].item-hidden[17]	Asserted	 quantity from the official item sheet
item_hidden	Chesto Berry	134	Berry Forest	Sevii	item-hidden	NA	NA	10	NA	17	Post-Game	UNK	NA	NA	NA	NA	NA	NA	NA	NA	TRUE	single placement	data.js:areas[Berry Forest].item-hidden[17]	Asserted	 quantity from the official item sheet
item_hidden	Pecha Berry	135	Berry Forest	Sevii	item-hidden	NA	NA	10	NA	17	Post-Game	UNK	NA	NA	NA	NA	NA	NA	NA	NA	TRUE	single placement	data.js:areas[Berry Forest].item-hidden[17]	Asserted	 quantity from the official item sheet
item_hidden	Rawst Berry	136	Berry Forest	Sevii	item-hidden	NA	NA	10	NA	17	Post-Game	UNK	NA	NA	NA	NA	NA	NA	NA	NA	TRUE	single placement	data.js:areas[Berry Forest].item-hidden[17]	Asserted	 quantity from the official item sheet
item_hidden	Aspear Berry	137	Berry Forest	Sevii	item-hidden	NA	NA	10	NA	17	Post-Game	UNK	NA	NA	NA	NA	NA	NA	NA	NA	TRUE	single placement	data.js:areas[Berry Forest].item-hidden[17]	Asserted	 quantity from the official item sheet
item_hidden	Oran Berry	139	Berry Forest	Sevii	item-hidden	NA	NA	10	NA	17	Post-Game	UNK	NA	NA	NA	NA	NA	NA	NA	NA	TRUE	single placement	data.js:areas[Berry Forest].item-hidden[17]	Asserted	 quantity from the official item sheet
item_hidden	Persim Berry	140	Berry Forest	Sevii	item-hidden	NA	NA	10	NA	17	Post-Game	UNK	NA	NA	NA	NA	NA	NA	NA	NA	TRUE	single placement	data.js:areas[Berry Forest].item-hidden[17]	Asserted	 quantity from the official item sheet
item_hidden	Lum Berry	141	Berry Forest	Sevii	item-hidden	NA	NA	1	NA	17	Post-Game	UNK	NA	NA	NA	NA	NA	NA	NA	NA	TRUE	single placement	data.js:areas[Berry Forest].item-hidden[17]	Measured	NONE
item_hidden	Razz Berry	148	Berry Forest	Sevii	item-hidden	NA	NA	1	NA	17	Post-Game	UNK	NA	NA	NA	NA	NA	NA	NA	NA	TRUE	single placement	data.js:areas[Berry Forest].item-hidden[17]	Measured	NONE
item_hidden	Bluk Berry	149	Berry Forest	Sevii	item-hidden	NA	NA	1	NA	17	Post-Game	UNK	NA	NA	NA	NA	NA	NA	NA	NA	TRUE	single placement	data.js:areas[Berry Forest].item-hidden[17]	Measured	NONE
item_hidden	Nanab Berry	150	Berry Forest	Sevii	item-hidden	NA	NA	1	NA	17	Post-Game	UNK	NA	NA	NA	NA	NA	NA	NA	NA	TRUE	single placement	data.js:areas[Berry Forest].item-hidden[17]	Measured	NONE
item_hidden	Wepear Berry	151	Berry Forest	Sevii	item-hidden	NA	NA	1	NA	17	Post-Game	UNK	NA	NA	NA	NA	NA	NA	NA	NA	TRUE	single placement	data.js:areas[Berry Forest].item-hidden[17]	Measured	NONE
item_hidden	Pinap Berry	152	Berry Forest	Sevii	item-hidden	NA	NA	1	NA	17	Post-Game	UNK	NA	NA	NA	NA	NA	NA	NA	NA	TRUE	single placement	data.js:areas[Berry Forest].item-hidden[17]	Measured	NONE
wild_encounter	Staryu	120	Berry Forest	Sevii	wild-oldRod	NA	NA	REPEATABLE	NA	17	Post-Game	UNK	70	83	85	0	NA	NA	NA	NA	FALSE	NA	data.js:areas[Berry Forest].wild-oldRod[17]	Measured	rate Asserted from the locations sheet
wild_encounter	Clauncher-Sevii	1287	Berry Forest	Sevii	wild-oldRod	NA	NA	REPEATABLE	NA	17	Post-Game	UNK	30	83	85	1	NA	NA	NA	NA	FALSE	NA	data.js:areas[Berry Forest].wild-oldRod[17]	Measured	rate Asserted from the locations sheet
wild_encounter	Corsola-Galar	1221	Berry Forest	Sevii	wild-goodRod	NA	NA	REPEATABLE	NA	17	Post-Game	UNK	60	83	85	0	NA	NA	NA	NA	FALSE	NA	data.js:areas[Berry Forest].wild-goodRod[17]	Measured	rate Asserted from the locations sheet
wild_encounter	Feebas-Sevii	1285	Berry Forest	Sevii	wild-goodRod	NA	NA	REPEATABLE	NA	17	Post-Game	UNK	20	83	85	1	NA	NA	NA	NA	FALSE	NA	data.js:areas[Berry Forest].wild-goodRod[17]	Measured	rate Asserted from the locations sheet
wild_encounter	Feebas-Sevii	1285	Berry Forest	Sevii	wild-goodRod	NA	NA	REPEATABLE	NA	17	Post-Game	UNK	20	83	85	2	NA	NA	NA	NA	FALSE	NA	data.js:areas[Berry Forest].wild-goodRod[17]	Measured	rate Asserted from the locations sheet
wild_encounter	Sharpedo	331	Berry Forest	Sevii	wild-superRod	NA	NA	REPEATABLE	NA	17	Post-Game	UNK	40	83	85	0	NA	NA	NA	NA	FALSE	NA	data.js:areas[Berry Forest].wild-superRod[17]	Measured	rate Asserted from the locations sheet
wild_encounter	Sharpedo	331	Berry Forest	Sevii	wild-superRod	NA	NA	REPEATABLE	NA	17	Post-Game	UNK	40	83	85	1	NA	NA	NA	NA	FALSE	NA	data.js:areas[Berry Forest].wild-superRod[17]	Measured	rate Asserted from the locations sheet
wild_encounter	Luvdisc	325	Berry Forest	Sevii	wild-superRod	NA	NA	REPEATABLE	NA	17	Post-Game	UNK	15	83	85	2	NA	NA	NA	NA	FALSE	NA	data.js:areas[Berry Forest].wild-superRod[17]	Measured	rate Asserted from the locations sheet
wild_encounter	Crawdaunt	327	Berry Forest	Sevii	wild-superRod	NA	NA	REPEATABLE	NA	17	Post-Game	UNK	4	83	85	3	NA	NA	NA	NA	FALSE	NA	data.js:areas[Berry Forest].wild-superRod[17]	Measured	rate Asserted from the locations sheet
wild_encounter	Crawdaunt	327	Berry Forest	Sevii	wild-superRod	NA	NA	REPEATABLE	NA	17	Post-Game	UNK	1	83	85	4	NA	NA	NA	NA	FALSE	NA	data.js:areas[Berry Forest].wild-superRod[17]	Measured	rate Asserted from the locations sheet
