trainer_id	name	trainer_class	role	location	mode	cap_index	cap_name	level_cap	is_level_scaled	boss_key	party_size	roster	roster_species	max_level	min_level	offensive_types	mean_base_speed	fastest_member	slowest_member	shared_weaknesses	team_resisted_by	strategy_notes	source_record	confidence	notes
2	Ace Trainer Andrew	NA	boss_candidate	Two Island Game Corner	normal	17	Post-Game	100	TRUE	17|Two Island Game Corner|Ace Trainer Andrew	6	Infernape:100:103:Iron Fist:Focus Sash:Jolly:31/31/31/31/31/31:0/252/4/0/0/252:Pyro Ball,Close Combat,Thunder Punch,Stealth Rock|Sceptile:100:103:Unburden:Sceptilite:Jolly:31/31/31/31/31/31:0/252/4/0/0/252:Swords Dance,Bullet Seed,Scale Shot,Rock Tomb|Torterra:100:103:Rock Head:Yache Berry:Jolly:31/31/31/31/31/31:0/252/4/0/0/252:Shell Smash,Wood Hammer,Headlong Rush,Head Smash|Blaziken:100:103:Speed Boost:Blazikenite:Jolly:31/31/31/31/31/31:0/252/4/0/0/252:Close Combat,Flare Blitz,Knock Off,U-turn|Greninja:100:103:Torrent:Life Orb:Timid:31/31/31/31/31/31:0/0/4/252/0/252:Hydro Cannon,Dark Hole,Ice Beam,U-turn|Inteleon:100:103:Sniper:Scope Lens:Timid:31/30/31/30/31/31:0/0/4/252/0/252:Snipe Shot,Ice Beam,Hidden Power,U-turn	Infernape,Sceptile,Torterra,Blaziken,Greninja,Inteleon	100	100	Normal,Fighting,Ground,Rock,Bug,Fire,Water,Grass,Electric,Ice,Dragon,Dark	101.8	Greninja	Torterra	Flying,Bug	NONE	6 slots, levels 100-100. Offense covers 12 types. Shared weakness: Flying, Bug. Speed spans 56-122 base, fastest Greninja, slowest Torterra. LEVEL-SCALED: rescales to the player, excluded from scoring.	data.js:trainers[2].normal	Measured	derived: team analysis; strategy_notes Inferred
2	Ace Trainer Andrew	NA	boss_candidate	Two Island Game Corner	hardcore	17	Post-Game	100	TRUE	17|Two Island Game Corner|Ace Trainer Andrew	6	Infernape:100:103:Iron Fist:Focus Sash:Jolly:31/31/31/31/31/31:0/0/0/0/0/0:Pyro Ball,Close Combat,Thunder Punch,Stealth Rock|Sceptile:100:103:Unburden:Sceptilite:Jolly:31/31/31/31/31/31:0/0/0/0/0/0:Swords Dance,Bullet Seed,Scale Shot,Rock Tomb|Torterra:100:103:Rock Head:Yache Berry:Jolly:31/31/31/31/31/31:0/0/0/0/0/0:Shell Smash,Wood Hammer,Headlong Rush,Head Smash|Blaziken:100:103:Speed Boost:Blazikenite:Jolly:31/31/31/31/31/31:0/0/0/0/0/0:Close Combat,Flare Blitz,Knock Off,U-turn|Greninja:100:103:Protean:Life Orb:Careful:31/31/31/31/31/31:0/0/0/0/0/0:Hydro Cannon,Dark Hole,Ice Beam,U-turn|Inteleon:100:103:Sniper:Scope Lens:Timid:31/30/31/30/31/31:0/0/0/0/0/0:Snipe Shot,Ice Beam,Hidden Power,U-turn	Infernape,Sceptile,Torterra,Blaziken,Greninja,Inteleon	100	100	Normal,Fighting,Ground,Rock,Bug,Fire,Water,Grass,Electric,Ice,Dragon,Dark	101.8	Greninja	Torterra	Flying,Bug	NONE	6 slots, levels 100-100. Offense covers 12 types. Shared weakness: Flying, Bug. Speed spans 56-122 base, fastest Greninja, slowest Torterra. LEVEL-SCALED: rescales to the player, excluded from scoring.	data.js:trainers[2].hardcore	Measured	derived: team analysis; strategy_notes Inferred
3	PkMn Trainer Red	NA	boss_candidate	Treasure Beach	normal	17	Post-Game	100	TRUE	17|Treasure Beach|PkMn Trainer Red	6	Pikachu-Libre:100:103:UNK:Light Ball:Jolly:31/31/31/31/31/31:252/252/252/252/252/252:Fake Out,Aura Wheel,Close Combat,Knock Off|Venusaur:100:103:Chlorophyll:Venusaurite:Modest:31/31/31/31/31/31:252/0/0/252/4/0:Giga Drain,Sludge Bomb,Earth Power,Sleep Powder|Blastoise:100:103:Rain Dish:Blastoisnite:Modest:31/31/31/31/31/31:4/0/0/252/0/252:Shell Smash,Ice Beam,Dark Pulse,Aura Sphere|Charizard:100:103:Solar Power:Charzardite X:Jolly:31/31/31/31/31/31:0/252/4/0/0/252:Dragon Dance,Flare Blitz,Earthquake,Dragon Claw|Snorlax:100:103:Immunity:Leftovers:Adamant:31/31/31/31/31/31:252/252/4/0/0/0:Body Slam,Earthquake,Darkest Lariat,Fire Punch|Mewtwo:100:103:Unnerve:Mewtwonite X:Jolly:31/31/31/31/31/31:4/252/0/0/0/252:Bulk Up,Zen Headbutt,Close Combat,Stone Edge	Pikachu-Libre,Venusaur,Blastoise,Charizard,Snorlax,Mewtwo	100	100	Normal,Fighting,Poison,Ground,Rock,Fire,Grass,Electric,Psychic,Ice,Dragon,Dark	84.7	Mewtwo	Snorlax	NONE	NONE	6 slots, levels 100-100. Offense covers 12 types. No weakness shared by half the team. Speed spans 30-130 base, fastest Mewtwo, slowest Snorlax. LEVEL-SCALED: rescales to the player, excluded from scoring.	data.js:trainers[3].normal	Measured	derived: team analysis; strategy_notes Inferred
3	PkMn Trainer Red	NA	boss_candidate	Treasure Beach	hardcore	17	Post-Game	100	TRUE	17|Treasure Beach|PkMn Trainer Red	6	Pikachu-Libre:100:103:UNK:Light Ball:Jolly:31/31/31/31/31/31:0/0/0/0/0/0:Fake Out,Aura Wheel,Close Combat,Knock Off|Venusaur:100:103:Chlorophyll:Venusaurite:Modest:31/31/31/31/31/31:0/0/0/0/0/0:Giga Drain,Sludge Bomb,Earth Power,Sleep Powder|Blastoise:100:103:Rain Dish:Blastoisnite:Modest:31/31/31/31/31/31:0/0/0/0/0/0:Shell Smash,Ice Beam,Dark Pulse,Origin Pulse|Charizard:100:103:Solar Power:Charzardite X:Jolly:31/31/31/31/31/31:0/0/0/0/0/0:Dragon Dance,Flare Blitz,Earthquake,Dragon Claw|Snorlax:100:103:Immunity:Leftovers:Adamant:31/31/31/31/31/31:0/0/0/0/0/0:Body Slam,Earthquake,Darkest Lariat,Fire Punch|Mewtwo:100:103:Unnerve:Mewtwonite X:Jolly:31/31/31/31/31/31:0/0/0/0/0/0:Bulk Up,Zen Headbutt,Close Combat,Stone Edge	Pikachu-Libre,Venusaur,Blastoise,Charizard,Snorlax,Mewtwo	100	100	Normal,Fighting,Poison,Ground,Rock,Fire,Water,Grass,Electric,Psychic,Ice,Dragon,Dark	84.7	Mewtwo	Snorlax	NONE	NONE	6 slots, levels 100-100. Offense covers 13 types. No weakness shared by half the team. Speed spans 30-130 base, fastest Mewtwo, slowest Snorlax. LEVEL-SCALED: rescales to the player, excluded from scoring.	data.js:trainers[3].hardcore	Measured	derived: team analysis; strategy_notes Inferred
4	Lass Anne	NA	route	Viridian Forest	normal	0	Brock	15	TRUE	0|Viridian Forest|Lass Anne	3	Stufful:14:102:Cute Charm:Oran Berry:Bashful:31/31/31/31/31/31:0/0/0/0/0/0:Low Sweep,Tackle,Aerial Ace|Clefairy:12:104:Cute Charm:Life Orb:Bashful:31/31/31/31/31/31:0/0/0/0/0/0:Metronome|Audino:14:102:UNK:NONE:Bashful:0/31/0/31/0/31:0/0/0/0/0/0:Swagger,Protect,Wish,Yawn	Stufful,Clefairy,Audino	14	12	Normal,Fighting,Flying	45.0	Stufful	Clefairy	Fighting	NONE	3 slots, levels 12-14. Offense covers 3 types. Shared weakness: Fighting. Speed spans 35-50 base, fastest Stufful, slowest Clefairy. LEVEL-SCALED: rescales to the player, excluded from scoring.	data.js:trainers[4].normal	Measured	derived: team analysis; strategy_notes Inferred
4	Lass Anne	NA	route	Viridian Forest	hardcore	0	Brock	15	TRUE	0|Viridian Forest|Lass Anne	3	Stufful:14:102:Cute Charm:Oran Berry:Bashful:31/31/31/31/31/31:0/0/0/0/0/0:Low Sweep,Tackle,Aerial Ace|Clefairy:12:104:Cute Charm:Life Orb:Bashful:31/31/31/31/31/31:0/0/0/0/0/0:Metronome|Audino:14:102:UNK:NONE:Bashful:0/31/0/31/0/31:0/0/0/0/0/0:Swagger,Protect,Wish,Yawn	Stufful,Clefairy,Audino	14	12	Normal,Fighting,Flying	45.0	Stufful	Clefairy	Fighting	NONE	3 slots, levels 12-14. Offense covers 3 types. Shared weakness: Fighting. Speed spans 35-50 base, fastest Stufful, slowest Clefairy. LEVEL-SCALED: rescales to the player, excluded from scoring.	data.js:trainers[4].hardcore	Measured	derived: team analysis; strategy_notes Inferred
5	Gentleman Komodo	NA	boss_candidate	Route 5 Daycare	normal	2	Misty	27	FALSE	2|Route 5 Daycare|Gentleman Komodo	6	Overqwil:100:100:Intimidate:Black Sludge:Careful:31/31/31/31/31/31:0/0/0/0/0/0:Toxic Spikes,Throat Chop,Poison Jab,Waterfall|Goodra-Hisui:100:100:Gooey:Assault Vest:Modest:31/31/31/31/31/31:0/0/0/0/0/0:Dragon Pulse,Flash Cannon,Flamethrower,Thunderbolt|Arcanine-Hisui:100:100:Rock Head:Life Orb:Jolly:31/31/31/31/31/31:0/0/0/0/0/0:Flare Blitz,Head Smash,Accelerock,Teleport|Lilligant-Hisui:100:100:Chlorophyll:Focus Sash:Jolly:31/31/31/31/31/31:0/0/0/0/0/0:Victory Dance,Drain Punch,Leaf Blade,Stone Edge|Avalugg-Hisui:100:100:Technician:Leftovers:Impish:31/31/31/31/31/31:0/0/0/0/0/0:Icicle Crash,Stone Edge,Ice Shard,Recover|Kleavor:100:100:Sharpness:Life Orb:Jolly:31/31/31/31/31/31:0/0/0/0/0/0:Swords Dance,X-Scissor,Accelerock,Stone Axe	Overqwil,Goodra-Hisui,Arcanine-Hisui,Lilligant-Hisui,Avalugg-Hisui,Kleavor	100	100	Fighting,Poison,Rock,Bug,Steel,Fire,Water,Grass,Electric,Ice,Dragon,Dark	75.5	Lilligant-Hisui	Avalugg-Hisui	Ground,Fighting,Rock,Water	NONE	6 slots, levels 100-100. Offense covers 12 types. Shared weakness: Ground, Fighting, Rock, Water. Speed spans 28-105 base, fastest Lilligant-Hisui, slowest Avalugg-Hisui.	data.js:trainers[5].normal	Measured	derived: team analysis; strategy_notes Inferred
5	Gentleman Komodo	NA	boss_candidate	Route 5 Daycare	hardcore	2	Misty	27	FALSE	2|Route 5 Daycare|Gentleman Komodo	6	Overqwil:100:100:Intimidate:Black Sludge:Careful:31/31/31/31/31/31:0/0/0/0/0/0:Toxic Spikes,Throat Chop,Poison Jab,Waterfall|Goodra-Hisui:100:100:Gooey:Assault Vest:Modest:31/31/31/31/31/31:0/0/0/0/0/0:Dragon Pulse,Flash Cannon,Flamethrower,Thunderbolt|Arcanine-Hisui:100:100:Rock Head:Life Orb:Jolly:31/31/31/31/31/31:0/0/0/0/0/0:Flare Blitz,Head Smash,Accelerock,Teleport|Lilligant-Hisui:100:100:Chlorophyll:Focus Sash:Jolly:31/31/31/31/31/31:0/0/0/0/0/0:Victory Dance,Drain Punch,Leaf Blade,Stone Edge|Avalugg-Hisui:100:100:Technician:Leftovers:Impish:31/31/31/31/31/31:0/0/0/0/0/0:Icicle Crash,Stone Edge,Ice Shard,Recover|Kleavor:100:100:Sharpness:Life Orb:Jolly:31/31/31/31/31/31:0/0/0/0/0/0:Swords Dance,X-Scissor,Accelerock,Stone Axe	Overqwil,Goodra-Hisui,Arcanine-Hisui,Lilligant-Hisui,Avalugg-Hisui,Kleavor	100	100	Fighting,Poison,Rock,Bug,Steel,Fire,Water,Grass,Electric,Ice,Dragon,Dark	75.5	Lilligant-Hisui	Avalugg-Hisui	Ground,Fighting,Rock,Water	NONE	6 slots, levels 100-100. Offense covers 12 types. Shared weakness: Ground, Fighting, Rock, Water. Speed spans 28-105 base, fastest Lilligant-Hisui, slowest Avalugg-Hisui.	data.js:trainers[5].hardcore	Measured	derived: team analysis; strategy_notes Inferred
6	Friendly PkMnManiac	NA	boss_candidate	Cerulean City Move Maniac House	normal	2	Misty	27	FALSE	2|Cerulean City Move Maniac House|Friendly PkMnManiac	6	Aron:5:5:Sturdy:Focus Sash:Jolly:31/31/31/31/31/31:0/0/0/0/0/0:Stealth Rock,Double-Edge,Rock Slide,Bulldoze|Pikachu-Belle:5:5:UNK:Light Ball:Jolly:31/31/31/31/31/31:0/0/0/0/0/0:Thunderbolt,Freezy Frost,Volt Tackle|Gastly:5:5:UNK:Life Orb:Timid:31/31/31/31/31/31:0/0/0/0/0/0:Thunderbolt,Shadow Ball,Sludge Bomb,Giga Drain|Skorupi:5:5:Frisk:Black Sludge:Brave:31/31/0/31/31/31:0/0/0/0/0/0:Poison Jab,X-Scissor|Timburr:5:5:Guts:Choice Scarf:Timid:31/0/15/31/31/31:0/0/0/0/0/0:Ice Punch|Larvesta:5:5:Swarm:Rocky Helmet:Bashful:31/31/31/31/31/15:0/0/0/0/0/0:Flare Blitz,U-turn,Morning Sun,Will-O-Wisp	Aron,Pikachu-Belle,Gastly,Skorupi,Timburr,Larvesta	5	5	Normal,Poison,Ground,Rock,Bug,Ghost,Fire,Grass,Electric,Ice	60.0	Pikachu-Belle	Aron	Ground,Rock,Psychic,Flying	NONE	6 slots, levels 5-5. Offense covers 10 types. Shared weakness: Ground, Rock, Psychic, Flying. Speed spans 30-90 base, fastest Pikachu-Belle, slowest Aron.	data.js:trainers[6].normal	Measured	derived: team analysis; strategy_notes Inferred
6	Friendly PkMnManiac	NA	boss_candidate	Cerulean City Move Maniac House	hardcore	2	Misty	27	FALSE	2|Cerulean City Move Maniac House|Friendly PkMnManiac	6	Aron:5:5:Sturdy:Focus Sash:Jolly:31/31/31/31/31/31:0/0/0/0/0/0:Stealth Rock,Double-Edge,Rock Slide,Bulldoze|Pikachu-Belle:5:5:UNK:Light Ball:Jolly:31/31/31/31/31/31:0/0/0/0/0/0:Thunderbolt,Freezy Frost,Volt Tackle|Gastly:5:5:UNK:Life Orb:Timid:31/31/31/31/31/31:0/0/0/0/0/0:Thunderbolt,Shadow Ball,Sludge Bomb,Giga Drain|Skorupi:5:5:Frisk:Black Sludge:Brave:31/31/0/31/31/31:0/0/0/0/0/0:Poison Jab,X-Scissor|Timburr:5:5:Guts:Choice Scarf:Timid:31/0/15/31/31/31:0/0/0/0/0/0:Ice Punch|Larvesta:5:5:Swarm:Rocky Helmet:Bashful:31/31/31/31/31/15:0/0/0/0/0/0:Flare Blitz,U-turn,Morning Sun,Will-O-Wisp	Aron,Pikachu-Belle,Gastly,Skorupi,Timburr,Larvesta	5	5	Normal,Poison,Ground,Rock,Bug,Ghost,Fire,Grass,Electric,Ice	60.0	Pikachu-Belle	Aron	Ground,Rock,Psychic,Flying	NONE	6 slots, levels 5-5. Offense covers 10 types. Shared weakness: Ground, Rock, Psychic, Flying. Speed spans 30-90 base, fastest Pikachu-Belle, slowest Aron.	data.js:trainers[6].hardcore	Measured	derived: team analysis; strategy_notes Inferred
7	Friendly Teacher	NA	boss_candidate	Viridian City Trainer School	normal	0	Brock	15	FALSE	0|Viridian City Trainer School|Friendly Teacher	6	Shedinja:100:100:UNK:Focus Sash:Jolly:31/31/31/31/31/31:0/0/0/0/0/0:X-Scissor,Shadow Sneak|Shedinja:100:100:UNK:Focus Sash:Jolly:31/31/31/31/31/31:0/0/0/0/0/0:X-Scissor,Shadow Sneak|Shedinja:100:100:UNK:Focus Sash:Jolly:31/31/31/31/31/31:0/0/0/0/0/0:Shadow Sneak,X-Scissor|Shedinja:100:100:UNK:Focus Sash:Jolly:31/31/31/31/31/31:0/0/0/0/0/0:X-Scissor,Shadow Sneak|Shedinja:100:100:UNK:Focus Sash:Jolly:31/31/31/31/31/31:0/0/0/0/0/0:Shadow Sneak,X-Scissor|Shedinja:100:100:UNK:Heavy-Duty Boots:Jolly:31/31/31/31/31/31:0/0/0/0/0/0:Shadow Sneak,X-Scissor	Shedinja,Shedinja,Shedinja,Shedinja,Shedinja,Shedinja	100	100	Bug,Ghost	40.0	Shedinja	Shedinja	Flying,Rock,Ghost,Fire,Dark	NONE	6 slots, levels 100-100. Offense covers 2 types. Shared weakness: Flying, Rock, Ghost, Fire, Dark. Speed spans 40-40 base, fastest Shedinja, slowest Shedinja.	data.js:trainers[7].normal	Measured	derived: team analysis; strategy_notes Inferred
7	Friendly Teacher	NA	boss_candidate	Viridian City Trainer School	hardcore	0	Brock	15	FALSE	0|Viridian City Trainer School|Friendly Teacher	6	Shedinja:100:100:UNK:Focus Sash:Jolly:31/31/31/31/31/31:0/0/0/0/0/0:X-Scissor,Shadow Sneak|Shedinja:100:100:UNK:Focus Sash:Jolly:31/31/31/31/31/31:0/0/0/0/0/0:X-Scissor,Shadow Sneak|Shedinja:100:100:UNK:Focus Sash:Jolly:31/31/31/31/31/31:0/0/0/0/0/0:Shadow Sneak,X-Scissor|Shedinja:100:100:UNK:Focus Sash:Jolly:31/31/31/31/31/31:0/0/0/0/0/0:X-Scissor,Shadow Sneak|Shedinja:100:100:UNK:Focus Sash:Jolly:31/31/31/31/31/31:0/0/0/0/0/0:Shadow Sneak,X-Scissor|Shedinja:100:100:UNK:Heavy-Duty Boots:Jolly:31/31/31/31/31/31:0/0/0/0/0/0:Shadow Sneak,X-Scissor	Shedinja,Shedinja,Shedinja,Shedinja,Shedinja,Shedinja	100	100	Bug,Ghost	40.0	Shedinja	Shedinja	Flying,Rock,Ghost,Fire,Dark	NONE	6 slots, levels 100-100. Offense covers 2 types. Shared weakness: Flying, Rock, Ghost, Fire, Dark. Speed spans 40-40 base, fastest Shedinja, slowest Shedinja.	data.js:trainers[7].hardcore	Measured	derived: team analysis; strategy_notes Inferred
8	Leader Bugsy	NA	boss_candidate	Route 25	normal	4	Erika	44	TRUE	4|Route 25|Leader Bugsy	6	Kleavor:44:103:Sharpness:Focus Sash:Jolly:31/31/31/31/31/31:0/252/4/0/0/252:Stone Axe,Night Slash,U-turn,X-Scissor|Scizor:44:103:Swarm:Scizorite:Careful:31/31/31/31/31/31:252/252/4/0/0/0:Bullet Punch,Dual Wingbeat,U-turn,Rock Smash|Scyther:44:103:Swarm:Eviolite:Adamant:31/31/31/31/31/31:0/252/4/0/0/252:Swords Dance,Dual Wingbeat,Bug Bite,Rock Smash|Lokix:44:103:Swarm:SilverPowder:Jolly:31/31/31/31/31/31:0/252/4/0/0/252:Sucker Punch,First Impression,Knock Off,U-turn|Araquanid:44:103:Water Absorb:Leftovers:Impish:31/31/31/31/31/31:252/4/252/0/0/0:X-Scissor,Liquidation,Protect,Toxic|Vikavolt:44:103:UNK:Magnet:Modest:31/31/31/31/31/31:252/0/4/252/0/0:Thunder,Bug Buzz,Volt Switch,Energy Ball	Kleavor,Scizor,Scyther,Lokix,Araquanid,Vikavolt	44	44	Fighting,Flying,Rock,Bug,Steel,Water,Grass,Electric,Dark	72.0	Scyther	Araquanid	Rock,Fire,Flying	NONE	6 slots, levels 44-44. Offense covers 9 types. Shared weakness: Rock, Fire, Flying. Speed spans 42-105 base, fastest Scyther, slowest Araquanid. LEVEL-SCALED: rescales to the player, excluded from scoring.	data.js:trainers[8].normal	Measured	derived: team analysis; strategy_notes Inferred
8	Leader Bugsy	NA	boss_candidate	Route 25	hardcore	4	Erika	44	TRUE	4|Route 25|Leader Bugsy	6	Kleavor:44:103:Sharpness:Focus Sash:Jolly:31/31/31/31/31/31:0/0/0/0/0/0:Stone Axe,X-Scissor,U-turn,Night Slash|Scizor:44:103:Swarm:Scizorite:Careful:31/31/31/31/31/31:0/0/0/0/0/0:Bullet Punch,Dual Wingbeat,U-turn,Rock Smash|Scyther:44:103:Swarm:Eviolite:Adamant:31/31/31/31/31/31:0/0/0/0/0/0:Swords Dance,Dual Wingbeat,Bug Bite,Rock Smash|Lokix:44:103:Swarm:Bug Gem:Jolly:31/31/31/31/31/31:0/0/0/0/0/0:First Impression,U-turn,Knock Off,Sucker Punch|Araquanid:44:103:Water Absorb:Leftovers:Impish:31/31/31/31/31/31:0/0/0/0/0/0:X-Scissor,Liquidation,Protect,Toxic|Vikavolt:44:103:UNK:Magnet:Modest:31/31/31/31/31/31:0/0/0/0/0/0:Thunder,Bug Buzz,Volt Switch,Energy Ball	Kleavor,Scizor,Scyther,Lokix,Araquanid,Vikavolt	44	44	Fighting,Flying,Rock,Bug,Steel,Water,Grass,Electric,Dark	72.0	Scyther	Araquanid	Rock,Fire,Flying	NONE	6 slots, levels 44-44. Offense covers 9 types. Shared weakness: Rock, Fire, Flying. Speed spans 42-105 base, fastest Scyther, slowest Araquanid. LEVEL-SCALED: rescales to the player, excluded from scoring.	data.js:trainers[8].hardcore	Measured	derived: team analysis; strategy_notes Inferred
9	Friendly Coach	NA	boss_candidate	Lavender Town EXP Farm	normal	3	Surge	34	FALSE	3|Lavender Town EXP Farm|Friendly Coach	6	Jumpluff:1:1:Aerilate:NONE:Modest:31/31/31/31/31/31:6/0/0/252/252/0:Memento|Jumpluff:1:1:Chlorophyll:NONE:Lax:10/10/10/10/10/10:0/0/0/0/0/0:Memento|Jumpluff:1:1:Aerilate:NONE:Quiet:10/10/10/10/10/10:0/0/0/0/0/0:Memento|Jumpluff:1:1:Chlorophyll:NONE:Brave:10/10/10/10/10/10:0/0/0/0/0/0:Memento|Jumpluff:1:1:Aerilate:NONE:Timid:10/10/10/10/10/10:0/0/0/0/0/0:Memento|Jumpluff:1:1:Chlorophyll:NONE:Calm:10/10/10/10/10/10:0/0/0/0/0/0:Memento	Jumpluff,Jumpluff,Jumpluff,Jumpluff,Jumpluff,Jumpluff	1	1	NONE	110.0	Jumpluff	Jumpluff	Flying,Poison,Rock,Fire,Ice	NONE	6 slots, levels 1-1. Offense covers 0 types. Shared weakness: Flying, Poison, Rock, Fire, Ice. Speed spans 110-110 base, fastest Jumpluff, slowest Jumpluff.	data.js:trainers[9].normal	Measured	derived: team analysis; strategy_notes Inferred
9	Friendly Coach	NA	boss_candidate	Lavender Town EXP Farm	hardcore	3	Surge	34	FALSE	3|Lavender Town EXP Farm|Friendly Coach	6	Jumpluff:1:1:Aerilate:NONE:Modest:31/31/31/31/31/31:0/0/0/0/0/0:Memento|Jumpluff:1:1:Chlorophyll:NONE:Lax:10/10/10/10/10/10:0/0/0/0/0/0:Memento|Jumpluff:1:1:Aerilate:NONE:Quiet:10/10/10/10/10/10:0/0/0/0/0/0:Memento|Jumpluff:1:1:Chlorophyll:NONE:Brave:10/10/10/10/10/10:0/0/0/0/0/0:Memento|Jumpluff:1:1:Aerilate:NONE:Timid:10/10/10/10/10/10:0/0/0/0/0/0:Memento|Jumpluff:1:1:Chlorophyll:NONE:Calm:10/10/10/10/10/10:0/0/0/0/0/0:Memento	Jumpluff,Jumpluff,Jumpluff,Jumpluff,Jumpluff,Jumpluff	1	1	NONE	110.0	Jumpluff	Jumpluff	Flying,Poison,Rock,Fire,Ice	NONE	6 slots, levels 1-1. Offense covers 0 types. Shared weakness: Flying, Poison, Rock, Fire, Ice. Speed spans 110-110 base, fastest Jumpluff, slowest Jumpluff.	data.js:trainers[9].hardcore	Measured	derived: team analysis; strategy_notes Inferred
10	Friendly Coach	NA	boss_candidate	Lavender Town EXP Farm	normal	3	Surge	34	FALSE	3|Lavender Town EXP Farm|Friendly Coach	6	Stoutland:1:1:Scrappy:NONE:Modest:31/31/31/31/31/31:6/0/0/252/252/0:Memento|Stoutland:1:1:Intimidate:NONE:Bold:10/10/10/10/10/10:0/0/0/0/0/0:Memento|Stoutland:1:1:Scrappy:NONE:Hasty:10/10/10/10/10/10:0/0/0/0/0/0:Memento|Stoutland:1:1:Intimidate:NONE:Rash:10/10/10/10/10/10:0/0/0/0/0/0:Memento|Stoutland:1:1:Scrappy:NONE:Hardy:10/10/10/10/10/10:0/0/0/0/0/0:Memento|Stoutland:1:1:Intimidate:NONE:Impish:10/10/10/10/10/10:0/0/0/0/0/0:Memento	Stoutland,Stoutland,Stoutland,Stoutland,Stoutland,Stoutland	1	1	NONE	80.0	Stoutland	Stoutland	Fighting	NONE	6 slots, levels 1-1. Offense covers 0 types. Shared weakness: Fighting. Speed spans 80-80 base, fastest Stoutland, slowest Stoutland.	data.js:trainers[10].normal	Measured	derived: team analysis; strategy_notes Inferred
10	Friendly Coach	NA	boss_candidate	Lavender Town EXP Farm	hardcore	3	Surge	34	FALSE	3|Lavender Town EXP Farm|Friendly Coach	6	Stoutland:1:1:Scrappy:NONE:Modest:31/31/31/31/31/31:0/0/0/0/0/0:Memento|Stoutland:1:1:Intimidate:NONE:Bold:10/10/10/10/10/10:0/0/0/0/0/0:Memento|Stoutland:1:1:Scrappy:NONE:Hasty:10/10/10/10/10/10:0/0/0/0/0/0:Memento|Stoutland:1:1:Intimidate:NONE:Rash:10/10/10/10/10/10:0/0/0/0/0/0:Memento|Stoutland:1:1:Scrappy:NONE:Hardy:10/10/10/10/10/10:0/0/0/0/0/0:Memento|Stoutland:1:1:Intimidate:NONE:Impish:10/10/10/10/10/10:0/0/0/0/0/0:Memento	Stoutland,Stoutland,Stoutland,Stoutland,Stoutland,Stoutland	1	1	NONE	80.0	Stoutland	Stoutland	Fighting	NONE	6 slots, levels 1-1. Offense covers 0 types. Shared weakness: Fighting. Speed spans 80-80 base, fastest Stoutland, slowest Stoutland.	data.js:trainers[10].hardcore	Measured	derived: team analysis; strategy_notes Inferred
11	Friendly Coach	NA	boss_candidate	Lavender Town EXP Farm	normal	3	Surge	34	FALSE	3|Lavender Town EXP Farm|Friendly Coach	6	Coalossal:1:1:Flash Fire:NONE:Careful:10/10/10/10/10/10:0/0/0/0/0/0:Memento|Coalossal:1:1:Steam Engine:NONE:Relaxed:10/10/10/10/10/10:0/0/0/0/0/0:Memento|Coalossal:1:1:Flash Fire:NONE:Naive:10/10/10/10/10/10:0/0/0/0/0/0:Memento|Coalossal:1:1:Steam Engine:NONE:Careful:10/10/10/10/10/10:0/0/0/0/0/0:Memento|Coalossal:1:1:Flash Fire:NONE:Bold:10/10/10/10/10/10:0/0/0/0/0/0:Memento|Coalossal:1:1:Steam Engine:NONE:Naive:10/10/10/10/10/10:0/0/0/0/0/0:Memento	Coalossal,Coalossal,Coalossal,Coalossal,Coalossal,Coalossal	1	1	NONE	30.0	Coalossal	Coalossal	Fighting,Ground,Rock,Water	NONE	6 slots, levels 1-1. Offense covers 0 types. Shared weakness: Fighting, Ground, Rock, Water. Speed spans 30-30 base, fastest Coalossal, slowest Coalossal.	data.js:trainers[11].normal	Measured	derived: team analysis; strategy_notes Inferred
11	Friendly Coach	NA	boss_candidate	Lavender Town EXP Farm	hardcore	3	Surge	34	FALSE	3|Lavender Town EXP Farm|Friendly Coach	6	Coalossal:1:1:Flash Fire:NONE:Careful:10/10/10/10/10/10:0/0/0/0/0/0:Memento|Coalossal:1:1:Steam Engine:NONE:Relaxed:10/10/10/10/10/10:0/0/0/0/0/0:Memento|Coalossal:1:1:Flash Fire:NONE:Naive:10/10/10/10/10/10:0/0/0/0/0/0:Memento|Coalossal:1:1:Steam Engine:NONE:Careful:10/10/10/10/10/10:0/0/0/0/0/0:Memento|Coalossal:1:1:Flash Fire:NONE:Bold:10/10/10/10/10/10:0/0/0/0/0/0:Memento|Coalossal:1:1:Steam Engine:NONE:Naive:10/10/10/10/10/10:0/0/0/0/0/0:Memento	Coalossal,Coalossal,Coalossal,Coalossal,Coalossal,Coalossal	1	1	NONE	30.0	Coalossal	Coalossal	Fighting,Ground,Rock,Water	NONE	6 slots, levels 1-1. Offense covers 0 types. Shared weakness: Fighting, Ground, Rock, Water. Speed spans 30-30 base, fastest Coalossal, slowest Coalossal.	data.js:trainers[11].hardcore	Measured	derived: team analysis; strategy_notes Inferred
12	Friendly Coach	NA	boss_candidate	Lavender Town EXP Farm	normal	3	Surge	34	FALSE	3|Lavender Town EXP Farm|Friendly Coach	6	Beautifly:1:1:Rivalry:NONE:Sassy:10/10/10/10/10/10:0/0/0/0/0/0:Memento|Beautifly:1:1:Swarm:NONE:Bold:10/10/10/10/10/10:0/0/0/0/0/0:Memento|Beautifly:1:1:Rivalry:NONE:Hasty:10/10/10/10/10/10:0/0/0/0/0/0:Memento|Beautifly:1:1:Swarm:NONE:Rash:10/10/10/10/10/10:0/0/0/0/0/0:Memento|Beautifly:1:1:Rivalry:NONE:Hardy:10/10/10/10/10/10:0/0/0/0/0/0:Memento|Beautifly:1:1:Swarm:NONE:Impish:10/10/10/10/10/10:0/0/0/0/0/0:Memento	Beautifly,Beautifly,Beautifly,Beautifly,Beautifly,Beautifly	1	1	NONE	75.0	Beautifly	Beautifly	Flying,Rock,Fire,Electric,Ice	NONE	6 slots, levels 1-1. Offense covers 0 types. Shared weakness: Flying, Rock, Fire, Electric, Ice. Speed spans 75-75 base, fastest Beautifly, slowest Beautifly.	data.js:trainers[12].normal	Measured	derived: team analysis; strategy_notes Inferred
12	Friendly Coach	NA	boss_candidate	Lavender Town EXP Farm	hardcore	3	Surge	34	FALSE	3|Lavender Town EXP Farm|Friendly Coach	6	Beautifly:1:1:Rivalry:NONE:Sassy:10/10/10/10/10/10:0/0/0/0/0/0:Memento|Beautifly:1:1:Swarm:NONE:Bold:10/10/10/10/10/10:0/0/0/0/0/0:Memento|Beautifly:1:1:Rivalry:NONE:Hasty:10/10/10/10/10/10:0/0/0/0/0/0:Memento|Beautifly:1:1:Swarm:NONE:Rash:10/10/10/10/10/10:0/0/0/0/0/0:Memento|Beautifly:1:1:Rivalry:NONE:Hardy:10/10/10/10/10/10:0/0/0/0/0/0:Memento|Beautifly:1:1:Swarm:NONE:Impish:10/10/10/10/10/10:0/0/0/0/0/0:Memento	Beautifly,Beautifly,Beautifly,Beautifly,Beautifly,Beautifly	1	1	NONE	75.0	Beautifly	Beautifly	Flying,Rock,Fire,Electric,Ice	NONE	6 slots, levels 1-1. Offense covers 0 types. Shared weakness: Flying, Rock, Fire, Electric, Ice. Speed spans 75-75 base, fastest Beautifly, slowest Beautifly.	data.js:trainers[12].hardcore	Measured	derived: team analysis; strategy_notes Inferred
13	Friendly Coach	NA	boss_candidate	Lavender Town EXP Farm	normal	3	Surge	34	FALSE	3|Lavender Town EXP Farm|Friendly Coach	6	Dustox:1:1:Compound Eyes:NONE:Bashful:10/10/10/10/10/10:0/0/0/0/0/0:Memento|Dustox:1:1:Shield Dust:NONE:Sassy:10/10/10/10/10/10:0/0/0/0/0/0:Memento|Dustox:1:1:Compound Eyes:NONE:Quirky:10/10/10/10/10/10:0/0/0/0/0/0:Memento|Dustox:1:1:Shield Dust:NONE:Adamant:10/10/10/10/10/10:0/0/0/0/0/0:Memento|Dustox:1:1:Compound Eyes:NONE:Bold:10/10/10/10/10/10:0/0/0/0/0/0:Memento|Dustox:1:1:Shield Dust:NONE:Lax:10/10/10/10/10/10:0/0/0/0/0/0:Memento	Dustox,Dustox,Dustox,Dustox,Dustox,Dustox	1	1	NONE	65.0	Dustox	Dustox	Flying,Rock,Fire,Psychic	NONE	6 slots, levels 1-1. Offense covers 0 types. Shared weakness: Flying, Rock, Fire, Psychic. Speed spans 65-65 base, fastest Dustox, slowest Dustox.	data.js:trainers[13].normal	Measured	derived: team analysis; strategy_notes Inferred
13	Friendly Coach	NA	boss_candidate	Lavender Town EXP Farm	hardcore	3	Surge	34	FALSE	3|Lavender Town EXP Farm|Friendly Coach	6	Dustox:1:1:Compound Eyes:NONE:Bashful:10/10/10/10/10/10:0/0/0/0/0/0:Memento|Dustox:1:1:Shield Dust:NONE:Sassy:10/10/10/10/10/10:0/0/0/0/0/0:Memento|Dustox:1:1:Compound Eyes:NONE:Quirky:10/10/10/10/10/10:0/0/0/0/0/0:Memento|Dustox:1:1:Shield Dust:NONE:Adamant:10/10/10/10/10/10:0/0/0/0/0/0:Memento|Dustox:1:1:Compound Eyes:NONE:Bold:10/10/10/10/10/10:0/0/0/0/0/0:Memento|Dustox:1:1:Shield Dust:NONE:Lax:10/10/10/10/10/10:0/0/0/0/0/0:Memento	Dustox,Dustox,Dustox,Dustox,Dustox,Dustox	1	1	NONE	65.0	Dustox	Dustox	Flying,Rock,Fire,Psychic	NONE	6 slots, levels 1-1. Offense covers 0 types. Shared weakness: Flying, Rock, Fire, Psychic. Speed spans 65-65 base, fastest Dustox, slowest Dustox.	data.js:trainers[13].hardcore	Measured	derived: team analysis; strategy_notes Inferred
14	Dumbass Gambler	NA	boss_candidate	Celadon City Game Corner	normal	5	Giovanni-1	47	FALSE	5|Celadon City Game Corner|Dumbass Gambler	6	Dusknoir:100:100:Hustle:Reaper Cloth:Careful:31/31/31/31/31/31:0/0/0/0/0/0:Metronome|Ludicolo:100:100:Own Tempo:Leppa Berry:Bashful:31/31/31/31/31/31:0/0/0/0/0/0:Metronome|Medicham:100:100:Telepathy:Medichamite:Jolly:31/31/31/31/31/31:0/0/0/0/0/0:Metronome|Alakazam:100:100:Magic Guard:Life Orb:Timid:31/31/31/31/31/31:0/0/0/0/0/0:Metronome|Clefable:100:100:Cute Charm:Life Orb:Quiet:31/31/31/31/31/31:0/0/0/0/0/0:Metronome|Snorlax:100:100:Immunity:Leftovers:Impish:31/31/31/31/31/31:0/0/0/0/0/0:Metronome	Dusknoir,Ludicolo,Medicham,Alakazam,Clefable,Snorlax	100	100	NONE	67.5	Alakazam	Snorlax	Ghost	NONE	6 slots, levels 100-100. Offense covers 0 types. Shared weakness: Ghost. Speed spans 30-120 base, fastest Alakazam, slowest Snorlax.	data.js:trainers[14].normal	Measured	derived: team analysis; strategy_notes Inferred
14	Dumbass Gambler	NA	boss_candidate	Celadon City Game Corner	hardcore	5	Giovanni-1	47	FALSE	5|Celadon City Game Corner|Dumbass Gambler	6	Dusknoir:100:100:Hustle:Reaper Cloth:Careful:31/31/31/31/31/31:0/0/0/0/0/0:Metronome|Ludicolo:100:100:Own Tempo:Leppa Berry:Bashful:31/31/31/31/31/31:0/0/0/0/0/0:Metronome|Medicham:100:100:Telepathy:Medichamite:Jolly:31/31/31/31/31/31:0/0/0/0/0/0:Metronome|Alakazam:100:100:Magic Guard:Life Orb:Timid:31/31/31/31/31/31:0/0/0/0/0/0:Metronome|Clefable:100:100:Cute Charm:Life Orb:Quiet:31/31/31/31/31/31:0/0/0/0/0/0:Metronome|Snorlax:100:100:Immunity:Leftovers:Impish:31/31/31/31/31/31:0/0/0/0/0/0:Metronome	Dusknoir,Ludicolo,Medicham,Alakazam,Clefable,Snorlax	100	100	NONE	67.5	Alakazam	Snorlax	Ghost	NONE	6 slots, levels 100-100. Offense covers 0 types. Shared weakness: Ghost. Speed spans 30-120 base, fastest Alakazam, slowest Snorlax.	data.js:trainers[14].hardcore	Measured	derived: team analysis; strategy_notes Inferred
15	PkMn Trainer Haley	NA	boss_candidate	Route 15	normal	9	Koga	68	TRUE	9|Route 15|PkMn Trainer Haley	6	Magnezone:68:103:Magnet Pull:Air Balloon:Timid:31/31/31/31/31/31:6/0/0/252/0/252:Volt Switch,Flash Cannon,Hidden Power,Thunderbolt|Hawlucha:68:103:Limber:Power Herb:Jolly:31/31/31/31/31/31:6/252/0/0/0/252:Sky Attack,Acrobatics,Close Combat,Swords Dance|Magmortar:68:103:Quick Draw:Power Herb:Timid:31/31/31/31/31/31:6/0/0/252/0/252:Meteor Beam,Flamethrower,Steam Eruption,Thunderbolt|Cursola:68:103:Weak Armor:Power Herb:Timid:31/31/31/31/31/31:6/0/0/252/0/252:Meteor Beam,Shadow Ball,Ice Beam,Mystical Fire|Starmie:68:103:Analytic:Power Herb:Timid:31/31/31/31/31/31:6/0/0/252/0/252:Meteor Beam,Surf,Ice Beam,Psyshock|Sandaconda:68:103:Sand Spit:Sandacondite:Careful:31/31/31/31/31/31:252/0/0/0/252/0:Body Slam,Rest,Sleep Talk,Coil	Magnezone,Hawlucha,Magmortar,Cursola,Starmie,Sandaconda	68	68	Normal,Fighting,Flying,Rock,Ghost,Steel,Fire,Water,Electric,Psychic,Ice	86.2	Hawlucha	Cursola	NONE	NONE	6 slots, levels 68-68. Offense covers 11 types. No weakness shared by half the team. Speed spans 55-118 base, fastest Hawlucha, slowest Cursola. LEVEL-SCALED: rescales to the player, excluded from scoring.	data.js:trainers[15].normal	Measured	derived: team analysis; strategy_notes Inferred
15	PkMn Trainer Haley	NA	boss_candidate	Route 15	hardcore	9	Koga	68	TRUE	9|Route 15|PkMn Trainer Haley	6	Silvally-Fairy:68:103:UNK:Leftovers:Jolly:31/31/31/31/31/31:0/0/0/0/0/0:Multi-Attack,Thunder Wave,Parting Shot,Explosion|Escavalier:68:103:Overcoat:Assault Vest:Adamant:31/31/31/31/31/31:0/0/0/0/0/0:Double Iron Bash,Megahorn,Close Combat,Knock Off|Hawlucha:68:103:Limber:Power Herb:Adamant:31/31/31/31/31/31:0/0/0/0/0/0:Sky Attack,Swords Dance,Close Combat,Acrobatics|Starmie:68:103:Natural Cure:Power Herb:Timid:31/31/31/31/31/31:0/0/0/0/0/0:Meteor Beam,Hydro Pump,Blizzard,Psyshock|Cursola:68:103:Weak Armor:Power Herb:Timid:31/31/31/31/31/31:0/0/0/0/0/0:Meteor Beam,Shadow Ball,Earth Power,Mystical Fire|Sandaconda:68:103:Sand Spit:Sandacondite:Adamant:31/31/31/31/31/31:0/0/0/0/0/0:Earthquake,Body Slam,Coil,Glare	Silvally-Fairy,Escavalier,Hawlucha,Starmie,Cursola,Sandaconda	68	68	Normal,Fighting,Flying,Ground,Rock,Bug,Ghost,Steel,Fire,Water,Psychic,Ice,Dark	79.8	Hawlucha	Escavalier	NONE	NONE	6 slots, levels 68-68. Offense covers 13 types. No weakness shared by half the team. Speed spans 20-118 base, fastest Hawlucha, slowest Escavalier. LEVEL-SCALED: rescales to the player, excluded from scoring.	data.js:trainers[15].hardcore	Measured	derived: team analysis; strategy_notes Inferred
16	PkMn Trainer Sam	NA	route	Celadon City Hotel	normal	8	Sabrina	59	TRUE	8|Celadon City Hotel|PkMn Trainer Sam	3	Luvdisc:59:103:Soul-Heart:Focus Sash:Timid:31/31/31/31/31/31:6/0/0/252/0/252:Lovely Kiss,Dazzling Gleam,Hydro Pump,Ice Beam|Flapple:59:103:Hustle:Applite:Lonely:31/31/31/31/31/31:6/128/0/128/0/252:Scale Shot,Grav Apple,Draco Meteor,Sucker Punch|Farfetch’d:59:103:Sharpness:Leek Stick:Jolly:31/31/31/31/31/31:6/252/0/0/0/252:Brave Bird,Sacred Sword,Leaf Blade,Night Slash	Luvdisc,Flapple,Farfetch’d	59	59	Fighting,Flying,Water,Grass,Ice,Dragon,Dark,Fairy	77.3	Luvdisc	Farfetch’d	Poison,Electric,Flying,Ice,Fairy	NONE	3 slots, levels 59-59. Offense covers 8 types. Shared weakness: Poison, Electric, Flying, Ice, Fairy. Speed spans 65-97 base, fastest Luvdisc, slowest Farfetch’d. LEVEL-SCALED: rescales to the player, excluded from scoring.	data.js:trainers[16].normal	Measured	derived: team analysis; strategy_notes Inferred
16	PkMn Trainer Sam	NA	boss_candidate	Celadon City Hotel	hardcore	8	Sabrina	59	TRUE	8|Celadon City Hotel|PkMn Trainer Sam	4	Tapu Koko:59:103:Telepathy:Focus Sash:Naive:31/31/31/31/31/31:0/0/0/0/0/0:Volt Switch,Thunderbolt,Play Rough,Grass Knot|Hitmonlee:59:103:Striker:Electric Seed:Adamant:31/31/31/31/31/31:0/0/0/0/0/0:Bulk Up,Close Combat,Knock Off,Poison Jab|Vaporeon:59:103:Hydration:Eevium Z:Timid:31/30/31/30/31/31:0/0/0/0/0/0:Last Resort,Surf,Ice Beam,Hidden Power|Flapple:59:103:Hustle:Applite:Naive:31/31/31/31/31/31:0/0/0/0/0/0:Scale Shot,Grav Apple,Draco Meteor,Sucker Punch	Tapu Koko,Hitmonlee,Vaporeon,Flapple	59	59	Normal,Fighting,Poison,Water,Grass,Electric,Ice,Dragon,Dark,Fairy	88.0	Tapu Koko	Vaporeon	Poison,Flying,Fairy	NONE	4 slots, levels 59-59. Offense covers 10 types. Shared weakness: Poison, Flying, Fairy. Speed spans 65-130 base, fastest Tapu Koko, slowest Vaporeon. LEVEL-SCALED: rescales to the player, excluded from scoring.	data.js:trainers[16].hardcore	Measured	derived: team analysis; strategy_notes Inferred
17	PkMn Trainer Shelly	NA	boss_candidate	Celadon City Hotel	normal	8	Sabrina	59	TRUE	8|Celadon City Hotel|PkMn Trainer Shelly	4	Dodrio:59:103:UNK:Focus Sash:Jolly:31/31/31/31/31/31:6/252/0/0/0/252:Pursuit,Brave Bird,Double-Edge,Jump Kick|Granbull:59:103:Bull Rush:Leftovers:Adamant:31/31/31/31/31/31:252/252/0/0/0/6:Close Combat,Play Rough,Thunder Wave,Fire Punch|Appletun:59:103:Thick Fat:Applite:Modest:31/31/31/31/31/31:252/0/0/252/0/6:Draco Meteor,Superpower,Leaf Storm,Recover|Cinccino:59:103:Skill Link:Expert Belt:Jolly:31/31/31/31/31/31:6/252/0/0/0/252:Tail Slap,Triple Axel,Rock Blast,Bullet Seed	Dodrio,Granbull,Appletun,Cinccino	59	59	Normal,Fighting,Flying,Rock,Fire,Grass,Ice,Dragon,Dark,Fairy	75.0	Cinccino	Appletun	Ice,Flying,Poison,Fairy	NONE	4 slots, levels 59-59. Offense covers 10 types. Shared weakness: Ice, Flying, Poison, Fairy. Speed spans 30-115 base, fastest Cinccino, slowest Appletun. LEVEL-SCALED: rescales to the player, excluded from scoring.	data.js:trainers[17].normal	Measured	derived: team analysis; strategy_notes Inferred
17	PkMn Trainer Shelly	NA	boss_candidate	Celadon City Hotel	hardcore	8	Sabrina	59	TRUE	8|Celadon City Hotel|PkMn Trainer Shelly	4	Dodrio:59:103:UNK:Focus Sash:Jolly:31/31/31/31/31/31:0/0/0/0/0/0:Pursuit,Brave Bird,Double-Edge,Jump Kick|Klinklang:59:103:Steely Spirit:Fightinium Z:Adamant:31/31/31/31/31/31:0/0/0/0/0/0:Shift Gear,Gear Grind,Volt Tackle,Superpower|Cinderace:59:103:Protean:Life Orb:Jolly:31/31/31/31/31/31:0/0/0/0/0/0:Pyro Ball,U-turn,High Jump Kick,Sucker Punch|Appletun:59:103:Thick Fat:Applite:Modest:31/31/31/31/31/31:0/0/0/0/0/0:Draco Meteor,Superpower,Leaf Storm,Recover	Dodrio,Klinklang,Cinderace,Appletun	59	59	Normal,Fighting,Flying,Bug,Steel,Fire,Grass,Electric,Dragon,Dark	87.2	Cinderace	Appletun	Rock,Ice,Ground	NONE	4 slots, levels 59-59. Offense covers 10 types. Shared weakness: Rock, Ice, Ground. Speed spans 30-119 base, fastest Cinderace, slowest Appletun. LEVEL-SCALED: rescales to the player, excluded from scoring.	data.js:trainers[17].hardcore	Measured	derived: team analysis; strategy_notes Inferred
18	PkMn Trainer Cole	NA	boss_candidate	Route 8	normal	8	Sabrina	59	TRUE	8|Route 8|PkMn Trainer Cole	6	Yanmega:59:103:Frisk:Focus Sash:Timid:31/31/31/31/31/31:6/0/0/252/0/252:Air Slash,Bug Buzz,Giga Drain,U-turn|Tyrantrum:59:103:Rock Head:Shuca Berry:Jolly:31/31/31/31/31/31:6/252/0/0/0/252:Dragon Dance,Head Smash,Dragon Claw,Earthquake|Weezing-Galar:59:103:Neutralize Gas:Rocky Helmet:Bold:31/31/31/31/31/31:252/0/252/0/0/0:Sludge Bomb,Strange Steam,Flamethrower,Haze|Ferrothorn:59:103:UNK:Rocky Helmet:Impish:31/31/31/31/31/31:252/0/128/0/128/4:Leech Seed,Power Whip,Gyro Ball,Thunder Wave|Gastrodon:59:103:Sticky Hold:Rocky Helmet:Calm:31/31/31/31/31/31:252/0/0/0/252/0:Scald,Recover,Earth Power,Mirror Coat|Centiskorch:59:103:Clear Body:Centiskite:Adamant:31/31/31/31/31/31:252/252/0/0/0/6:Coil,Leech Life,Fire Lash,Knock Off	Yanmega,Tyrantrum,Weezing-Galar,Ferrothorn,Gastrodon,Centiskorch	59	59	Flying,Poison,Ground,Rock,Bug,Steel,Fire,Water,Grass,Psychic,Dragon,Dark,Fairy	58.3	Yanmega	Ferrothorn	NONE	NONE	6 slots, levels 59-59. Offense covers 13 types. No weakness shared by half the team. Speed spans 20-95 base, fastest Yanmega, slowest Ferrothorn. LEVEL-SCALED: rescales to the player, excluded from scoring.	data.js:trainers[18].normal	Measured	derived: team analysis; strategy_notes Inferred
18	PkMn Trainer Cole	NA	boss_candidate	Route 8	hardcore	8	Sabrina	59	TRUE	8|Route 8|PkMn Trainer Cole	6	Druddigon:59:103:Mold Breaker:Rocky Helmet:Impish:31/31/31/31/31/31:0/0/0/0/0/0:Stealth Rock,Dragon Hammer,Glare,Roost|Moltres-Galar:59:103:UNK:Weakness Policy:Timid:31/31/31/31/31/31:0/0/0/0/0/0:Agility,Fiery Wrath,Air Slash,Scorching Sands|Tapu Fini:59:103:Telepathy:Leftovers:Bold:31/31/31/31/31/31:0/0/0/0/0/0:Calm Mind,Surf,Drain Kiss,Ice Beam|Landorus-Therian:59:103:UNK:Flyinium Z:Jolly:31/31/31/31/31/31:0/0/0/0/0/0:Swords Dance,Earthquake,Fly,Stone Edge|Ferrothorn:59:103:UNK:Rocky Helmet:Relaxed:31/31/31/31/31/0:0/0/0/0/0/0:Leech Seed,Explosion,Power Whip,Gyro Ball|Centiskorch:59:103:Flame Body:Centiskite:Jolly:31/31/31/31/31/31:0/0/0/0/0/0:Coil,Fire Lash,Leech Life,Knock Off	Druddigon,Moltres-Galar,Tapu Fini,Landorus-Therian,Ferrothorn,Centiskorch	59	59	Normal,Flying,Ground,Rock,Bug,Steel,Fire,Water,Grass,Ice,Dragon,Dark,Fairy	65.3	Landorus-Therian	Ferrothorn	Ice	NONE	6 slots, levels 59-59. Offense covers 13 types. Shared weakness: Ice. Speed spans 20-91 base, fastest Landorus-Therian, slowest Ferrothorn. LEVEL-SCALED: rescales to the player, excluded from scoring.	data.js:trainers[18].hardcore	Measured	derived: team analysis; strategy_notes Inferred
19	PkMn Trainer Ketchup	NA	boss_candidate	Cerulean Cave 2F	normal	14	Clair	81	TRUE	14|Cerulean Cave 2F|PkMn Trainer Ketchup	6	Cloyster:81:103:Battle Armor:Focus Sash:Jolly:31/31/31/31/31/31:6/252/0/0/0/252:Shell Smash,Icicle Spear,Liquidation,Explosion|Chandelure:81:103:Shadow Tag:Choice Specs:Timid:31/31/31/31/31/31:6/0/0/252/0/252:Flamethrower,Shadow Ball,Energy Ball,Psychic|Ampharos:81:103:Illuminate:Ampharosite:Modest:31/31/31/31/31/31:252/0/0/252/0/6:Parabolic Charge,Dragon Pulse,Focus Blast,Volt Switch|Tapu Bulu:81:103:UNK:Assault Vest:Adamant:31/31/31/31/31/31:252/252/0/0/0/6:Wood Hammer,Horn Leech,Close Combat,Play Rough|Urshifu:81:103:UNK:Choice Scarf:Jolly:31/31/31/31/31/31:6/252/0/0/0/252:Wicked Blow,Close Combat,Poison Jab,U-turn|Urshifu-Rapid-Strike:81:103:UNK:Choice Band:Jolly:31/31/31/31/31/31:6/252/0/0/0/252:Surging Strikes,Aqua Jet,Close Combat,Thunder Punch	Cloyster,Chandelure,Ampharos,Tapu Bulu,Urshifu,Urshifu-Rapid-Strike	81	81	Normal,Fighting,Poison,Bug,Ghost,Fire,Water,Grass,Electric,Psychic,Ice,Dragon,Dark,Fairy	79.0	Urshifu	Ampharos	Flying	NONE	6 slots, levels 81-81. Offense covers 14 types. Shared weakness: Flying. Speed spans 55-97 base, fastest Urshifu, slowest Ampharos. LEVEL-SCALED: rescales to the player, excluded from scoring.	data.js:trainers[19].normal	Measured	derived: team analysis; strategy_notes Inferred
19	PkMn Trainer Ketchup	NA	boss_candidate	Cerulean Cave 2F	hardcore	14	Clair	81	TRUE	14|Cerulean Cave 2F|PkMn Trainer Ketchup	6	Necrozma:81:103:UNK:Power Herb:Modest:31/31/31/31/31/31:0/0/0/0/0/0:Stealth Rock,Meteor Beam,Psyshock,Heat Wave|Thundurus-Therian:81:103:UNK:Life Orb:Modest:31/31/31/30/30/30:0/0/0/0/0/0:Nasty Plot,Thunderbolt,Hidden Power,Focus Blast|Magmortar:81:103:Mega Launcher:Life Orb:Modest:31/31/31/31/31/31:0/0/0/0/0/0:Flamethrower,Aura Sphere,Dark Pulse,Steam Eruption|Banette:81:103:Wandering Soul:Banettite:Adamant:31/31/31/31/31/31:0/0/0/0/0/0:Double-Edge,Poltergeist,Shadow Sneak,Destiny Bond|Urshifu-Rapid-Strike:81:103:UNK:Life Orb:Jolly:31/31/31/31/31/31:0/0/0/0/0/0:Bulk Up,Surging Strikes,Drain Punch,Aqua Jet|Urshifu:81:103:UNK:Life Orb:Jolly:31/31/31/31/31/31:0/0/0/0/0/0:Wicked Blow,Close Combat,Poison Jab,U-turn	Necrozma,Thundurus-Therian,Magmortar,Banette,Urshifu-Rapid-Strike,Urshifu	81	81	Normal,Fighting,Poison,Rock,Bug,Ghost,Fire,Water,Electric,Psychic,Dark	89.5	Thundurus-Therian	Banette	NONE	NONE	6 slots, levels 81-81. Offense covers 11 types. No weakness shared by half the team. Speed spans 65-101 base, fastest Thundurus-Therian, slowest Banette. LEVEL-SCALED: rescales to the player, excluded from scoring.	data.js:trainers[19].hardcore	Measured	derived: team analysis; strategy_notes Inferred
20	PkMn Trainer Ketchup	NA	boss_candidate	Cerulean Cave 2F	normal	14	Clair	81	TRUE	14|Cerulean Cave 2F|PkMn Trainer Ketchup	6	Azumarill:81:103:Thick Fat:Assault Vest:Adamant:31/31/31/31/31/31:252/252/0/0/0/6:Liquidation,Aqua Jet,Play Rough,Superpower|Gliscor:81:103:Poison Heal:Toxic Orb:Adamant:31/31/31/31/31/31:252/252/0/0/0/6:Swords Dance,Earthquake,Facade,Roost|Dracozolt:81:103:Volt Absorb:Choice Scarf:Jolly:31/31/31/31/31/31:6/252/0/0/0/252:Bolt Beak,Dragon Claw,Earthquake,Fire Fang|Aggron:81:103:Heavy Metal:Aggronite:Careful:31/31/31/31/31/31:252/0/4/0/252/0:Curse,Heavy Slam,Rest,Sleep Talk|Urshifu:81:103:UNK:Choice Band:Jolly:31/31/31/31/31/31:6/252/0/0/0/252:Wicked Blow,Close Combat,Sucker Punch,Poison Jab|Urshifu-Rapid-Strike:81:103:UNK:Choice Band:Jolly:31/31/31/31/31/31:6/252/0/0/0/252:Surging Strikes,Aqua Jet,Close Combat,U-turn	Azumarill,Gliscor,Dracozolt,Aggron,Urshifu,Urshifu-Rapid-Strike	81	81	Normal,Fighting,Poison,Ground,Bug,Steel,Fire,Water,Electric,Dragon,Dark,Fairy	77.3	Urshifu	Azumarill	Fairy	NONE	6 slots, levels 81-81. Offense covers 12 types. Shared weakness: Fairy. Speed spans 50-97 base, fastest Urshifu, slowest Azumarill. LEVEL-SCALED: rescales to the player, excluded from scoring.	data.js:trainers[20].normal	Measured	derived: team analysis; strategy_notes Inferred
20	PkMn Trainer Ketchup	NA	boss_candidate	Cerulean Cave 2F	hardcore	14	Clair	81	TRUE	14|Cerulean Cave 2F|PkMn Trainer Ketchup	6	Galvantula:81:103:Swarm:Petaya Berry:Timid:31/31/31/31/31/31:0/0/0/0/0/0:Sticky Web,Thunder,Bug Buzz,Energy Ball|Cloyster:81:103:Battle Armor:White Herb:Jolly:31/31/31/31/31/31:0/0/0/0/0/0:Shell Smash,Liquidation,Icicle Spear,Rock Blast|Celesteela:81:103:UNK:Weakness Policy:Timid:31/31/31/31/31/31:0/0/0/0/0/0:Autotomize,Air Slash,Flamethrower,Flash Cannon|Dragapult:81:103:Stalwart:Ghostium Z:Jolly:31/31/31/31/31/31:0/0/0/0/0/0:Dragon Dance,Spirit Shackle,Dragon Darts,Iron Tail|Urshifu-Rapid-Strike:81:103:UNK:Salac Berry:Jolly:31/31/31/31/31/31:0/0/0/0/0/0:Bulk Up,Surging Strikes,Drain Punch,Aqua Jet|Urshifu:81:103:UNK:Choice Scarf:Jolly:31/31/31/31/31/31:0/0/0/0/0/0:Wicked Blow,Close Combat,Poison Jab,U-turn	Galvantula,Cloyster,Celesteela,Dragapult,Urshifu-Rapid-Strike,Urshifu	81	81	Fighting,Flying,Poison,Rock,Bug,Ghost,Steel,Fire,Water,Grass,Electric,Ice,Dragon,Dark	95.8	Dragapult	Celesteela	Electric,Fairy	NONE	6 slots, levels 81-81. Offense covers 14 types. Shared weakness: Electric, Fairy. Speed spans 61-142 base, fastest Dragapult, slowest Celesteela. LEVEL-SCALED: rescales to the player, excluded from scoring.	data.js:trainers[20].hardcore	Measured	derived: team analysis; strategy_notes Inferred
21	Ace Trainer Nelle	NA	route	Viridian Forest Heart	normal	0	Brock	15	TRUE	0|Viridian Forest Heart|Ace Trainer Nelle	2	Charcadet:14:102:Flame Body:Berry Juice:Bashful:31/31/31/31/31/31:0/0/0/0/0/0:Fire Spin,Night Shade,Will-O-Wisp,Clear Smog|Gulpin:14:102:Gluttony:Iapapa Berry:Bashful:31/31/31/31/31/31:0/0/0/0/0/0:Belch,Sludge,Bullet Seed,Sleep Talk	Charcadet,Gulpin	14	14	Poison,Ghost,Fire,Grass	37.5	Gulpin	Charcadet	Ground	NONE	2 slots, levels 14-14. Offense covers 4 types. Shared weakness: Ground. Speed spans 35-40 base, fastest Gulpin, slowest Charcadet. LEVEL-SCALED: rescales to the player, excluded from scoring.	data.js:trainers[21].normal	Measured	derived: team analysis; strategy_notes Inferred
21	Ace Trainer Nelle	NA	route	Viridian Forest Heart	hardcore	0	Brock	15	TRUE	0|Viridian Forest Heart|Ace Trainer Nelle	2	Charcadet:14:102:Flame Body:Berry Juice:Bashful:31/31/31/31/31/31:0/0/0/0/0/0:Fire Spin,Night Shade,Will-O-Wisp,Clear Smog|Gulpin:14:102:Gluttony:Iapapa Berry:Bashful:31/31/31/31/31/31:0/0/0/0/0/0:Belch,Sludge,Bullet Seed,Sleep Talk	Charcadet,Gulpin	14	14	Poison,Ghost,Fire,Grass	37.5	Gulpin	Charcadet	Ground	NONE	2 slots, levels 14-14. Offense covers 4 types. Shared weakness: Ground. Speed spans 35-40 base, fastest Gulpin, slowest Charcadet. LEVEL-SCALED: rescales to the player, excluded from scoring.	data.js:trainers[21].hardcore	Measured	derived: team analysis; strategy_notes Inferred
24	Dumbass Creator	NA	boss_candidate	Indigo Plateau League Approach	normal	16	Elite-4	85	FALSE	16|Indigo Plateau League Approach|Dumbass Creator	6	Gigalith:250:250:Sturdy:Smooth Rock:Adamant:31/31/31/31/31/31:252/252/4/0/0/0:Explosion|Shedinja:250:250:UNK:Focus Sash:Jolly:31/31/31/31/31/31:0/252/0/0/0/252:Soupercell Slam|Shedinja:250:250:UNK:Focus Sash:Jolly:31/31/31/31/31/31:0/252/0/0/0/252:Soupercell Slam|Shedinja:250:250:UNK:Focus Sash:Jolly:31/31/31/31/31/31:0/252/0/0/0/252:Soupercell Slam|Shedinja:250:250:UNK:Focus Sash:Jolly:31/31/31/31/31/31:0/252/0/0/0/252:Soupercell Slam|Shedinja:250:250:UNK:Focus Sash:Jolly:31/31/31/31/31/31:0/252/0/0/0/252:Soupercell Slam	Gigalith,Shedinja,Shedinja,Shedinja,Shedinja,Shedinja	250	250	Normal,Electric	37.5	Shedinja	Gigalith	Flying,Rock,Ghost,Fire,Dark	NONE	6 slots, levels 250-250. Offense covers 2 types. Shared weakness: Flying, Rock, Ghost, Fire, Dark. Speed spans 25-40 base, fastest Shedinja, slowest Gigalith.	data.js:trainers[24].normal	Measured	derived: team analysis; strategy_notes Inferred
24	Dumbass Creator	NA	boss_candidate	Indigo Plateau League Approach	hardcore	16	Elite-4	85	FALSE	16|Indigo Plateau League Approach|Dumbass Creator	6	Gigalith:250:250:Sturdy:Smooth Rock:Adamant:31/31/31/31/31/31:0/0/0/0/0/0:Explosion|Shedinja:250:250:UNK:Focus Sash:Jolly:31/31/31/31/31/31:0/0/0/0/0/0:Soupercell Slam|Shedinja:250:250:UNK:Focus Sash:Jolly:31/31/31/31/31/31:0/0/0/0/0/0:Soupercell Slam|Shedinja:250:250:UNK:Focus Sash:Jolly:31/31/31/31/31/31:0/0/0/0/0/0:Soupercell Slam|Shedinja:250:250:UNK:Focus Sash:Jolly:31/31/31/31/31/31:0/0/0/0/0/0:Soupercell Slam|Shedinja:250:250:UNK:Focus Sash:Jolly:31/31/31/31/31/31:0/0/0/0/0/0:Soupercell Slam	Gigalith,Shedinja,Shedinja,Shedinja,Shedinja,Shedinja	250	250	Normal,Electric	37.5	Shedinja	Gigalith	Flying,Rock,Ghost,Fire,Dark	NONE	6 slots, levels 250-250. Offense covers 2 types. Shared weakness: Flying, Rock, Ghost, Fire, Dark. Speed spans 25-40 base, fastest Shedinja, slowest Gigalith.	data.js:trainers[24].hardcore	Measured	derived: team analysis; strategy_notes Inferred
25	Dumbass Kid	NA	boss_candidate	Saffron City Gian's House 1F	normal	8	Sabrina	59	TRUE	8|Saffron City Gian's House 1F|Dumbass Kid	6	Swampert:59:103:UNK:Rindo Berry:Adamant:31/31/31/31/31/31:252/252/0/0/0/6:Stealth Rock,Flip Turn,Liquidation,Earthquake|Pelipper:59:103:Drizzle:Damp Rock:Modest:31/31/31/31/31/31:6/0/0/252/0/252:Surf,Hurricane,U-turn,Roost|Scizor:59:103:Swarm:Metal Coat:Adamant:31/31/31/31/31/31:252/252/0/0/0/6:Swords Dance,U-turn,Bullet Punch,Superpower|Frosmoth:59:103:Ice Scales:Leftovers:Modest:31/31/31/31/31/31:6/0/0/252/0/252:Quiver Dance,Ice Beam,Hurricane,Bug Buzz|Seaking:59:103:Rain Dish:Choice Band:Adamant:31/31/31/31/31/31:6/252/0/0/0/252:Fishious Rend,Megahorn,Flip Turn|Swampert:59:103:UNK:Swampertite:Adamant:31/31/31/31/31/31:6/252/0/0/0/252:Liquidation,Earthquake,Ice Punch,Flip Turn	Swampert,Pelipper,Scizor,Frosmoth,Seaking,Swampert	59	59	Fighting,Flying,Ground,Bug,Steel,Water,Ice	63.8	Seaking	Swampert	Grass	NONE	6 slots, levels 59-59. Offense covers 7 types. Shared weakness: Grass. Speed spans 60-68 base, fastest Seaking, slowest Swampert. LEVEL-SCALED: rescales to the player, excluded from scoring.	data.js:trainers[25].normal	Measured	derived: team analysis; strategy_notes Inferred
25	Dumbass Kid	NA	boss_candidate	Saffron City Gian's House 1F	hardcore	8	Sabrina	59	TRUE	8|Saffron City Gian's House 1F|Dumbass Kid	6	Beartic:59:103:Swift Swim:Focus Sash:Jolly:31/31/31/31/31/31:0/0/0/0/0/0:Swords Dance,Ice Hammer,Liquidation,Close Combat|Zapdos:59:103:Static:Flyinium Z:Timid:31/31/31/31/31/31:0/0/0/0/0/0:Volt Switch,Thunder,Hurricane,Weather Ball|Frosmoth:59:103:Ice Scales:Leftovers:Timid:31/31/31/31/31/31:0/0/0/0/0/0:Quiver Dance,Hurricane,Weather Ball,Ice Beam|Goodra:59:103:Sap Sipper:Leftovers:Impish:31/31/31/31/31/31:0/0/0/0/0/0:Curse,Rest,Draco Barrage,Earthquake|Scizor:59:103:Swarm:Assault Vest:Adamant:31/31/31/31/31/31:0/0/0/0/0/0:Bullet Punch,U-turn,Dual Wingbeat,Rock Smash|Swampert:59:103:Damp:Swampertite:Adamant:31/31/31/31/31/31:0/0/0/0/0/0:Power-Up Punch,Waterfall,Earthquake,Ice Punch	Beartic,Zapdos,Frosmoth,Goodra,Scizor,Swampert	59	59	Normal,Fighting,Flying,Ground,Bug,Steel,Water,Electric,Ice,Dragon	70.0	Zapdos	Beartic	Fire	NONE	6 slots, levels 59-59. Offense covers 10 types. Shared weakness: Fire. Speed spans 50-100 base, fastest Zapdos, slowest Beartic. LEVEL-SCALED: rescales to the player, excluded from scoring.	data.js:trainers[25].hardcore	Measured	derived: team analysis; strategy_notes Inferred
26	PkMn Trainer Brendan	NA	boss_candidate	Route 23	normal	15	Brendan	82	FALSE	15|Route 23|PkMn Trainer Brendan	6	Deoxys-Attack:81:81:UNK:Focus Sash:Naive:31/31/31/31/31/31:0/128/0/132/0/252:Psychic,Ice Beam,Superpower,Extreme Speed|Jirachi:81:81:UNK:Choice Scarf:Jolly:31/31/31/31/31/31:6/252/0/0/0/252:Iron Head,U-turn,Thunder Punch,Zen Headbutt|Landorus:82:82:UNK:Life Orb:Timid:31/31/31/31/31/31:6/0/0/252/0/252:Earth Power,Rock Slide,Sludge Wave,Aura Sphere|Zapdos-Galar:81:81:UNK:Choice Band:Jolly:31/31/31/31/31/31:6/252/0/0/0/252:Brave Bird,Close Combat,U-turn,Blaze Kick|Huntail:81:81:Defiant:White Herb:Jolly:31/31/31/31/31/31:6/252/0/0/0/252:Shell Smash,Liquidation,Crunch,Ice Fang|Sceptile:82:82:UNK:Sceptilite:Jolly:31/31/31/31/31/31:6/252/0/0/0/252:Swords Dance,Scale Shot,Bullet Seed,Earthquake	Deoxys-Attack,Jirachi,Landorus,Zapdos-Galar,Huntail,Sceptile	82	81	Normal,Fighting,Flying,Poison,Ground,Rock,Bug,Steel,Fire,Water,Grass,Electric,Psychic,Ice,Dragon,Dark	103.8	Deoxys-Attack	Huntail	Bug,Ice,Fairy	NONE	6 slots, levels 81-82. Offense covers 16 types. Shared weakness: Bug, Ice, Fairy. Speed spans 52-150 base, fastest Deoxys-Attack, slowest Huntail.	data.js:trainers[26].normal	Measured	derived: team analysis; strategy_notes Inferred
26	PkMn Trainer Brendan	NA	boss_candidate	Route 23	hardcore	15	Brendan	82	TRUE	15|Route 23|PkMn Trainer Brendan	6	Tyrantrum:82:103:Rock Head:Focus Sash:Adamant:31/31/31/31/31/31:0/0/0/0/0/0:Dragon Claw,Head Smash,Earthquake,Close Combat|Marowak-Alola:82:103:Bone Zone :Thick Club:Adamant:31/31/31/31/31/31:0/0/0/0/0/0:Shadow Bone,Fire Punch,Bonemerang,Swords Dance|Empoleon:82:103:Competitive:Leftovers:Bold:31/31/31/31/31/31:0/0/0/0/0/0:Calm Mind,Roost,Scald,Ice Beam|Landorus:82:103:Sheer Force:Life Orb:Rash:31/30/30/31/31/31:0/0/0/0/0/0:Earth Power,Rock Slide,Psychic,Hidden Power|Ursaluna-Bloodmoon:82:103:UNK:Assault Vest:Timid:31/31/31/31/31/31:0/0/0/0/0/0:Hyper Voice,Earth Power,Blood Moon,Aura Sphere|Sceptile:82:103:Unburden:Sceptilite:Jolly:31/31/31/31/31/31:0/0/0/0/0/0:Swords Dance,Dual Chop,Bullet Seed,Earthquake	Tyrantrum,Marowak-Alola,Empoleon,Landorus,Ursaluna-Bloodmoon,Sceptile	82	82	Normal,Fighting,Ground,Rock,Ghost,Fire,Water,Grass,Psychic,Ice,Dragon	74.8	Sceptile	Marowak-Alola	Fighting,Ground,Ice,Water	NONE	6 slots, levels 82-82. Offense covers 11 types. Shared weakness: Fighting, Ground, Ice, Water. Speed spans 45-120 base, fastest Sceptile, slowest Marowak-Alola. LEVEL-SCALED: rescales to the player, excluded from scoring.	data.js:trainers[26].hardcore	Measured	derived: team analysis; strategy_notes Inferred
27	Friendly Coach	NA	boss_candidate	Lavender Town EXP Farm	normal	3	Surge	34	TRUE	3|Lavender Town EXP Farm|Friendly Coach	6	Audino:34:103:UNK:Choice Scarf:Jolly:31/31/31/31/31/31:6/252/0/0/0/252:Memento|Audino:34:103:UNK:Choice Scarf:Jolly:31/31/31/31/31/31:6/252/0/0/0/252:Memento|Audino:34:103:UNK:Choice Scarf:Jolly:31/31/31/31/31/31:6/252/0/0/0/252:Memento|Audino:34:103:UNK:Choice Scarf:Jolly:31/31/31/31/31/31:6/252/0/0/0/252:Memento|Audino:34:103:UNK:Choice Scarf:Jolly:31/31/31/31/31/31:6/252/0/0/0/252:Memento|Audino:34:103:UNK:Choice Scarf:Jolly:31/31/31/31/31/31:6/252/0/0/0/252:Memento	Audino,Audino,Audino,Audino,Audino,Audino	34	34	NONE	50.0	Audino	Audino	Fighting	NONE	6 slots, levels 34-34. Offense covers 0 types. Shared weakness: Fighting. Speed spans 50-50 base, fastest Audino, slowest Audino. LEVEL-SCALED: rescales to the player, excluded from scoring.	data.js:trainers[27].normal	Measured	derived: team analysis; strategy_notes Inferred
27	Friendly Coach	NA	boss_candidate	Lavender Town EXP Farm	hardcore	3	Surge	34	TRUE	3|Lavender Town EXP Farm|Friendly Coach	6	Audino:34:103:UNK:Choice Scarf:Jolly:31/31/31/31/31/31:0/0/0/0/0/0:Memento|Audino:34:103:UNK:Choice Scarf:Jolly:31/31/31/31/31/31:0/0/0/0/0/0:Memento|Audino:34:103:UNK:Choice Scarf:Jolly:31/31/31/31/31/31:0/0/0/0/0/0:Memento|Audino:34:103:UNK:Choice Scarf:Jolly:31/31/31/31/31/31:0/0/0/0/0/0:Memento|Audino:34:103:UNK:Choice Scarf:Jolly:31/31/31/31/31/31:0/0/0/0/0/0:Memento|Audino:34:103:UNK:Choice Scarf:Jolly:31/31/31/31/31/31:0/0/0/0/0/0:Memento	Audino,Audino,Audino,Audino,Audino,Audino	34	34	NONE	50.0	Audino	Audino	Fighting	NONE	6 slots, levels 34-34. Offense covers 0 types. Shared weakness: Fighting. Speed spans 50-50 base, fastest Audino, slowest Audino. LEVEL-SCALED: rescales to the player, excluded from scoring.	data.js:trainers[27].hardcore	Measured	derived: team analysis; strategy_notes Inferred
28	Leader Morty	NA	boss_candidate	Pokemon Tower 9F	normal	17	Post-Game	100	TRUE	17|Pokemon Tower 9F|Leader Morty	6	Mimikyu:100:103:UNK:Ghostium Z:Jolly:31/31/31/31/31/31:0/252/4/0/0/252:Shadow Claw,Play Rough,Shadow Sneak,Swords Dance|Marshadow:100:103:UNK:Focus Sash:Jolly:31/31/31/31/31/31:0/252/4/0/0/252:Bulk Up,Drain Punch,Spectral Thief,Shadow Sneak|Silvally-Fairy:100:103:UNK:Leftovers:Timid:31/31/31/31/31/31:252/0/4/0/0/252:Thunder Wave,Multi-Attack,Flamethrower,Parting Shot|Urshifu:100:103:UNK:Black Glasses:Jolly:31/31/31/31/31/31:0/252/4/0/0/252:U-turn,Close Combat,Wicked Blow,Sucker Punch|Gengar:100:103:UNK:Gengarite:Timid:31/31/31/31/31/31:0/0/4/252/0/252:Shadow Ball,Sludge Wave,Focus Blast,Thunderbolt|Zarude:100:103:Leaf Guard:Leftovers:Jolly:31/31/31/31/31/31:0/252/4/0/0/252:U-turn,Power Whip,Knock Off,Close Combat	Mimikyu,Marshadow,Silvally-Fairy,Urshifu,Gengar,Zarude	100	100	Normal,Fighting,Poison,Bug,Ghost,Fire,Grass,Electric,Dark,Fairy	105.5	Marshadow	Mimikyu	Ghost,Flying,Fairy	NONE	6 slots, levels 100-100. Offense covers 10 types. Shared weakness: Ghost, Flying, Fairy. Speed spans 96-125 base, fastest Marshadow, slowest Mimikyu. LEVEL-SCALED: rescales to the player, excluded from scoring.	data.js:trainers[28].normal	Measured	derived: team analysis; strategy_notes Inferred
28	Leader Morty	NA	boss_candidate	Pokemon Tower 9F	hardcore	17	Post-Game	100	TRUE	17|Pokemon Tower 9F|Leader Morty	6	Mimikyu:100:103:UNK:Ghostium Z:Jolly:31/31/31/31/31/31:0/0/0/0/0/0:Shadow Claw,Play Rough,Shadow Sneak,Swords Dance|Marshadow:100:103:UNK:Focus Sash:Jolly:31/31/31/31/31/31:0/0/0/0/0/0:Bulk Up,Drain Punch,Spectral Thief,Shadow Sneak|Silvally-Fairy:100:103:UNK:Leftovers:Timid:31/31/31/31/31/31:0/0/0/0/0/0:Thunder Wave,Multi-Attack,Flamethrower,Parting Shot|Urshifu:100:103:UNK:Black Glasses:Jolly:31/31/31/31/31/31:0/0/0/0/0/0:U-turn,Close Combat,Wicked Blow,Sucker Punch|Gengar:100:103:UNK:Gengarite:Timid:31/31/31/31/31/31:0/0/0/0/0/0:Shadow Ball,Sludge Wave,Focus Blast,Destiny Bond|Zarude:100:103:UNK:Leftovers:Jolly:31/31/31/31/31/31:0/0/0/0/0/0:U-turn,Power Whip,Knock Off,Close Combat	Mimikyu,Marshadow,Silvally-Fairy,Urshifu,Gengar,Zarude	100	100	Normal,Fighting,Poison,Bug,Ghost,Fire,Grass,Dark,Fairy	105.5	Marshadow	Mimikyu	Ghost,Flying,Fairy	NONE	6 slots, levels 100-100. Offense covers 9 types. Shared weakness: Ghost, Flying, Fairy. Speed spans 96-125 base, fastest Marshadow, slowest Mimikyu. LEVEL-SCALED: rescales to the player, excluded from scoring.	data.js:trainers[28].hardcore	Measured	derived: team analysis; strategy_notes Inferred
32	Leader Misty	NA	boss_candidate	Cerulean City Gym	normal	17	Post-Game	100	TRUE	17|Cerulean City Gym|Leader Misty	6	Pikachu-Flying:100:103:Lightning Rod:Light Ball:Timid:31/31/31/31/31/31:0/0/4/252/0/252:Thunder,Hurricane,Electroweb,Fake Out|Kyogre:100:103:UNK:Damp Rock:Timid:31/31/31/31/31/31:0/0/4/252/0/252:Ice Beam,Water Spout,Origin Pulse,Thunder|Goodra-Hisui:100:103:Gooey:Assault Vest:Bold:31/31/31/31/31/31:252/0/252/4/0/0:Draco Barrage,Flash Cannon,Thunder,Muddy Water|Kingdra:100:103:Damp:Waterium Z:Timid:31/31/31/31/31/31:0/0/4/252/0/252:Draco Barrage,Hydro Pump,Muddy Water,Hurricane|Drednaw:100:103:Strong Jaw:Drednawite:Jolly:31/31/31/31/31/31:0/252/4/0/0/252:Jaw Lock,Aqua Fang,Crunch,Shell Smash|Floatzel:100:103:Technician:Focus Sash:Jolly:31/31/31/31/31/31:0/252/4/0/0/252:Surging Strikes,Fake Out,Flip Turn,Pursuit	Pikachu-Flying,Kyogre,Goodra-Hisui,Kingdra,Drednaw,Floatzel	100	100	Normal,Fighting,Flying,Steel,Water,Electric,Ice,Dragon,Dark	85.7	Floatzel	Goodra-Hisui	Grass,Electric	NONE	6 slots, levels 100-100. Offense covers 9 types. Shared weakness: Grass, Electric. Speed spans 60-115 base, fastest Floatzel, slowest Goodra-Hisui. LEVEL-SCALED: rescales to the player, excluded from scoring.	data.js:trainers[32].normal	Measured	derived: team analysis; strategy_notes Inferred
32	Leader Misty	NA	boss_candidate	Cerulean City Gym	hardcore	17	Post-Game	100	TRUE	17|Cerulean City Gym|Leader Misty	6	Pikachu-Flying:100:103:Lightning Rod:Light Ball:Timid:31/31/31/31/31/31:0/0/0/0/0/0:Thunder,Hurricane,Electroweb,Fake Out|Kyogre:100:103:UNK:Blue Orb:Hasty:31/31/31/31/31/31:0/0/0/0/0/0:Earthquake,Water Spout,Origin Pulse,Thunder|Goodra-Hisui:100:103:Gooey:Assault Vest:Bold:31/31/31/31/31/31:0/0/0/0/0/0:Draco Barrage,Flash Cannon,Thunder,Muddy Water|Kingdra:100:103:Damp:Waterium Z:Timid:31/31/31/31/31/31:0/0/0/0/0/0:Draco Barrage,Hydro Pump,Muddy Water,Hurricane|Drednaw:100:103:Strong Jaw:Drednawite:Jolly:31/31/31/31/31/31:0/0/0/0/0/0:Jaw Lock,Aqua Fang,Crunch,Shell Smash|Floatzel:100:103:Technician:Focus Sash:Jolly:31/31/31/31/31/31:0/0/0/0/0/0:Surging Strikes,Fake Out,Flip Turn,Pursuit	Pikachu-Flying,Kyogre,Goodra-Hisui,Kingdra,Drednaw,Floatzel	100	100	Normal,Fighting,Flying,Ground,Steel,Water,Electric,Dragon,Dark	85.7	Floatzel	Goodra-Hisui	Grass,Electric	NONE	6 slots, levels 100-100. Offense covers 9 types. Shared weakness: Grass, Electric. Speed spans 60-115 base, fastest Floatzel, slowest Goodra-Hisui. LEVEL-SCALED: rescales to the player, excluded from scoring.	data.js:trainers[32].hardcore	Measured	derived: team analysis; strategy_notes Inferred
35	Dumbass Gian	NA	boss_candidate	Saffron City Gian's House 1F	normal	17	Post-Game	100	TRUE	17|Saffron City Gian's House 1F|Dumbass Gian	6	Magearna:100:103:UNK:Sitrus Berry:Calm:31/31/31/31/31/31:252/0/0/252/0/4:Helping Hand,Moonblast,Flash Cannon,Protect|Swampert:100:103:Damp:Swampertite:Jolly:31/31/31/31/31/31:0/252/4/0/0/252:High Horsepower,Ice Punch,Waterfall,Flip Turn|Necrozma-Dusk-Mane:100:103:UNK:Solganium Z:Adamant:31/31/31/31/31/31:0/252/4/0/0/252:Sunsteel Strike,Dragon Dance,Stone Edge,Psychic Fangs|Greninja-Ash:100:103:UNK:Life Orb:Timid:31/31/31/31/31/31:0/0/4/252/0/252:Water Shuriken,Dark Pulse,Ice Beam,Hydro Pump|Palkia-Origin:100:103:Telepathy:Lustrous Orb:Timid:31/31/31/31/31/31:0/0/4/252/0/252:Hydro Pump,Spacial Rend,Thunder,Aura Sphere|Shaymin-Sky:100:103:UNK:Choice Specs:Timid:31/30/31/31/31/31:0/0/4/252/0/252:Seed Flare,Hurricane,Earth Power,Hidden Power	Magearna,Swampert,Necrozma-Dusk-Mane,Greninja-Ash,Palkia-Origin,Shaymin-Sky	100	100	Normal,Fighting,Flying,Ground,Rock,Steel,Water,Grass,Electric,Psychic,Ice,Dragon,Dark,Fairy	96.8	Greninja-Ash	Swampert	Fire	NONE	6 slots, levels 100-100. Offense covers 14 types. Shared weakness: Fire. Speed spans 60-132 base, fastest Greninja-Ash, slowest Swampert. LEVEL-SCALED: rescales to the player, excluded from scoring.	data.js:trainers[35].normal	Measured	derived: team analysis; strategy_notes Inferred
35	Dumbass Gian	NA	boss_candidate	Saffron City Gian's House 1F	hardcore	17	Post-Game	100	TRUE	17|Saffron City Gian's House 1F|Dumbass Gian	6	Magearna:100:103:UNK:Sitrus Berry:Calm:31/31/31/31/31/31:0/0/0/0/0/0:Helping Hand,Moonblast,Flash Cannon,Protect|Swampert:100:103:Damp:Swampertite:Jolly:31/31/31/31/31/31:0/0/0/0/0/0:High Horsepower,Ice Punch,Waterfall,Flip Turn|Necrozma-Dusk-Mane:100:103:UNK:Solganium Z:Adamant:31/31/31/31/31/31:0/0/0/0/0/0:Sunsteel Strike,Dragon Dance,Stone Edge,Psychic Fangs|Greninja-Ash:100:103:UNK:Life Orb:Timid:31/31/31/31/31/31:0/0/0/0/0/0:Water Shuriken,Dark Pulse,Ice Beam,Hydro Pump|Palkia-Origin:100:103:Telepathy:Lustrous Orb:Timid:31/31/31/31/31/31:0/0/0/0/0/0:Hydro Pump,Spacial Rend,Thunder,Aura Sphere|Shaymin-Sky:100:103:UNK:Choice Specs:Timid:31/30/31/31/31/31:0/0/0/0/0/0:Seed Flare,Hurricane,Earth Power,Hidden Power	Magearna,Swampert,Necrozma-Dusk-Mane,Greninja-Ash,Palkia-Origin,Shaymin-Sky	100	100	Normal,Fighting,Flying,Ground,Rock,Steel,Water,Grass,Electric,Psychic,Ice,Dragon,Dark,Fairy	96.8	Greninja-Ash	Swampert	Fire	NONE	6 slots, levels 100-100. Offense covers 14 types. Shared weakness: Fire. Speed spans 60-132 base, fastest Greninja-Ash, slowest Swampert. LEVEL-SCALED: rescales to the player, excluded from scoring.	data.js:trainers[35].hardcore	Measured	derived: team analysis; strategy_notes Inferred
38	Leader Clair	NA	boss_candidate	Viridian City Gym	normal	17	Post-Game	100	TRUE	17|Viridian City Gym|Leader Clair	6	Dragapult:100:103:Stalwart:Focus Sash:Hasty:31/31/31/31/31/31:0/252/0/4/0/252:Dragon Darts,Spirit Shackle,U-turn,Draco Meteor|Dialga:100:103:Telepathy:Adamant Orb:Modest:31/31/31/31/31/31:252/0/0/252/4/0:Roar of Time,Flamethrower,Flash Cannon,Thunderbolt|Dragonite:100:103:Multiscale:Weakness Policy:Lonely:31/31/31/31/31/31:0/252/0/0/4/252:Dual Wingbeat,Fire Blast,Dragon Hammer,Dragon Dance|Flapple:100:103:Hustle:Applite:Naive:31/31/31/31/31/31:0/4/0/252/0/252:Dragon Energy,Energy Ball,Sucker Punch,U-turn|Kyurem-Black:100:103:UNK:Lum Berry:Jolly:31/31/31/31/31/31:0/252/0/0/4/252:Dragon Dance,Dragon Hammer,Fusion Bolt,Ice Hammer|Genesect:100:103:UNK:Life Orb:Hasty:31/31/31/31/31/31:0/128/0/128/4/252:U-turn,Extreme Speed,Ice Beam,Flamethrower	Dragapult,Dialga,Dragonite,Flapple,Kyurem-Black,Genesect	100	100	Normal,Flying,Bug,Ghost,Steel,Fire,Grass,Electric,Ice,Dragon,Dark	96.0	Dragapult	Flapple	Ice,Dragon,Fairy	NONE	6 slots, levels 100-100. Offense covers 11 types. Shared weakness: Ice, Dragon, Fairy. Speed spans 70-142 base, fastest Dragapult, slowest Flapple. LEVEL-SCALED: rescales to the player, excluded from scoring.	data.js:trainers[38].normal	Measured	derived: team analysis; strategy_notes Inferred
38	Leader Clair	NA	boss_candidate	Viridian City Gym	hardcore	17	Post-Game	100	TRUE	17|Viridian City Gym|Leader Clair	6	Dragapult:100:103:Stalwart:Focus Sash:Hasty:31/31/31/31/31/31:0/0/0/0/0/0:Dragon Darts,Spirit Shackle,U-turn,Draco Meteor|Dialga:100:103:Telepathy:Adamant Orb:Timid:31/31/31/31/31/31:0/0/0/0/0/0:Roar of Time,Flamethrower,Flash Cannon,Thunderbolt|Dragonite:100:103:Multiscale:Weakness Policy:Lonely:31/31/31/31/31/31:0/0/0/0/0/0:Dual Wingbeat,Fire Blast,Dragon Hammer,Dragon Dance|Flapple:100:103:Hustle:Applite:Naive:31/31/31/31/31/31:0/0/0/0/0/0:Dragon Energy,Energy Ball,Sucker Punch,U-turn|Kyurem-Black:100:103:UNK:Lum Berry:Jolly:31/31/31/31/31/31:0/0/0/0/0/0:Dragon Dance,Dragon Hammer,Fusion Bolt,Ice Hammer|Genesect:100:103:UNK:Life Orb:Hasty:31/31/31/31/31/31:0/0/0/0/0/0:U-turn,Extreme Speed,Ice Beam,Flamethrower	Dragapult,Dialga,Dragonite,Flapple,Kyurem-Black,Genesect	100	100	Normal,Flying,Bug,Ghost,Steel,Fire,Grass,Electric,Ice,Dragon,Dark	96.0	Dragapult	Flapple	Ice,Dragon,Fairy	NONE	6 slots, levels 100-100. Offense covers 11 types. Shared weakness: Ice, Dragon, Fairy. Speed spans 70-142 base, fastest Dragapult, slowest Flapple. LEVEL-SCALED: rescales to the player, excluded from scoring.	data.js:trainers[38].hardcore	Measured	derived: team analysis; strategy_notes Inferred
39	Champion Lance	NA	route	Cerulean Cave B1F	normal	13	Giovanni-3	80	FALSE	13|Cerulean Cave B1F|Champion Lance	3	Dragapult:83:83:Stalwart:Spell Tag:Hasty:31/31/31/31/31/31:0/252/0/0/68/188:Spirit Shackle,Dragon Darts,Thunderbolt,Flamethrower|Dialga:83:83:Telepathy:Assault Vest:Modest:31/31/31/31/31/31:252/0/4/36/216/0:Body Press,Dragon Pulse,Flash Cannon,Flamethrower|Salamence:82:82:Moxie:Salamencite:Hasty:31/31/31/31/31/31:0/252/0/4/0/252:Double-Edge,Aqua Tail,Flamethrower,Hyper Voice	Dragapult,Dialga,Salamence	83	82	Normal,Fighting,Ghost,Steel,Fire,Water,Electric,Dragon	110.7	Dragapult	Dialga	Ice,Dragon,Fairy	NONE	3 slots, levels 82-83. Offense covers 8 types. Shared weakness: Ice, Dragon, Fairy. Speed spans 90-142 base, fastest Dragapult, slowest Dialga.	data.js:trainers[39].normal	Measured	derived: team analysis; strategy_notes Inferred
39	Champion Lance	NA	route	Cerulean Cave B1F	hardcore	13	Giovanni-3	80	FALSE	13|Cerulean Cave B1F|Champion Lance	3	Dragapult:83:83:Stalwart:Spell Tag:Hasty:31/31/31/31/31/31:0/0/0/0/0/0:Spirit Shackle,Dragon Darts,Thunderbolt,Flamethrower|Dialga:83:83:Telepathy:Assault Vest:Modest:31/31/31/31/31/31:0/0/0/0/0/0:Body Press,Dragon Pulse,Flash Cannon,Flamethrower|Salamence:82:82:Moxie:Salamencite:Hasty:31/31/31/31/31/31:0/0/0/0/0/0:Double-Edge,Aqua Tail,Flamethrower,Hyper Voice	Dragapult,Dialga,Salamence	83	82	Normal,Fighting,Ghost,Steel,Fire,Water,Electric,Dragon	110.7	Dragapult	Dialga	Ice,Dragon,Fairy	NONE	3 slots, levels 82-83. Offense covers 8 types. Shared weakness: Ice, Dragon, Fairy. Speed spans 90-142 base, fastest Dragapult, slowest Dialga.	data.js:trainers[39].hardcore	Measured	derived: team analysis; strategy_notes Inferred
40	Dumbass Jojo Fan	NA	boss_candidate	One Island	normal	17	Post-Game	100	TRUE	17|One Island|Dumbass Jojo Fan	6	Galvantula:100:103:Swarm:Focus Sash:Timid:31/31/31/31/31/31:6/0/0/252/0/252:Sticky Web,Volt Switch,Thunder,Bug Buzz|Garchomp:100:103:Iron Barbs:Garchompite:Jolly:31/31/31/31/31/31:6/252/0/0/0/252:Swords Dance,Earthquake,Rock Slide,Fire Fang|Huntail:100:103:UNK:White Herb:Adamant:31/31/31/31/31/31:6/252/0/0/0/252:Shell Smash,Liquidation,Crunch,Sucker Punch|Necrozma-Dusk-Mane:100:103:UNK:Weakness Policy:Adamant:31/31/31/31/31/31:252/252/0/0/0/6:Dragon Dance,Photon Geyser,Earthquake,Heat Wave|Machamp:100:103:No Guard:Machampite:Adamant:31/31/31/31/31/31:252/252/0/0/0/6:Power-Up Punch,Drain Punch,Ice Punch,Bullet Punch|Hoopa-Unbound:100:103:UNK:Fightinium Z:Timid:31/31/31/31/31/31:6/0/0/252/0/252:Nasty Plot,Dark Pulse,Psychic,Focus Blast	Galvantula,Garchomp,Huntail,Necrozma-Dusk-Mane,Machamp,Hoopa-Unbound	100	100	Fighting,Ground,Rock,Bug,Steel,Fire,Water,Electric,Psychic,Ice,Dark	79.0	Galvantula	Huntail	Fairy	NONE	6 slots, levels 100-100. Offense covers 11 types. Shared weakness: Fairy. Speed spans 52-108 base, fastest Galvantula, slowest Huntail. LEVEL-SCALED: rescales to the player, excluded from scoring.	data.js:trainers[40].normal	Measured	derived: team analysis; strategy_notes Inferred
40	Dumbass Jojo Fan	NA	boss_candidate	One Island	hardcore	17	Post-Game	100	TRUE	17|One Island|Dumbass Jojo Fan	6	Galvantula:100:103:Swarm:Focus Sash:Timid:31/31/31/31/31/31:0/0/0/0/0/0:Sticky Web,Volt Switch,Thunder,Bug Buzz|Garchomp:100:103:Iron Barbs:Garchompite:Jolly:31/31/31/31/31/31:0/0/0/0/0/0:Swords Dance,Earthquake,Rock Slide,Fire Fang|Huntail:100:103:UNK:White Herb:Adamant:31/31/31/31/31/31:0/0/0/0/0/0:Shell Smash,Liquidation,Crunch,Sucker Punch|Necrozma-Dusk-Mane:100:103:UNK:Weakness Policy:Adamant:31/31/31/31/31/31:0/0/0/0/0/0:Dragon Dance,Photon Geyser,Earthquake,Heat Wave|Machamp:100:103:No Guard:Machampite:Adamant:31/31/31/31/31/31:0/0/0/0/0/0:Power-Up Punch,Drain Punch,Ice Punch,Bullet Punch|Hoopa-Unbound:100:103:UNK:Fightinium Z:Timid:31/31/31/31/31/31:0/0/0/0/0/0:Nasty Plot,Dark Pulse,Psychic,Focus Blast	Galvantula,Garchomp,Huntail,Necrozma-Dusk-Mane,Machamp,Hoopa-Unbound	100	100	Fighting,Ground,Rock,Bug,Steel,Fire,Water,Electric,Psychic,Ice,Dark	79.0	Galvantula	Huntail	Fairy	NONE	6 slots, levels 100-100. Offense covers 11 types. Shared weakness: Fairy. Speed spans 52-108 base, fastest Galvantula, slowest Huntail. LEVEL-SCALED: rescales to the player, excluded from scoring.	data.js:trainers[40].hardcore	Measured	derived: team analysis; strategy_notes Inferred
41	Rocket Admin Ariana	NA	boss_candidate	Mt Ember Exterior	normal	17	Post-Game	100	TRUE	17|Mt Ember Exterior|Rocket Admin Ariana	6	Ambipom:100:103:Skill Link:Life Orb:Jolly:31/31/31/31/31/31:6/252/0/0/0/252:Fake Out,Arm Thrust,U-turn,Beat Up|Weavile:100:103:UNK:Focus Sash:Jolly:31/31/31/31/31/31:6/252/0/0/0/252:Triple Axel,Ice Shard,Low Kick,Night Slash|Victini:100:103:UNK:Normalium Z:Timid:31/31/31/31/31/31:6/0/0/252/0/252:Celebrate,Searing Shot,Stored Power,Energy Ball|Toxapex:100:103:Regenerator:Black Sludge:Bold:31/31/31/31/31/31:252/0/252/0/0/0:Haze,Scald,Toxic,Knock Off|Mawile:100:103:Intimidate:Mawilite:Adamant:31/31/31/31/31/31:252/252/0/0/0/6:Iron Head,Play Rough,Sucker Punch,Thunder Punch|Xerneas:100:103:UNK:Power Herb:Modest:31/31/31/31/31/31:252/0/0/252/0/6:Geomancy,Drain Kiss,Thunderbolt,Moonblast	Ambipom,Weavile,Victini,Toxapex,Mawile,Xerneas	100	100	Normal,Fighting,Bug,Steel,Fire,Water,Grass,Electric,Psychic,Ice,Dark,Fairy	87.3	Weavile	Toxapex	Ground	NONE	6 slots, levels 100-100. Offense covers 12 types. Shared weakness: Ground. Speed spans 35-125 base, fastest Weavile, slowest Toxapex. LEVEL-SCALED: rescales to the player, excluded from scoring.	data.js:trainers[41].normal	Measured	derived: team analysis; strategy_notes Inferred
41	Rocket Admin Ariana	NA	boss_candidate	Mt Ember Exterior	hardcore	17	Post-Game	100	TRUE	17|Mt Ember Exterior|Rocket Admin Ariana	6	Lopunny:100:103:Limber:Lopunnite:Jolly:31/31/31/31/31/31:0/0/0/0/0/0:Fake Out,Double-Edge,Close Combat,U-turn|Greninja:100:103:Protean:Waterium Z:Naive:31/31/31/31/31/31:0/0/0/0/0/0:Hydro Pump,Ice Beam,Gunk Shot,U-turn|Dragonite:100:103:Multiscale:Lum Berry:Jolly:31/31/31/31/31/31:0/0/0/0/0/0:Dragon Dance,Dual Wingbeat,Earthquake,Fire Punch|Delphox:100:103:Magic Guard:Life Orb:Timid:31/31/31/31/31/31:0/0/0/0/0/0:Mind Blown,Psyshock,Grass Knot,Dazzling Gleam|Xerneas:100:103:UNK:Power Herb:Jolly:31/31/31/31/31/31:0/0/0/0/0/0:Geomancy,Moonblast,Thunderbolt,Drain Kiss|Mawile:100:103:Hyper Cutter:Mawilite:Adamant:31/31/31/0/31/31:0/0/0/0/0/0:Iron Head,Play Rough,Knock Off,Thunder Punch	Lopunny,Greninja,Dragonite,Delphox,Xerneas,Mawile	100	100	Normal,Fighting,Flying,Poison,Ground,Bug,Steel,Fire,Water,Grass,Electric,Psychic,Ice,Dark,Fairy	93.3	Greninja	Mawile	Fairy	NONE	6 slots, levels 100-100. Offense covers 15 types. Shared weakness: Fairy. Speed spans 50-122 base, fastest Greninja, slowest Mawile. LEVEL-SCALED: rescales to the player, excluded from scoring.	data.js:trainers[41].hardcore	Measured	derived: team analysis; strategy_notes Inferred
42	Rocket Admin Archer	NA	boss_candidate	Mt Ember Summit	normal	17	Post-Game	100	TRUE	17|Mt Ember Summit|Rocket Admin Archer	6	Aerodactyl:100:103:Pressure:Sharp Beak:Jolly:31/31/31/31/31/31:6/252/0/0/0/252:Brave Bird,Stone Edge,Earthquake,Fire Fang|Heliolisk:100:103:Solar Power:Focus Sash:Timid:31/31/31/31/31/31:6/0/0/252/0/252:Hyper Voice,Volt Switch,Thunderbolt,Grass Knot|Latias:100:103:UNK:Latiasite:Timid:31/31/31/31/31/31:252/0/0/4/0/252:Thunderbolt,Ice Beam,Calm Mind,Psyshock|Houndoom:100:103:Early Bird:Houndoomnite:Timid:31/31/31/31/31/31:6/0/0/252/0/252:Fiery Wrath,Flamethrower,Solar Beam,Sludge Bomb|Mismagius:100:103:UNK:Ghostium Z:Timid:31/31/31/31/31/31:6/0/0/252/0/252:Shadow Ball,Moonblast,Mystical Fire,Thunderbolt|Heatran:100:103:UNK:Air Balloon:Timid:31/31/31/31/31/31:6/0/0/252/0/252:Protect,Flamethrower,Flash Cannon,Earthquake	Aerodactyl,Heliolisk,Latias,Houndoom,Mismagius,Heatran	100	100	Normal,Flying,Poison,Ground,Rock,Ghost,Steel,Fire,Grass,Electric,Psychic,Ice,Dark,Fairy	104.3	Aerodactyl	Heatran	Water,Fighting,Ground	NONE	6 slots, levels 100-100. Offense covers 14 types. Shared weakness: Water, Fighting, Ground. Speed spans 77-130 base, fastest Aerodactyl, slowest Heatran. LEVEL-SCALED: rescales to the player, excluded from scoring.	data.js:trainers[42].normal	Measured	derived: team analysis; strategy_notes Inferred
42	Rocket Admin Archer	NA	boss_candidate	Mt Ember Summit	hardcore	17	Post-Game	100	TRUE	17|Mt Ember Summit|Rocket Admin Archer	6	Aerodactyl:100:103:Unnerve:Sharp Beak:Jolly:31/31/31/31/31/31:0/0/0/0/0/0:Brave Bird,Stone Edge,Headlong Rush,Fire Fang|Heliolisk:100:103:Solar Power:Focus Sash:Timid:31/31/31/31/31/31:0/0/0/0/0/0:Boomburst,Thunderbolt,Grass Knot,Weather Ball|Zygarde:100:103:UNK:Groundium Z:Impish:31/31/31/31/31/31:0/0/0/0/0/0:Thousand Arrows,Extreme Speed,Glare,Dragon Dance|Heatran:100:103:Flame Body:Air Balloon:Timid:31/31/31/31/31/31:0/0/0/0/0/0:Protect,Flamethrower,Flash Cannon,Earth Power|Salamence:100:103:Moxie:Salamencite:Naive:31/31/31/31/31/31:0/0/0/0/0/0:Double-Edge,Flamethrower,Roost,Protect|Houndoom:100:103:Early Bird:Houndoomnite:Timid:31/31/31/31/31/31:0/0/0/0/0/0:Dark Hole,Fire Blast,Sludge Bomb,Solar Beam	Aerodactyl,Heliolisk,Zygarde,Heatran,Salamence,Houndoom	100	100	Normal,Flying,Poison,Ground,Rock,Steel,Fire,Grass,Electric,Dark	101.0	Aerodactyl	Heatran	Rock,Water,Ice,Fighting,Ground	NONE	6 slots, levels 100-100. Offense covers 10 types. Shared weakness: Rock, Water, Ice, Fighting, Ground. Speed spans 77-130 base, fastest Aerodactyl, slowest Heatran. LEVEL-SCALED: rescales to the player, excluded from scoring.	data.js:trainers[42].hardcore	Measured	derived: team analysis; strategy_notes Inferred
43	Leader Falkner	NA	boss_candidate	Rock Tunnel Magearna's Chamber	normal	17	Post-Game	100	TRUE	17|Rock Tunnel Magearna's Chamber|Leader Falkner	6	Pidgeot:100:103:No Guard:Pidgeotite:Timid:31/31/31/31/31/31:0/0/0/0/0/0:Hurricane,Heat Wave,Focus Blast,U-turn|Yanmega:100:103:Speed Boost:Choice Specs:Timid:31/31/31/31/31/31:0/0/0/0/0/0:Bug Buzz,Air Slash,Giga Drain,U-turn|Shaymin-Sky:100:103:UNK:Focus Sash:Timid:31/30/30/31/31/31:0/0/0/0/0/0:Seed Flare,Air Slash,Earth Power,Hidden Power|Enamorus:100:103:Contrary:Flying Gem:Jolly:31/31/31/31/31/31:0/0/0/0/0/0:Superpower,Acrobatics,Play Rough,Knock Off|Ho-Oh:100:103:Phoenix Down:Lum Berry:Jolly:31/31/31/0/31/31:0/0/0/0/0/0:Brave Bird,Sacred Fire,Earthquake,Roost|Gyarados:100:103:Moxie:Flyinium Z:Jolly:31/31/31/0/31/31:0/0/0/0/0/0:Dragon Dance,Waterfall,Earthquake,Bounce	Pidgeot,Yanmega,Shaymin-Sky,Enamorus,Ho-Oh,Gyarados	100	100	Normal,Fighting,Flying,Ground,Bug,Fire,Water,Grass,Dark,Fairy	100.0	Shaymin-Sky	Gyarados	Rock,Electric,Ice	NONE	6 slots, levels 100-100. Offense covers 10 types. Shared weakness: Rock, Electric, Ice. Speed spans 81-127 base, fastest Shaymin-Sky, slowest Gyarados. LEVEL-SCALED: rescales to the player, excluded from scoring.	data.js:trainers[43].normal	Measured	derived: team analysis; strategy_notes Inferred
43	Leader Falkner	NA	boss_candidate	Rock Tunnel Magearna's Chamber	hardcore	17	Post-Game	100	TRUE	17|Rock Tunnel Magearna's Chamber|Leader Falkner	6	Pidgeot:100:103:No Guard:Pidgeotite:Timid:31/31/31/31/31/31:0/0/0/0/0/0:Hurricane,Heat Wave,Focus Blast,U-turn|Yanmega:100:103:Speed Boost:Choice Specs:Timid:31/31/31/31/31/31:0/0/0/0/0/0:Bug Buzz,Air Slash,Giga Drain,U-turn|Shaymin-Sky:100:103:UNK:Focus Sash:Timid:31/30/30/31/31/31:0/0/0/0/0/0:Seed Flare,Air Slash,Earth Power,Hidden Power|Enamorus:100:103:Contrary:Flying Gem:Jolly:31/31/31/31/31/31:0/0/0/0/0/0:Superpower,Acrobatics,Play Rough,Knock Off|Ho-Oh:100:103:Phoenix Down:Lum Berry:Jolly:31/31/31/0/31/31:0/0/0/0/0/0:Brave Bird,Sacred Fire,Earthquake,Roost|Gyarados:100:103:Moxie:Flyinium Z:Jolly:31/31/31/0/31/31:0/0/0/0/0/0:Dragon Dance,Waterfall,Earthquake,Bounce	Pidgeot,Yanmega,Shaymin-Sky,Enamorus,Ho-Oh,Gyarados	100	100	Normal,Fighting,Flying,Ground,Bug,Fire,Water,Grass,Dark,Fairy	100.0	Shaymin-Sky	Gyarados	Rock,Electric,Ice	NONE	6 slots, levels 100-100. Offense covers 10 types. Shared weakness: Rock, Electric, Ice. Speed spans 81-127 base, fastest Shaymin-Sky, slowest Gyarados. LEVEL-SCALED: rescales to the player, excluded from scoring.	data.js:trainers[43].hardcore	Measured	derived: team analysis; strategy_notes Inferred
44	PkMn Trainer Brendan	NA	route	Viridian Forest	normal	0	Brock	15	FALSE	0|Viridian Forest|PkMn Trainer Brendan	2	Corphish:7:7:Adaptability:NONE:Lax:10/10/10/10/10/10:0/0/0/0/0/0:Slash,Crabhammer,Crunch,Swords Dance|Treecko:8:8:Overgrow:NONE:Mild:10/10/10/10/10/10:0/0/0/0/0/0:Screech,Endeavor,Quick Guard,Energy Ball	Corphish,Treecko	8	7	Normal,Water,Grass,Dark	52.5	Treecko	Corphish	NONE	NONE	2 slots, levels 7-8. Offense covers 4 types. No weakness shared by half the team. Speed spans 35-70 base, fastest Treecko, slowest Corphish.	data.js:trainers[44].normal	Measured	derived: team analysis; strategy_notes Inferred
44	PkMn Trainer Brendan	NA	boss_candidate	Viridian Forest	hardcore	0	Brock	15	TRUE	0|Viridian Forest|PkMn Trainer Brendan	4	Meditite:13:101:Telepathy:Muscle Band:Adamant:31/31/31/0/31/31:0/0/0/0/0/0:Fake Out,Rock Smash,Bullet Punch,Rock Tomb|Corphish:14:102:Adaptability:Mystic Water:Adamant:31/31/31/0/31/31:0/0/0/0/0/0:Aqua Jet,Aerial Ace,Rock Tomb,Knock Off|Numel:14:102:Oblivious:Passho Berry:Lonely:31/31/31/31/31/31:0/0/0/0/0/0:Ancient Power,Flame Charge,Rock Tomb,Bulldoze|Treecko:15:103:Unburden:Oran Berry:Adamant:31/31/31/0/31/31:0/0/0/0/0/0:Power-Up Punch,Bullet Seed,Drain Punch,Rock Tomb	Meditite,Corphish,Numel,Treecko	15	13	Normal,Fighting,Flying,Ground,Rock,Steel,Fire,Water,Grass,Dark	50.0	Treecko	Corphish	Flying	NONE	4 slots, levels 13-15. Offense covers 10 types. Shared weakness: Flying. Speed spans 35-70 base, fastest Treecko, slowest Corphish. LEVEL-SCALED: rescales to the player, excluded from scoring.	data.js:trainers[44].hardcore	Measured	derived: team analysis; strategy_notes Inferred
45	Leader Falkner	NA	route	Pewter City Museum 2F	normal	0	Brock	15	FALSE	0|Pewter City Museum 2F|Leader Falkner	3	Rufflet:12:12:Hustle:Berry Juice:Jolly:31/31/31/31/31/31:0/0/0/0/0/0:Aerial Ace,Rock Tomb,Rock Smash,Roost|Wattrel:14:14:Static:Berry Juice:Timid:31/31/31/31/31/31:0/0/0/0/0/0:Flash,Air Slash,Sleep Talk,Roost|Flittle:14:14:Frisk:Eviolite:Bold:31/31/31/31/31/31:0/0/0/0/0/0:Disarm Cry,Roost,Psybeam,Calm Mind	Rufflet,Wattrel,Flittle	14	12	Fighting,Flying,Rock,Electric,Psychic,Fairy	68.3	Flittle	Rufflet	Rock,Ice	NONE	3 slots, levels 12-14. Offense covers 6 types. Shared weakness: Rock, Ice. Speed spans 60-75 base, fastest Flittle, slowest Rufflet.	data.js:trainers[45].normal	Measured	derived: team analysis; strategy_notes Inferred
45	Leader Falkner	NA	boss_candidate	Pewter City Museum 2F	hardcore	0	Brock	15	TRUE	0|Pewter City Museum 2F|Leader Falkner	5	Trumbeak:13:101:Frisk:Lum Berry:Bashful:31/31/31/0/31/31:0/0/0/0/0/0:Flame Charge,Pluck,Bullet Seed,Sleep Talk|Wattrel:15:103:Static:Berry Juice:Modest:31/31/31/30/30/31:0/0/0/0/0/0:Volt Switch,Air Slash,Hidden Power,Sleep Talk|Yanma:12:104:Frisk:Lum Berry:Bashful:31/30/31/31/30/30:0/0/0/0/0/0:Mega Drain,Ancient Power,Hidden Power,Air Cutter|Squawkabilly:13:101:Intimidate:Muscle Band:Bashful:31/31/31/0/31/31:0/0/0/0/0/0:Aerial Ace,Quick Attack,Reversal,Parting Shot|Farfetch’d-Galar:13:101:Scrappy:Leek Stick:Bashful:31/31/31/0/31/31:0/0/0/0/0/0:Rock Smash,Slam,Brutal Swing,Roost	Trumbeak,Wattrel,Yanma,Squawkabilly,Farfetch’d-Galar	15	12	Normal,Fighting,Flying,Rock,Fire,Grass,Electric,Dark	77.4	Yanma	Farfetch’d-Galar	Rock,Electric,Ice	NONE	5 slots, levels 12-15. Offense covers 8 types. Shared weakness: Rock, Electric, Ice. Speed spans 55-95 base, fastest Yanma, slowest Farfetch’d-Galar. LEVEL-SCALED: rescales to the player, excluded from scoring.	data.js:trainers[45].hardcore	Measured	derived: team analysis; strategy_notes Inferred
46	Rocket Admin Archer	NA	route	Mt. Moon B2F	normal	1	Archer-1	22	FALSE	1|Mt. Moon B2F|Rocket Admin Archer	3	Glimmet:18:18:Corrosion:Shuca Berry:Timid:31/31/31/31/31/31:0/0/0/0/0/0:Ancient Power,Venoshock,Mud Shot,Protect|Houndour:19:19:Unnerve:Wise Glasses:Timid:31/30/31/30/31/31:0/0/0/0/0/0:Incinerate,Snarl,Protect,Hidden Power|Mightyena:21:21:Intimidate:Berry Juice:Jolly:31/31/31/31/31/31:0/0/0/0/0/0:Bite,Ice Fang,Howl,Fire Fang	Glimmet,Houndour,Mightyena	21	18	Normal,Poison,Ground,Rock,Fire,Ice,Dark	65.0	Mightyena	Glimmet	Ground,Water,Fighting	NONE	3 slots, levels 18-21. Offense covers 7 types. Shared weakness: Ground, Water, Fighting. Speed spans 60-70 base, fastest Mightyena, slowest Glimmet.	data.js:trainers[46].normal	Measured	derived: team analysis; strategy_notes Inferred
46	Rocket Admin Archer	NA	boss_candidate	Mt. Moon B2F	hardcore	1	Archer-1	22	TRUE	1|Mt. Moon B2F|Rocket Admin Archer	5	Glimmet:19:104:Corrosion:Shuca Berry:Bashful:31/31/31/31/31/31:0/0/0/0/0/0:Ancient Power,Venoshock,Mud Shot,Protect|Seviper:20:101:Fatal Precision:Shuca Berry:Bashful:31/31/31/31/31/31:0/0/0/0/0/0:Mega Drain,Poison Fang,Bulldoze,Hypnosis|Houndour:22:103:Early Bird:Focus Sash:Timid:31/31/31/30/31/31:0/0/0/0/0/0:Nasty Plot,Incinerate,Snarl,Hidden Power|Mightyena:20:101:Intimidate:Berry Juice:Bashful:31/31/31/31/31/31:0/0/0/0/0/0:Bite,Ice Fang,Poison Fang,Howl|Fearow:19:104:Frisk:Muscle Band:Bashful:31/31/31/31/31/31:0/0/0/0/0/0:Pursuit,Pluck,Drill Run,Double Hit	Glimmet,Seviper,Houndour,Mightyena,Fearow	22	19	Normal,Flying,Poison,Ground,Rock,Fire,Grass,Ice,Dark	79.0	Fearow	Glimmet	Ground	NONE	5 slots, levels 19-22. Offense covers 9 types. Shared weakness: Ground. Speed spans 60-115 base, fastest Fearow, slowest Glimmet. LEVEL-SCALED: rescales to the player, excluded from scoring.	data.js:trainers[46].hardcore	Measured	derived: team analysis; strategy_notes Inferred
47	Leader Bugsy	NA	boss_candidate	Route 25	normal	2	Misty	27	TRUE	2|Route 25|Leader Bugsy	4	Lokix:27:103:Swarm:SilverPowder:Jolly:31/31/31/31/31/31:0/0/0/0/0/0:First Impression,Knock Off,U-turn,Leech Life|Ledian:27:103:Swarm:Focus Sash:Jolly:31/31/31/31/31/31:0/0/0/0/0/0:Drain Punch,Mach Punch,Ice Punch,Thunder Punch|Scyther:27:103:Swarm:Charti Berry:Jolly:31/31/31/31/31/31:0/0/0/0/0/0:Bug Bite,Swords Dance,Rock Smash,Aerial Ace|Scizor:27:103:Swarm:Sitrus Berry:Careful:31/31/31/31/31/31:0/0/0/0/0/0:Bullet Punch,U-turn,Rock Smash,Aerial Ace	Lokix,Ledian,Scyther,Scizor	27	27	Fighting,Flying,Bug,Steel,Electric,Ice,Dark	86.8	Scyther	Scizor	Flying,Rock,Fire,Fairy	NONE	4 slots, levels 27-27. Offense covers 7 types. Shared weakness: Flying, Rock, Fire, Fairy. Speed spans 65-105 base, fastest Scyther, slowest Scizor. LEVEL-SCALED: rescales to the player, excluded from scoring.	data.js:trainers[47].normal	Measured	derived: team analysis; strategy_notes Inferred
47	Leader Bugsy	NA	boss_candidate	Route 25	hardcore	2	Misty	27	TRUE	2|Route 25|Leader Bugsy	6	Kleavor:27:103:Sharpness:Focus Sash:Jolly:31/31/31/31/31/31:0/0/0/0/0/0:X-Scissor,U-turn,Stone Axe,Night Slash|Scizor:27:103:Swarm:Assault Vest:Careful:31/31/31/31/31/31:0/0/0/0/0/0:Bullet Punch,Aerial Ace,U-turn,Rock Smash|Scyther:27:103:Swarm:Muscle Band:Adamant:31/31/31/31/31/31:0/0/0/0/0/0:Swords Dance,Aerial Ace,U-turn,Rock Smash|Lokix:27:103:Swarm:SilverPowder:Jolly:31/31/31/31/31/31:0/0/0/0/0/0:U-turn,First Impression,Sucker Punch,Knock Off|Araquanid:27:103:Water Absorb:Leftovers:Impish:31/31/31/31/31/31:0/0/0/0/0/0:Bug Bite,Waterfall,Protect,Toxic|Vikavolt:27:103:UNK:Magnet:Modest:31/30/31/30/31/31:0/0/0/0/0/0:Volt Switch,Signal Beam,Roost,Hidden Power	Kleavor,Scizor,Scyther,Lokix,Araquanid,Vikavolt	27	27	Normal,Fighting,Flying,Rock,Bug,Steel,Water,Electric,Dark	72.0	Scyther	Araquanid	Rock,Fire,Flying	NONE	6 slots, levels 27-27. Offense covers 9 types. Shared weakness: Rock, Fire, Flying. Speed spans 42-105 base, fastest Scyther, slowest Araquanid. LEVEL-SCALED: rescales to the player, excluded from scoring.	data.js:trainers[47].hardcore	Measured	derived: team analysis; strategy_notes Inferred
48	Leader Misty	NA	boss_candidate	Cerulean City Gym	normal	9	Koga	68	TRUE	9|Cerulean City Gym|Leader Misty	6	Palafin:68:103:UNK:Mystic Water:Jolly:31/31/31/31/31/31:0/252/0/0/4/252:Flip Turn,Wave Crash,Jet Punch,Drain Punch|Kingdra:68:103:Damp:Scope Lens:Jolly:31/31/31/31/31/31:0/0/0/252/4/252:Snipe Shot,Dragon Pulse,Hurricane,Ice Beam|Archaludon:68:103:Bad Company:Leftovers:Modest:31/31/31/31/31/31:252/0/4/252/0/0:Electro Shot,Flash Cannon,Dragon Pulse,Body Press|Gyarados:68:103:Moxie:Gyaradosite:Jolly:31/31/31/31/31/31:0/252/0/0/4/252:Dragon Dance,Waterfall,Crunch,Earthquake|Ferrothorn:68:103:UNK:Rocky Helmet:Relaxed:31/31/31/31/31/0:252/0/252/0/4/0:Leech Seed,Gyro Ball,Power Whip,Thunder Wave|Gorebyss:68:103:Regenerator:Focus Sash:Timid:31/31/31/31/31/31:0/0/0/252/4/252:Shell Smash,Surf,Ice Beam,Moonblast	Palafin,Kingdra,Archaludon,Gyarados,Ferrothorn,Gorebyss	68	68	Fighting,Flying,Ground,Steel,Water,Grass,Electric,Ice,Dragon,Dark,Fairy	70.5	Palafin	Ferrothorn	Electric	NONE	6 slots, levels 68-68. Offense covers 11 types. Shared weakness: Electric. Speed spans 20-100 base, fastest Palafin, slowest Ferrothorn. LEVEL-SCALED: rescales to the player, excluded from scoring.	data.js:trainers[48].normal	Measured	derived: team analysis; strategy_notes Inferred
48	Leader Misty	NA	boss_candidate	Cerulean City Gym	hardcore	9	Koga	68	TRUE	9|Cerulean City Gym|Leader Misty	6	Iron Bundle:68:103:UNK:Focus Sash:Timid:31/31/31/31/31/31:0/0/0/0/0/0:Hydro Pump,Freeze-Dry,Flip Turn,Ice Beam|Palafin-Hero:68:103:Mold Breaker:Mystic Water:Jolly:31/31/31/31/31/31:0/0/0/0/0/0:Jet Punch,Waterfall,Drain Punch,Bulk Up|Kingdra:68:103:Damp:Life Orb:Modest:31/31/31/31/31/31:0/0/0/0/0/0:Hydro Pump,Draco Barrage,Hurricane,Flip Turn|Archaludon:68:103:Sturdy:Assault Vest:Calm:31/31/31/31/31/31:0/0/0/0/0/0:Body Press,Electro Shot,Dragon Pulse,Flash Cannon|Thundurus-Therian:68:103:UNK:Fightinium Z:Timid:31/31/31/31/31/31:0/0/0/0/0/0:Nasty Plot,Thunder,Weather Ball,Focus Blast|Gyarados:68:103:Moxie:Gyaradosite:Jolly:31/31/31/31/31/31:0/0/0/0/0/0:Dragon Dance,Waterfall,Crunch,Earthquake	Iron Bundle,Palafin-Hero,Kingdra,Archaludon,Thundurus-Therian,Gyarados	68	68	Normal,Fighting,Flying,Ground,Steel,Water,Electric,Ice,Dragon,Dark	98.0	Iron Bundle	Gyarados	Rock,Electric	NONE	6 slots, levels 68-68. Offense covers 10 types. Shared weakness: Rock, Electric. Speed spans 81-136 base, fastest Iron Bundle, slowest Gyarados. LEVEL-SCALED: rescales to the player, excluded from scoring.	data.js:trainers[48].hardcore	Measured	derived: team analysis; strategy_notes Inferred
49	Leader Whitney	NA	boss_candidate	Route 11	normal	2	Misty	27	TRUE	2|Route 11|Leader Whitney	5	Tinkaton:27:103:UNK:Sitrus Berry:Jolly:31/31/31/31/31/31:0/252/4/0/0/252:Play Rough,Gigaton Hammer,Knock Off,Encore|Farigiraf:27:103:Parental Bond:Twisted Spoon:Modest:31/31/31/31/31/31:252/0/4/0/0/4:Psychic,Hyper Voice,Dazzling Gleam,Shadow Ball|Miltank:27:103:Sap Sipper:Chople Berry:Adamant:31/31/31/31/31/31:252/252/4/0/0/4:Body Slam,Slack Off,Zen Headbutt,High Horsepower|Drampa:27:103:Berserk:Normal Gem:Modest:31/31/31/31/31/31:252/0/4/0/0/4:Dragon Breath,Roost,Flamethrower,Hyper Voice|Dudunsparce:27:103:UNK:Leftovers:Careful:31/31/31/31/31/31:252/0/4/0/0/4:Body Slam,Roost,Bite,Coil	Tinkaton,Farigiraf,Miltank,Drampa,Dudunsparce	27	27	Normal,Ground,Ghost,Steel,Fire,Psychic,Dragon,Dark,Fairy	69.0	Miltank	Drampa	Fighting	NONE	5 slots, levels 27-27. Offense covers 9 types. Shared weakness: Fighting. Speed spans 36-100 base, fastest Miltank, slowest Drampa. LEVEL-SCALED: rescales to the player, excluded from scoring.	data.js:trainers[49].normal	Measured	derived: team analysis; strategy_notes Inferred
49	Leader Whitney	NA	boss_candidate	Route 11	hardcore	2	Misty	27	TRUE	2|Route 11|Leader Whitney	6	Pyroar:27:103:Adaptability:Focus Sash:Timid:31/30/31/30/31/31:0/0/0/0/0/0:Torch Song,Hyper Voice,Hidden Power,Sleep Talk|Farigiraf:27:103:Parental Bond:Normal Gem:Timid:31/31/31/31/31/31:0/0/0/0/0/0:Charge Beam,Hyper Voice,Psychic,Dazzling Gleam|Luvdisc:27:103:Soul-Heart:Mystic Water:Timid:31/31/31/31/31/31:0/0/0/0/0/0:Lovely Kiss,Surf,Moonblast,Ice Beam|Swellow:27:103:Aerilate:Normal Gem:Jolly:31/31/31/31/31/31:0/0/0/0/0/0:Brave Bird,Facade,U-turn,Quick Attack|Togekiss:27:103:Hustle:Leftovers:Timid:31/31/31/31/31/31:0/0/0/0/0/0:Roost,Air Slash,Thunder Wave,Mystical Fire|Altaria:27:103:Cloud Nine:Altarianite:Timid:31/31/31/31/31/31:0/0/0/0/0/0:Calm Mind,Hyper Voice,Flamethrower,Roost	Pyroar,Farigiraf,Luvdisc,Swellow,Togekiss,Altaria	27	27	Normal,Flying,Bug,Fire,Water,Electric,Psychic,Ice,Fairy	91.3	Swellow	Farigiraf	Rock,Electric,Ice	NONE	6 slots, levels 27-27. Offense covers 9 types. Shared weakness: Rock, Electric, Ice. Speed spans 60-125 base, fastest Swellow, slowest Farigiraf. LEVEL-SCALED: rescales to the player, excluded from scoring.	data.js:trainers[49].hardcore	Measured	derived: team analysis; strategy_notes Inferred
50	PkMn Trainer Brendan	NA	boss_candidate	S.S. Anne 2F	normal	2	Misty	27	TRUE	2|S.S. Anne 2F|PkMn Trainer Brendan	4	Loudred:27:103:Punk Rock:Chople Berry:Naive:31/31/31/31/31/31:6/128/0/128/0/252:Hyper Voice,Brick Break,Ice Beam,Shadow Ball|Lunatone:27:103:UNK:Colbur Berry:Modest:31/31/31/31/31/31:24/16/0/40/0/252:Psyshock,Power Gem,Hypnosis,Calm Mind|Crawdaunt:27:103:Adaptability:Focus Sash:Adamant:31/31/31/31/31/31:0/8/0/8/0/252:Aqua Jet,Waterfall,Knock Off,X-Scissor|Grovyle:27:103:UNK:Sitrus Berry:Adamant:31/31/31/31/31/31:4/100/0/16/0/252:Power-Up Punch,Aerial Ace,Leaf Blade,Rock Tomb	Loudred,Lunatone,Crawdaunt,Grovyle	27	27	Normal,Fighting,Flying,Rock,Bug,Ghost,Water,Grass,Psychic,Ice,Dark	72.0	Grovyle	Loudred	Fighting,Bug,Grass	NONE	4 slots, levels 27-27. Offense covers 11 types. Shared weakness: Fighting, Bug, Grass. Speed spans 48-95 base, fastest Grovyle, slowest Loudred. LEVEL-SCALED: rescales to the player, excluded from scoring.	data.js:trainers[50].normal	Measured	derived: team analysis; strategy_notes Inferred
50	PkMn Trainer Brendan	NA	boss_candidate	S.S. Anne 2F	hardcore	2	Misty	27	TRUE	2|S.S. Anne 2F|PkMn Trainer Brendan	6	Crawdaunt:27:103:Adaptability:Focus Sash:Adamant:31/31/31/31/31/31:0/0/0/0/0/0:Aqua Jet,Liquidation,Knock Off,X-Scissor|Slaking:27:103:UNK:Leftovers:Jolly:31/31/31/31/31/31:0/0/0/0/0/0:Body Slam,Knock Off,Brick Break,Slack Off|Plusle:27:103:Transistor:Magnet:Timid:31/30/30/31/31/31:0/0/0/0/0/0:Volt Switch,Grass Knot,Surf,Hidden Power|Gardevoir:27:103:Synchronize:Leftovers:Timid:31/31/31/31/31/31:0/0/0/0/0/0:Psychic,Calm Mind,Moonblast,Mystical Fire|Sceptile:27:103:Unburden:Life Orb:Jolly:31/31/31/31/31/31:0/0/0/0/0/0:Swords Dance,Leaf Blade,Drain Punch,Rock Slide|Hariyama:27:103:Thick Fat:Flame Orb:Adamant:31/31/31/31/31/31:0/0/0/0/0/0:Drain Punch,Bullet Punch,Knock Off,Fake Out	Crawdaunt,Slaking,Plusle,Gardevoir,Sceptile,Hariyama	27	27	Normal,Fighting,Rock,Bug,Steel,Fire,Water,Grass,Electric,Psychic,Dark,Fairy	85.8	Sceptile	Hariyama	Fairy	NONE	6 slots, levels 27-27. Offense covers 12 types. Shared weakness: Fairy. Speed spans 50-120 base, fastest Sceptile, slowest Hariyama. LEVEL-SCALED: rescales to the player, excluded from scoring.	data.js:trainers[50].hardcore	Measured	derived: team analysis; strategy_notes Inferred
51	Leader Lt. Surge	NA	boss_candidate	Vermilion City Gym	normal	9	Koga	68	TRUE	9|Vermilion City Gym|Leader Lt. Surge	6	Iron Treads:68:103:UNK:Focus Sash:Jolly:31/31/31/31/31/31:0/252/0/0/4/252:Earthquake,Iron Head,Stealth Rock,Volt Switch|Bellibolt:68:103:Damp:Leftovers:Modest:31/30/31/30/31/31:252/0/4/252/0/0:Parabolic Charge,Hidden Power,Muddy Water,Volt Switch|Rotom-Wash:68:103:UNK:Life Orb:Timid:31/30/30/31/31/31:0/0/0/252/4/252:Volt Switch,Rising Voltage,Scald,Hidden Power|Pawmot:68:103:Iron Fist:Punching Glove:Jolly:31/31/31/31/31/31:0/252/0/0/4/252:Thunder Punch,Close Combat,Mach Punch,Ice Punch|Manectric:68:103:Intimidate:Manectite:Timid:31/30/31/30/31/31:0/0/0/252/4/252:Volt Switch,Rising Voltage,Flamethrower,Hidden Power|Iron Hands:68:103:Quark Drive:Assault Vest:Careful:31/31/31/31/31/31:252/4/0/0/252/0:Plasma Fists,Drain Punch,Ice Punch,Fake Out	Iron Treads,Bellibolt,Rotom-Wash,Pawmot,Manectric,Iron Hands	68	68	Normal,Fighting,Ground,Steel,Fire,Water,Electric,Ice	82.8	Iron Treads	Bellibolt	Ground	NONE	6 slots, levels 68-68. Offense covers 8 types. Shared weakness: Ground. Speed spans 45-106 base, fastest Iron Treads, slowest Bellibolt. LEVEL-SCALED: rescales to the player, excluded from scoring.	data.js:trainers[51].normal	Measured	derived: team analysis; strategy_notes Inferred
51	Leader Lt. Surge	NA	boss_candidate	Vermilion City Gym	hardcore	9	Koga	68	TRUE	9|Vermilion City Gym|Leader Lt. Surge	6	Pawmot:68:103:Iron Fist:Focus Sash:Jolly:31/31/31/31/31/31:0/0/0/0/0/0:Thunder Punch,Close Combat,Mach Punch,Ice Punch|Iron Thorns:68:103:Solid Rock:Lum Berry:Jolly:31/31/31/31/31/31:0/0/0/0/0/0:Dragon Dance,Fusion Bolt,Stone Edge,Ice Punch|Iron Moth:68:103:UNK:Fire Gem:Timid:31/31/31/31/31/31:0/0/0/0/0/0:Fiery Dance,Sludge Wave,Energy Ball,Dazzling Gleam|Iron Hands:68:103:UNK:Assault Vest:Careful:31/31/31/31/31/31:0/0/0/0/0/0:Plasma Fists,Drain Punch,Ice Punch,Fake Out|Miraidon:68:103:UNK:Leftovers:Timid:31/31/31/31/31/31:0/0/0/0/0/0:Calm Mind,Parabolic Charge,Dragon Pulse,Dazzling Gleam|Manectric:68:103:Intimidate:Manectite:Timid:31/30/31/30/31/31:0/0/0/0/0/0:Rising Voltage,Hidden Power,Flamethrower,Volt Switch	Pawmot,Iron Thorns,Iron Moth,Iron Hands,Miraidon,Manectric	68	68	Normal,Fighting,Poison,Rock,Fire,Grass,Electric,Ice,Dragon,Fairy	96.2	Miraidon	Iron Hands	Ground,Psychic,Fairy	NONE	6 slots, levels 68-68. Offense covers 10 types. Shared weakness: Ground, Psychic, Fairy. Speed spans 50-135 base, fastest Miraidon, slowest Iron Hands. LEVEL-SCALED: rescales to the player, excluded from scoring.	data.js:trainers[51].hardcore	Measured	derived: team analysis; strategy_notes Inferred
52	Leader Morty	NA	boss_candidate	Lavender Town Mr. Fuji's House	normal	3	Surge	34	TRUE	3|Lavender Town Mr. Fuji's House|Leader Morty	6	Mimikyu:34:103:UNK:Lum Berry:Jolly:31/31/31/31/31/31:0/252/4/0/0/252:Play Rough,Shadow Claw,Shadow Sneak,Swords Dance|Dusknoir:34:103:Hustle:Reaper Cloth:Adamant:31/31/31/31/31/31:252/252/4/0/0/0:Shadow Punch,Shadow Sneak,Dynamic Punch,Will-O-Wisp|Zoroark-Hisui:34:103:UNK:Colbur Berry:Timid:31/0/31/31/31/31:0/0/4/252/0/252:Hyper Voice,Shadow Ball,Flamethrower,Nasty Plot|Skeledirge:34:103:Unaware:Leftovers:Timid:31/0/31/31/31/31:248/0/0/8/252/0:Torch Song,Will-O-Wisp,Hex,Slack Off|Gengar:34:103:UNK:Gengarite:Timid:31/31/31/31/31/31:0/0/4/252/0/252:Sludge Wave,Shadow Ball,Focus Blast,Nasty Plot|Ceruledge:34:103:Sharpness:Focus Sash:Jolly:31/31/31/31/31/31:0/252/4/0/0/252:Bitter Blade,Shadow Sneak,Close Combat,Swords Dance	Mimikyu,Dusknoir,Zoroark-Hisui,Skeledirge,Gengar,Ceruledge	34	34	Normal,Fighting,Poison,Ghost,Fire,Fairy	85.3	Zoroark-Hisui	Dusknoir	Ghost,Dark,Ground	NONE	6 slots, levels 34-34. Offense covers 6 types. Shared weakness: Ghost, Dark, Ground. Speed spans 45-110 base, fastest Zoroark-Hisui, slowest Dusknoir. LEVEL-SCALED: rescales to the player, excluded from scoring.	data.js:trainers[52].normal	Measured	derived: team analysis; strategy_notes Inferred
52	Leader Morty	NA	boss_candidate	Lavender Town Mr. Fuji's House	hardcore	3	Surge	34	TRUE	3|Lavender Town Mr. Fuji's House|Leader Morty	6	Krookodile:34:103:Anger Point:Chople Berry:Jolly:31/31/31/31/31/31:0/0/0/0/0/0:Stealth Rock,Wicked Blow,Earthquake,Stone Edge|Dusknoir:34:103:Hustle:Reaper Cloth:Adamant:31/31/31/31/31/31:0/0/0/0/0/0:Shadow Punch,Shadow Sneak,Dynamic Punch,Will-O-Wisp|Mismagius:34:103:UNK:Spell Tag:Timid:31/31/31/31/31/31:0/0/0/0/0/0:Nasty Plot,Shadow Ball,Moonblast,Thunderbolt|Ceruledge:34:103:Sharpness:Focus Sash:Jolly:31/31/31/31/31/31:0/0/0/0/0/0:Swords Dance,Shadow Sneak,Bitter Blade,Close Combat|Weavile:34:103:Infiltrator:Life Orb:Jolly:31/31/31/31/31/31:0/0/0/0/0/0:Swords Dance,Triple Axel,Knock Off,Low Kick|Gengar:34:103:UNK:Gengarite:Timid:31/31/31/31/31/31:0/0/0/0/0/0:Sludge Wave,Shadow Ball,Focus Blast,Nasty Plot	Krookodile,Dusknoir,Mismagius,Ceruledge,Weavile,Gengar	34	34	Fighting,Poison,Ground,Rock,Ghost,Fire,Electric,Ice,Dark,Fairy	93.7	Weavile	Dusknoir	Ghost,Dark	NONE	6 slots, levels 34-34. Offense covers 10 types. Shared weakness: Ghost, Dark. Speed spans 45-125 base, fastest Weavile, slowest Dusknoir. LEVEL-SCALED: rescales to the player, excluded from scoring.	data.js:trainers[52].hardcore	Measured	derived: team analysis; strategy_notes Inferred
53	Rocket Admin Archer	NA	route	Silph Co. 11F	normal	6	Archer-2	56	FALSE	6|Silph Co. 11F|Rocket Admin Archer	3	Gothitelle:54:54:Frisk:Colbur Berry:Modest:31/31/30/30/30/30:252/0/4/252/0/0:Psychic,Shadow Ball,Hidden Power,Thunder Wave|Gholdengo:55:55:UNK:Sitrus Berry:Timid:31/31/31/31/31/31:0/0/4/252/0/252:Shadow Ball,Make It Rain,Focus Blast,Recover|Houndoom:55:55:Unnerve:Houndoomnite:Naive:31/31/31/31/31/31:0/0/4/252/0/252:Heat Wave,Dark Pulse,Sucker Punch,Scorching Sands	Gothitelle,Gholdengo,Houndoom	55	54	Normal,Fighting,Ground,Ghost,Steel,Fire,Psychic,Dark	81.3	Houndoom	Gothitelle	Ghost,Dark,Ground	NONE	3 slots, levels 54-55. Offense covers 8 types. Shared weakness: Ghost, Dark, Ground. Speed spans 65-95 base, fastest Houndoom, slowest Gothitelle.	data.js:trainers[53].normal	Measured	derived: team analysis; strategy_notes Inferred
53	Rocket Admin Archer	NA	route	Silph Co. 11F	hardcore	6	Archer-2	56	FALSE	6|Silph Co. 11F|Rocket Admin Archer	3	Articuno-Galar:55:55:UNK:Colbur Berry:Timid:31/31/31/31/31/31:0/0/0/0/0/0:Psychic,Focus Blast,Roost,Air Slash|Gholdengo:55:55:UNK:Ghostium Z:Timid:31/31/31/31/31/31:0/0/0/0/0/0:Shadow Ball,Make It Rain,Focus Blast,Recover|Houndoom:56:56:Unnerve:Houndoomnite:Naive:31/31/31/31/31/31:0/0/0/0/0/0:Pursuit,Fiery Wrath,Heat Wave,Scorching Sands	Articuno-Galar,Gholdengo,Houndoom	56	55	Fighting,Flying,Ground,Ghost,Steel,Fire,Psychic,Dark	93.0	Articuno-Galar	Gholdengo	Rock,Ghost,Dark,Ground	NONE	3 slots, levels 55-56. Offense covers 8 types. Shared weakness: Rock, Ghost, Dark, Ground. Speed spans 84-100 base, fastest Articuno-Galar, slowest Gholdengo.	data.js:trainers[53].hardcore	Measured	derived: team analysis; strategy_notes Inferred
54	Rocket Admin Ariana	NA	route	Silph Co. 11F	normal	6	Archer-2	56	FALSE	6|Silph Co. 11F|Rocket Admin Ariana	3	Incineroar:54:54:Intimidate:Sitrus Berry:Adamant:31/31/31/31/31/31:252/252/0/0/0/6:Fake Out,Parting Shot,Darkest Lariat,Fire Punch|Primarina:55:55:Liquid Voice:Throat Spray:Modest:31/31/31/31/31/31:6/0/0/252/0/252:Hyper Voice,Scald,Psychic,Dazzling Gleam|Mawile:55:55:Hyper Cutter:Mawilite:Adamant:31/31/31/31/31/31:252/252/0/0/0/6:Play Rough,Sucker Punch,Iron Head,Thunder Punch	Incineroar,Primarina,Mawile	55	54	Normal,Steel,Fire,Water,Electric,Psychic,Dark,Fairy	56.7	Incineroar	Mawile	Ground	NONE	3 slots, levels 54-55. Offense covers 8 types. Shared weakness: Ground. Speed spans 50-60 base, fastest Incineroar, slowest Mawile.	data.js:trainers[54].normal	Measured	derived: team analysis; strategy_notes Inferred
54	Rocket Admin Ariana	NA	route	Silph Co. 11F	hardcore	6	Archer-2	56	FALSE	6|Silph Co. 11F|Rocket Admin Ariana	3	Incineroar:55:55:Intimidate:Sitrus Berry:Careful:31/31/31/31/31/31:0/0/0/0/0/0:Fake Out,Knock Off,Will-O-Wisp,Flare Blitz|Primarina:55:55:Liquid Voice:Throat Spray:Modest:31/31/31/31/31/31:0/0/0/0/0/0:Hyper Voice,Scald,Psychic,Energy Ball|Mawile:56:56:Hyper Cutter:Mawilite:Adamant:31/31/31/31/31/31:0/0/0/0/0/0:Play Rough,Sucker Punch,Iron Head,Thunder Punch	Incineroar,Primarina,Mawile	56	55	Normal,Steel,Fire,Water,Grass,Electric,Psychic,Dark,Fairy	56.7	Incineroar	Mawile	Ground	NONE	3 slots, levels 55-56. Offense covers 9 types. Shared weakness: Ground. Speed spans 50-60 base, fastest Incineroar, slowest Mawile.	data.js:trainers[54].hardcore	Measured	derived: team analysis; strategy_notes Inferred
55	PkMn Trainer Brendan	NA	route	Silph Co. 11F	normal	6	Archer-2	56	FALSE	6|Silph Co. 11F|PkMn Trainer Brendan	3	Masquerain:55:55:Unnerve:Iapapa Berry:Modest:31/31/31/31/31/31:252/0/0/252/0/6:Bug Buzz,Scald,Giga Drain,Stun Spore|Exploud:55:55:Punk Rock:Silk Scarf:Timid:31/31/31/31/31/31:6/0/0/252/0/252:Flamethrower,Surf,Focus Blast,Hyper Voice|Sceptile:55:55:Unburden:Sceptilite:Timid:31/31/31/31/31/31:0/0/0/252/4/252:Mega Drain,Dragon Breath,Focus Blast,Hidden Power	Masquerain,Exploud,Sceptile	55	55	Normal,Fighting,Bug,Fire,Water,Grass,Dragon	91.0	Sceptile	Exploud	Flying	NONE	3 slots, levels 55-55. Offense covers 7 types. Shared weakness: Flying. Speed spans 73-120 base, fastest Sceptile, slowest Exploud.	data.js:trainers[55].normal	Measured	derived: team analysis; strategy_notes Inferred
55	PkMn Trainer Brendan	NA	route	Silph Co. 11F	hardcore	6	Archer-2	56	FALSE	6|Silph Co. 11F|PkMn Trainer Brendan	3	Masquerain:55:55:Unnerve:Iapapa Berry:Modest:31/31/31/31/31/31:0/0/0/0/0/0:Bug Buzz,Scald,Giga Drain,Stun Spore|Exploud:55:55:Punk Rock:Silk Scarf:Timid:31/31/31/31/31/31:0/0/0/0/0/0:Flamethrower,Surf,Focus Blast,Hyper Voice|Sceptile:55:55:Unburden:Sceptilite:Timid:31/31/31/31/31/31:0/0/0/0/0/0:Mega Drain,Dragon Breath,Focus Blast,Hidden Power	Masquerain,Exploud,Sceptile	55	55	Normal,Fighting,Bug,Fire,Water,Grass,Dragon	91.0	Sceptile	Exploud	Flying	NONE	3 slots, levels 55-55. Offense covers 7 types. Shared weakness: Flying. Speed spans 73-120 base, fastest Sceptile, slowest Exploud.	data.js:trainers[55].hardcore	Measured	derived: team analysis; strategy_notes Inferred
56	Leader Brock	NA	boss_candidate	Pewter City Gym	normal	9	Koga	68	TRUE	9|Pewter City Gym|Leader Brock	6	Great Tusk:68:103:UNK:Booster Energy:Jolly:31/31/31/31/31/31:0/252/0/0/4/252:Stealth Rock,Close Combat,Headlong Rush,Knock Off|Omastar:68:103:Weak Armor:Power Herb:Timid:31/31/31/31/31/31:0/0/0/252/4/252:Shell Smash,Meteor Beam,Surf,Ice Beam|Ursaluna-Bloodmoon:68:103:UNK:Leftovers:Modest:31/31/31/31/31/31:252/0/0/252/4/0:Earth Power,Blood Moon,Vacuum Wave,Hyper Voice|Tyranitar:68:103:Unnerve:Weakness Policy:Jolly:31/31/31/31/31/31:0/252/0/0/4/252:Dragon Dance,Stone Edge,Fire Punch,Knock Off|Arcanine-Hisui:68:103:Rock Head:Focus Sash:Jolly:31/31/31/31/31/31:0/252/0/0/4/252:Flare Blitz,Head Smash,Wild Charge,Extreme Speed|Aerodactyl:68:103:Rock Head:Aerodactlite:Jolly:31/31/31/31/31/31:0/252/0/0/4/252:Dragon Dance,Stone Edge,Earthquake,Dual Wingbeat	Great Tusk,Omastar,Ursaluna-Bloodmoon,Tyranitar,Arcanine-Hisui,Aerodactyl	68	68	Normal,Fighting,Flying,Ground,Rock,Fire,Water,Electric,Ice,Dark	79.2	Aerodactyl	Ursaluna-Bloodmoon	Water,Grass,Ice,Fighting,Ground	NONE	6 slots, levels 68-68. Offense covers 10 types. Shared weakness: Water, Grass, Ice, Fighting, Ground. Speed spans 52-130 base, fastest Aerodactyl, slowest Ursaluna-Bloodmoon. LEVEL-SCALED: rescales to the player, excluded from scoring.	data.js:trainers[56].normal	Measured	derived: team analysis; strategy_notes Inferred
56	Leader Brock	NA	boss_candidate	Pewter City Gym	hardcore	9	Koga	68	TRUE	9|Pewter City Gym|Leader Brock	6	Iron Boulder:68:103:UNK:Lum Berry:Jolly:31/31/31/31/31/31:0/0/0/0/0/0:Stealth Rock,Close Combat,Mighty Cleave,Zen Headbutt|Landorus:68:103:Sheer Force:Life Orb:Naive:31/31/31/31/31/31:0/0/0/0/0/0:U-turn,Earthquake,Stone Edge,Grass Knot|Zygarde:68:103:UNK:Leftovers:Careful:31/31/31/31/31/31:0/0/0/0/0/0:Coil,Thousand Arrows,Rest,Sleep Talk|Iron Treads:68:103:UNK:Booster Energy:Jolly:31/31/31/31/31/31:0/0/0/0/0/0:Knock Off,Earthquake,Iron Head,Ice Spinner|Ursaluna-Bloodmoon:68:103:UNK:Leftovers:Modest:31/31/31/31/31/31:0/0/0/0/0/0:Blood Moon,Earth Power,Vacuum Wave,Hyper Voice|Aerodactyl:68:103:Rock Head:Aerodactlite:Jolly:31/31/31/31/31/31:0/0/0/0/0/0:Dragon Dance,Stone Edge,Earthquake,Dual Wingbeat	Iron Boulder,Landorus,Zygarde,Iron Treads,Ursaluna-Bloodmoon,Aerodactyl	68	68	Normal,Fighting,Flying,Ground,Rock,Bug,Steel,Grass,Psychic,Ice,Dark	101.3	Aerodactyl	Ursaluna-Bloodmoon	Water,Ice	NONE	6 slots, levels 68-68. Offense covers 11 types. Shared weakness: Water, Ice. Speed spans 52-130 base, fastest Aerodactyl, slowest Ursaluna-Bloodmoon. LEVEL-SCALED: rescales to the player, excluded from scoring.	data.js:trainers[56].hardcore	Measured	derived: team analysis; strategy_notes Inferred
57	PkMn Trainer Brendan	NA	boss_candidate	Fuchsia City	normal	9	Koga	68	TRUE	9|Fuchsia City|PkMn Trainer Brendan	6	Metagross:68:103:Tough Claws:Air Balloon:Jolly:31/31/31/31/31/31:6/252/0/0/0/252:Stealth Rock,Meteor Mash,Explosion,Earthquake|Medicham:68:103:Telepathy:Choice Scarf:Adamant:31/31/31/31/31/31:6/252/0/0/0/252:Psycho Cut,Close Combat,Thunder Punch,Ice Punch|Crawdaunt:68:103:Adaptability:Choice Band:Adamant:31/31/31/31/31/31:6/252/0/0/0/252:Aqua Jet,Liquidation,Crunch,Superpower|Exploud:68:103:Punk Rock:Silk Scarf:Timid:31/31/31/31/31/31:6/0/0/252/0/252:Boomburst,Surf,Flamethrower,Shadow Ball|Gardevoir:68:103:Synchronize:Pixie Plate:Timid:31/31/31/31/31/31:6/0/0/252/0/252:Focus Blast,Moonblast,Psychic,Thunderbolt|Sceptile:68:103:UNK:Sceptilite:Jolly:31/31/31/31/31/31:6/252/0/0/0/252:Swords Dance,Bullet Seed,Dual Chop,Earthquake	Metagross,Medicham,Crawdaunt,Exploud,Gardevoir,Sceptile	68	68	Normal,Fighting,Ground,Ghost,Steel,Fire,Water,Grass,Electric,Psychic,Ice,Dragon,Dark,Fairy	79.7	Sceptile	Crawdaunt	Ghost,Fairy	NONE	6 slots, levels 68-68. Offense covers 14 types. Shared weakness: Ghost, Fairy. Speed spans 55-120 base, fastest Sceptile, slowest Crawdaunt. LEVEL-SCALED: rescales to the player, excluded from scoring.	data.js:trainers[57].normal	Measured	derived: team analysis; strategy_notes Inferred
57	PkMn Trainer Brendan	NA	boss_candidate	Fuchsia City	hardcore	9	Koga	68	TRUE	9|Fuchsia City|PkMn Trainer Brendan	6	Gengar:68:103:UNK:Focus Sash:Timid:31/31/31/31/31/31:0/0/0/0/0/0:Shadow Ball,Sludge Wave,Focus Blast,Giga Drain|Nihilego:68:103:UNK:Power Herb:Timid:31/31/31/31/21/31:0/0/0/0/0/0:Meteor Beam,Sludge Wave,Thunderbolt,Grass Knot|Tapu Koko:68:103:Telepathy:Leftovers:Naive:31/31/31/31/31/31:0/0/0/0/0/0:Wild Charge,Play Rough,Rising Voltage,Grass Knot|Urshifu-Rapid-Strike:68:103:UNK:Mystic Water:Jolly:31/31/31/31/31/31:0/0/0/0/0/0:Surging Strikes,Close Combat,Aqua Jet,U-turn|Deoxys-Attack:68:103:UNK:Life Orb:Naive:31/31/31/31/31/31:0/0/0/0/0/0:Psychic,Ice Beam,Extreme Speed,Fire Punch|Sceptile:68:103:Unburden:Sceptilite:Jolly:31/31/31/31/31/31:0/0/0/0/0/0:Dragon Dance,Dual Chop,Bullet Seed,Earthquake	Gengar,Nihilego,Tapu Koko,Urshifu-Rapid-Strike,Deoxys-Attack,Sceptile	68	68	Normal,Fighting,Poison,Ground,Rock,Bug,Ghost,Fire,Water,Grass,Electric,Psychic,Ice,Dragon,Fairy	118.3	Deoxys-Attack	Urshifu-Rapid-Strike	Ground,Psychic	NONE	6 slots, levels 68-68. Offense covers 15 types. Shared weakness: Ground, Psychic. Speed spans 97-150 base, fastest Deoxys-Attack, slowest Urshifu-Rapid-Strike. LEVEL-SCALED: rescales to the player, excluded from scoring.	data.js:trainers[57].hardcore	Measured	derived: team analysis; strategy_notes Inferred
58	Leader Pryce	NA	boss_candidate	Route 20	normal	10	May	73	TRUE	10|Route 20|Leader Pryce	6	Jynx:73:103:UNK:Focus Sash:Timid:31/31/31/31/31/31:0/0/0/252/4/252:Lovely Kiss,Psystrike,Freeze-Dry,Focus Blast|Cloyster:73:103:Battle Armor:White Herb:Jolly:31/31/31/31/31/31:0/252/0/0/4/252:Shell Smash,Icicle Spear,Waterfall,Rock Blast|Walrein:73:103:Fur Coat:Leftovers:Calm:31/31/31/31/31/31:252/0/4/0/252/0:Toxic,Rest,Sleep Talk,Ice Beam|Baxcalibur:73:103:Ice Body:Dragon Fang:Jolly:31/31/31/31/31/31:0/252/0/0/4/252:Dragon Dance,Icicle Crash,Glaive Rush,Earthquake|Arctozolt:73:103:Slush Rush:Life Orb:Lonely:31/31/31/31/31/31:0/252/0/0/4/252:Bolt Beak,Icicle Crash,Freeze-Dry,Low Kick|Glalie:73:103:Inner Focus:Glalitite:Jolly:31/31/31/31/31/31:0/252/0/0/4/252:Fake Out,Quick Attack,Earthquake,Double-Edge	Jynx,Cloyster,Walrein,Baxcalibur,Arctozolt,Glalie	73	73	Normal,Fighting,Ground,Rock,Water,Electric,Psychic,Ice,Dragon	76.2	Jynx	Arctozolt	Rock,Steel,Fire,Fighting	NONE	6 slots, levels 73-73. Offense covers 9 types. Shared weakness: Rock, Steel, Fire, Fighting. Speed spans 55-100 base, fastest Jynx, slowest Arctozolt. LEVEL-SCALED: rescales to the player, excluded from scoring.	data.js:trainers[58].normal	Measured	derived: team analysis; strategy_notes Inferred
58	Leader Pryce	NA	boss_candidate	Route 20	hardcore	10	May	73	TRUE	10|Route 20|Leader Pryce	6	Jynx:73:103:UNK:Focus Sash:Timid:31/31/31/31/31/31:0/0/0/0/0/0:Lovely Kiss,Psystrike,Blizzard,Focus Blast|Cloyster:73:103:Battle Armor:White Herb:Jolly:31/31/31/31/31/31:0/0/0/0/0/0:Shell Smash,Icicle Spear,Waterfall,Rock Blast|Clefable:73:103:Cute Charm:Life Orb:Modest:31/31/31/31/31/31:0/0/0/0/0/0:Thunder Wave,Teleport,Light of Ruin,Flamethrower|Kyurem-Black:73:103:UNK:Icium Z:Jolly:31/31/31/31/31/31:0/0/0/0/0/0:Dragon Dance,Icicle Crash,Fusion Bolt,Roost|Arctozolt:73:103:Slush Rush:Life Orb:Lonely:31/31/31/31/31/31:0/0/0/0/0/0:Bolt Beak,Icicle Crash,Freeze-Dry,Low Kick|Glalie:73:103:Inner Focus:Glalitite:Jolly:31/31/31/31/31/31:0/0/0/0/0/0:Fake Out,Quick Attack,Earthquake,Double-Edge	Jynx,Cloyster,Clefable,Kyurem-Black,Arctozolt,Glalie	73	73	Normal,Fighting,Ground,Rock,Fire,Water,Electric,Psychic,Ice,Fairy	76.7	Jynx	Arctozolt	Rock,Steel,Fire,Fighting	NONE	6 slots, levels 73-73. Offense covers 10 types. Shared weakness: Rock, Steel, Fire, Fighting. Speed spans 55-100 base, fastest Jynx, slowest Arctozolt. LEVEL-SCALED: rescales to the player, excluded from scoring.	data.js:trainers[58].hardcore	Measured	derived: team analysis; strategy_notes Inferred
59	Leader Pryce	NA	boss_candidate	Route 20	normal	10	May	73	TRUE	10|Route 20|Leader Pryce	6	Jynx:73:103:UNK:Focus Sash:Timid:31/31/31/31/31/31:0/0/0/252/4/252:Lovely Kiss,Psystrike,Freeze-Dry,Focus Blast|Cloyster:73:103:Battle Armor:White Herb:Jolly:31/31/31/31/31/31:0/252/0/0/4/252:Shell Smash,Icicle Spear,Waterfall,Rock Blast|Walrein:73:103:Fur Coat:Leftovers:Calm:31/31/31/31/31/31:252/0/4/0/252/0:Toxic,Rest,Sleep Talk,Ice Beam|Baxcalibur:73:103:Ice Body:Dragon Fang:Jolly:31/31/31/31/31/31:0/252/0/0/4/252:Dragon Dance,Icicle Crash,Glaive Rush,Earthquake|Arctozolt:73:103:Slush Rush:Life Orb:Lonely:31/31/31/31/31/31:0/252/0/0/4/252:Bolt Beak,Icicle Crash,Freeze-Dry,Low Kick|Glalie:73:103:Inner Focus:Glalitite:Jolly:31/31/31/31/31/31:0/252/0/0/4/252:Fake Out,Quick Attack,Earthquake,Double-Edge	Jynx,Cloyster,Walrein,Baxcalibur,Arctozolt,Glalie	73	73	Normal,Fighting,Ground,Rock,Water,Electric,Psychic,Ice,Dragon	76.2	Jynx	Arctozolt	Rock,Steel,Fire,Fighting	NONE	6 slots, levels 73-73. Offense covers 9 types. Shared weakness: Rock, Steel, Fire, Fighting. Speed spans 55-100 base, fastest Jynx, slowest Arctozolt. LEVEL-SCALED: rescales to the player, excluded from scoring.	data.js:trainers[59].normal	Measured	derived: team analysis; strategy_notes Inferred
59	Leader Pryce	NA	boss_candidate	Route 20	hardcore	10	May	73	TRUE	10|Route 20|Leader Pryce	6	Sandslash-Alola:73:103:Ice Scales:Focus Sash:Adamant:31/31/31/31/31/31:0/0/0/0/0/0:Stealth Rock,Earthquake,Icicle Spear,Iron Head|Reuniclus:73:103:Regenerator:Leftovers:Bold:31/31/31/31/31/31:0/0/0/0/0/0:Calm Mind,Recover,Psychic,Focus Blast|Clefable:73:103:Cute Charm:Life Orb:Modest:31/31/31/31/31/31:0/0/0/0/0/0:Thunder Wave,Teleport,Light of Ruin,Flamethrower|Kyurem-Black:73:103:UNK:Icium Z:Jolly:31/31/31/31/31/31:0/0/0/0/0/0:Dragon Dance,Icicle Crash,Fusion Bolt,Roost|Arctovish:73:103:Slush Rush:Life Orb:Adamant:31/31/31/31/31/31:0/0/0/0/0/0:Fishious Rend,Icicle Crash,Stone Edge,Psychic Fangs|Glalie:73:103:Inner Focus:Glalitite:Jolly:31/31/31/31/31/31:0/0/0/0/0/0:Fake Out,Quick Attack,Earthquake,Double-Edge	Sandslash-Alola,Reuniclus,Clefable,Kyurem-Black,Arctovish,Glalie	73	73	Normal,Fighting,Ground,Rock,Steel,Fire,Water,Electric,Psychic,Ice,Fairy	68.3	Kyurem-Black	Reuniclus	Fighting,Steel,Rock	NONE	6 slots, levels 73-73. Offense covers 11 types. Shared weakness: Fighting, Steel, Rock. Speed spans 30-95 base, fastest Kyurem-Black, slowest Reuniclus. LEVEL-SCALED: rescales to the player, excluded from scoring.	data.js:trainers[59].hardcore	Measured	derived: team analysis; strategy_notes Inferred
60	Leader Pryce	NA	boss_candidate	Route 20	normal	10	May	73	TRUE	10|Route 20|Leader Pryce	6	Jynx:73:103:UNK:Focus Sash:Timid:31/31/31/31/31/31:0/0/0/252/4/252:Lovely Kiss,Psystrike,Freeze-Dry,Focus Blast|Cloyster:73:103:Battle Armor:White Herb:Jolly:31/31/31/31/31/31:0/252/0/0/4/252:Shell Smash,Icicle Spear,Waterfall,Rock Blast|Walrein:73:103:Fur Coat:Leftovers:Calm:31/31/31/31/31/31:252/0/4/0/252/0:Toxic,Rest,Sleep Talk,Ice Beam|Baxcalibur:73:103:Ice Body:Dragon Fang:Jolly:31/31/31/31/31/31:0/252/0/0/4/252:Dragon Dance,Icicle Crash,Glaive Rush,Earthquake|Arctozolt:73:103:Slush Rush:Life Orb:Lonely:31/31/31/31/31/31:0/252/0/0/4/252:Bolt Beak,Icicle Crash,Freeze-Dry,Low Kick|Glalie:73:103:Inner Focus:Glalitite:Jolly:31/31/31/31/31/31:0/252/0/0/4/252:Fake Out,Quick Attack,Earthquake,Double-Edge	Jynx,Cloyster,Walrein,Baxcalibur,Arctozolt,Glalie	73	73	Normal,Fighting,Ground,Rock,Water,Electric,Psychic,Ice,Dragon	76.2	Jynx	Arctozolt	Rock,Steel,Fire,Fighting	NONE	6 slots, levels 73-73. Offense covers 9 types. Shared weakness: Rock, Steel, Fire, Fighting. Speed spans 55-100 base, fastest Jynx, slowest Arctozolt. LEVEL-SCALED: rescales to the player, excluded from scoring.	data.js:trainers[60].normal	Measured	derived: team analysis; strategy_notes Inferred
60	Leader Pryce	NA	boss_candidate	Route 20	hardcore	10	May	73	TRUE	10|Route 20|Leader Pryce	6	Jynx:73:103:UNK:Focus Sash:Timid:31/31/31/31/31/31:0/0/0/0/0/0:Lovely Kiss,Psystrike,Blizzard,Focus Blast|Cloyster:73:103:Battle Armor:White Herb:Jolly:31/31/31/31/31/31:0/0/0/0/0/0:Shell Smash,Icicle Spear,Waterfall,Rock Blast|Clefable:73:103:Cute Charm:Life Orb:Modest:31/31/31/31/31/31:0/0/0/0/0/0:Blizzard,Teleport,Light of Ruin,Flamethrower|Kyurem-Black:73:103:UNK:Icium Z:Jolly:31/31/31/31/31/31:0/0/0/0/0/0:Dragon Dance,Icicle Crash,Fusion Bolt,Roost|Arctozolt:73:103:Slush Rush:Life Orb:Lonely:31/31/31/31/31/31:0/0/0/0/0/0:Bolt Beak,Icicle Crash,Freeze-Dry,Low Kick|Glalie:73:103:Inner Focus:Glalitite:Jolly:31/31/31/31/31/31:0/0/0/0/0/0:Fake Out,Quick Attack,Earthquake,Double-Edge	Jynx,Cloyster,Clefable,Kyurem-Black,Arctozolt,Glalie	73	73	Normal,Fighting,Ground,Rock,Fire,Water,Electric,Psychic,Ice,Fairy	76.7	Jynx	Arctozolt	Rock,Steel,Fire,Fighting	NONE	6 slots, levels 73-73. Offense covers 10 types. Shared weakness: Rock, Steel, Fire, Fighting. Speed spans 55-100 base, fastest Jynx, slowest Arctozolt. LEVEL-SCALED: rescales to the player, excluded from scoring.	data.js:trainers[60].hardcore	Measured	derived: team analysis; strategy_notes Inferred
61	PkMn Trainer May	NA	boss_candidate	Cinnabar Island	normal	10	May	73	FALSE	10|Cinnabar Island|PkMn Trainer May	6	Solrock:71:71:UNK:Focus Sash:Jolly:31/31/31/31/31/31:6/252/0/0/0/252:Stealth Rock,Photon Geyser,Explosion,Earthquake|Breloom:71:71:Effect Spore:Toxic Orb:Jolly:31/31/31/31/31/31:6/252/0/0/0/252:Spore,Substitute,Focus Punch,Rock Slide|Manectric:72:72:Static:Choice Specs:Timid:31/31/31/31/31/31:6/0/0/252/0/252:Volt Switch,Thunderbolt,Overheat,Switcheroo|Relicanth:72:72:Swift Swim:Choice Band:Adamant:31/31/31/31/31/31:252/252/0/0/0/6:Waterfall,Head Smash,Earthquake,Zen Headbutt|Flygon:72:72:Tinted Lens:Life Orb:Hasty:31/31/31/31/31/31:6/128/0/128/0/252:Earthquake,Draco Meteor,Fire Blast,Outrage|Blaziken:73:73:Speed Boost:Blazikenite:Adamant:31/31/31/31/31/31:6/252/0/0/0/252:Swords Dance,Close Combat,Flare Blitz,Rock Slide	Solrock,Breloom,Manectric,Relicanth,Flygon,Blaziken	73	71	Normal,Fighting,Ground,Rock,Fire,Water,Electric,Psychic,Dragon	83.3	Manectric	Relicanth	Ground	NONE	6 slots, levels 71-73. Offense covers 9 types. Shared weakness: Ground. Speed spans 55-105 base, fastest Manectric, slowest Relicanth.	data.js:trainers[61].normal	Measured	derived: team analysis; strategy_notes Inferred
61	PkMn Trainer May	NA	boss_candidate	Cinnabar Island	hardcore	10	May	73	FALSE	10|Cinnabar Island|PkMn Trainer May	6	Aggron:73:73:Heavy Metal:Custap Berry:Adamant:31/31/31/31/31/31:0/0/0/0/0/0:Stone Edge,Heavy Slam,Heat Crash,Endeavor|Jumpluff:73:73:Aerilate:Flying Gem:Jolly:31/31/31/31/31/31:0/0/0/0/0/0:Double-Edge,U-turn,Spore,Synthesis|Regieleki:73:73:UNK:Life Orb:Naive:31/31/31/31/31/31:0/0/0/0/0/0:Thunderbolt,Electro Ball,Volt Switch,Explosion|Slowbro:73:73:Regenerator:Leftovers:Bold:31/0/31/31/31/31:0/0/0/0/0/0:Scald,Body Press,Teleport,Slack Off|Snorlax:73:73:Immunity:Leftovers:Careful:31/31/31/31/31/31:0/0/0/0/0/0:Body Slam,Darkest Lariat,Curse,Rest|Blaziken:73:73:Speed Boost:Blazikenite:Jolly:31/31/31/31/31/31:0/0/0/0/0/0:Swords Dance,Flare Blitz,Close Combat,Thunder Punch	Aggron,Jumpluff,Regieleki,Slowbro,Snorlax,Blaziken	73	73	Normal,Fighting,Rock,Bug,Steel,Fire,Water,Electric,Dark	83.3	Regieleki	Slowbro	Ground	NONE	6 slots, levels 73-73. Offense covers 9 types. Shared weakness: Ground. Speed spans 30-200 base, fastest Regieleki, slowest Slowbro.	data.js:trainers[61].hardcore	Measured	derived: team analysis; strategy_notes Inferred
62	Leader Jasmine	NA	boss_candidate	Cinnabar Island Lab	normal	10	May	73	TRUE	10|Cinnabar Island Lab|Leader Jasmine	6	Steelix:73:103:Rock Head:Chople Berry:Adamant:31/31/31/31/31/31:252/252/0/0/4/0:Stealth Rock,Earthquake,Iron Head,Roar|Melmetal:73:103:UNK:Leftovers:Adamant:31/31/31/31/31/31:252/252/0/0/4/0:Double Iron Bash,Earthquake,Thunder Punch,Ice Punch|Duraludon:73:103:Stalwart:Assault Vest:Modest:31/31/31/31/31/31:252/0/0/252/4/0:Dragon Pulse,Flash Cannon,Thunderbolt,Body Press|Durant:73:103:Swarm:Life Orb:Jolly:31/31/31/31/31/31:0/252/0/0/4/252:Iron Head,Close Combat,X-Scissor,Hone Claws|Samurott:73:103:Sharpness:White Herb:Jolly:31/31/31/31/31/31:0/252/4/0/0/252:Shell Smash,Razor Shell,Cut,Sacred Sword|Aggron:73:103:Heavy Metal:Aggronite:Adamant:31/31/31/31/31/31:252/252/4/0/0/0:Earthquake,Heavy Slam,Body Press,Fire Punch	Steelix,Melmetal,Duraludon,Durant,Samurott,Aggron	73	73	Fighting,Ground,Bug,Steel,Fire,Water,Electric,Ice,Dragon	66.3	Durant	Steelix	Fighting,Ground,Fire	NONE	6 slots, levels 73-73. Offense covers 9 types. Shared weakness: Fighting, Ground, Fire. Speed spans 30-109 base, fastest Durant, slowest Steelix. LEVEL-SCALED: rescales to the player, excluded from scoring.	data.js:trainers[62].normal	Measured	derived: team analysis; strategy_notes Inferred
62	Leader Jasmine	NA	boss_candidate	Cinnabar Island Lab	hardcore	10	May	73	TRUE	10|Cinnabar Island Lab|Leader Jasmine	6	Gliscor:73:103:Poison Heal:Toxic Orb:Jolly:31/31/31/31/31/31:0/0/0/0/0/0:Stealth Rock,High Horsepower,Protect,Toxic|Tapu Bulu:73:103:Telepathy:Life Orb:Jolly:31/31/31/31/31/31:0/0/0/0/0/0:Grassy Glide,Play Rough,Close Combat,Swords Dance|Necrozma-Dusk-Mane:73:103:UNK:Weakness Policy:Jolly:31/31/31/31/31/31:0/0/0/0/0/0:Dragon Dance,Sunsteel Strike,Stone Edge,High Horsepower|Genesect:73:103:UNK:Life Orb:Naive:31/31/31/31/31/31:0/0/0/0/0/0:Extreme Speed,U-turn,Flamethrower,Thunderbolt|Magnezone:73:103:Magnet Pull:Assault Vest:Modest:31/30/31/30/31/31:0/0/0/0/0/0:Thunderbolt,Flash Cannon,Hidden Power,Body Press|Aggron:73:103:Heavy Metal:Aggronite:Careful:31/31/31/31/31/31:0/0/0/0/0/0:Curse,Heavy Slam,Rest,Sleep Talk	Gliscor,Tapu Bulu,Necrozma-Dusk-Mane,Genesect,Magnezone,Aggron	73	73	Normal,Fighting,Ground,Rock,Bug,Steel,Fire,Grass,Electric,Fairy	76.0	Genesect	Aggron	Fire,Ground	NONE	6 slots, levels 73-73. Offense covers 10 types. Shared weakness: Fire, Ground. Speed spans 50-99 base, fastest Genesect, slowest Aggron. LEVEL-SCALED: rescales to the player, excluded from scoring.	data.js:trainers[62].hardcore	Measured	derived: team analysis; strategy_notes Inferred
63	Leader Jasmine	NA	boss_candidate	Cinnabar Island Lab	normal	10	May	73	TRUE	10|Cinnabar Island Lab|Leader Jasmine	6	Bronzong:73:103:Heavy Metal:Leftovers:Relaxed:31/31/31/31/31/0:252/0/252/0/4/0:Stealth Rock,Earthquake,Gyro Ball,Explosion|Melmetal:73:103:UNK:Leftovers:Adamant:31/31/31/31/31/31:252/252/0/0/4/0:Double Iron Bash,Earthquake,Body Press,Thunder Punch|Magnezone:73:103:Analytic:Magnet:Modest:31/30/31/30/31/30:0/0/0/252/4/252:Thunderbolt,Volt Switch,Flash Cannon,Hidden Power|Excadrill:73:103:Mold Breaker:Air Balloon:Jolly:31/31/31/31/31/31:0/252/0/0/4/252:Iron Head,Earthquake,Rock Slide,Swords Dance|Samurott:73:103:Sharpness:White Herb:Jolly:31/31/31/31/31/31:0/252/4/0/0/252:Shell Smash,Razor Shell,Cut,Sacred Sword|Aggron:73:103:Heavy Metal:Aggronite:Adamant:31/31/31/31/31/31:252/252/4/0/0/0:Earthquake,Heavy Slam,Body Press,Fire Punch	Bronzong,Melmetal,Magnezone,Excadrill,Samurott,Aggron	73	73	Normal,Fighting,Ground,Rock,Steel,Fire,Water,Electric	59.2	Samurott	Bronzong	Ground,Fire,Fighting	NONE	6 slots, levels 73-73. Offense covers 8 types. Shared weakness: Ground, Fire, Fighting. Speed spans 33-90 base, fastest Samurott, slowest Bronzong. LEVEL-SCALED: rescales to the player, excluded from scoring.	data.js:trainers[63].normal	Measured	derived: team analysis; strategy_notes Inferred
63	Leader Jasmine	NA	boss_candidate	Cinnabar Island Lab	hardcore	10	May	73	TRUE	10|Cinnabar Island Lab|Leader Jasmine	6	Gliscor:73:103:Poison Heal:Toxic Orb:Jolly:31/31/31/31/31/31:0/0/0/0/0/0:Stealth Rock,High Horsepower,Protect,Toxic|Tapu Bulu:73:103:Telepathy:Life Orb:Jolly:31/31/31/31/31/31:0/0/0/0/0/0:Grassy Glide,Play Rough,Close Combat,Swords Dance|Necrozma-Dusk-Mane:73:103:UNK:Weakness Policy:Jolly:31/31/31/31/31/31:0/0/0/0/0/0:Dragon Dance,Sunsteel Strike,Stone Edge,High Horsepower|Genesect:73:103:UNK:Life Orb:Naive:31/31/31/31/31/31:0/0/0/0/0/0:Extreme Speed,U-turn,Flamethrower,Thunderbolt|Magnezone:73:103:Magnet Pull:Assault Vest:Modest:31/30/31/30/31/31:0/0/0/0/0/0:Thunderbolt,Flash Cannon,Hidden Power,Body Press|Aggron:73:103:Heavy Metal:Aggronite:Careful:31/31/31/31/31/31:0/0/0/0/0/0:Curse,Heavy Slam,Rest,Sleep Talk	Gliscor,Tapu Bulu,Necrozma-Dusk-Mane,Genesect,Magnezone,Aggron	73	73	Normal,Fighting,Ground,Rock,Bug,Steel,Fire,Grass,Electric,Fairy	76.0	Genesect	Aggron	Fire,Ground	NONE	6 slots, levels 73-73. Offense covers 10 types. Shared weakness: Fire, Ground. Speed spans 50-99 base, fastest Genesect, slowest Aggron. LEVEL-SCALED: rescales to the player, excluded from scoring.	data.js:trainers[63].hardcore	Measured	derived: team analysis; strategy_notes Inferred
64	Leader Jasmine	NA	boss_candidate	Cinnabar Island Lab	normal	10	May	73	TRUE	10|Cinnabar Island Lab|Leader Jasmine	6	Forretress:73:103:Overcoat:Custap Berry:Relaxed:31/31/31/31/31/0:252/0/252/0/4/0:Stealth Rock,Earthquake,Gyro Ball,Explosion|Melmetal:73:103:UNK:Leftovers:Adamant:31/31/31/31/31/31:252/252/0/0/4/0:Double Iron Bash,Earthquake,Body Press,Thunder Punch|Magnezone:73:103:Analytic:Magnet:Modest:31/30/31/30/31/30:0/0/0/252/4/252:Thunderbolt,Volt Switch,Flash Cannon,Hidden Power|Lucario:73:103:Steadfast:Air Balloon:Jolly:31/31/31/31/31/31:0/252/0/0/4/252:Swords Dance,Extreme Speed,Close Combat,Meteor Mash|Samurott:73:103:Sharpness:White Herb:Jolly:31/31/31/31/31/31:0/252/4/0/0/252:Shell Smash,Razor Shell,Cut,Sacred Sword|Aggron:73:103:Heavy Metal:Aggronite:Adamant:31/31/31/31/31/31:252/252/4/0/0/0:Earthquake,Heavy Slam,Body Press,Fire Punch	Forretress,Melmetal,Magnezone,Lucario,Samurott,Aggron	73	73	Normal,Fighting,Ground,Steel,Fire,Water,Electric	60.7	Lucario	Melmetal	Fire,Fighting,Ground	NONE	6 slots, levels 73-73. Offense covers 7 types. Shared weakness: Fire, Fighting, Ground. Speed spans 34-90 base, fastest Lucario, slowest Melmetal. LEVEL-SCALED: rescales to the player, excluded from scoring.	data.js:trainers[64].normal	Measured	derived: team analysis; strategy_notes Inferred
64	Leader Jasmine	NA	boss_candidate	Cinnabar Island Lab	hardcore	10	May	73	TRUE	10|Cinnabar Island Lab|Leader Jasmine	6	Gliscor:73:103:Poison Heal:Toxic Orb:Jolly:31/31/31/31/31/31:0/0/0/0/0/0:Stealth Rock,High Horsepower,Protect,Toxic|Tapu Bulu:73:103:Telepathy:Life Orb:Jolly:31/31/31/31/31/31:0/0/0/0/0/0:Grassy Glide,Play Rough,Close Combat,Swords Dance|Necrozma-Dusk-Mane:73:103:UNK:Weakness Policy:Jolly:31/31/31/31/31/31:0/0/0/0/0/0:Dragon Dance,Sunsteel Strike,Stone Edge,High Horsepower|Genesect:73:103:UNK:Life Orb:Naive:31/31/31/31/31/31:0/0/0/0/0/0:Extreme Speed,U-turn,Flamethrower,Thunderbolt|Magnezone:73:103:Magnet Pull:Assault Vest:Modest:31/30/31/30/31/31:0/0/0/0/0/0:Thunderbolt,Flash Cannon,Hidden Power,Body Press|Aggron:73:103:Heavy Metal:Aggronite:Careful:31/31/31/31/31/31:0/0/0/0/0/0:Curse,Heavy Slam,Rest,Sleep Talk	Gliscor,Tapu Bulu,Necrozma-Dusk-Mane,Genesect,Magnezone,Aggron	73	73	Normal,Fighting,Ground,Rock,Bug,Steel,Fire,Grass,Electric,Fairy	76.0	Genesect	Aggron	Fire,Ground	NONE	6 slots, levels 73-73. Offense covers 10 types. Shared weakness: Fire, Ground. Speed spans 50-99 base, fastest Genesect, slowest Aggron. LEVEL-SCALED: rescales to the player, excluded from scoring.	data.js:trainers[64].hardcore	Measured	derived: team analysis; strategy_notes Inferred
65	Leader Erika	NA	boss_candidate	Celadon City Gym	normal	9	Koga	68	TRUE	9|Celadon City Gym|Leader Erika	6	Ogerpon-Cornerstone:68:103:UNK:Cornerstone Mask:Jolly:31/31/31/31/31/31:0/252/0/0/4/252:Ivy Cudgel,Horn Leech,Knock Off,U-turn|Meowscarada:68:103:Protean:Life Orb:Jolly:31/31/31/31/31/31:0/252/0/0/4/252:U-turn,Knock Off,Flower Trick,Triple Axel|Hawlucha:68:103:Limber:Grassy Seed:Adamant:31/31/31/31/31/31:0/252/0/0/4/252:Swords Dance,Close Combat,Acrobatics,Stone Edge|Sinistcha:68:103:UNK:Leftovers:Modest:31/31/31/31/31/31:252/0/4/252/0/0:Strength Sap,Matcha Gotcha,Shadow Ball,Will-O-Wisp|Lilligant-Hisui:68:103:Chlorophyll:Wide Lens:Jolly:31/31/31/31/31/31:0/252/0/0/4/252:Victory Dance,Leaf Blade,Close Combat,Ice Spinner|Venusaur:68:103:Chlorophyll:Venusaurite:Modest:31/31/31/31/31/31:0/0/0/0/0/0:Giga Drain,Earth Power,Synthesis,Sludge Bomb	Ogerpon-Cornerstone,Meowscarada,Hawlucha,Sinistcha,Lilligant-Hisui,Venusaur	68	68	Fighting,Flying,Poison,Ground,Rock,Bug,Ghost,Grass,Ice,Dark	101.0	Meowscarada	Sinistcha	Ice,Flying,Fire,Fairy,Psychic	NONE	6 slots, levels 68-68. Offense covers 10 types. Shared weakness: Ice, Flying, Fire, Fairy, Psychic. Speed spans 70-123 base, fastest Meowscarada, slowest Sinistcha. LEVEL-SCALED: rescales to the player, excluded from scoring.	data.js:trainers[65].normal	Measured	derived: team analysis; strategy_notes Inferred
65	Leader Erika	NA	boss_candidate	Celadon City Gym	hardcore	9	Koga	68	TRUE	9|Celadon City Gym|Leader Erika	6	Meowscarada:68:103:Protean:Life Orb:Jolly:31/31/31/31/31/31:0/0/0/0/0/0:Flower Trick,Triple Axel,Knock Off,U-turn|Serperior:68:103:Contrary:Focus Sash:Timid:31/30/31/30/31/30:0/0/0/0/0/0:Leaf Storm,Hidden Power,Dragon Pulse,Knock Off|Hawlucha:68:103:Limber:Grassy Seed:Adamant:31/31/31/31/31/31:0/0/0/0/0/0:Swords Dance,Close Combat,Acrobatics,Stone Edge|Kartana:68:103:UNK:Life Orb:Jolly:31/31/31/31/31/31:0/0/0/0/0/0:Swords Dance,Grassy Glide,Cut,Sacred Sword|Magearna:68:103:UNK:Grassy Seed:Bold:31/31/31/31/31/31:0/0/0/0/0/0:Calm Mind,Drain Kiss,Stored Power,Aura Sphere|Ampharos:68:103:Plus:Ampharosite:Modest:31/30/31/31/31/31:0/0/0/0/0/0:Volt Switch,Draco Barrage,Signal Beam,Focus Blast	Meowscarada,Serperior,Hawlucha,Kartana,Magearna,Ampharos	68	68	Normal,Fighting,Flying,Rock,Bug,Steel,Grass,Electric,Psychic,Ice,Dragon,Dark,Fairy	97.2	Meowscarada	Ampharos	Flying,Fire,Ice	NONE	6 slots, levels 68-68. Offense covers 13 types. Shared weakness: Flying, Fire, Ice. Speed spans 55-123 base, fastest Meowscarada, slowest Ampharos. LEVEL-SCALED: rescales to the player, excluded from scoring.	data.js:trainers[65].hardcore	Measured	derived: team analysis; strategy_notes Inferred
66	Dumbass Jojo Fan	NA	boss_candidate	Power Plant	normal	10	May	73	TRUE	10|Power Plant|Dumbass Jojo Fan	6	Hoopa-Unbound:73:103:UNK:Focus Sash:Jolly:31/31/31/31/31/31:0/252/4/0/0/252:Hyperspace Fury,Gunk Shot,Fire Punch,Drain Punch|Aegislash-Shield:73:103:UNK:Leftovers:Quiet:31/31/31/31/31/31:252/4/0/252/0/0:Shadow Ball,King's Shield,Shadow Sneak,Flash Cannon|Ogerpon-Cornerstone:73:103:UNK:Cornerstone Mask:Jolly:31/31/31/31/31/31:0/252/4/0/0/252:Ivy Cudgel,U-turn,Horn Leech,Knock Off|Simisear:73:103:Sage Power:Choice Scarf:Timid:31/31/31/31/31/31:0/0/4/252/0/252:Fire Blast,Hidden Power,Focus Blast,Scorching Sands|Celebi:73:103:UNK:Life Orb:Timid:31/30/31/30/31/31:0/0/4/252/0/252:Nasty Plot,Giga Drain,Psychic,Earth Power|Machamp:73:103:Steadfast:Machampite:Adamant:31/31/31/31/31/31:252/252/4/0/0/0:Power-Up Punch,Bullet Punch,Ice Punch,Drain Punch	Hoopa-Unbound,Aegislash-Shield,Ogerpon-Cornerstone,Simisear,Celebi,Machamp	73	73	Normal,Fighting,Poison,Ground,Bug,Ghost,Steel,Fire,Grass,Psychic,Ice,Dark	84.3	Ogerpon-Cornerstone	Machamp	Bug	NONE	6 slots, levels 73-73. Offense covers 12 types. Shared weakness: Bug. Speed spans 55-110 base, fastest Ogerpon-Cornerstone, slowest Machamp. LEVEL-SCALED: rescales to the player, excluded from scoring.	data.js:trainers[66].normal	Measured	derived: team analysis; strategy_notes Inferred
66	Dumbass Jojo Fan	NA	boss_candidate	Power Plant	hardcore	10	May	73	TRUE	10|Power Plant|Dumbass Jojo Fan	6	Hoopa-Unbound:73:103:UNK:Focus Sash:Jolly:31/31/31/31/31/31:0/0/0/0/0/0:Hyperspace Fury,Gunk Shot,Fire Punch,Drain Punch|Aegislash-Shield:73:103:UNK:Leftovers:Quiet:31/31/31/31/31/31:0/0/0/0/0/0:Shadow Ball,King's Shield,Shadow Sneak,Flash Cannon|Ogerpon-Cornerstone:73:103:UNK:Cornerstone Mask:Jolly:31/31/31/31/31/31:0/0/0/0/0/0:Ivy Cudgel,U-turn,Horn Leech,Knock Off|Simisear:73:103:Sage Power:Choice Scarf:Timid:31/31/31/31/31/31:0/0/0/0/0/0:Fire Blast,Hidden Power,Focus Blast,Scorching Sands|Celebi:73:103:UNK:Life Orb:Timid:31/30/31/30/31/31:0/0/0/0/0/0:Nasty Plot,Giga Drain,Psychic,Earth Power|Machamp:73:103:Steadfast:Machampite:Adamant:31/31/31/31/31/31:0/0/0/0/0/0:Power-Up Punch,Bullet Punch,Ice Punch,Drain Punch	Hoopa-Unbound,Aegislash-Shield,Ogerpon-Cornerstone,Simisear,Celebi,Machamp	73	73	Normal,Fighting,Poison,Ground,Bug,Ghost,Steel,Fire,Grass,Psychic,Ice,Dark	84.3	Ogerpon-Cornerstone	Machamp	Bug	NONE	6 slots, levels 73-73. Offense covers 12 types. Shared weakness: Bug. Speed spans 55-110 base, fastest Ogerpon-Cornerstone, slowest Machamp. LEVEL-SCALED: rescales to the player, excluded from scoring.	data.js:trainers[66].hardcore	Measured	derived: team analysis; strategy_notes Inferred
67	Rocket Admin Archer	NA	boss_candidate	Cerulean Cave 1F	normal	12	Archer-3	79	FALSE	12|Cerulean Cave 1F|Rocket Admin Archer	4	Mamoswine:77:77:Thick Fat:Focus Sash:Jolly:31/31/31/31/31/31:6/252/0/0/0/252:Earthquake,Ice Shard,Endeavor,Icicle Crash|Durant:78:78:Swarm:Life Orb:Jolly:31/31/31/31/31/31:6/252/0/0/0/252:Hone Claws,Iron Head,X-Scissor,Superpower|Mimikyu:79:79:UNK:Lum Berry:Jolly:31/31/31/31/31/31:6/252/0/0/0/252:Play Rough,Swords Dance,Shadow Claw,Shadow Sneak|Houndoom:79:79:Unnerve:Houndoomnite:Timid:31/31/31/31/31/31:6/0/0/252/0/252:Fiery Wrath,Flamethrower,Sucker Punch,Sludge Bomb	Mamoswine,Durant,Mimikyu,Houndoom	79	77	Normal,Fighting,Poison,Ground,Bug,Ghost,Steel,Fire,Ice,Dark,Fairy	95.0	Durant	Mamoswine	Fighting,Steel,Fire,Water	NONE	4 slots, levels 77-79. Offense covers 11 types. Shared weakness: Fighting, Steel, Fire, Water. Speed spans 80-109 base, fastest Durant, slowest Mamoswine.	data.js:trainers[67].normal	Measured	derived: team analysis; strategy_notes Inferred
67	Rocket Admin Archer	NA	boss_candidate	Cerulean Cave 1F	hardcore	12	Archer-3	79	TRUE	12|Cerulean Cave 1F|Rocket Admin Archer	5	Ninetales:79:103:Drought:Charcoal:Timid:31/31/31/31/31/31:0/0/0/0/0/0:Weather Ball,Solar Beam,Scorching Sands,Hypnosis|Exeggutor:79:103:Harvest:Life Orb:Timid:31/31/31/31/31/31:0/0/0/0/0/0:Solar Beam,Psyshock,Weather Ball,Earth Power|Landorus-Therian:79:103:UNK:Flyinium Z:Jolly:31/31/31/31/31/31:0/0/0/0/0/0:Earthquake,Fly,Stone Edge,Swords Dance|Houndoom:79:103:Early Bird:Houndoomnite:Naive:31/31/31/31/31/31:0/0/0/0/0/0:Dark Hole,Flamethrower,Sucker Punch,Solar Beam|Sunflora:79:103:Early Bird:Focus Sash:Timid:31/31/30/31/30/30:0/0/0/0/0/0:Growth,Solar Beam,Weather Ball,Hidden Power	Ninetales,Exeggutor,Landorus-Therian,Houndoom,Sunflora	79	79	Normal,Flying,Ground,Rock,Fire,Grass,Psychic,Dark	79.2	Ninetales	Exeggutor	Water,Ice	NONE	5 slots, levels 79-79. Offense covers 8 types. Shared weakness: Water, Ice. Speed spans 55-100 base, fastest Ninetales, slowest Exeggutor. LEVEL-SCALED: rescales to the player, excluded from scoring.	data.js:trainers[67].hardcore	Measured	derived: team analysis; strategy_notes Inferred
68	Rocket Admin Ariana	NA	boss_candidate	Cerulean Cave 1F	normal	12	Archer-3	79	FALSE	12|Cerulean Cave 1F|Rocket Admin Ariana	4	Hatterene:77:77:UNK:Sitrus Berry:Modest:31/31/31/31/31/31:252/0/0/252/0/6:Trick Room,Psychic,Dazzling Gleam,Mystical Fire|Rhyperior:78:78:Lightning Rod:Weakness Policy:Adamant:31/31/31/31/31/31:252/252/0/0/0/6:Earthquake,Rock Blast,Ice Punch,Heat Crash|Honchkrow:78:78:Insomnia:Scope Lens:Jolly:31/31/31/31/31/31:6/252/0/0/0/252:Sucker Punch,Night Slash,Drill Peck,Superpower|Mawile:79:79:Hyper Cutter:Mawilite:Adamant:31/31/31/31/31/31:252/252/0/0/0/6:Sucker Punch,Iron Head,Play Rough,Swords Dance	Hatterene,Rhyperior,Honchkrow,Mawile	79	77	Fighting,Flying,Ground,Rock,Steel,Fire,Psychic,Ice,Dark,Fairy	53.8	Honchkrow	Hatterene	Steel,Ground,Ice	NONE	4 slots, levels 77-79. Offense covers 10 types. Shared weakness: Steel, Ground, Ice. Speed spans 29-96 base, fastest Honchkrow, slowest Hatterene.	data.js:trainers[68].normal	Measured	derived: team analysis; strategy_notes Inferred
68	Rocket Admin Ariana	NA	boss_candidate	Cerulean Cave 1F	hardcore	12	Archer-3	79	TRUE	12|Cerulean Cave 1F|Rocket Admin Ariana	4	Wailord:79:103:Water Veil:Mystic Water:Modest:31/30/31/30/31/31:0/0/0/0/0/0:Bouncy Bubble,Ice Beam,Hidden Power|Espeon:79:103:Magic Bounce:Eevium Z:Timid:31/31/31/31/31/31:0/0/0/0/0/0:Last Resort,Psychic,Mystical Fire,Shadow Ball|Buzzwole:79:103:UNK:Coba Berry:Jolly:31/31/31/31/31/31:0/0/0/0/0/0:Victory Dance,Drain Punch,Leech Life,Ice Punch|Mawile:79:103:Hyper Cutter:Mawilite:Adamant:31/31/31/0/31/31:0/0/0/0/0/0:Sucker Punch,Double Iron Bash,Play Rough,Fire Fang	Wailord,Espeon,Buzzwole,Mawile	79	79	Normal,Fighting,Bug,Ghost,Steel,Fire,Water,Psychic,Ice,Dark,Fairy	72.2	Espeon	Wailord	Fire	NONE	4 slots, levels 79-79. Offense covers 11 types. Shared weakness: Fire. Speed spans 50-110 base, fastest Espeon, slowest Wailord. LEVEL-SCALED: rescales to the player, excluded from scoring.	data.js:trainers[68].hardcore	Measured	derived: team analysis; strategy_notes Inferred
69	Boss Giovanni	NA	boss_candidate	Cerulean Cave B1F	normal	13	Giovanni-3	80	FALSE	13|Cerulean Cave B1F|Boss Giovanni	6	Tapu Lele:80:80:Telepathy:Terrain Extender:Timid:31/31/31/31/31/31:4/0/0/252/0/252:Moonblast,Psychic,Thunderbolt,Aura Sphere|Scrafty:80:80:Shed Skin:Psychic Seed:Adamant:31/31/31/31/31/31:252/252/4/0/0/0:Roar,Knock Off,Drain Punch,Ice Punch|Excadrill:80:80:Sand Rush:Focus Sash:Adamant:31/31/31/31/31/31:4/252/0/0/0/252:High Horsepower,Iron Head,Rock Slide,Swords Dance|Tyranitar:80:80:Unnerve:Assault Vest:Careful:31/31/31/31/31/31:252/4/0/0/252/0:High Horsepower,Knock Off,Rock Slide,Fire Punch|Celesteela:80:80:UNK:Power Herb:Modest:31/31/31/31/31/31:4/0/0/252/0/252:Autotomize,Meteor Beam,Air Slash,Flamethrower|Mewtwo:80:80:Unnerve:NONE:Timid:31/31/31/31/31/31:4/0/0/252/0/252:Expanding Force,Soul Robbery,Flamethrower,Aura Sphere	Tapu Lele,Scrafty,Excadrill,Tyranitar,Celesteela,Mewtwo	80	80	Fighting,Flying,Ground,Rock,Steel,Fire,Electric,Psychic,Ice,Dark,Fairy	82.2	Mewtwo	Scrafty	Fighting	NONE	6 slots, levels 80-80. Offense covers 11 types. Shared weakness: Fighting. Speed spans 58-130 base, fastest Mewtwo, slowest Scrafty.	data.js:trainers[69].normal	Measured	derived: team analysis; strategy_notes Inferred
69	Boss Giovanni	NA	boss_candidate	Cerulean Cave B1F	hardcore	13	Giovanni-3	80	FALSE	13|Cerulean Cave B1F|Boss Giovanni	6	Spiritomb:80:80:Intimidate:Figy Berry:Sassy:31/31/31/31/31/31:0/0/0/0/0/0:Will-O-Wisp,Parting Shot,Shadow Ball,Sucker Punch|Delphox:80:80:Magic Guard:Focus Sash:Timid:31/31/31/31/31/31:0/0/0/0/0/0:Heat Wave,Expanding Force,Grass Knot,Shadow Ball|Silvally-Fairy:80:80:UNK:Leftovers:Jolly:31/31/31/31/31/31:0/0/0/0/0/0:Multi-Attack,Flamethrower,Parting Shot,Thunder Wave|Moltres-Galar:80:80:UNK:Flyinium Z:Timid:31/31/31/31/31/31:0/0/0/0/0/0:Nasty Plot,Fiery Wrath,Hurricane,Roost|Genesect:80:80:UNK:Assault Vest:Hasty:31/31/31/31/31/31:0/0/0/0/0/0:U-turn,Iron Head,Ice Beam,Flamethrower|Mewtwo:80:80:Unnerve:NONE:Timid:31/31/31/31/31/31:0/0/0/0/0/0:Expanding Force,Soul Robbery,Flamethrower,Aura Sphere	Spiritomb,Delphox,Silvally-Fairy,Moltres-Galar,Genesect,Mewtwo	80	80	Normal,Fighting,Flying,Bug,Ghost,Steel,Fire,Grass,Psychic,Ice,Dark	93.0	Mewtwo	Spiritomb	NONE	NONE	6 slots, levels 80-80. Offense covers 11 types. No weakness shared by half the team. Speed spans 35-130 base, fastest Mewtwo, slowest Spiritomb.	data.js:trainers[69].hardcore	Measured	derived: team analysis; strategy_notes Inferred
70	Team Rocket Grunt	NA	route	Cerulean Cave 2F	normal	12	Archer-3	79	FALSE	12|Cerulean Cave 2F|Team Rocket Grunt	3	Golbat:75:75:Corrosion:NONE:Quiet:15/15/15/15/15/15:0/0/0/0/0/0:Quick Guard,Air Slash,Venoshock,Haze|Mandibuzz:74:74:Frisk:NONE:Modest:15/15/15/15/15/15:0/0/0/0/0/0:Embargo,Dark Pulse,Dual Wingbeat,Tailwind|Perrserker:75:75:Steely Spirit:NONE:Timid:15/15/15/15/15/15:0/0/0/0/0/0:Thrash,Metal Sound,Slash,Screech	Golbat,Mandibuzz,Perrserker	75	74	Normal,Flying,Poison,Dark	73.3	Golbat	Perrserker	Rock,Electric,Ice	NONE	3 slots, levels 74-75. Offense covers 4 types. Shared weakness: Rock, Electric, Ice. Speed spans 50-90 base, fastest Golbat, slowest Perrserker.	data.js:trainers[70].normal	Measured	derived: team analysis; strategy_notes Inferred
70	Team Rocket Grunt	NA	boss_candidate	Cerulean Cave 2F	hardcore	12	Archer-3	79	TRUE	12|Cerulean Cave 2F|Team Rocket Grunt	6	Grimmsnarl:79:103:Infiltrator:Light Clay:Careful:31/31/31/31/31/31:0/0/0/0/0/0:Reflect,Light Screen,Spirit Break,Darkest Lariat|Ursaring:79:103:Unnerve:Eviolite:Adamant:31/31/31/31/31/31:0/0/0/0/0/0:Crunch,Facade,Close Combat,Play Rough|Kingambit:79:103:Defiant:Life Orb:Jolly:31/31/31/31/31/31:0/0/0/0/0/0:Swords Dance,Sucker Punch,Knock Off,Iron Head|Annihilape:79:103:Defiant:Leftovers:Jolly:31/31/31/31/31/31:0/0/0/0/0/0:Bulk Up,Drain Punch,Rage Fist,Ice Punch|Espathra:79:103:Frisk:Focus Sash:Modest:31/30/31/31/31/31:0/0/0/0/0/0:Protect,Psychic,Calm Mind,Dazzling Gleam|Sharpedo:79:103:Speed Boost:Sharpedonite:Jolly:31/31/31/31/31/31:0/0/0/0/0/0:Aqua Fang,Crunch,Close Combat,Aqua Jet	Grimmsnarl,Ursaring,Kingambit,Annihilape,Espathra,Sharpedo	79	79	Normal,Fighting,Ghost,Steel,Water,Psychic,Ice,Dark,Fairy	75.8	Espathra	Kingambit	Fairy,Fighting	NONE	6 slots, levels 79-79. Offense covers 9 types. Shared weakness: Fairy, Fighting. Speed spans 50-105 base, fastest Espathra, slowest Kingambit. LEVEL-SCALED: rescales to the player, excluded from scoring.	data.js:trainers[70].hardcore	Measured	derived: team analysis; strategy_notes Inferred
71	Team Rocket Grunt	NA	route	Cerulean Cave 2F	normal	12	Archer-3	79	FALSE	12|Cerulean Cave 2F|Team Rocket Grunt	2	Weavile:75:75:Infiltrator:NONE:Lax:15/15/15/15/15/15:0/0/0/0/0/0:Dark Pulse,Punishment,Snatch,Night Slash|Obstagoon:75:75:Reckless:NONE:Lax:15/15/15/15/15/15:0/0/0/0/0/0:Sucker Punch,Double-Edge,Taunt,Counter	Weavile,Obstagoon	75	75	Normal,Fighting,Dark	110.0	Weavile	Obstagoon	Fighting,Bug,Fairy	NONE	2 slots, levels 75-75. Offense covers 3 types. Shared weakness: Fighting, Bug, Fairy. Speed spans 95-125 base, fastest Weavile, slowest Obstagoon.	data.js:trainers[71].normal	Measured	derived: team analysis; strategy_notes Inferred
71	Team Rocket Grunt	NA	route	Cerulean Cave 2F	hardcore	12	Archer-3	79	FALSE	12|Cerulean Cave 2F|Team Rocket Grunt	2	Weavile:75:75:Infiltrator:NONE:Lax:15/15/15/15/15/15:0/0/0/0/0/0:Dark Pulse,Punishment,Snatch,Night Slash|Obstagoon:75:75:Reckless:NONE:Lax:15/15/15/15/15/15:0/0/0/0/0/0:Sucker Punch,Double-Edge,Taunt,Counter	Weavile,Obstagoon	75	75	Normal,Fighting,Dark	110.0	Weavile	Obstagoon	Fighting,Bug,Fairy	NONE	2 slots, levels 75-75. Offense covers 3 types. Shared weakness: Fighting, Bug, Fairy. Speed spans 95-125 base, fastest Weavile, slowest Obstagoon.	data.js:trainers[71].hardcore	Measured	derived: team analysis; strategy_notes Inferred
72	Team Rocket Grunt	NA	route	Cerulean Cave 1F	normal	12	Archer-3	79	FALSE	12|Cerulean Cave 1F|Team Rocket Grunt	3	Ursaring:75:75:Unnerve:NONE:Hasty:15/15/15/15/15/15:0/0/0/0/0/0:Close Combat,Thrash,Rest,Scary Face|Garbodor:74:74:Gooey:NONE:Gentle:15/15/15/15/15/15:0/0/0/0/0/0:Explosion,Gunk Shot,Belch,Amnesia|Hydreigon:75:75:UNK:NONE:Lonely:15/15/15/15/15/15:0/0/0/0/0/0:Draco Barrage,Fickle Beam,Scary Face,Body Slam	Ursaring,Garbodor,Hydreigon	75	74	Normal,Fighting,Poison,Dragon	71.0	Hydreigon	Ursaring	Fighting	NONE	3 slots, levels 74-75. Offense covers 4 types. Shared weakness: Fighting. Speed spans 55-98 base, fastest Hydreigon, slowest Ursaring.	data.js:trainers[72].normal	Measured	derived: team analysis; strategy_notes Inferred
72	Team Rocket Grunt	NA	boss_candidate	Cerulean Cave 1F	hardcore	12	Archer-3	79	TRUE	12|Cerulean Cave 1F|Team Rocket Grunt	6	Glimmora:77:101:Corrosion:Focus Sash:Timid:31/31/31/31/31/31:0/0/0/0/0/0:Stealth Rock,Spikes,Earth Power,Sludge Wave|Mandibuzz:79:103:Frisk:Leftovers:Careful:31/31/31/31/31/31:0/0/0/0/0/0:Foul Play,Roost,Toxic,U-turn|Blissey:79:103:UNK:Leftovers:Bold:31/31/31/31/31/31:0/0/0/0/0/0:Seismic Toss,Soft-Boiled,Teleport,Toxic|Tangrowth:79:103:Regenerator:Assault Vest:Sassy:31/30/31/30/31/30:0/0/0/0/0/0:Giga Drain,Knock Off,Earthquake,Hidden Power|Slowbro:79:103:Regenerator:Leftovers:Bold:31/30/31/31/31/31:0/0/0/0/0/0:Scald,Ice Beam,Future Sight,Teleport|Garbodor:79:103:Aftermath:Garbodorite:Adamant:31/31/31/31/31/31:0/0/0/0/0/0:Poison Jab,Drain Punch,Fire Punch,Earthquake	Glimmora,Mandibuzz,Blissey,Tangrowth,Slowbro,Garbodor	79	77	Normal,Fighting,Poison,Ground,Bug,Fire,Water,Grass,Psychic,Ice,Dark	60.2	Glimmora	Slowbro	NONE	NONE	6 slots, levels 77-79. Offense covers 11 types. No weakness shared by half the team. Speed spans 30-86 base, fastest Glimmora, slowest Slowbro. LEVEL-SCALED: rescales to the player, excluded from scoring.	data.js:trainers[72].hardcore	Measured	derived: team analysis; strategy_notes Inferred
73	Team Rocket Grunt	NA	route	Cerulean Cave 1F	normal	12	Archer-3	79	FALSE	12|Cerulean Cave 1F|Team Rocket Grunt	2	Absol:74:74:Justified:NONE:Sassy:15/15/15/15/15/15:0/0/0/0/0/0:Swords Dance,Perish Song,Future Sight,Razor Wind|Centiskorch:75:75:Flash Fire:NONE:Quiet:15/15/15/15/15/15:0/0/0/0/0/0:Burn Up,Lunge,Fire Lash,Crunch	Absol,Centiskorch	75	74	Normal,Bug,Fire,Psychic,Dark	70.0	Absol	Centiskorch	NONE	NONE	2 slots, levels 74-75. Offense covers 5 types. No weakness shared by half the team. Speed spans 65-75 base, fastest Absol, slowest Centiskorch.	data.js:trainers[73].normal	Measured	derived: team analysis; strategy_notes Inferred
73	Team Rocket Grunt	NA	route	Cerulean Cave 1F	hardcore	12	Archer-3	79	FALSE	12|Cerulean Cave 1F|Team Rocket Grunt	2	Absol:74:74:Justified:NONE:Sassy:15/15/15/15/15/15:0/0/0/0/0/0:Swords Dance,Perish Song,Future Sight,Razor Wind|Centiskorch:75:75:Flash Fire:NONE:Quiet:15/15/15/15/15/15:0/0/0/0/0/0:Burn Up,Lunge,Fire Lash,Crunch	Absol,Centiskorch	75	74	Normal,Bug,Fire,Psychic,Dark	70.0	Absol	Centiskorch	NONE	NONE	2 slots, levels 74-75. Offense covers 5 types. No weakness shared by half the team. Speed spans 65-75 base, fastest Absol, slowest Centiskorch.	data.js:trainers[73].hardcore	Measured	derived: team analysis; strategy_notes Inferred
74	Leader Clair	NA	boss_candidate	Viridian City Gym	normal	14	Clair	81	FALSE	14|Viridian City Gym|Leader Clair	6	Aerodactyl:80:80:Unnerve:Focus Sash:Jolly:31/31/31/31/31/31:0/252/4/0/0/252:Stealth Rock,Stone Edge,Earthquake,Taunt|Roaring Moon:81:81:UNK:Booster Energy:Jolly:31/31/31/31/31/31:0/252/4/0/0/252:Dragon Dance,Crunch,Earthquake,Iron Head|Dragonite:80:80:Multiscale:Weakness Policy:Adamant:31/31/31/31/31/31:252/0/4/0/0/252:Extreme Speed,Dragon Dance,Fire Punch,Dual Wingbeat|Magearna:81:81:UNK:Leftovers:Modest:31/31/31/31/31/31:252/0/0/252/0/4:Shift Gear,Fleur Cannon,Flash Cannon,Aura Sphere|Gouging Fire:81:81:UNK:Booster Energy:Jolly:31/31/31/31/31/31:0/252/0/0/4/252:Dragon Dance,Flare Blitz,Earthquake,Dragon Claw|Naganadel:81:81:UNK:Life Orb:Timid:31/31/31/31/31/31:0/0/4/252/0/252:Flamethrower,Nasty Plot,Sludge Wave,Draco Meteor	Aerodactyl,Roaring Moon,Dragonite,Magearna,Gouging Fire,Naganadel	81	80	Normal,Fighting,Flying,Poison,Ground,Rock,Steel,Fire,Dragon,Dark,Fairy	101.0	Aerodactyl	Magearna	Rock,Ice,Dragon,Ground	NONE	6 slots, levels 80-81. Offense covers 11 types. Shared weakness: Rock, Ice, Dragon, Ground. Speed spans 65-130 base, fastest Aerodactyl, slowest Magearna.	data.js:trainers[74].normal	Measured	derived: team analysis; strategy_notes Inferred
74	Leader Clair	NA	boss_candidate	Viridian City Gym	hardcore	14	Clair	81	FALSE	14|Viridian City Gym|Leader Clair	6	Shuckle:81:81:Sturdy:Sitrus Berry:Impish:31/31/31/31/31/31:0/0/0/0/0/0:Stealth Rock,Sticky Web,Knock Off,Toxic|Roaring Moon:81:81:UNK:Booster Energy:Jolly:31/31/31/31/31/31:0/0/0/0/0/0:Dragon Dance,Knock Off,Earthquake,Scale Shot|Magearna:81:81:UNK:Weakness Policy:Modest:31/31/31/31/31/31:0/0/0/0/0/0:Shift Gear,Moonblast,Thunderbolt,Aura Sphere|Necrozma-Dusk-Mane:81:81:UNK:Necrozium Z:Adamant:31/31/31/31/31/31:0/0/0/0/0/0:Dragon Dance,Photon Geyser,Earthquake,Dragon Hammer|Eternatus:81:81:UNK:Power Herb:Timid:31/31/31/31/31/31:0/0/0/0/0/0:Dynamax Cannon,Meteor Beam,Flamethrower,Recover|Archaludon:81:81:Bad Company:Assault Vest:Timid:31/31/31/31/31/31:0/0/0/0/0/0:Draco Meteor,Steel Beam,Thunderbolt,Body Press	Shuckle,Roaring Moon,Magearna,Necrozma-Dusk-Mane,Eternatus,Archaludon	81	81	Fighting,Ground,Rock,Steel,Fire,Electric,Psychic,Dragon,Dark,Fairy	80.2	Eternatus	Shuckle	Ground	NONE	6 slots, levels 81-81. Offense covers 10 types. Shared weakness: Ground. Speed spans 5-130 base, fastest Eternatus, slowest Shuckle.	data.js:trainers[74].hardcore	Measured	derived: team analysis; strategy_notes Inferred
75	Leader Bugsy	NA	boss_candidate	Kindle Road	normal	17	Post-Game	100	TRUE	17|Kindle Road|Leader Bugsy	6	Pheromosa:100:103:UNK:Focus Sash:Hasty:31/31/31/31/31/31:0/252/0/0/0/252:Close Combat,Ice Beam,U-turn,Drill Run|Clawitzer-Sevii:100:103:UNK:Focus Sash:Modest:31/31/31/31/31/31:0/0/4/252/0/252:Water Pulse,Dark Pulse,Aura Sphere,Bug Buzz|Genesect:100:103:UNK:Douse Drive:Naive:31/31/31/31/31/31:0/0/4/252/0/252:U-turn,Techno Blast,Thunderbolt,Ice Beam|Magnezone:100:103:Analytic:Life Orb:Timid:31/30/31/30/31/31:0/0/4/252/0/252:Thunderbolt,Flash Cannon,Volt Switch,Hidden Power|Arceus-Bug:100:103:UNK:Buginium Z:Jolly:31/31/31/31/31/31:0/252/4/0/0/252:X-Scissor,Earthquake,Iron Head,Swords Dance|Pinsir:100:103:Moxie:Pinsirite:Jolly:31/31/31/31/31/0:0/252/4/0/0/252:Megahorn,Extreme Speed,Close Combat,Swords Dance	Pheromosa,Clawitzer-Sevii,Genesect,Magnezone,Arceus-Bug,Pinsir	100	100	Normal,Fighting,Ground,Bug,Steel,Water,Electric,Ice,Dark	102.0	Pheromosa	Magnezone	Flying,Fire,Rock	NONE	6 slots, levels 100-100. Offense covers 9 types. Shared weakness: Flying, Fire, Rock. Speed spans 60-151 base, fastest Pheromosa, slowest Magnezone. LEVEL-SCALED: rescales to the player, excluded from scoring.	data.js:trainers[75].normal	Measured	derived: team analysis; strategy_notes Inferred
75	Leader Bugsy	NA	boss_candidate	Kindle Road	hardcore	17	Post-Game	100	TRUE	17|Kindle Road|Leader Bugsy	6	Pheromosa:100:103:UNK:Focus Sash:Hasty:31/31/31/31/31/31:0/0/0/0/0/0:Close Combat,Ice Beam,U-turn,Drill Run|Clawitzer-Sevii:100:103:UNK:Focus Sash:Modest:31/31/31/31/31/31:0/0/0/0/0/0:Origin Pulse,Dark Pulse,Aura Sphere,Bug Buzz|Genesect:100:103:UNK:Douse Drive:Naive:31/31/31/31/31/31:0/0/0/0/0/0:U-turn,Techno Blast,Thunderbolt,Ice Beam|Magnezone:100:103:Analytic:Life Orb:Timid:31/30/31/30/31/31:0/0/0/0/0/0:Thunderbolt,Flash Cannon,Volt Switch,Hidden Power|Arceus-Bug:100:103:UNK:Buginium Z:Jolly:31/31/31/31/31/31:0/0/0/0/0/0:Megahorn,Earthquake,Iron Head,Swords Dance|Pinsir:100:103:Moxie:Pinsirite:Jolly:31/31/31/31/31/31:0/0/0/0/0/0:Megahorn,Extreme Speed,Close Combat,Swords Dance	Pheromosa,Clawitzer-Sevii,Genesect,Magnezone,Arceus-Bug,Pinsir	100	100	Normal,Fighting,Ground,Bug,Steel,Water,Electric,Ice,Dark	102.0	Pheromosa	Magnezone	Flying,Fire,Rock	NONE	6 slots, levels 100-100. Offense covers 9 types. Shared weakness: Flying, Fire, Rock. Speed spans 60-151 base, fastest Pheromosa, slowest Magnezone. LEVEL-SCALED: rescales to the player, excluded from scoring.	data.js:trainers[75].hardcore	Measured	derived: team analysis; strategy_notes Inferred
76	Leader Whitney	NA	boss_candidate	Two Island House	normal	17	Post-Game	100	TRUE	17|Two Island House|Leader Whitney	6	Zangoose:100:103:Toxic Boost:Toxic Orb:Jolly:31/31/31/31/31/31:0/252/4/0/0/252:Facade,Close Combat,Quick Attack,Fake Out|Miltank:100:103:Sap Sipper:Kasib Berry:Jolly:31/31/31/31/31/31:0/252/4/0/0/252:Body Slam,Thunder Wave,Stealth Rock,Milk Drink|Exploud:100:103:Punk Rock:Choice Scarf:Timid:31/31/31/31/31/31:0/0/4/252/0/252:Boomburst|Zoroark-Hisui:100:103:Illusion:Focus Sash:Timid:31/31/31/31/31/31:0/0/4/252/0/252:Shadow Ball,Hyper Voice,Flamethrower,U-turn|Ursaluna:100:103:Unnerve:Flame Orb:Adamant:31/31/31/31/31/31:252/252/4/0/0/0:Facade,Earthquake,Sucker Punch,Shadow Claw|Snorlax:100:103:Immunity:Leftovers:Impish:31/31/31/31/31/31:252/252/4/0/0/0:Curse,Rest,Sleep Talk,Body Slam	Zangoose,Miltank,Exploud,Zoroark-Hisui,Ursaluna,Snorlax	100	100	Normal,Fighting,Ground,Bug,Ghost,Fire,Dark	77.2	Zoroark-Hisui	Snorlax	Fighting	NONE	6 slots, levels 100-100. Offense covers 7 types. Shared weakness: Fighting. Speed spans 30-110 base, fastest Zoroark-Hisui, slowest Snorlax. LEVEL-SCALED: rescales to the player, excluded from scoring.	data.js:trainers[76].normal	Measured	derived: team analysis; strategy_notes Inferred
76	Leader Whitney	NA	boss_candidate	Two Island House	hardcore	17	Post-Game	100	TRUE	17|Two Island House|Leader Whitney	6	Zangoose:100:103:Toxic Boost:Focus Sash:Jolly:31/31/31/31/31/31:0/0/0/0/0/0:Facade,Close Combat,Quick Attack,Fake Out|Miltank:100:103:Sap Sipper:Kasib Berry:Jolly:31/31/31/31/31/31:0/0/0/0/0/0:Body Slam,Thunder Wave,Stealth Rock,Milk Drink|Exploud:100:103:Punk Rock:Choice Scarf:Timid:31/31/31/31/31/31:0/0/0/0/0/0:Boomburst|Zoroark-Hisui:100:103:Illusion:Focus Sash:Timid:31/31/31/31/31/31:0/0/0/0/0/0:Shadow Ball,Hyper Voice,Flamethrower,U-turn|Ursaluna:100:103:Unnerve:Assault Vest:Careful:31/31/31/31/31/31:0/0/0/0/0/0:Facade,Earthquake,Sucker Punch,Shadow Claw|Snorlax:100:103:Immunity:Snorlaxite:Impish:31/31/31/31/31/31:0/0/0/0/0/0:Curse,Rest,Sleep Talk,Body Slam	Zangoose,Miltank,Exploud,Zoroark-Hisui,Ursaluna,Snorlax	100	100	Normal,Fighting,Ground,Bug,Ghost,Fire,Dark	77.2	Zoroark-Hisui	Snorlax	Fighting	NONE	6 slots, levels 100-100. Offense covers 7 types. Shared weakness: Fighting. Speed spans 30-110 base, fastest Zoroark-Hisui, slowest Snorlax. LEVEL-SCALED: rescales to the player, excluded from scoring.	data.js:trainers[76].hardcore	Measured	derived: team analysis; strategy_notes Inferred
77	Elite Four Lorelei	NA	boss_candidate	Pokemon League	normal	16	Elite-4	85	TRUE	16|Pokemon League|Elite Four Lorelei	6	Ninetales-Alola:85:103:Snow Warning:Light Clay:Timid:31/31/31/31/31/31:0/0/4/252/0/252:Blizzard,Aurora Veil,Freeze-Dry,Snowscape|Glaceon:85:103:Slush Rush:Choice Specs:Modest:31/30/31/30/31/30:0/0/4/252/0/252:Blizzard,Freeze-Dry,Earth Power,Hidden Power|Rotom-Wash:85:103:UNK:Sitrus Berry:Timid:31/31/31/31/31/31:252/0/4/0/0/252:Thunder Wave,Volt Switch,Scald,Thunderbolt|Calyrex-Ice:85:103:UNK:Assault Vest:Adamant:31/31/31/31/31/31:252/252/4/0/0/0:Glacial Lance,Zen Headbutt,Seed Bomb,High Horsepower|Abomasnow:85:103:Soundproof:Abomasite:Timid:31/30/31/30/31/30:0/0/4/252/0/252:Blizzard,Giga Drain,Focus Blast,Hidden Power|Baxcalibur:85:103:Ice Body:Dragon Fang:Jolly:31/31/31/31/31/31:0/252/4/0/0/252:Glaive Rush,Ice Shard,Icicle Crash,Protect	Ninetales-Alola,Glaceon,Rotom-Wash,Calyrex-Ice,Abomasnow,Baxcalibur	85	85	Normal,Fighting,Ground,Water,Grass,Electric,Psychic,Ice,Dragon	77.8	Ninetales-Alola	Calyrex-Ice	Rock,Steel,Fire,Fighting	NONE	6 slots, levels 85-85. Offense covers 9 types. Shared weakness: Rock, Steel, Fire, Fighting. Speed spans 50-109 base, fastest Ninetales-Alola, slowest Calyrex-Ice. LEVEL-SCALED: rescales to the player, excluded from scoring.	data.js:trainers[77].normal	Measured	derived: team analysis; strategy_notes Inferred
77	Elite Four Lorelei	NA	boss_candidate	Pokemon League	hardcore	16	Elite-4	85	TRUE	16|Pokemon League|Elite Four Lorelei	6	Glaceon:85:103:Slush Rush:Choice Specs:Modest:31/30/31/30/31/30:0/0/0/0/0/0:Blizzard,Earth Power,Freeze-Dry,Hidden Power|Landorus-Therian:85:103:UNK:Assault Vest:Jolly:31/31/31/31/31/31:0/0/0/0/0/0:High Horsepower,Stone Edge,U-turn,Knock Off|Chien-Pao:85:103:UNK:Focus Sash:Jolly:31/31/31/31/31/31:0/0/0/0/0/0:Icicle Crash,Knock Off,Sacred Sword,Ice Shard|Tapu Fini:85:103:Telepathy:Leftovers:Modest:31/31/31/31/31/31:0/0/0/0/0/0:Calm Mind,Muddy Water,Moonblast,Blizzard|Kyurem-White:85:103:UNK:Dragonium Z:Timid:31/31/31/31/31/31:0/0/0/0/0/0:Blizzard,Fusion Flare,Draco Barrage,Freeze-Dry|Abomasnow:85:103:Soundproof:Abomasite:Naive:31/30/31/30/31/30:0/0/0/0/0/0:Giga Drain,Blizzard,Earthquake,Hidden Power	Glaceon,Landorus-Therian,Chien-Pao,Tapu Fini,Kyurem-White,Abomasnow	85	85	Normal,Fighting,Ground,Rock,Bug,Fire,Water,Grass,Ice,Dragon,Dark,Fairy	90.2	Chien-Pao	Abomasnow	Fighting,Rock,Steel,Fire	NONE	6 slots, levels 85-85. Offense covers 12 types. Shared weakness: Fighting, Rock, Steel, Fire. Speed spans 60-135 base, fastest Chien-Pao, slowest Abomasnow. LEVEL-SCALED: rescales to the player, excluded from scoring.	data.js:trainers[77].hardcore	Measured	derived: team analysis; strategy_notes Inferred
78	Elite Four Lorelei	NA	boss_candidate	Pokemon League	normal	16	Elite-4	85	TRUE	16|Pokemon League|Elite Four Lorelei	6	Politoed:85:103:Drizzle:Damp Rock:Timid:31/31/31/31/31/31:252/0/4/0/0/252:Scald,Haze,Rain Dance,Flip Turn|Ogerpon-Wellspring:85:103:UNK:Wellspring Mask:Jolly:31/31/31/31/31/31:0/252/4/0/0/252:Ivy Cudgel,Horn Leech,Knock Off,Play Rough|Swampert:85:103:Damp:Swampertite:Adamant:31/31/31/31/31/31:0/252/4/0/0/252:Power-Up Punch,Earthquake,Waterfall,Ice Punch|Walking Wake:85:103:UNK:Life Orb:Timid:31/31/31/31/31/31:0/0/4/252/0/252:Hurricane,Hydro Pump,Sleep Talk,Dragon Pulse|Kyogre:85:103:UNK:Blue Orb:Timid:31/31/31/31/31/31:0/0/4/252/0/252:Water Spout,Origin Pulse,Thunder,Ice Beam|Iron Bundle:85:103:UNK:Focus Sash:Timid:31/31/31/31/31/31:0/0/4/252/0/252:Hydro Pump,Ice Beam,Freeze-Dry,Flip Turn	Politoed,Ogerpon-Wellspring,Swampert,Walking Wake,Kyogre,Iron Bundle	85	85	Fighting,Flying,Ground,Water,Grass,Electric,Ice,Dragon,Dark,Fairy	95.8	Iron Bundle	Swampert	Grass,Electric	NONE	6 slots, levels 85-85. Offense covers 10 types. Shared weakness: Grass, Electric. Speed spans 60-136 base, fastest Iron Bundle, slowest Swampert. LEVEL-SCALED: rescales to the player, excluded from scoring.	data.js:trainers[78].normal	Measured	derived: team analysis; strategy_notes Inferred
78	Elite Four Lorelei	NA	boss_candidate	Pokemon League	hardcore	16	Elite-4	85	TRUE	16|Pokemon League|Elite Four Lorelei	6	Ludicolo:85:103:Own Tempo:Focus Sash:Modest:31/31/31/31/31/31:0/0/0/0/0/0:Fake Out,Hydro Pump,Energy Ball,Ice Beam|Iron Bundle:85:103:UNK:Booster Energy:Timid:31/31/31/31/31/31:0/0/0/0/0/0:Hydro Pump,Freeze-Dry,Icy Wind,Sleep Talk|Genesect:85:103:UNK:Assault Vest:Hasty:31/31/31/31/31/31:0/0/0/0/0/0:U-turn,Iron Head,Thunder,Ice Beam|Dragonite:85:103:Multiscale:Flyinium Z:Mild:31/31/31/31/31/31:0/0/0/0/0/0:Hurricane,Thunder,Aqua Tail,Extreme Speed|Palkia-Origin:85:103:Telepathy:Lustrous Orb:Timid:31/31/31/31/31/31:0/0/0/0/0/0:Draco Barrage,Hydro Pump,Thunder,Aura Sphere|Swampert:85:103:Damp:Swampertite:Adamant:31/31/31/31/31/31:0/0/0/0/0/0:Waterfall,Earthquake,Ice Punch,Brick Break	Ludicolo,Iron Bundle,Genesect,Dragonite,Palkia-Origin,Swampert	85	85	Normal,Fighting,Flying,Ground,Bug,Steel,Water,Grass,Electric,Ice,Dragon	94.2	Iron Bundle	Swampert	NONE	NONE	6 slots, levels 85-85. Offense covers 11 types. No weakness shared by half the team. Speed spans 60-136 base, fastest Iron Bundle, slowest Swampert. LEVEL-SCALED: rescales to the player, excluded from scoring.	data.js:trainers[78].hardcore	Measured	derived: team analysis; strategy_notes Inferred
79	Leader Pryce	NA	boss_candidate	Seafoam Islands Kyogre's Chamber	normal	17	Post-Game	100	TRUE	17|Seafoam Islands Kyogre's Chamber|Leader Pryce	6	Abomasnow:100:103:Soundproof:Abomasite:Quiet:31/31/31/31/31/0:248/8/0/252/0/0:Earth Power,Blizzard,Wood Hammer,Hidden Power|Calyrex-Ice:100:103:UNK:Mental Herb:Brave:31/31/31/31/31/0:248/252/8/0/0/0:Trick Room,Glacial Lance,Zen Headbutt,High Horsepower|Kyurem:100:103:UNK:Icium Z:Quiet:31/31/31/31/31/0:248/0/8/252/0/0:Blizzard,Draco Barrage,Earth Power,Freeze-Dry|Wishiwashi-Sevii:100:103:UNK:Sitrus Berry:Quiet:31/31/31/31/31/0:252/0/0/252/0/0:Shadow Ball,Draco Barrage,Thunderbolt,Trick Room|Donphan:100:103:Technician:Lum Berry:Brave:31/31/31/0/31/0:252/252/4/0/0/0:Ice Shard,Rock Tomb,Bonemerang,Knock Off|Heracross:100:103:Moxie:Heracronite:Brave:31/31/31/0/31/0:252/252/4/0/0/0:Arm Thrust,Bullet Seed,Pin Missile,Rock Blast	Abomasnow,Calyrex-Ice,Kyurem,Wishiwashi-Sevii,Donphan,Heracross	100	100	Normal,Fighting,Ground,Rock,Bug,Ghost,Grass,Electric,Psychic,Ice,Dragon,Dark	62.5	Kyurem	Wishiwashi-Sevii	Rock,Steel,Fire	NONE	6 slots, levels 100-100. Offense covers 12 types. Shared weakness: Rock, Steel, Fire. Speed spans 35-95 base, fastest Kyurem, slowest Wishiwashi-Sevii. LEVEL-SCALED: rescales to the player, excluded from scoring.	data.js:trainers[79].normal	Measured	derived: team analysis; strategy_notes Inferred
79	Leader Pryce	NA	boss_candidate	Seafoam Islands Kyogre's Chamber	hardcore	17	Post-Game	100	TRUE	17|Seafoam Islands Kyogre's Chamber|Leader Pryce	6	Abomasnow:100:103:Soundproof:Abomasite:Quiet:31/30/31/30/31/2:0/0/0/0/0/0:Earth Power,Blizzard,Wood Hammer,Hidden Power|Calyrex-Ice:100:103:UNK:Lum Berry:Brave:31/31/31/31/31/0:0/0/0/0/0/0:Swords Dance,Glacial Lance,Zen Headbutt,High Horsepower|Kyurem:100:103:UNK:Icium Z:Quiet:31/31/31/31/31/0:0/0/0/0/0/0:Blizzard,Draco Barrage,Earth Power,Freeze-Dry|Wishiwashi-Sevii:100:103:UNK:Sitrus Berry:Quiet:31/31/31/0/31/0:0/0/0/0/0/0:Draco Barrage,Shadow Ball,Nasty Plot,Thunderbolt|Donphan:100:103:Technician:Lum Berry:Brave:31/31/31/0/31/0:0/0/0/0/0/0:Ice Shard,Rock Tomb,Bonemerang,Knock Off|Heracross:100:103:Moxie:Heracronite:Brave:31/31/31/0/31/0:0/0/0/0/0/0:Arm Thrust,Bullet Seed,Pin Missile,Rock Blast	Abomasnow,Calyrex-Ice,Kyurem,Wishiwashi-Sevii,Donphan,Heracross	100	100	Normal,Fighting,Ground,Rock,Bug,Ghost,Grass,Electric,Psychic,Ice,Dragon,Dark	62.5	Kyurem	Wishiwashi-Sevii	Rock,Steel,Fire	NONE	6 slots, levels 100-100. Offense covers 12 types. Shared weakness: Rock, Steel, Fire. Speed spans 35-95 base, fastest Kyurem, slowest Wishiwashi-Sevii. LEVEL-SCALED: rescales to the player, excluded from scoring.	data.js:trainers[79].hardcore	Measured	derived: team analysis; strategy_notes Inferred
80	Elite Four Bruno	NA	boss_candidate	Pokemon League	normal	16	Elite-4	85	TRUE	16|Pokemon League|Elite Four Bruno	6	Infernape:85:103:Iron Fist:Focus Sash:Jolly:31/31/31/31/31/31:0/252/4/0/0/252:Stealth Rock,Pyro Ball,Close Combat,Taunt|Urshifu:85:103:UNK:Black Glasses:Jolly:31/31/31/31/31/31:0/252/4/0/0/252:Wicked Blow,Swords Dance,Close Combat,Sucker Punch|Kommo-o:85:103:Overcoat:Throat Spray:Timid:31/31/31/31/31/31:0/0/4/252/0/252:Clanging Scales,Clangorous Soul,Aura Sphere,Flash Cannon|Iron Valiant:85:103:UNK:Booster Energy:Timid:31/31/31/31/31/31:0/0/4/252/0/252:Moonblast,Thunderbolt,Aura Sphere,Shadow Ball|Zacian:85:103:UNK:Rusty Sword:Jolly:31/31/31/31/31/31:0/252/4/0/0/252:Swords Dance,Behemoth Blade,Close Combat,Wild Charge|Lucario:85:103:Steadfast:Lucarionite:Jolly:31/31/31/31/31/31:0/252/4/0/0/252:Swords Dance,Close Combat,Bullet Punch,Meteor Mash	Infernape,Urshifu,Kommo-o,Iron Valiant,Zacian,Lucario	85	85	Fighting,Ghost,Steel,Fire,Electric,Dragon,Dark,Fairy	106.5	Zacian	Kommo-o	Flying,Psychic,Fairy	NONE	6 slots, levels 85-85. Offense covers 8 types. Shared weakness: Flying, Psychic, Fairy. Speed spans 85-138 base, fastest Zacian, slowest Kommo-o. LEVEL-SCALED: rescales to the player, excluded from scoring.	data.js:trainers[80].normal	Measured	derived: team analysis; strategy_notes Inferred
80	Elite Four Bruno	NA	boss_candidate	Pokemon League	hardcore	16	Elite-4	85	TRUE	16|Pokemon League|Elite Four Bruno	6	Infernape:85:103:Iron Fist:Focus Sash:Jolly:31/31/31/31/31/31:0/0/0/0/0/0:Stealth Rock,Pyro Ball,Close Combat,Thunder Punch|Zeraora:85:103:UNK:Misty Seed:Jolly:31/31/31/31/31/31:0/0/0/0/0/0:Bulk Up,Drain Punch,Plasma Fists,Knock Off|Iron Valiant:85:103:UNK:Booster Energy:Timid:31/31/31/31/31/31:0/0/0/0/0/0:Calm Mind,Moonblast,Psyshock,Shadow Ball|Necrozma-Dusk-Mane:85:103:UNK:Weakness Policy:Adamant:31/31/31/31/31/31:0/0/0/0/0/0:Dragon Dance,Sunsteel Strike,Earthquake,Stone Edge|Zacian:85:103:UNK:Rusty Sword:Jolly:31/31/31/31/31/31:0/0/0/0/0/0:Swords Dance,Behemoth Blade,Close Combat,Wild Charge|Lucario:85:103:Steadfast:Lucarionite:Jolly:31/31/31/31/31/31:0/0/0/0/0/0:Swords Dance,Close Combat,Bullet Punch,Meteor Mash	Infernape,Zeraora,Iron Valiant,Necrozma-Dusk-Mane,Zacian,Lucario	85	85	Fighting,Ground,Rock,Ghost,Steel,Fire,Electric,Psychic,Dark,Fairy	112.8	Zeraora	Necrozma-Dusk-Mane	Ground	NONE	6 slots, levels 85-85. Offense covers 10 types. Shared weakness: Ground. Speed spans 77-143 base, fastest Zeraora, slowest Necrozma-Dusk-Mane. LEVEL-SCALED: rescales to the player, excluded from scoring.	data.js:trainers[80].hardcore	Measured	derived: team analysis; strategy_notes Inferred
81	Elite Four Bruno	NA	boss_candidate	Pokemon League	normal	16	Elite-4	85	TRUE	16|Pokemon League|Elite Four Bruno	6	Great Tusk:85:103:UNK:Focus Sash:Jolly:31/31/31/31/31/31:0/252/4/0/0/252:Headlong Rush,Close Combat,Stealth Rock,Knock Off|Urshifu-Rapid-Strike:85:103:UNK:Mystic Water:Jolly:31/31/31/31/31/31:0/252/4/0/0/252:Surging Strikes,Close Combat,Swords Dance,Thunder Punch|Iron Valiant:85:103:UNK:Booster Energy:Timid:31/31/31/31/31/31:0/0/4/252/0/252:Calm Mind,Moonblast,Shadow Ball,Psyshock|Iron Hands:85:103:UNK:Assault Vest:Adamant:31/31/31/31/31/31:252/252/0/0/4/0:Drain Punch,Fake Out,Plasma Fists,Ice Punch|Zacian:85:103:UNK:Rusty Sword:Jolly:31/31/31/31/31/31:0/252/4/0/0/252:Swords Dance,Behemoth Blade,Close Combat,Wild Charge|Lucario:85:103:Steadfast:Lucarionite:Timid:31/31/31/31/31/31:0/0/4/252/0/252:Nasty Plot,Flash Cannon,Aura Sphere,Vacuum Wave	Great Tusk,Urshifu-Rapid-Strike,Iron Valiant,Iron Hands,Zacian,Lucario	85	85	Normal,Fighting,Ground,Ghost,Steel,Water,Electric,Psychic,Ice,Dark,Fairy	96.3	Zacian	Iron Hands	Flying,Psychic,Fairy	NONE	6 slots, levels 85-85. Offense covers 11 types. Shared weakness: Flying, Psychic, Fairy. Speed spans 50-138 base, fastest Zacian, slowest Iron Hands. LEVEL-SCALED: rescales to the player, excluded from scoring.	data.js:trainers[81].normal	Measured	derived: team analysis; strategy_notes Inferred
81	Elite Four Bruno	NA	boss_candidate	Pokemon League	hardcore	16	Elite-4	85	TRUE	16|Pokemon League|Elite Four Bruno	6	Urshifu:85:103:UNK:Focus Sash:Jolly:31/31/31/31/31/31:0/0/0/0/0/0:Wicked Blow,Close Combat,U-turn,Poison Jab|Hawlucha:85:103:Limber:Misty Seed:Adamant:31/31/31/31/31/31:0/0/0/0/0/0:Swords Dance,Acrobatics,Close Combat,Roost|Iron Valiant:85:103:UNK:Booster Energy:Timid:31/31/31/31/31/31:0/0/0/0/0/0:Calm Mind,Moonblast,Shadow Ball,Psyshock|Necrozma-Dusk-Mane:85:103:UNK:Weakness Policy:Adamant:31/31/31/31/31/31:0/0/0/0/0/0:Dragon Dance,Sunsteel Strike,Earthquake,Stone Edge|Zacian:85:103:UNK:Rusty Sword:Jolly:31/31/31/31/31/31:0/0/0/0/0/0:Swords Dance,Behemoth Blade,Close Combat,Wild Charge|Medicham:85:103:Telepathy:Medichamite:Jolly:31/31/31/31/31/31:0/0/0/0/0/0:Fake Out,Close Combat,Zen Headbutt,Thunder Punch	Urshifu,Hawlucha,Iron Valiant,Necrozma-Dusk-Mane,Zacian,Medicham	85	85	Normal,Fighting,Flying,Poison,Ground,Rock,Bug,Ghost,Steel,Electric,Psychic,Dark,Fairy	104.3	Zacian	Necrozma-Dusk-Mane	Flying,Fairy	NONE	6 slots, levels 85-85. Offense covers 13 types. Shared weakness: Flying, Fairy. Speed spans 77-138 base, fastest Zacian, slowest Necrozma-Dusk-Mane. LEVEL-SCALED: rescales to the player, excluded from scoring.	data.js:trainers[81].hardcore	Measured	derived: team analysis; strategy_notes Inferred
82	Ace Trainer Samantha	NA	boss_candidate	Pokemon Tower 9F	normal	17	Post-Game	100	TRUE	17|Pokemon Tower 9F|Ace Trainer Samantha	6	Torkoal:100:103:Drought:Heat Rock:Relaxed:31/31/31/31/31/31:252/0/252/4/0/0:Stealth Rock,Lava Plume,Body Press,Earth Power|Charizard:100:103:Solar Power:Choice Specs:Timid:31/31/31/31/31/31:0/0/4/252/0/252:Solar Beam,Weather Ball,Air Slash,Flamethrower|Milotic:100:103:Marvel Scale:Assault Vest:Modest:31/31/31/31/31/31:252/0/4/252/0/0:Weather Ball,Ice Beam,Bouncy Bubble,Flip Turn|Dodrio-Sevii:100:103:Anger Point:Focus Sash:Jolly:31/31/31/31/31/31:0/252/4/0/0/252:Headlong Rush,Flare Blitz,Head Smash,Double-Edge|Tyranitar:100:103:Unnerve:Assault Vest:Brave:31/31/31/31/31/31:252/252/0/4/0/0:Fire Blast,Solar Beam,Stone Edge,Earthquake|Garchomp:100:103:Iron Barbs:Garchompite:Jolly:31/31/31/31/31/31:0/252/4/0/0/252:Swords Dance,Scale Shot,Earthquake,Fire Fang	Torkoal,Charizard,Milotic,Dodrio-Sevii,Tyranitar,Garchomp	100	100	Normal,Fighting,Flying,Ground,Rock,Fire,Water,Grass,Ice,Dragon	79.8	Dodrio-Sevii	Torkoal	Ground,Water	NONE	6 slots, levels 100-100. Offense covers 10 types. Shared weakness: Ground, Water. Speed spans 20-110 base, fastest Dodrio-Sevii, slowest Torkoal. LEVEL-SCALED: rescales to the player, excluded from scoring.	data.js:trainers[82].normal	Measured	derived: team analysis; strategy_notes Inferred
82	Ace Trainer Samantha	NA	boss_candidate	Pokemon Tower 9F	hardcore	17	Post-Game	100	TRUE	17|Pokemon Tower 9F|Ace Trainer Samantha	6	Torkoal:100:103:Drought:Sitrus Berry:Relaxed:31/31/31/31/31/31:0/0/0/0/0/0:Stealth Rock,Lava Plume,Body Press,Earth Power|Charizard:100:103:Solar Power:Choice Specs:Timid:31/31/31/31/31/31:0/0/0/0/0/0:Solar Beam,Weather Ball,Air Slash,Flamethrower|Volcanion:100:103:UNK:Assault Vest:Modest:31/31/31/31/31/31:0/0/0/0/0/0:Flamethrower,Solar Beam,Earth Power,Sludge Wave|Dodrio-Sevii:100:103:Anger Point:Focus Sash:Jolly:31/31/31/31/31/31:0/0/0/0/0/0:Headlong Rush,Flare Blitz,Head Smash,Double-Edge|Tyranitar:100:103:Unnerve:Assault Vest:Brave:31/31/31/31/31/31:0/0/0/0/0/0:Fire Blast,Solar Beam,Stone Edge,Earthquake|Garchomp:100:103:Iron Barbs:Garchompite:Timid:31/31/31/31/31/31:0/0/0/0/0/0:Swords Dance,Scale Shot,Earthquake,Fire Fang	Torkoal,Charizard,Volcanion,Dodrio-Sevii,Tyranitar,Garchomp	100	100	Normal,Fighting,Flying,Poison,Ground,Rock,Fire,Grass,Dragon	77.2	Dodrio-Sevii	Torkoal	Ground,Rock,Water	NONE	6 slots, levels 100-100. Offense covers 9 types. Shared weakness: Ground, Rock, Water. Speed spans 20-110 base, fastest Dodrio-Sevii, slowest Torkoal. LEVEL-SCALED: rescales to the player, excluded from scoring.	data.js:trainers[82].hardcore	Measured	derived: team analysis; strategy_notes Inferred
83	Elite Four Agatha	NA	boss_candidate	Pokemon League	normal	16	Elite-4	85	TRUE	16|Pokemon League|Elite Four Agatha	6	Zoroark:85:103:UNK:Focus Sash:Timid:31/31/31/31/31/31:0/0/4/252/0/252:Dark Pulse,Flamethrower,Sludge Bomb,Taunt|Gholdengo:85:103:UNK:Air Balloon:Timid:31/31/31/31/31/31:0/0/4/252/0/252:Nasty Plot,Shadow Ball,Make It Rain,Focus Blast|Marshadow:85:103:UNK:Focus Sash:Jolly:31/31/31/31/31/31:0/252/4/0/0/252:Spectral Thief,Close Combat,Shadow Sneak,Bulk Up|Flutter Mane:85:103:UNK:Booster Energy:Timid:31/31/31/31/31/31:0/0/4/252/0/252:Shadow Ball,Moonblast,Mystical Fire,Psyshock|Chien-Pao:85:103:UNK:Black Glasses:Jolly:31/31/31/31/31/31:0/252/4/0/0/252:Crunch,Icicle Crash,Ice Shard,Sacred Sword|Gengar:85:103:UNK:Gengarite:Timid:31/31/31/31/31/31:0/0/4/252/0/252:Shadow Ball,Sludge Wave,Aura Sphere,Nasty Plot	Zoroark,Gholdengo,Marshadow,Flutter Mane,Chien-Pao,Gengar	85	85	Fighting,Poison,Ghost,Steel,Fire,Psychic,Ice,Dark,Fairy	115.7	Flutter Mane	Gholdengo	Fairy,Ghost	NONE	6 slots, levels 85-85. Offense covers 9 types. Shared weakness: Fairy, Ghost. Speed spans 84-135 base, fastest Flutter Mane, slowest Gholdengo. LEVEL-SCALED: rescales to the player, excluded from scoring.	data.js:trainers[83].normal	Measured	derived: team analysis; strategy_notes Inferred
83	Elite Four Agatha	NA	boss_candidate	Pokemon League	hardcore	16	Elite-4	85	TRUE	16|Pokemon League|Elite Four Agatha	6	Krookodile:85:103:Anger Point:Focus Sash:Jolly:31/31/31/31/31/31:0/0/0/0/0/0:Stealth Rock,Earthquake,Knock Off,Stone Edge|Mewtwo:85:103:Unnerve:Mewtwonite X:Naive:31/31/31/31/31/31:0/0/0/0/0/0:Drain Punch,Expanding Force,Stone Edge,Bulk Up|Yveltal:85:103:UNK:Assault Vest:Timid:31/31/31/31/31/31:0/0/0/0/0/0:Oblivion Wing,Dark Hole,Heat Wave,U-turn|Flutter Mane:85:103:UNK:Booster Energy:Timid:31/31/31/31/31/31:0/0/0/0/0/0:Shadow Ball,Moonblast,Mystical Fire,Psyshock|Victini:85:103:UNK:Normalium Z:Hasty:31/31/31/31/31/31:0/0/0/0/0/0:Celebrate,Expanding Force,Pyro Ball,Focus Blast|Calyrex-Shadow:85:103:UNK:Colbur Berry:Timid:31/31/31/31/31/31:0/0/0/0/0/0:Drain Kiss,Expanding Force,Astral Barrage,Nasty Plot	Krookodile,Mewtwo,Yveltal,Flutter Mane,Victini,Calyrex-Shadow	85	85	Fighting,Flying,Ground,Rock,Bug,Ghost,Fire,Psychic,Dark,Fairy	117.7	Calyrex-Shadow	Krookodile	Ghost,Dark	NONE	6 slots, levels 85-85. Offense covers 10 types. Shared weakness: Ghost, Dark. Speed spans 92-150 base, fastest Calyrex-Shadow, slowest Krookodile. LEVEL-SCALED: rescales to the player, excluded from scoring.	data.js:trainers[83].hardcore	Measured	derived: team analysis; strategy_notes Inferred
84	Elite Four Agatha	NA	boss_candidate	Pokemon League	normal	16	Elite-4	85	TRUE	16|Pokemon League|Elite Four Agatha	6	Zoroark-Hisui:85:103:UNK:Focus Sash:Timid:31/31/31/31/31/31:0/0/4/252/0/252:Shadow Ball,Hyper Voice,Flamethrower,Taunt|Gholdengo:85:103:UNK:Air Balloon:Timid:31/31/31/31/31/31:0/0/4/252/0/252:Thunder Wave,Shadow Ball,Make It Rain,Focus Blast|Marshadow:85:103:UNK:Focus Sash:Jolly:31/31/31/31/31/31:0/252/4/0/0/252:Spectral Thief,Drain Punch,Shadow Sneak,Bulk Up|Roaring Moon:85:103:UNK:Booster Energy:Jolly:31/31/31/31/31/31:0/252/4/0/0/252:Dragon Dance,Knock Off,Earthquake,Iron Head|Chi-Yu:85:103:UNK:Charcoal:Timid:31/30/31/30/31/31:0/0/4/252/0/252:Dark Pulse,Flamethrower,Psychic,Hidden Power|Gengar:85:103:UNK:Gengarite:Timid:31/31/31/31/31/31:0/0/4/252/0/252:Shadow Ball,Sludge Wave,Focus Blast,Nasty Plot	Zoroark-Hisui,Gholdengo,Marshadow,Roaring Moon,Chi-Yu,Gengar	85	85	Normal,Fighting,Poison,Ground,Ghost,Steel,Fire,Psychic,Dark	108.0	Marshadow	Gholdengo	Dark,Ground,Ghost	NONE	6 slots, levels 85-85. Offense covers 9 types. Shared weakness: Dark, Ground, Ghost. Speed spans 84-125 base, fastest Marshadow, slowest Gholdengo. LEVEL-SCALED: rescales to the player, excluded from scoring.	data.js:trainers[84].normal	Measured	derived: team analysis; strategy_notes Inferred
84	Elite Four Agatha	NA	boss_candidate	Pokemon League	hardcore	16	Elite-4	85	TRUE	16|Pokemon League|Elite Four Agatha	6	Krookodile:85:103:Anger Point:Focus Sash:Jolly:31/31/31/31/31/31:0/0/0/0/0/0:Stealth Rock,Earthquake,Knock Off,Stone Edge|Flutter Mane:85:103:UNK:Booster Energy:Timid:31/31/31/31/31/31:0/0/0/0/0/0:Shadow Ball,Moonblast,Psyshock,Mystical Fire|Mewtwo:85:103:Unnerve:Mewtwonite X:Naive:31/31/31/31/31/31:0/0/0/0/0/0:Drain Punch,Expanding Force,Stone Edge,Bulk Up|Yveltal:85:103:UNK:Assault Vest:Timid:31/31/31/31/31/31:0/0/0/0/0/0:Oblivion Wing,Dark Hole,Heat Wave,U-turn|Victini:85:103:UNK:Normalium Z:Hasty:31/31/31/31/31/31:0/0/0/0/0/0:Celebrate,Expanding Force,Pyro Ball,Focus Blast|Calyrex-Shadow:85:103:UNK:Colbur Berry:Timid:31/31/31/31/31/31:0/0/0/0/0/0:Drain Kiss,Expanding Force,Astral Barrage,Nasty Plot	Krookodile,Flutter Mane,Mewtwo,Yveltal,Victini,Calyrex-Shadow	85	85	Fighting,Flying,Ground,Rock,Bug,Ghost,Fire,Psychic,Dark,Fairy	117.7	Calyrex-Shadow	Krookodile	Ghost,Dark	NONE	6 slots, levels 85-85. Offense covers 10 types. Shared weakness: Ghost, Dark. Speed spans 92-150 base, fastest Calyrex-Shadow, slowest Krookodile. LEVEL-SCALED: rescales to the player, excluded from scoring.	data.js:trainers[84].hardcore	Measured	derived: team analysis; strategy_notes Inferred
85	Ace Trainer Nick	NA	boss_candidate	Berry Forest	normal	17	Post-Game	100	TRUE	17|Berry Forest|Ace Trainer Nick	6	Ninetales-Alola:100:103:Snow Warning:Light Clay:Timid:31/31/31/31/31/31:252/0/4/0/0/252:Freeze-Dry,Moonblast,Aurora Veil,Frost Breath|Garchomp:100:103:Iron Barbs:Garchompite:Jolly:31/31/31/31/31/31:0/252/4/0/0/252:Swords Dance,Earthquake,Scale Shot,Stone Edge|Dragapult:100:103:Stalwart:Weakness Policy:Jolly:31/31/31/31/31/31:120/252/0/4/0/132:Dragon Dance,Phantom Force,Dragon Darts,Fire Blast|Heatran:100:103:Flame Body:Air Balloon:Timid:31/31/31/31/31/31:184/0/4/96/0/224:Magma Storm,Earth Power,Flash Cannon,Protect|Arctozolt:100:103:Slush Rush:Ice Gem:Naive:31/31/31/31/31/31:0/200/4/76/0/232:Bolt Beak,Blizzard,Freeze-Dry,Low Kick|Zapdos-Galar:100:103:UNK:Flyinium Z:Jolly:31/31/31/30/31/31:0/252/4/0/0/252:Close Combat,Brave Bird,U-turn,Stomping Tantrum	Ninetales-Alola,Garchomp,Dragapult,Heatran,Arctozolt,Zapdos-Galar	100	100	Fighting,Flying,Ground,Rock,Bug,Ghost,Steel,Fire,Electric,Ice,Dragon,Fairy	97.5	Dragapult	Arctozolt	Ice,Fairy	NONE	6 slots, levels 100-100. Offense covers 12 types. Shared weakness: Ice, Fairy. Speed spans 55-142 base, fastest Dragapult, slowest Arctozolt. LEVEL-SCALED: rescales to the player, excluded from scoring.	data.js:trainers[85].normal	Measured	derived: team analysis; strategy_notes Inferred
85	Ace Trainer Nick	NA	boss_candidate	Berry Forest	hardcore	17	Post-Game	100	TRUE	17|Berry Forest|Ace Trainer Nick	6	Ninetales-Alola:100:103:Snow Warning:Light Clay:Timid:31/31/31/31/31/31:0/0/0/0/0/0:Freeze-Dry,Moonblast,Aurora Veil,Frost Breath|Garchomp:100:103:Iron Barbs:Garchompite:Jolly:31/31/31/31/31/31:0/0/0/0/0/0:Swords Dance,Earthquake,Scale Shot,Stone Edge|Dragapult:100:103:Stalwart:Weakness Policy:Jolly:31/31/31/31/31/31:0/0/0/0/0/0:Dragon Dance,Phantom Force,Dragon Darts,Fire Blast|Heatran:100:103:Flame Body:Air Balloon:Timid:31/31/31/31/31/31:0/0/0/0/0/0:Magma Storm,Earth Power,Flash Cannon,Protect|Arctozolt:100:103:Slush Rush:Ice Gem:Naive:31/31/31/31/31/31:0/0/0/0/0/0:Bolt Beak,Blizzard,Freeze-Dry,Low Kick|Zapdos-Galar:100:103:UNK:Flyinium Z:Jolly:31/31/31/30/31/31:0/0/0/0/0/0:Close Combat,Brave Bird,U-turn,Stomping Tantrum	Ninetales-Alola,Garchomp,Dragapult,Heatran,Arctozolt,Zapdos-Galar	100	100	Fighting,Flying,Ground,Rock,Bug,Ghost,Steel,Fire,Electric,Ice,Dragon,Fairy	97.5	Dragapult	Arctozolt	Ice,Fairy	NONE	6 slots, levels 100-100. Offense covers 12 types. Shared weakness: Ice, Fairy. Speed spans 55-142 base, fastest Dragapult, slowest Arctozolt. LEVEL-SCALED: rescales to the player, excluded from scoring.	data.js:trainers[85].hardcore	Measured	derived: team analysis; strategy_notes Inferred
86	Elite Four Lance	NA	boss_candidate	Pokemon League	normal	16	Elite-4	85	TRUE	16|Pokemon League|Elite Four Lance	6	Aerodactyl:85:103:Rock Head:Focus Sash:Jolly:31/31/31/31/31/31:0/252/4/0/0/252:Stealth Rock,Earthquake,Stone Edge,Taunt|Melmetal:85:103:UNK:Assault Vest:Adamant:31/31/31/31/31/31:252/252/0/0/4/0:Double Iron Bash,Ice Punch,Earthquake,Thunder Punch|Iron Jugulis:85:103:UNK:Booster Energy:Timid:31/31/31/31/31/31:0/0/4/252/0/252:Aeroblast,Dark Hole,Earth Power,Flamethrower|Dragonite:85:103:Multiscale:Weakness Policy:Jolly:31/31/31/31/31/31:0/252/4/0/0/252:Dragon Dance,Dual Wingbeat,Earthquake,Extreme Speed|Dialga:85:103:Telepathy:Adamant Orb:Calm:31/31/31/31/31/31:252/0/0/4/252/0:Roar of Time,Flash Cannon,Rest,Sleep Talk|Salamence:85:103:Moxie:Salamencite:Jolly:31/31/31/31/31/31:0/252/4/0/0/252:Dragon Dance,Double-Edge,Earthquake,Fire Fang	Aerodactyl,Melmetal,Iron Jugulis,Dragonite,Dialga,Salamence	85	85	Normal,Flying,Ground,Rock,Steel,Fire,Electric,Ice,Dragon,Dark	90.3	Aerodactyl	Melmetal	Rock,Ice,Fairy	NONE	6 slots, levels 85-85. Offense covers 10 types. Shared weakness: Rock, Ice, Fairy. Speed spans 34-130 base, fastest Aerodactyl, slowest Melmetal. LEVEL-SCALED: rescales to the player, excluded from scoring.	data.js:trainers[86].normal	Measured	derived: team analysis; strategy_notes Inferred
86	Elite Four Lance	NA	boss_candidate	Pokemon League	hardcore	16	Elite-4	85	TRUE	16|Pokemon League|Elite Four Lance	6	Glimmora:85:103:Corrosion:Focus Sash:Timid:31/31/31/31/31/31:0/0/0/0/0/0:Stealth Rock,Power Gem,Earth Power,Energy Ball|Melmetal:85:103:UNK:Assault Vest:Careful:31/31/31/31/31/31:0/0/0/0/0/0:Double Iron Bash,Ice Punch,Earthquake,Thunder Punch|Arceus:85:103:UNK:Pixie Plate:Timid:31/31/31/31/31/31:0/0/0/0/0/0:Calm Mind,Judgment,Flamethrower,Recover|Dragonite:85:103:Multiscale:Lum Berry:Adamant:31/31/31/31/31/31:0/0/0/0/0/0:Dragon Dance,Dual Wingbeat,Earthquake,Extreme Speed|Dialga:85:103:Telepathy:Adamant Orb:Calm:31/31/31/31/31/31:0/0/0/0/0/0:Roar of Time,Flash Cannon,Rest,Sleep Talk|Rayquaza:85:103:UNK:Sharp Beak:Naive:31/31/31/31/31/31:0/0/0/0/0/0:Extreme Speed,Flamethrower,Earthquake,Dragon Ascent	Glimmora,Melmetal,Arceus,Dragonite,Dialga,Rayquaza	85	85	Normal,Flying,Ground,Rock,Steel,Fire,Grass,Electric,Ice,Dragon	84.2	Arceus	Melmetal	Ground,Fighting	NONE	6 slots, levels 85-85. Offense covers 10 types. Shared weakness: Ground, Fighting. Speed spans 34-120 base, fastest Arceus, slowest Melmetal. LEVEL-SCALED: rescales to the player, excluded from scoring.	data.js:trainers[86].hardcore	Measured	derived: team analysis; strategy_notes Inferred
87	Elite Four Lance	NA	boss_candidate	Pokemon League	normal	16	Elite-4	85	TRUE	16|Pokemon League|Elite Four Lance	6	Garchomp:85:103:Iron Barbs:Focus Sash:Jolly:31/31/31/31/31/31:0/252/4/0/0/252:Stealth Rock,Earthquake,Stone Edge,Roar|Melmetal:85:103:UNK:Assault Vest:Adamant:31/31/31/31/31/31:252/252/0/0/4/0:Double Iron Bash,Ice Punch,Earthquake,Thunder Punch|Iron Jugulis:85:103:UNK:Booster Energy:Timid:31/31/31/31/31/31:0/0/4/252/0/252:Aeroblast,Dark Hole,Earth Power,Flamethrower|Dragonite:85:103:Multiscale:Lum Berry:Jolly:31/31/31/31/31/31:0/252/4/0/0/252:Dragon Dance,Dual Wingbeat,Earthquake,Extreme Speed|Dialga:85:103:Telepathy:Adamant Orb:Bold:31/31/31/31/31/31:252/0/252/4/0/0:Roar of Time,Flash Cannon,Rest,Sleep Talk|Salamence:85:103:Moxie:Salamencite:Jolly:31/31/31/31/31/31:0/252/4/0/0/252:Dragon Dance,Double-Edge,Earthquake,Fire Fang	Garchomp,Melmetal,Iron Jugulis,Dragonite,Dialga,Salamence	85	85	Normal,Flying,Ground,Rock,Steel,Fire,Electric,Ice,Dragon,Dark	85.7	Iron Jugulis	Melmetal	Ice,Dragon,Fairy,Rock	NONE	6 slots, levels 85-85. Offense covers 10 types. Shared weakness: Ice, Dragon, Fairy, Rock. Speed spans 34-108 base, fastest Iron Jugulis, slowest Melmetal. LEVEL-SCALED: rescales to the player, excluded from scoring.	data.js:trainers[87].normal	Measured	derived: team analysis; strategy_notes Inferred
87	Elite Four Lance	NA	boss_candidate	Pokemon League	hardcore	16	Elite-4	85	TRUE	16|Pokemon League|Elite Four Lance	6	Glimmora:85:103:Corrosion:Focus Sash:Timid:31/31/31/31/31/31:0/0/0/0/0/0:Stealth Rock,Power Gem,Sludge Wave,Energy Ball|Melmetal:85:103:UNK:Assault Vest:Careful:31/31/31/31/31/31:0/0/0/0/0/0:Double Iron Bash,Ice Punch,Earthquake,Thunder Punch|Arceus:85:103:UNK:Pixie Plate:Timid:31/31/31/31/31/31:0/0/0/0/0/0:Calm Mind,Judgment,Flamethrower,Recover|Dragonite:85:103:Multiscale:Flyinium Z:Adamant:31/31/31/31/31/31:0/0/0/0/0/0:Dragon Dance,Dual Wingbeat,Earthquake,Extreme Speed|Dialga:85:103:Telepathy:Adamant Orb:Bold:31/31/31/31/31/31:0/0/0/0/0/0:Roar of Time,Flash Cannon,Rest,Sleep Talk|Rayquaza:85:103:UNK:Sharp Beak:Naive:31/31/31/31/31/31:0/0/0/0/0/0:Extreme Speed,Flamethrower,Earthquake,Dragon Ascent	Glimmora,Melmetal,Arceus,Dragonite,Dialga,Rayquaza	85	85	Normal,Flying,Poison,Ground,Rock,Steel,Fire,Grass,Electric,Ice,Dragon	84.2	Arceus	Melmetal	Ground,Fighting	NONE	6 slots, levels 85-85. Offense covers 11 types. Shared weakness: Ground, Fighting. Speed spans 34-120 base, fastest Arceus, slowest Melmetal. LEVEL-SCALED: rescales to the player, excluded from scoring.	data.js:trainers[87].hardcore	Measured	derived: team analysis; strategy_notes Inferred
88	Ace Trainer Barry	NA	boss_candidate	Berry Forest	normal	17	Post-Game	100	TRUE	17|Berry Forest|Ace Trainer Barry	6	Landorus-Therian:100:103:UNK:Focus Sash:Jolly:31/31/31/31/31/31:0/252/4/0/0/252:Earthquake,Stone Edge,Stealth Rock,U-turn|Corviknight:100:103:UNK:Leftovers:Impish:31/31/31/31/31/31:252/0/252/0/4/0:Bulk Up,Agility,Power Trip,Roost|Alakazam:100:103:Magic Guard:Focus Sash:Timid:31/31/31/31/31/31:0/0/4/252/0/252:Nasty Plot,Psychic,Focus Blast,Shadow Ball|Kommo-o:100:103:Bulletproof:Kommonium Z:Naive:31/31/31/31/31/31:0/252/0/4/0/252:Clanging Scales,Close Combat,Poison Jab,Rock Slide|Latias:100:103:UNK:Weakness Policy:Timid:31/31/31/31/31/31:0/0/4/252/0/252:Draco Barrage,Psyshock,Surf,Calm Mind|Toxtricity:100:103:Technician:Toxtricitite:Timid:31/30/31/30/31/31:0/0/4/252/0/252:Boomburst,Overdrive,Sludge Wave,Hidden Power	Landorus-Therian,Corviknight,Alakazam,Kommo-o,Latias,Toxtricity	100	100	Normal,Fighting,Poison,Ground,Rock,Bug,Ghost,Water,Electric,Psychic,Dragon,Dark	91.3	Alakazam	Corviknight	Ice	NONE	6 slots, levels 100-100. Offense covers 12 types. Shared weakness: Ice. Speed spans 67-120 base, fastest Alakazam, slowest Corviknight. LEVEL-SCALED: rescales to the player, excluded from scoring.	data.js:trainers[88].normal	Measured	derived: team analysis; strategy_notes Inferred
88	Ace Trainer Barry	NA	boss_candidate	Berry Forest	hardcore	17	Post-Game	100	TRUE	17|Berry Forest|Ace Trainer Barry	6	Landorus-Therian:100:103:UNK:Focus Sash:Jolly:31/31/31/31/31/31:0/0/0/0/0/0:Earthquake,Stone Edge,Stealth Rock,U-turn|Corviknight:100:103:UNK:Leftovers:Impish:31/31/31/31/31/31:0/0/0/0/0/0:Bulk Up,Agility,Power Trip,Roost|Alakazam:100:103:Magic Guard:Focus Sash:Timid:31/31/31/31/31/31:0/0/0/0/0/0:Nasty Plot,Psychic,Focus Blast,Shadow Ball|Kommo-o:100:103:Bulletproof:Kommonium Z:Naive:31/31/31/31/31/31:0/0/0/0/0/0:Clanging Scales,Close Combat,Poison Jab,Rock Slide|Latias:100:103:UNK:Weakness Policy:Timid:31/31/31/31/31/31:0/0/0/0/0/0:Draco Barrage,Psyshock,Surf,Calm Mind|Toxtricity:100:103:Technician:Toxtricitite:Timid:31/30/31/30/31/31:0/0/0/0/0/0:Boomburst,Overdrive,Sludge Wave,Hidden Power	Landorus-Therian,Corviknight,Alakazam,Kommo-o,Latias,Toxtricity	100	100	Normal,Fighting,Poison,Ground,Rock,Bug,Ghost,Water,Electric,Psychic,Dragon,Dark	91.3	Alakazam	Corviknight	Ice	NONE	6 slots, levels 100-100. Offense covers 12 types. Shared weakness: Ice. Speed spans 67-120 base, fastest Alakazam, slowest Corviknight. LEVEL-SCALED: rescales to the player, excluded from scoring.	data.js:trainers[88].hardcore	Measured	derived: team analysis; strategy_notes Inferred
89	Youngster Ben	NA	route	Route 3	normal	1	Archer-1	22	FALSE	1|Route 3|Youngster Ben	2	Rattata:11:11:Hustle:NONE:Impish:5/5/5/5/5/5:0/0/0/0/0/0:Endeavor,Double-Edge,Super Fang,Return|Maschiff:12:12:Intimidate:NONE:Bold:5/5/5/5/5/5:0/0/0/0/0/0:Double-Edge,Jaw Lock,Reversal,Swagger	Rattata,Maschiff	12	11	Normal,Fighting	61.5	Rattata	Maschiff	Fighting	Ghost	2 slots, levels 11-12. Offense covers 2 types. Shared weakness: Fighting. A pure Ghost type resists everything it carries. Speed spans 51-72 base, fastest Rattata, slowest Maschiff.	data.js:trainers[89].normal	Measured	derived: team analysis; strategy_notes Inferred
89	Youngster Ben	NA	route	Route 3	hardcore	1	Archer-1	22	FALSE	1|Route 3|Youngster Ben	2	Rattata:11:11:Hustle:NONE:Impish:5/5/5/5/5/5:0/0/0/0/0/0:Endeavor,Double-Edge,Super Fang,Return|Maschiff:12:12:Intimidate:NONE:Bold:5/5/5/5/5/5:0/0/0/0/0/0:Double-Edge,Jaw Lock,Reversal,Swagger	Rattata,Maschiff	12	11	Normal,Fighting	61.5	Rattata	Maschiff	Fighting	Ghost	2 slots, levels 11-12. Offense covers 2 types. Shared weakness: Fighting. A pure Ghost type resists everything it carries. Speed spans 51-72 base, fastest Rattata, slowest Maschiff.	data.js:trainers[89].hardcore	Measured	derived: team analysis; strategy_notes Inferred
90	Youngster Calvin	NA	route	Route 3	normal	1	Archer-1	22	FALSE	1|Route 3|Youngster Calvin	1	Zigzagoon-Galar:15:15:Quick Feet:NONE:Bold:5/5/5/5/5/5:0/0/0/0/0/0:Double-Edge,Taunt,Counter,Scary Face	Zigzagoon-Galar	15	15	Normal,Fighting	60.0	Zigzagoon-Galar	Zigzagoon-Galar	NONE	Ghost	1 slots, levels 15-15. Offense covers 2 types. No weakness shared by half the team. A pure Ghost type resists everything it carries. Speed spans 60-60 base, fastest Zigzagoon-Galar, slowest Zigzagoon-Galar.	data.js:trainers[90].normal	Measured	derived: team analysis; strategy_notes Inferred
90	Youngster Calvin	NA	route	Route 3	hardcore	1	Archer-1	22	FALSE	1|Route 3|Youngster Calvin	1	Zigzagoon-Galar:15:15:Quick Feet:NONE:Bold:5/5/5/5/5/5:0/0/0/0/0/0:Double-Edge,Taunt,Counter,Scary Face	Zigzagoon-Galar	15	15	Normal,Fighting	60.0	Zigzagoon-Galar	Zigzagoon-Galar	NONE	Ghost	1 slots, levels 15-15. Offense covers 2 types. No weakness shared by half the team. A pure Ghost type resists everything it carries. Speed spans 60-60 base, fastest Zigzagoon-Galar, slowest Zigzagoon-Galar.	data.js:trainers[90].hardcore	Measured	derived: team analysis; strategy_notes Inferred
91	Youngster Josh	NA	route	Mt. Moon 1F	normal	1	Archer-1	22	FALSE	1|Mt. Moon 1F|Youngster Josh	3	Wooloo:13:13:Bulletproof:NONE:Naive:5/5/5/5/5/5:0/0/0/0/0/0:Double-Edge,Cotton Guard,Reversal,Guard Swap|Rockruff:15:15:Steadfast:NONE:Mild:5/5/5/5/5/5:0/0/0/0/0/0:Stone Edge,Rock Climb,Crunch,Scary Face|Lechonk:16:16:Thick Fat:NONE:Mild:5/5/5/5/5/5:0/0/0/0/0/0:Double-Edge,Uproar,Work Up,Take Down	Wooloo,Rockruff,Lechonk	16	13	Normal,Fighting,Rock,Dark	47.7	Rockruff	Lechonk	Fighting	NONE	3 slots, levels 13-16. Offense covers 4 types. Shared weakness: Fighting. Speed spans 35-60 base, fastest Rockruff, slowest Lechonk.	data.js:trainers[91].normal	Measured	derived: team analysis; strategy_notes Inferred
91	Youngster Josh	NA	route	Mt. Moon 1F	hardcore	1	Archer-1	22	FALSE	1|Mt. Moon 1F|Youngster Josh	3	Wooloo:13:13:Bulletproof:NONE:Naive:5/5/5/5/5/5:0/0/0/0/0/0:Double-Edge,Cotton Guard,Reversal,Guard Swap|Rockruff:15:15:Steadfast:NONE:Mild:5/5/5/5/5/5:0/0/0/0/0/0:Stone Edge,Rock Climb,Crunch,Scary Face|Lechonk:16:16:Thick Fat:NONE:Mild:5/5/5/5/5/5:0/0/0/0/0/0:Double-Edge,Uproar,Work Up,Take Down	Wooloo,Rockruff,Lechonk	16	13	Normal,Fighting,Rock,Dark	47.7	Rockruff	Lechonk	Fighting	NONE	3 slots, levels 13-16. Offense covers 4 types. Shared weakness: Fighting. Speed spans 35-60 base, fastest Rockruff, slowest Lechonk.	data.js:trainers[91].hardcore	Measured	derived: team analysis; strategy_notes Inferred
92	Youngster Timmy	NA	route	Route 24	normal	2	Misty	27	TRUE	2|Route 24|Youngster Timmy	3	Plusle:25:101:Transistor:Shuca Berry:Timid:31/31/31/31/31/31:0/0/0/0/0/0:Grass Knot,Electroweb,Signal Beam,Charge Beam|Electrike:25:101:Minus:Magnet:Timid:31/31/31/31/31/31:0/0/0/0/0/0:Shock Wave,Round,Flame Burst,Signal Beam|Snover:25:101:Soundproof:Occa Berry:Bashful:31/31/31/31/31/31:0/0/0/0/0/0:Ice Shard,Mega Drain,Icy Wind,Water Pulse	Plusle,Electrike,Snover	25	25	Normal,Bug,Fire,Water,Grass,Electric,Ice	71.7	Plusle	Snover	Ground	NONE	3 slots, levels 25-25. Offense covers 7 types. Shared weakness: Ground. Speed spans 40-110 base, fastest Plusle, slowest Snover. LEVEL-SCALED: rescales to the player, excluded from scoring.	data.js:trainers[92].normal	Measured	derived: team analysis; strategy_notes Inferred
92	Youngster Timmy	NA	route	Route 24	hardcore	2	Misty	27	TRUE	2|Route 24|Youngster Timmy	3	Plusle:25:101:Transistor:Shuca Berry:Timid:31/31/31/31/31/31:0/0/0/0/0/0:Grass Knot,Electroweb,Signal Beam,Charge Beam|Electrike:25:101:Minus:Magnet:Timid:31/31/31/31/31/31:0/0/0/0/0/0:Shock Wave,Round,Flame Burst,Signal Beam|Snover:25:101:Soundproof:Occa Berry:Bashful:31/31/31/31/31/31:0/0/0/0/0/0:Ice Shard,Mega Drain,Icicle Crash,Water Pulse	Plusle,Electrike,Snover	25	25	Normal,Bug,Fire,Water,Grass,Electric,Ice	71.7	Plusle	Snover	Ground	NONE	3 slots, levels 25-25. Offense covers 7 types. Shared weakness: Ground. Speed spans 40-110 base, fastest Plusle, slowest Snover. LEVEL-SCALED: rescales to the player, excluded from scoring.	data.js:trainers[92].hardcore	Measured	derived: team analysis; strategy_notes Inferred
93	Youngster Joey	NA	route	Route 25	normal	2	Misty	27	FALSE	2|Route 25|Youngster Joey	2	Raticate:18:18:Hustle:NONE:Bashful:5/5/5/5/5/5:0/0/0/0/0/0:Endeavor,Double-Edge,Super Fang,Return|Raticate-Alola:18:18:Thick Fat:NONE:Serious:5/5/5/5/5/5:0/0/0/0/0/0:Endeavor,Double-Edge,Super Fang,Sucker Punch	Raticate,Raticate-Alola	18	18	Normal,Dark	87.0	Raticate	Raticate-Alola	Fighting	NONE	2 slots, levels 18-18. Offense covers 2 types. Shared weakness: Fighting. Speed spans 77-97 base, fastest Raticate, slowest Raticate-Alola.	data.js:trainers[93].normal	Measured	derived: team analysis; strategy_notes Inferred
93	Youngster Joey	NA	route	Route 25	hardcore	2	Misty	27	FALSE	2|Route 25|Youngster Joey	2	Raticate:18:18:Hustle:NONE:Bashful:5/5/5/5/5/5:0/0/0/0/0/0:Endeavor,Double-Edge,Super Fang,Return|Raticate-Alola:18:18:Thick Fat:NONE:Serious:5/5/5/5/5/5:0/0/0/0/0/0:Endeavor,Double-Edge,Super Fang,Sucker Punch	Raticate,Raticate-Alola	18	18	Normal,Dark	87.0	Raticate	Raticate-Alola	Fighting	NONE	2 slots, levels 18-18. Offense covers 2 types. Shared weakness: Fighting. Speed spans 77-97 base, fastest Raticate, slowest Raticate-Alola.	data.js:trainers[93].hardcore	Measured	derived: team analysis; strategy_notes Inferred
94	Youngster Dan	NA	route	Route 25	normal	2	Misty	27	FALSE	2|Route 25|Youngster Dan	1	Slowpoke:21:21:Regenerator:NONE:Adamant:5/5/5/5/5/5:0/0/0/0/0/0:Heal Pulse,Psych Up,Rain Dance,Psychic	Slowpoke	21	21	Psychic	15.0	Slowpoke	Slowpoke	NONE	Steel,Psychic,Dark	1 slots, levels 21-21. Offense covers 1 types. No weakness shared by half the team. A pure Steel type resists everything it carries. Speed spans 15-15 base, fastest Slowpoke, slowest Slowpoke.	data.js:trainers[94].normal	Measured	derived: team analysis; strategy_notes Inferred
94	Youngster Dan	NA	route	Route 25	hardcore	2	Misty	27	FALSE	2|Route 25|Youngster Dan	1	Slowpoke:21:21:Regenerator:NONE:Adamant:5/5/5/5/5/5:0/0/0/0/0/0:Heal Pulse,Psych Up,Rain Dance,Psychic	Slowpoke	21	21	Psychic	15.0	Slowpoke	Slowpoke	NONE	Steel,Psychic,Dark	1 slots, levels 21-21. Offense covers 1 types. No weakness shared by half the team. A pure Steel type resists everything it carries. Speed spans 15-15 base, fastest Slowpoke, slowest Slowpoke.	data.js:trainers[94].hardcore	Measured	derived: team analysis; strategy_notes Inferred
95	Youngster Chad	NA	route	Route 25	normal	2	Misty	27	FALSE	2|Route 25|Youngster Chad	2	Volbeat:19:19:UNK:NONE:Serious:5/5/5/5/5/5:0/0/0/0/0/0:Infestation,Double-Edge,Encore,Bug Buzz|Shroomish:21:21:Quick Feet:NONE:Lonely:5/5/5/5/5/5:0/0/0/0/0/0:Spore,Seed Bomb,Toxic,Growth	Volbeat,Shroomish	21	19	Normal,Bug,Grass	67.5	Volbeat	Shroomish	Fire	Steel	2 slots, levels 19-21. Offense covers 3 types. Shared weakness: Fire. A pure Steel type resists everything it carries. Speed spans 35-100 base, fastest Volbeat, slowest Shroomish.	data.js:trainers[95].normal	Measured	derived: team analysis; strategy_notes Inferred
95	Youngster Chad	NA	route	Route 25	hardcore	2	Misty	27	FALSE	2|Route 25|Youngster Chad	2	Volbeat:19:19:UNK:NONE:Serious:5/5/5/5/5/5:0/0/0/0/0/0:Infestation,Double-Edge,Encore,Bug Buzz|Shroomish:21:21:Quick Feet:NONE:Lonely:5/5/5/5/5/5:0/0/0/0/0/0:Spore,Seed Bomb,Toxic,Growth	Volbeat,Shroomish	21	19	Normal,Bug,Grass	67.5	Volbeat	Shroomish	Fire	Steel	2 slots, levels 19-21. Offense covers 3 types. Shared weakness: Fire. A pure Steel type resists everything it carries. Speed spans 35-100 base, fastest Volbeat, slowest Shroomish.	data.js:trainers[95].hardcore	Measured	derived: team analysis; strategy_notes Inferred
96	Youngster Tyler	NA	route	S.S. Anne 1F Room 2	normal	2	Misty	27	FALSE	2|S.S. Anne 1F Room 2|Youngster Tyler	1	Eiscue:27:27:UNK:NONE:Sassy:5/5/5/5/5/5:0/0/0/0/0/0:Ice Shard,Blizzard,Surf,Aurora Veil	Eiscue	27	27	Water,Ice	50.0	Eiscue	Eiscue	NONE	Water	1 slots, levels 27-27. Offense covers 2 types. No weakness shared by half the team. A pure Water type resists everything it carries. Speed spans 50-50 base, fastest Eiscue, slowest Eiscue.	data.js:trainers[96].normal	Measured	derived: team analysis; strategy_notes Inferred
96	Youngster Tyler	NA	route	S.S. Anne 1F Room 2	hardcore	2	Misty	27	FALSE	2|S.S. Anne 1F Room 2|Youngster Tyler	1	Eiscue:27:27:UNK:NONE:Sassy:5/5/5/5/5/5:0/0/0/0/0/0:Ice Shard,Blizzard,Surf,Aurora Veil	Eiscue	27	27	Water,Ice	50.0	Eiscue	Eiscue	NONE	Water	1 slots, levels 27-27. Offense covers 2 types. No weakness shared by half the team. A pure Water type resists everything it carries. Speed spans 50-50 base, fastest Eiscue, slowest Eiscue.	data.js:trainers[96].hardcore	Measured	derived: team analysis; strategy_notes Inferred
97	Youngster Eddie	NA	route	Route 11	normal	2	Misty	27	FALSE	2|Route 11|Youngster Eddie	1	Arbok:26:26:Strong Jaw:NONE:Quiet:5/5/5/5/5/5:0/0/0/0/0/0:Shed Tail,Gunk Shot,Haze,Belch	Arbok	26	26	Poison	80.0	Arbok	Arbok	NONE	Poison,Ground,Rock,Ghost,Steel	1 slots, levels 26-26. Offense covers 1 types. No weakness shared by half the team. A pure Poison type resists everything it carries. Speed spans 80-80 base, fastest Arbok, slowest Arbok.	data.js:trainers[97].normal	Measured	derived: team analysis; strategy_notes Inferred
97	Youngster Eddie	NA	route	Route 11	hardcore	2	Misty	27	FALSE	2|Route 11|Youngster Eddie	1	Arbok:26:26:Strong Jaw:NONE:Quiet:5/5/5/5/5/5:0/0/0/0/0/0:Shed Tail,Gunk Shot,Haze,Belch	Arbok	26	26	Poison	80.0	Arbok	Arbok	NONE	Poison,Ground,Rock,Ghost,Steel	1 slots, levels 26-26. Offense covers 1 types. No weakness shared by half the team. A pure Poison type resists everything it carries. Speed spans 80-80 base, fastest Arbok, slowest Arbok.	data.js:trainers[97].hardcore	Measured	derived: team analysis; strategy_notes Inferred
98	Youngster Dillon	NA	route	Route 11	normal	2	Misty	27	FALSE	2|Route 11|Youngster Dillon	2	Phanpy:25:25:Sand Veil:NONE:Naughty:5/5/5/5/5/5:0/0/0/0/0/0:Head Smash,Double-Edge,Last Resort,Charm|Woobat:26:26:Simple:NONE:Impish:5/5/5/5/5/5:0/0/0/0/0/0:Heat Wave,Endeavor,Calm Mind,Psychic	Phanpy,Woobat	26	25	Normal,Rock,Fire,Psychic	56.0	Woobat	Phanpy	Ice	NONE	2 slots, levels 25-26. Offense covers 4 types. Shared weakness: Ice. Speed spans 40-72 base, fastest Woobat, slowest Phanpy.	data.js:trainers[98].normal	Measured	derived: team analysis; strategy_notes Inferred
98	Youngster Dillon	NA	route	Route 11	hardcore	2	Misty	27	FALSE	2|Route 11|Youngster Dillon	2	Phanpy:25:25:Sand Veil:NONE:Naughty:5/5/5/5/5/5:0/0/0/0/0/0:Head Smash,Double-Edge,Last Resort,Charm|Woobat:26:26:Simple:NONE:Impish:5/5/5/5/5/5:0/0/0/0/0/0:Heat Wave,Endeavor,Calm Mind,Psychic	Phanpy,Woobat	26	25	Normal,Rock,Fire,Psychic	56.0	Woobat	Phanpy	Ice	NONE	2 slots, levels 25-26. Offense covers 4 types. Shared weakness: Ice. Speed spans 40-72 base, fastest Woobat, slowest Phanpy.	data.js:trainers[98].hardcore	Measured	derived: team analysis; strategy_notes Inferred
99	Youngster Yasu	NA	route	Route 11	normal	2	Misty	27	FALSE	2|Route 11|Youngster Yasu	3	Rattata:25:25:Hustle:NONE:Hasty:5/5/5/5/5/5:0/0/0/0/0/0:Endeavor,Double-Edge,Super Fang,Return|Greedent:25:25:Gluttony:NONE:Brave:5/5/5/5/5/5:0/0/0/0/0/0:Recycle,Belch,Super Fang,Counter|Raticate-Alola:24:24:Thick Fat:NONE:Serious:5/5/5/5/5/5:0/0/0/0/0/0:Endeavor,Double-Edge,Super Fang,Sucker Punch	Rattata,Greedent,Raticate-Alola	25	24	Normal,Fighting,Poison,Dark	56.3	Raticate-Alola	Greedent	Fighting	NONE	3 slots, levels 24-25. Offense covers 4 types. Shared weakness: Fighting. Speed spans 20-77 base, fastest Raticate-Alola, slowest Greedent.	data.js:trainers[99].normal	Measured	derived: team analysis; strategy_notes Inferred
99	Youngster Yasu	NA	route	Route 11	hardcore	2	Misty	27	FALSE	2|Route 11|Youngster Yasu	3	Rattata:25:25:Hustle:NONE:Hasty:5/5/5/5/5/5:0/0/0/0/0/0:Endeavor,Double-Edge,Super Fang,Return|Greedent:25:25:Gluttony:NONE:Brave:5/5/5/5/5/5:0/0/0/0/0/0:Recycle,Belch,Super Fang,Counter|Raticate-Alola:24:24:Thick Fat:NONE:Serious:5/5/5/5/5/5:0/0/0/0/0/0:Endeavor,Double-Edge,Super Fang,Sucker Punch	Rattata,Greedent,Raticate-Alola	25	24	Normal,Fighting,Poison,Dark	56.3	Raticate-Alola	Greedent	Fighting	NONE	3 slots, levels 24-25. Offense covers 4 types. Shared weakness: Fighting. Speed spans 20-77 base, fastest Raticate-Alola, slowest Greedent.	data.js:trainers[99].hardcore	Measured	derived: team analysis; strategy_notes Inferred
100	Youngster Dave	NA	route	Route 11	normal	2	Misty	27	FALSE	2|Route 11|Youngster Dave	2	Nidorino:25:25:Hustle:NONE:Docile:5/5/5/5/5/5:0/0/0/0/0/0:Captivate,Flatter,Toxic Spikes,Poison Jab|Greavard:25:25:Fluffy:NONE:Docile:5/5/5/5/5/5:0/0/0/0/0/0:Double-Edge,Charm,Phantom Force,Helping Hand	Nidorino,Greavard	25	25	Normal,Poison,Ghost	49.5	Nidorino	Greavard	NONE	NONE	2 slots, levels 25-25. Offense covers 3 types. No weakness shared by half the team. Speed spans 34-65 base, fastest Nidorino, slowest Greavard.	data.js:trainers[100].normal	Measured	derived: team analysis; strategy_notes Inferred
100	Youngster Dave	NA	route	Route 11	hardcore	2	Misty	27	FALSE	2|Route 11|Youngster Dave	2	Nidorino:25:25:Hustle:NONE:Docile:5/5/5/5/5/5:0/0/0/0/0/0:Captivate,Flatter,Toxic Spikes,Poison Jab|Greavard:25:25:Fluffy:NONE:Docile:5/5/5/5/5/5:0/0/0/0/0/0:Double-Edge,Charm,Phantom Force,Helping Hand	Nidorino,Greavard	25	25	Normal,Poison,Ghost	49.5	Nidorino	Greavard	NONE	NONE	2 slots, levels 25-25. Offense covers 3 types. No weakness shared by half the team. Speed spans 34-65 base, fastest Nidorino, slowest Greavard.	data.js:trainers[100].hardcore	Measured	derived: team analysis; strategy_notes Inferred
102	Bug Catcher Rick	NA	route	Viridian Forest	normal	0	Brock	15	FALSE	0|Viridian Forest|Bug Catcher Rick	2	Caterpie:6:6:Run Away:NONE:Lax:1/1/1/1/1/1:0/0/0/0/0/0:Bug Bite,String Shot,Tackle|Tarountula:7:7:UNK:NONE:Lax:1/1/1/1/1/1:0/0/0/0/0/0:Skitter Smack,Throat Chop,Circle Throw,Gastro Acid	Caterpie,Tarountula	7	6	Normal,Fighting,Bug,Dark	32.5	Caterpie	Tarountula	Flying,Rock,Fire	NONE	2 slots, levels 6-7. Offense covers 4 types. Shared weakness: Flying, Rock, Fire. Speed spans 20-45 base, fastest Caterpie, slowest Tarountula.	data.js:trainers[102].normal	Measured	derived: team analysis; strategy_notes Inferred
102	Bug Catcher Rick	NA	route	Viridian Forest	hardcore	0	Brock	15	FALSE	0|Viridian Forest|Bug Catcher Rick	2	Caterpie:6:6:Run Away:NONE:Lax:1/1/1/1/1/1:0/0/0/0/0/0:Bug Bite,String Shot,Tackle|Tarountula:7:7:UNK:NONE:Lax:1/1/1/1/1/1:0/0/0/0/0/0:Skitter Smack,Throat Chop,Circle Throw,Gastro Acid	Caterpie,Tarountula	7	6	Normal,Fighting,Bug,Dark	32.5	Caterpie	Tarountula	Flying,Rock,Fire	NONE	2 slots, levels 6-7. Offense covers 4 types. Shared weakness: Flying, Rock, Fire. Speed spans 20-45 base, fastest Caterpie, slowest Tarountula.	data.js:trainers[102].hardcore	Measured	derived: team analysis; strategy_notes Inferred
103	Bug Catcher Doug	NA	route	Viridian Forest	normal	0	Brock	15	FALSE	0|Viridian Forest|Bug Catcher Doug	3	Kakuna:7:7:UNK:NONE:Bashful:1/1/1/1/1/1:0/0/0/0/0/0:Bug Bite,Harden|Spinarak:7:7:Sniper:NONE:Hasty:1/1/1/1/1/1:0/0/0/0/0/0:Toxic Thread,Sticky Web,Cross Poison,Poison Jab|Ledyba:7:7:UNK:NONE:Calm:1/1/1/1/1/1:0/0/0/0/0/0:Double-Edge,Bug Buzz,Agility,Comet Punch	Kakuna,Spinarak,Ledyba	7	7	Normal,Poison,Bug	40.0	Ledyba	Spinarak	Flying,Rock,Fire,Psychic	Ghost,Steel	3 slots, levels 7-7. Offense covers 3 types. Shared weakness: Flying, Rock, Fire, Psychic. A pure Ghost type resists everything it carries. Speed spans 30-55 base, fastest Ledyba, slowest Spinarak.	data.js:trainers[103].normal	Measured	derived: team analysis; strategy_notes Inferred
103	Bug Catcher Doug	NA	route	Viridian Forest	hardcore	0	Brock	15	FALSE	0|Viridian Forest|Bug Catcher Doug	3	Kakuna:7:7:UNK:NONE:Bashful:1/1/1/1/1/1:0/0/0/0/0/0:Bug Bite,Harden|Spinarak:7:7:Sniper:NONE:Hasty:1/1/1/1/1/1:0/0/0/0/0/0:Toxic Thread,Sticky Web,Cross Poison,Poison Jab|Ledyba:7:7:UNK:NONE:Calm:1/1/1/1/1/1:0/0/0/0/0/0:Double-Edge,Bug Buzz,Agility,Comet Punch	Kakuna,Spinarak,Ledyba	7	7	Normal,Poison,Bug	40.0	Ledyba	Spinarak	Flying,Rock,Fire,Psychic	Ghost,Steel	3 slots, levels 7-7. Offense covers 3 types. Shared weakness: Flying, Rock, Fire, Psychic. A pure Ghost type resists everything it carries. Speed spans 30-55 base, fastest Ledyba, slowest Spinarak.	data.js:trainers[103].hardcore	Measured	derived: team analysis; strategy_notes Inferred
104	Bug Catcher Sammy	NA	route	Viridian Forest	normal	0	Brock	15	FALSE	0|Viridian Forest|Bug Catcher Sammy	1	Grubbin:9:9:UNK:NONE:Docile:1/1/1/1/1/1:0/0/0/0/0/0:Dig,X-Scissor,Crunch,Acrobatics	Grubbin	9	9	Flying,Ground,Bug,Dark	46.0	Grubbin	Grubbin	NONE	NONE	1 slots, levels 9-9. Offense covers 4 types. No weakness shared by half the team. Speed spans 46-46 base, fastest Grubbin, slowest Grubbin.	data.js:trainers[104].normal	Measured	derived: team analysis; strategy_notes Inferred
104	Bug Catcher Sammy	NA	route	Viridian Forest	hardcore	0	Brock	15	TRUE	0|Viridian Forest|Bug Catcher Sammy	3	Kricketune:12:104:UNK:Lum Berry:Bashful:31/31/31/0/31/31:0/0/0/0/0/0:Bug Bite,Bullet Seed,Bulldoze,Rock Tomb|Dustox:13:101:Compound Eyes:Black Sludge:Bold:31/0/31/31/31/31:0/0/0/0/0/0:Toxic,Protect,Roost,Psybeam|Volbeat:12:104:UNK:Lum Berry:Bashful:31/30/31/31/30/30:0/0/0/0/0/0:Hidden Power,Mega Drain,Flash,Water Pulse	Kricketune,Dustox,Volbeat	13	12	Normal,Ground,Rock,Bug,Water,Grass,Electric,Psychic	81.7	Volbeat	Dustox	Flying,Rock,Fire	NONE	3 slots, levels 12-13. Offense covers 8 types. Shared weakness: Flying, Rock, Fire. Speed spans 65-100 base, fastest Volbeat, slowest Dustox. LEVEL-SCALED: rescales to the player, excluded from scoring.	data.js:trainers[104].hardcore	Measured	derived: team analysis; strategy_notes Inferred
105	Bug Catcher Colton	NA	route	Route 3	normal	1	Archer-1	22	FALSE	1|Route 3|Bug Catcher Colton	3	Dottler:11:11:Telepathy:NONE:Jolly:1/1/1/1/1/1:0/0/0/0/0/0:Signal Beam,Struggle Bug,Light Screen,Reflect|Spewpa:10:10:Friend Guard:NONE:Rash:1/1/1/1/1/1:0/0/0/0/0/0:Harden,Detect|Snom:11:11:Ice Scales:NONE:Quiet:1/1/1/1/1/1:0/0/0/0/0/0:Struggle Bug,Powder Snow	Dottler,Spewpa,Snom	11	10	Bug,Ice	26.3	Dottler	Snom	Flying,Rock,Fire	Steel,Fire	3 slots, levels 10-11. Offense covers 2 types. Shared weakness: Flying, Rock, Fire. A pure Steel type resists everything it carries. Speed spans 20-30 base, fastest Dottler, slowest Snom.	data.js:trainers[105].normal	Measured	derived: team analysis; strategy_notes Inferred
105	Bug Catcher Colton	NA	route	Route 3	hardcore	1	Archer-1	22	FALSE	1|Route 3|Bug Catcher Colton	3	Dottler:11:11:Telepathy:NONE:Jolly:1/1/1/1/1/1:0/0/0/0/0/0:Signal Beam,Struggle Bug,Light Screen,Reflect|Spewpa:10:10:Friend Guard:NONE:Rash:1/1/1/1/1/1:0/0/0/0/0/0:Harden,Detect|Snom:11:11:Ice Scales:NONE:Quiet:1/1/1/1/1/1:0/0/0/0/0/0:Struggle Bug,Powder Snow	Dottler,Spewpa,Snom	11	10	Bug,Ice	26.3	Dottler	Snom	Flying,Rock,Fire	Steel,Fire	3 slots, levels 10-11. Offense covers 2 types. Shared weakness: Flying, Rock, Fire. A pure Steel type resists everything it carries. Speed spans 20-30 base, fastest Dottler, slowest Snom.	data.js:trainers[105].hardcore	Measured	derived: team analysis; strategy_notes Inferred
106	Bug Catcher Greg	NA	boss_candidate	Route 3	normal	1	Archer-1	22	FALSE	1|Route 3|Bug Catcher Greg	4	Nincada:11:11:Run Away:NONE:Brave:1/1/1/1/1/1:0/0/0/0/0/0:Dig,False Swipe,Bide,Mind Reader|Sizzlipede:11:11:Flame Body:NONE:Docile:1/1/1/1/1/1:0/0/0/0/0/0:Burn Up,Lunge,Fire Lash,Crunch|Dustox:10:10:Compound Eyes:NONE:Naughty:1/1/1/1/1/1:0/0/0/0/0/0:Quiver Dance,Detect,Bug Buzz,Sludge Bomb|Joltik:11:11:Swarm:NONE:Gentle:1/1/1/1/1/1:0/0/0/0/0/0:Bug Buzz,Discharge,Sucker Punch,Agility	Nincada,Sizzlipede,Dustox,Joltik	11	10	Normal,Poison,Ground,Bug,Fire,Electric,Dark	53.8	Dustox	Nincada	Flying,Fire,Water,Rock	NONE	4 slots, levels 10-11. Offense covers 7 types. Shared weakness: Flying, Fire, Water, Rock. Speed spans 40-65 base, fastest Dustox, slowest Nincada.	data.js:trainers[106].normal	Measured	derived: team analysis; strategy_notes Inferred
106	Bug Catcher Greg	NA	boss_candidate	Route 3	hardcore	1	Archer-1	22	FALSE	1|Route 3|Bug Catcher Greg	4	Nincada:11:11:Run Away:NONE:Brave:1/1/1/1/1/1:0/0/0/0/0/0:Dig,False Swipe,Bide,Mind Reader|Sizzlipede:11:11:Flame Body:NONE:Docile:1/1/1/1/1/1:0/0/0/0/0/0:Burn Up,Lunge,Fire Lash,Crunch|Dustox:10:10:Compound Eyes:NONE:Naughty:1/1/1/1/1/1:0/0/0/0/0/0:Quiver Dance,Detect,Bug Buzz,Sludge Bomb|Joltik:11:11:Swarm:NONE:Gentle:1/1/1/1/1/1:0/0/0/0/0/0:Bug Buzz,Discharge,Sucker Punch,Agility	Nincada,Sizzlipede,Dustox,Joltik	11	10	Normal,Poison,Ground,Bug,Fire,Electric,Dark	53.8	Dustox	Nincada	Flying,Fire,Water,Rock	NONE	4 slots, levels 10-11. Offense covers 7 types. Shared weakness: Flying, Fire, Water, Rock. Speed spans 40-65 base, fastest Dustox, slowest Nincada.	data.js:trainers[106].hardcore	Measured	derived: team analysis; strategy_notes Inferred
107	Bug Catcher James	NA	route	Route 3	normal	1	Archer-1	22	FALSE	1|Route 3|Bug Catcher James	2	Ledyba:13:13:UNK:NONE:Brave:1/1/1/1/1/1:0/0/0/0/0/0:Double-Edge,Bug Buzz,Agility,Comet Punch|Surskit:13:13:Swift Swim:NONE:Calm:1/1/1/1/1/1:0/0/0/0/0/0:Sticky Web,Aqua Jet,Haze,Mist	Ledyba,Surskit	13	13	Normal,Bug,Water	60.0	Surskit	Ledyba	Flying,Rock,Electric	NONE	2 slots, levels 13-13. Offense covers 3 types. Shared weakness: Flying, Rock, Electric. Speed spans 55-65 base, fastest Surskit, slowest Ledyba.	data.js:trainers[107].normal	Measured	derived: team analysis; strategy_notes Inferred
107	Bug Catcher James	NA	route	Route 3	hardcore	1	Archer-1	22	FALSE	1|Route 3|Bug Catcher James	2	Ledyba:13:13:UNK:NONE:Brave:1/1/1/1/1/1:0/0/0/0/0/0:Double-Edge,Bug Buzz,Agility,Comet Punch|Surskit:13:13:Swift Swim:NONE:Calm:1/1/1/1/1/1:0/0/0/0/0/0:Sticky Web,Aqua Jet,Haze,Mist	Ledyba,Surskit	13	13	Normal,Bug,Water	60.0	Surskit	Ledyba	Flying,Rock,Electric	NONE	2 slots, levels 13-13. Offense covers 3 types. Shared weakness: Flying, Rock, Electric. Speed spans 55-65 base, fastest Surskit, slowest Ledyba.	data.js:trainers[107].hardcore	Measured	derived: team analysis; strategy_notes Inferred
108	Bug Catcher Kent	NA	route	Mt. Moon 1F	normal	1	Archer-1	22	FALSE	1|Mt. Moon 1F|Bug Catcher Kent	2	Weedle:13:13:Run Away:NONE:Docile:1/1/1/1/1/1:0/0/0/0/0/0:Bug Bite,String Shot,Poison Sting|Kricketune:12:12:UNK:NONE:Naughty:1/1/1/1/1/1:0/0/0/0/0/0:Perish Song,Bug Buzz,Sticky Web,Night Slash	Weedle,Kricketune	13	12	Poison,Bug,Dark	65.0	Kricketune	Weedle	Flying,Rock,Fire	NONE	2 slots, levels 12-13. Offense covers 3 types. Shared weakness: Flying, Rock, Fire. Speed spans 50-80 base, fastest Kricketune, slowest Weedle.	data.js:trainers[108].normal	Measured	derived: team analysis; strategy_notes Inferred
108	Bug Catcher Kent	NA	route	Mt. Moon 1F	hardcore	1	Archer-1	22	FALSE	1|Mt. Moon 1F|Bug Catcher Kent	2	Weedle:13:13:Run Away:NONE:Docile:1/1/1/1/1/1:0/0/0/0/0/0:Bug Bite,String Shot,Poison Sting|Kricketune:12:12:UNK:NONE:Naughty:1/1/1/1/1/1:0/0/0/0/0/0:Perish Song,Bug Buzz,Sticky Web,Night Slash	Weedle,Kricketune	13	12	Poison,Bug,Dark	65.0	Kricketune	Weedle	Flying,Rock,Fire	NONE	2 slots, levels 12-13. Offense covers 3 types. Shared weakness: Flying, Rock, Fire. Speed spans 50-80 base, fastest Kricketune, slowest Weedle.	data.js:trainers[108].hardcore	Measured	derived: team analysis; strategy_notes Inferred
109	Bug Catcher Robby	NA	route	Mt. Moon 1F	normal	1	Archer-1	22	FALSE	1|Mt. Moon 1F|Bug Catcher Robby	3	Caterpie:12:12:Run Away:NONE:Careful:1/1/1/1/1/1:0/0/0/0/0/0:Bug Bite,String Shot,Tackle|Nymble:12:12:Swarm:NONE:Brave:1/1/1/1/1/1:0/0/0/0/0/0:First Impression,Sucker Punch,Agility,Feint|Butterfree:10:10:Tinted Lens:NONE:Hasty:1/1/1/1/1/1:0/0/0/0/0/0:Quiver Dance,Air Slash,Tailwind,Captivate	Caterpie,Nymble,Butterfree	12	10	Normal,Flying,Bug,Dark	53.3	Butterfree	Caterpie	Flying,Rock,Fire	NONE	3 slots, levels 10-12. Offense covers 4 types. Shared weakness: Flying, Rock, Fire. Speed spans 45-70 base, fastest Butterfree, slowest Caterpie.	data.js:trainers[109].normal	Measured	derived: team analysis; strategy_notes Inferred
109	Bug Catcher Robby	NA	route	Mt. Moon 1F	hardcore	1	Archer-1	22	FALSE	1|Mt. Moon 1F|Bug Catcher Robby	3	Caterpie:12:12:Run Away:NONE:Careful:1/1/1/1/1/1:0/0/0/0/0/0:Bug Bite,String Shot,Tackle|Nymble:12:12:Swarm:NONE:Brave:1/1/1/1/1/1:0/0/0/0/0/0:First Impression,Sucker Punch,Agility,Feint|Butterfree:10:10:Tinted Lens:NONE:Hasty:1/1/1/1/1/1:0/0/0/0/0/0:Quiver Dance,Air Slash,Tailwind,Captivate	Caterpie,Nymble,Butterfree	12	10	Normal,Flying,Bug,Dark	53.3	Butterfree	Caterpie	Flying,Rock,Fire	NONE	3 slots, levels 10-12. Offense covers 4 types. Shared weakness: Flying, Rock, Fire. Speed spans 45-70 base, fastest Butterfree, slowest Caterpie.	data.js:trainers[109].hardcore	Measured	derived: team analysis; strategy_notes Inferred
110	Bug Catcher Cale	NA	route	Route 24	normal	2	Misty	27	TRUE	2|Route 24|Bug Catcher Cale	3	Vivillon:24:104:Friend Guard:Charti Berry:Bashful:31/31/31/31/31/31:0/0/0/0/0/0:Struggle Bug,Electroweb,Air Cutter,Drain Kiss|Butterfree:25:101:Tinted Lens:Sitrus Berry:Timid:31/31/31/31/31/31:0/0/0/0/0/0:Sleep Powder,Ominous Wind,Air Cutter,Mega Drain|Wormadam-Sandy:25:101:UNK:Rocky Helmet:Careful:31/31/31/31/31/31:0/0/0/0/0/0:Bulldoze,Bug Bite,Rock Tomb,Sucker Punch	Vivillon,Butterfree,Wormadam-Sandy	25	24	Flying,Ground,Rock,Bug,Ghost,Grass,Electric,Dark,Fairy	65.0	Vivillon	Wormadam-Sandy	Flying,Rock,Fire,Electric,Ice	NONE	3 slots, levels 24-25. Offense covers 9 types. Shared weakness: Flying, Rock, Fire, Electric, Ice. Speed spans 36-89 base, fastest Vivillon, slowest Wormadam-Sandy. LEVEL-SCALED: rescales to the player, excluded from scoring.	data.js:trainers[110].normal	Measured	derived: team analysis; strategy_notes Inferred
110	Bug Catcher Cale	NA	route	Route 24	hardcore	2	Misty	27	TRUE	2|Route 24|Bug Catcher Cale	3	Vivillon:24:104:Friend Guard:Charti Berry:Bashful:31/31/31/31/31/31:0/0/0/0/0/0:Struggle Bug,Electroweb,Air Cutter,Drain Kiss|Butterfree:25:101:Tinted Lens:Sitrus Berry:Timid:31/31/31/31/31/31:0/0/0/0/0/0:Sleep Powder,Mega Drain,Air Cutter,Bug Buzz|Wormadam-Sandy:25:101:UNK:Rocky Helmet:Careful:31/31/31/31/31/31:0/0/0/0/0/0:Bulldoze,Bug Bite,Rock Tomb,Sucker Punch	Vivillon,Butterfree,Wormadam-Sandy	25	24	Flying,Ground,Rock,Bug,Grass,Electric,Dark,Fairy	65.0	Vivillon	Wormadam-Sandy	Flying,Rock,Fire,Electric,Ice	NONE	3 slots, levels 24-25. Offense covers 8 types. Shared weakness: Flying, Rock, Fire, Electric, Ice. Speed spans 36-89 base, fastest Vivillon, slowest Wormadam-Sandy. LEVEL-SCALED: rescales to the player, excluded from scoring.	data.js:trainers[110].hardcore	Measured	derived: team analysis; strategy_notes Inferred
111	Bug Catcher Keigo	NA	route	Route 6	normal	2	Misty	27	FALSE	2|Route 6|Bug Catcher Keigo	3	Ledian:22:22:UNK:NONE:Sassy:1/1/1/1/1/1:0/0/0/0/0/0:Victory Dance,First Impression,Close Combat,Drain Punch|Mothim:22:22:Swarm:NONE:Adamant:1/1/1/1/1/1:0/0/0/0/0/0:Hurricane,Psychic,Bug Buzz,Camouflage|Karrablast:23:23:No Guard:NONE:Calm:1/1/1/1/1/1:0/0/0/0/0/0:Double-Edge,Swords Dance,Flail,X-Scissor	Ledian,Mothim,Karrablast	23	22	Normal,Fighting,Flying,Bug,Psychic	75.0	Ledian	Karrablast	Flying,Fire,Rock	NONE	3 slots, levels 22-23. Offense covers 5 types. Shared weakness: Flying, Fire, Rock. Speed spans 60-85 base, fastest Ledian, slowest Karrablast.	data.js:trainers[111].normal	Measured	derived: team analysis; strategy_notes Inferred
111	Bug Catcher Keigo	NA	route	Route 6	hardcore	2	Misty	27	FALSE	2|Route 6|Bug Catcher Keigo	3	Ledian:22:22:UNK:NONE:Sassy:1/1/1/1/1/1:0/0/0/0/0/0:Victory Dance,First Impression,Close Combat,Drain Punch|Mothim:22:22:Swarm:NONE:Adamant:1/1/1/1/1/1:0/0/0/0/0/0:Hurricane,Psychic,Bug Buzz,Camouflage|Karrablast:23:23:No Guard:NONE:Calm:1/1/1/1/1/1:0/0/0/0/0/0:Double-Edge,Swords Dance,Flail,X-Scissor	Ledian,Mothim,Karrablast	23	22	Normal,Fighting,Flying,Bug,Psychic	75.0	Ledian	Karrablast	Flying,Fire,Rock	NONE	3 slots, levels 22-23. Offense covers 5 types. Shared weakness: Flying, Fire, Rock. Speed spans 60-85 base, fastest Ledian, slowest Karrablast.	data.js:trainers[111].hardcore	Measured	derived: team analysis; strategy_notes Inferred
112	Bug Catcher Elijah	NA	route	Route 6	normal	2	Misty	27	FALSE	2|Route 6|Bug Catcher Elijah	1	Masquerain:24:24:Unnerve:NONE:Rash:1/1/1/1/1/1:0/0/0/0/0/0:Quiver Dance,Hurricane,Hydro Pump,Bug Buzz	Masquerain	24	24	Flying,Bug,Water	80.0	Masquerain	Masquerain	NONE	NONE	1 slots, levels 24-24. Offense covers 3 types. No weakness shared by half the team. Speed spans 80-80 base, fastest Masquerain, slowest Masquerain.	data.js:trainers[112].normal	Measured	derived: team analysis; strategy_notes Inferred
112	Bug Catcher Elijah	NA	route	Route 6	hardcore	2	Misty	27	FALSE	2|Route 6|Bug Catcher Elijah	1	Masquerain:24:24:Unnerve:NONE:Rash:1/1/1/1/1/1:0/0/0/0/0/0:Quiver Dance,Hurricane,Hydro Pump,Bug Buzz	Masquerain	24	24	Flying,Bug,Water	80.0	Masquerain	Masquerain	NONE	NONE	1 slots, levels 24-24. Offense covers 3 types. No weakness shared by half the team. Speed spans 80-80 base, fastest Masquerain, slowest Masquerain.	data.js:trainers[112].hardcore	Measured	derived: team analysis; strategy_notes Inferred
113	Ace Trainer Symes	NA	boss_candidate	Pokemon Tower 9F	normal	17	Post-Game	100	TRUE	17|Pokemon Tower 9F|Ace Trainer Symes	6	Rillaboom:100:103:Grassy Surge:Terrain Extender:Jolly:31/31/31/31/31/31:0/252/0/0/4/252:Grassy Glide,U-turn,Knock Off,Wood Hammer|Dragonite:100:103:Multiscale:Lum Berry:Jolly:31/31/31/31/31/31:0/252/4/0/0/252:Dual Wingbeat,Dragon Dance,Fire Punch,Ice Punch|Zebstrika-Sevii:100:103:Lightning Rod:Life Orb:Timid:31/31/31/31/31/31:0/0/4/252/0/252:Blizzard,Thunder,Freeze-Dry,Volt Switch|Alcremie:100:103:Aroma Veil:Alcremite:Bold:31/31/31/31/31/31:252/0/252/4/0/0:Calm Mind,Moonblast,Mystical Fire,Acid Armor|Samurott-Hisui:100:103:Sharpness:White Herb:Jolly:31/31/31/31/31/31:0/252/4/0/0/252:Shell Smash,Ceaseless Edge,Razor Shell,Megahorn|Decidueye-Hisui:100:103:Bull Rush:Focus Sash:Adamant:31/31/31/31/31/31:0/252/4/0/0/252:High Jump Kick,Grassy Glide,Swords Dance,Knock Off	Rillaboom,Dragonite,Zebstrika-Sevii,Alcremie,Samurott-Hisui,Decidueye-Hisui	100	100	Fighting,Flying,Bug,Fire,Water,Grass,Electric,Ice,Dark,Fairy	84.2	Zebstrika-Sevii	Alcremie	Poison,Fire,Ice,Fairy	NONE	6 slots, levels 100-100. Offense covers 10 types. Shared weakness: Poison, Fire, Ice, Fairy. Speed spans 64-116 base, fastest Zebstrika-Sevii, slowest Alcremie. LEVEL-SCALED: rescales to the player, excluded from scoring.	data.js:trainers[113].normal	Measured	derived: team analysis; strategy_notes Inferred
113	Ace Trainer Symes	NA	boss_candidate	Pokemon Tower 9F	hardcore	17	Post-Game	100	TRUE	17|Pokemon Tower 9F|Ace Trainer Symes	6	Rillaboom:100:103:Grassy Surge:Grassy Seed:Jolly:31/31/31/31/31/31:0/0/0/0/0/0:Grassy Glide,U-turn,Knock Off,Wood Hammer|Dragonite:100:103:Multiscale:Lum Berry:Jolly:31/31/31/31/31/31:0/0/0/0/0/0:Dual Wingbeat,Dragon Dance,Fire Punch,Ice Punch|Zebstrika-Sevii:100:103:Lightning Rod:Life Orb:Timid:31/31/31/31/31/31:0/0/0/0/0/0:Blizzard,Thunder,Freeze-Dry,Volt Switch|Alcremie:100:103:Aroma Veil:Alcremite:Bold:31/31/31/31/31/31:0/0/0/0/0/0:Calm Mind,Moonblast,Mystical Fire,Acid Armor|Samurott-Hisui:100:103:Sharpness:White Herb:Jolly:31/31/31/31/31/31:0/0/0/0/0/0:Shell Smash,Ceaseless Edge,Razor Shell,Megahorn|Decidueye-Hisui:100:103:Bull Rush:Focus Sash:Adamant:31/31/31/31/31/31:0/0/0/0/0/0:High Jump Kick,Grassy Glide,Swords Dance,Knock Off	Rillaboom,Dragonite,Zebstrika-Sevii,Alcremie,Samurott-Hisui,Decidueye-Hisui	100	100	Fighting,Flying,Bug,Fire,Water,Grass,Electric,Ice,Dark,Fairy	84.2	Zebstrika-Sevii	Alcremie	Poison,Fire,Ice,Fairy	NONE	6 slots, levels 100-100. Offense covers 10 types. Shared weakness: Poison, Fire, Ice, Fairy. Speed spans 64-116 base, fastest Zebstrika-Sevii, slowest Alcremie. LEVEL-SCALED: rescales to the player, excluded from scoring.	data.js:trainers[113].hardcore	Measured	derived: team analysis; strategy_notes Inferred
114	Bug Catcher Brent	NA	route	Route 9	normal	3	Surge	34	FALSE	3|Route 9|Bug Catcher Brent	2	Orbeetle:28:28:Telepathy:NONE:Timid:1/1/1/1/1/1:0/0/0/0/0/0:Iron Defense,Psychic Terrain,Calm Mind,After You|Vivillon:29:29:Shield Dust:NONE:Naughty:1/1/1/1/1/1:0/0/0/0/0/0:Hurricane,Quiver Dance,Safeguard,Bug Buzz	Orbeetle,Vivillon	29	28	Flying,Bug	89.5	Orbeetle	Vivillon	Flying,Rock,Fire	Steel	2 slots, levels 28-29. Offense covers 2 types. Shared weakness: Flying, Rock, Fire. A pure Steel type resists everything it carries. Speed spans 89-90 base, fastest Orbeetle, slowest Vivillon.	data.js:trainers[114].normal	Measured	derived: team analysis; strategy_notes Inferred
114	Bug Catcher Brent	NA	route	Route 9	hardcore	3	Surge	34	FALSE	3|Route 9|Bug Catcher Brent	2	Orbeetle:28:28:Telepathy:NONE:Timid:1/1/1/1/1/1:0/0/0/0/0/0:Iron Defense,Psychic Terrain,Calm Mind,After You|Vivillon:29:29:Shield Dust:NONE:Naughty:1/1/1/1/1/1:0/0/0/0/0/0:Hurricane,Quiver Dance,Safeguard,Bug Buzz	Orbeetle,Vivillon	29	28	Flying,Bug	89.5	Orbeetle	Vivillon	Flying,Rock,Fire	Steel	2 slots, levels 28-29. Offense covers 2 types. Shared weakness: Flying, Rock, Fire. A pure Steel type resists everything it carries. Speed spans 89-90 base, fastest Orbeetle, slowest Vivillon.	data.js:trainers[114].hardcore	Measured	derived: team analysis; strategy_notes Inferred
115	Bug Catcher Conner	NA	route	Route 9	normal	3	Surge	34	FALSE	3|Route 9|Bug Catcher Conner	3	Heracross:28:28:Moxie:NONE:Rash:1/1/1/1/1/1:0/0/0/0/0/0:First Impression,Reversal,Close Combat,Megahorn|Vibrava:28:28:Tinted Lens:NONE:Relaxed:1/1/1/1/1/1:0/0/0/0/0/0:Boomburst,Hyper Beam,Wing Attack,Sandstorm|Venonat:29:29:Run Away:NONE:Mild:1/1/1/1/1/1:0/0/0/0/0/0:Psychic,Poison Fang,Zen Headbutt,Leech Life	Heracross,Vibrava,Venonat	29	28	Normal,Fighting,Flying,Poison,Bug,Psychic	66.7	Heracross	Venonat	Flying,Fire,Psychic,Fairy	NONE	3 slots, levels 28-29. Offense covers 6 types. Shared weakness: Flying, Fire, Psychic, Fairy. Speed spans 45-85 base, fastest Heracross, slowest Venonat.	data.js:trainers[115].normal	Measured	derived: team analysis; strategy_notes Inferred
115	Bug Catcher Conner	NA	route	Route 9	hardcore	3	Surge	34	FALSE	3|Route 9|Bug Catcher Conner	3	Heracross:28:28:Moxie:NONE:Rash:1/1/1/1/1/1:0/0/0/0/0/0:First Impression,Reversal,Close Combat,Megahorn|Vibrava:28:28:Tinted Lens:NONE:Relaxed:1/1/1/1/1/1:0/0/0/0/0/0:Boomburst,Hyper Beam,Wing Attack,Sandstorm|Venonat:29:29:Run Away:NONE:Mild:1/1/1/1/1/1:0/0/0/0/0/0:Psychic,Poison Fang,Zen Headbutt,Leech Life	Heracross,Vibrava,Venonat	29	28	Normal,Fighting,Flying,Poison,Bug,Psychic	66.7	Heracross	Venonat	Flying,Fire,Psychic,Fairy	NONE	3 slots, levels 28-29. Offense covers 6 types. Shared weakness: Flying, Fire, Psychic, Fairy. Speed spans 45-85 base, fastest Heracross, slowest Venonat.	data.js:trainers[115].hardcore	Measured	derived: team analysis; strategy_notes Inferred
116	Lass Janice	NA	route	Route 3	normal	1	Archer-1	22	FALSE	1|Route 3|Lass Janice	2	Fidough:10:10:UNK:NONE:Sassy:5/5/5/5/5/5:0/0/0/0/0/0:Last Resort,Crunch,Charm,Double-Edge|Nidoran-F:11:11:Hustle:NONE:Modest:5/5/5/5/5/5:0/0/0/0/0/0:Poison Fang,Captivate,Crunch,Flatter	Fidough,Nidoran-F	11	10	Normal,Poison,Dark	53.0	Fidough	Nidoran-F	NONE	NONE	2 slots, levels 10-11. Offense covers 3 types. No weakness shared by half the team. Speed spans 41-65 base, fastest Fidough, slowest Nidoran-F.	data.js:trainers[116].normal	Measured	derived: team analysis; strategy_notes Inferred
116	Lass Janice	NA	route	Route 3	hardcore	1	Archer-1	22	FALSE	1|Route 3|Lass Janice	2	Fidough:10:10:UNK:NONE:Sassy:5/5/5/5/5/5:0/0/0/0/0/0:Last Resort,Crunch,Charm,Double-Edge|Nidoran-F:11:11:Hustle:NONE:Modest:5/5/5/5/5/5:0/0/0/0/0/0:Poison Fang,Captivate,Crunch,Flatter	Fidough,Nidoran-F	11	10	Normal,Poison,Dark	53.0	Fidough	Nidoran-F	NONE	NONE	2 slots, levels 10-11. Offense covers 3 types. No weakness shared by half the team. Speed spans 41-65 base, fastest Fidough, slowest Nidoran-F.	data.js:trainers[116].hardcore	Measured	derived: team analysis; strategy_notes Inferred
117	Lass Sally	NA	route	Route 3	normal	1	Archer-1	22	FALSE	1|Route 3|Lass Sally	2	Pawmi:12:12:Iron Fist:NONE:Lax:5/5/5/5/5/5:0/0/0/0/0/0:Wild Charge,Agility,Discharge,Entrainment|Flabébé:13:13:Natural Cure:NONE:Rash:5/5/5/5/5/5:0/0/0/0/0/0:Solar Beam,Petal Dance,Moonblast,Misty Terrain	Pawmi,Flabébé	13	12	Grass,Electric,Fairy	51.0	Pawmi	Flabébé	NONE	NONE	2 slots, levels 12-13. Offense covers 3 types. No weakness shared by half the team. Speed spans 42-60 base, fastest Pawmi, slowest Flabébé.	data.js:trainers[117].normal	Measured	derived: team analysis; strategy_notes Inferred
117	Lass Sally	NA	boss_candidate	Route 3	hardcore	1	Archer-1	22	TRUE	1|Route 3|Lass Sally	4	Pikachu-Flying:20:101:Lightning Rod:Light Ball:Naive:31/31/31/30/30/30:0/0/0/0/0/0:Zippy Zap,Hidden Power,Extreme Speed,Grass Knot|Oricorio-Sensu:21:102:UNK:Spell Tag:Timid:31/31/30/31/30/31:0/0/0/0/0/0:Calm Mind,Air Cutter,Hidden Power,Roost|Whimsicott:21:102:Chlorophyll:Leftovers:Modest:31/30/31/31/31/30:0/0/0/0/0/0:Leech Seed,Protect,Mega Drain,Hidden Power|Mawile:20:101:Hyper Cutter:Leftovers:Impish:31/31/31/31/31/31:0/0/0/0/0/0:Toxic,Covet,Metal Claw,Fire Fang	Pikachu-Flying,Oricorio-Sensu,Whimsicott,Mawile	21	20	Normal,Flying,Steel,Fire,Grass,Electric,Fairy	87.2	Whimsicott	Mawile	Rock,Ice,Fire	NONE	4 slots, levels 20-21. Offense covers 7 types. Shared weakness: Rock, Ice, Fire. Speed spans 50-116 base, fastest Whimsicott, slowest Mawile. LEVEL-SCALED: rescales to the player, excluded from scoring.	data.js:trainers[117].hardcore	Measured	derived: team analysis; strategy_notes Inferred
118	Lass Robin	NA	route	Route 3	normal	1	Archer-1	22	FALSE	1|Route 3|Lass Robin	1	Flaaffy:14:14:Plus:NONE:Relaxed:5/5/5/5/5/5:0/0/0/0/0/0:Thunder,Light Screen,Signal Beam,Discharge	Flaaffy	14	14	Bug,Electric	45.0	Flaaffy	Flaaffy	NONE	NONE	1 slots, levels 14-14. Offense covers 2 types. No weakness shared by half the team. Speed spans 45-45 base, fastest Flaaffy, slowest Flaaffy.	data.js:trainers[118].normal	Measured	derived: team analysis; strategy_notes Inferred
118	Lass Robin	NA	route	Route 3	hardcore	1	Archer-1	22	FALSE	1|Route 3|Lass Robin	1	Flaaffy:14:14:Plus:NONE:Relaxed:5/5/5/5/5/5:0/0/0/0/0/0:Thunder,Light Screen,Signal Beam,Discharge	Flaaffy	14	14	Bug,Electric	45.0	Flaaffy	Flaaffy	NONE	NONE	1 slots, levels 14-14. Offense covers 2 types. No weakness shared by half the team. Speed spans 45-45 base, fastest Flaaffy, slowest Flaaffy.	data.js:trainers[118].hardcore	Measured	derived: team analysis; strategy_notes Inferred
119	Lass Crissy	NA	route	Route 4	normal	10	May	73	FALSE	10|Route 4|Lass Crissy	3	Parasect:59:59:Damp:NONE:Adamant:5/5/5/5/5/5:0/0/0/0/0/0:Rage Powder,Aromatherapy,Crabhammer,Sappy Seed|Amoonguss:59:59:Regenerator:NONE:Careful:5/5/5/5/5/5:0/0/0/0/0/0:Spore,Rage Powder,Solar Beam,Sludge Bomb|Leavanny:59:59:Sharpness:NONE:Mild:5/5/5/5/5/5:0/0/0/0/0/0:Victory Dance,Sacred Sword,Leaf Storm,Swords Dance	Parasect,Amoonguss,Leavanny	59	59	Fighting,Poison,Water,Grass	50.7	Leavanny	Parasect	Flying,Poison,Rock,Bug,Fire,Ice	NONE	3 slots, levels 59-59. Offense covers 4 types. Shared weakness: Flying, Poison, Rock, Bug, Fire, Ice. Speed spans 30-92 base, fastest Leavanny, slowest Parasect.	data.js:trainers[119].normal	Measured	derived: team analysis; strategy_notes Inferred
119	Lass Crissy	NA	route	Route 4	hardcore	10	May	73	FALSE	10|Route 4|Lass Crissy	3	Parasect:59:59:Damp:NONE:Adamant:5/5/5/5/5/5:0/0/0/0/0/0:Rage Powder,Aromatherapy,Crabhammer,Sappy Seed|Amoonguss:59:59:Regenerator:NONE:Careful:5/5/5/5/5/5:0/0/0/0/0/0:Spore,Rage Powder,Solar Beam,Sludge Bomb|Leavanny:59:59:Sharpness:NONE:Mild:5/5/5/5/5/5:0/0/0/0/0/0:Victory Dance,Sacred Sword,Leaf Storm,Swords Dance	Parasect,Amoonguss,Leavanny	59	59	Fighting,Poison,Water,Grass	50.7	Leavanny	Parasect	Flying,Poison,Rock,Bug,Fire,Ice	NONE	3 slots, levels 59-59. Offense covers 4 types. Shared weakness: Flying, Poison, Rock, Bug, Fire, Ice. Speed spans 30-92 base, fastest Leavanny, slowest Parasect.	data.js:trainers[119].hardcore	Measured	derived: team analysis; strategy_notes Inferred
120	Lass Miriam	NA	route	Mt. Moon 1F	normal	1	Archer-1	22	FALSE	1|Mt. Moon 1F|Lass Miriam	2	Applin:14:14:Bulletproof:NONE:Naive:5/5/5/5/5/5:0/0/0/0/0/0:Dragon Breath,Mega Drain,Withdraw,Astonish|Audino:15:15:UNK:NONE:Adamant:5/5/5/5/5/5:0/0/0/0/0/0:Moonblast,Wish,Double-Edge,Simple Beam	Applin,Audino	15	14	Normal,Ghost,Grass,Dragon,Fairy	35.0	Audino	Applin	NONE	NONE	2 slots, levels 14-15. Offense covers 5 types. No weakness shared by half the team. Speed spans 20-50 base, fastest Audino, slowest Applin.	data.js:trainers[120].normal	Measured	derived: team analysis; strategy_notes Inferred
120	Lass Miriam	NA	route	Mt. Moon 1F	hardcore	1	Archer-1	22	FALSE	1|Mt. Moon 1F|Lass Miriam	2	Applin:14:14:Bulletproof:NONE:Naive:5/5/5/5/5/5:0/0/0/0/0/0:Dragon Breath,Mega Drain,Withdraw,Astonish|Audino:15:15:UNK:NONE:Adamant:5/5/5/5/5/5:0/0/0/0/0/0:Moonblast,Wish,Double-Edge,Simple Beam	Applin,Audino	15	14	Normal,Ghost,Grass,Dragon,Fairy	35.0	Audino	Applin	NONE	NONE	2 slots, levels 14-15. Offense covers 5 types. No weakness shared by half the team. Speed spans 20-50 base, fastest Audino, slowest Applin.	data.js:trainers[120].hardcore	Measured	derived: team analysis; strategy_notes Inferred
121	Lass Iris	NA	route	Mt. Moon 1F	normal	1	Archer-1	22	FALSE	1|Mt. Moon 1F|Lass Iris	1	Tinkatink:16:16:UNK:NONE:Relaxed:5/5/5/5/5/5:0/0/0/0/0/0:Knock Off,Skitter Smack,Flatter,Fake Out	Tinkatink	16	16	Normal,Bug,Dark	58.0	Tinkatink	Tinkatink	NONE	NONE	1 slots, levels 16-16. Offense covers 3 types. No weakness shared by half the team. Speed spans 58-58 base, fastest Tinkatink, slowest Tinkatink.	data.js:trainers[121].normal	Measured	derived: team analysis; strategy_notes Inferred
121	Lass Iris	NA	route	Mt. Moon 1F	hardcore	1	Archer-1	22	FALSE	1|Mt. Moon 1F|Lass Iris	1	Tinkatink:16:16:UNK:NONE:Relaxed:5/5/5/5/5/5:0/0/0/0/0/0:Knock Off,Skitter Smack,Flatter,Fake Out	Tinkatink	16	16	Normal,Bug,Dark	58.0	Tinkatink	Tinkatink	NONE	NONE	1 slots, levels 16-16. Offense covers 3 types. No weakness shared by half the team. Speed spans 58-58 base, fastest Tinkatink, slowest Tinkatink.	data.js:trainers[121].hardcore	Measured	derived: team analysis; strategy_notes Inferred
122	Lass Reli	NA	route	Route 24	normal	2	Misty	27	TRUE	2|Route 24|Lass Reli	3	Greedent:25:101:Gluttony:Sitrus Berry:Bashful:31/31/31/31/31/31:0/0/0/0/0/0:Stomping Tantrum,Facade,Seed Bomb,Thunder Fang|Togetic:24:104:Hustle:Sitrus Berry:Bashful:31/31/31/31/31/31:0/0/0/0/0/0:Air Slash,Thunder Wave,Drain Kiss,Magical Leaf|Clamperl:25:101:Hydration:Deep Sea Tooth:Modest:31/31/31/31/31/31:0/0/0/0/0/0:Water Pulse,Icy Wind,Rest,Sleep Talk	Greedent,Togetic,Clamperl	25	24	Normal,Flying,Ground,Water,Grass,Electric,Ice,Fairy	30.7	Togetic	Greedent	Electric	NONE	3 slots, levels 24-25. Offense covers 8 types. Shared weakness: Electric. Speed spans 20-40 base, fastest Togetic, slowest Greedent. LEVEL-SCALED: rescales to the player, excluded from scoring.	data.js:trainers[122].normal	Measured	derived: team analysis; strategy_notes Inferred
122	Lass Reli	NA	route	Route 24	hardcore	2	Misty	27	TRUE	2|Route 24|Lass Reli	3	Greedent:25:101:Gluttony:Sitrus Berry:Bashful:31/31/31/31/31/31:0/0/0/0/0/0:Stomping Tantrum,Facade,Seed Bomb,Swords Dance|Togetic:24:104:Hustle:Eviolite:Bashful:31/31/31/31/31/31:0/0/0/0/0/0:Air Slash,Thunder Wave,Drain Kiss,Magical Leaf|Clamperl:25:101:Hydration:Deep Sea Tooth:Modest:31/31/31/31/31/31:0/0/0/0/0/0:Water Pulse,Icy Wind,Rest,Sleep Talk	Greedent,Togetic,Clamperl	25	24	Normal,Flying,Ground,Water,Grass,Ice,Fairy	30.7	Togetic	Greedent	Electric	NONE	3 slots, levels 24-25. Offense covers 7 types. Shared weakness: Electric. Speed spans 20-40 base, fastest Togetic, slowest Greedent. LEVEL-SCALED: rescales to the player, excluded from scoring.	data.js:trainers[122].hardcore	Measured	derived: team analysis; strategy_notes Inferred
123	Lass Ali	NA	route	Route 24	normal	2	Misty	27	TRUE	2|Route 24|Lass Ali	3	Jigglypuff:26:102:Friend Guard:Eviolite:Bold:31/31/31/31/31/31:0/0/0/0/0/0:Round,Drain Kiss,Incinerate,Icy Wind|Amaura:25:101:Snow Warning:Chople Berry:Modest:31/31/31/31/31/31:0/0/0/0/0/0:Round,Ancient Power,Water Pulse,Mud Shot|Brionne:25:101:Liquid Voice:Sitrus Berry:Bashful:31/31/31/31/31/31:0/0/0/0/0/0:Round,Drain Kiss,Icy Wind,Aqua Jet	Jigglypuff,Amaura,Brionne	26	25	Normal,Ground,Rock,Fire,Water,Ice,Fairy	38.7	Brionne	Jigglypuff	Steel,Grass	NONE	3 slots, levels 25-26. Offense covers 7 types. Shared weakness: Steel, Grass. Speed spans 20-50 base, fastest Brionne, slowest Jigglypuff. LEVEL-SCALED: rescales to the player, excluded from scoring.	data.js:trainers[123].normal	Measured	derived: team analysis; strategy_notes Inferred
123	Lass Ali	NA	route	Route 24	hardcore	2	Misty	27	TRUE	2|Route 24|Lass Ali	3	Jigglypuff:26:102:Friend Guard:Eviolite:Bold:31/31/31/31/31/31:0/0/0/0/0/0:Round,Drain Kiss,Incinerate,Icy Wind|Amaura:25:101:Snow Warning:Chople Berry:Modest:31/31/31/31/31/31:0/0/0/0/0/0:Round,Ancient Power,Water Pulse,Mud Shot|Brionne:25:101:Liquid Voice:Sitrus Berry:Modest:31/31/31/31/31/31:0/0/0/0/0/0:Round,Drain Kiss,Icy Wind,Aqua Jet	Jigglypuff,Amaura,Brionne	26	25	Normal,Ground,Rock,Fire,Water,Ice,Fairy	38.7	Brionne	Jigglypuff	Steel,Grass	NONE	3 slots, levels 25-26. Offense covers 7 types. Shared weakness: Steel, Grass. Speed spans 20-50 base, fastest Brionne, slowest Jigglypuff. LEVEL-SCALED: rescales to the player, excluded from scoring.	data.js:trainers[123].hardcore	Measured	derived: team analysis; strategy_notes Inferred
124	Ace Trainer Runan	NA	boss_candidate	Pokemon Tower 9F	normal	17	Post-Game	100	TRUE	17|Pokemon Tower 9F|Ace Trainer Runan	6	Krookodile:100:103:Anger Point:Assault Vest:Jolly:31/31/31/31/31/31:0/252/4/0/0/252:High Horsepower,Stone Edge,Close Combat,Wicked Blow|Enamorus:100:103:Contrary:Focus Sash:Hasty:31/31/31/31/31/31:0/4/0/252/0/252:Fleur Cannon,Psychic,Superpower,Mystical Fire|Salamence:100:103:Moxie:Salamencite:Naive:31/31/31/31/31/31:0/252/0/4/0/252:Double-Edge,Dragon Rush,Hyper Voice,Fire Blast|Aegislash-Shield:100:103:UNK:Ghostium Z:Quiet:31/31/31/31/31/31:252/4/0/252/0/0:King's Shield,Shadow Ball,Flash Cannon,Sacred Sword|Victini:100:103:UNK:White Herb:Hasty:31/31/31/31/31/31:0/252/0/4/0/252:V-create,Bolt Strike,Glaciate,Zen Headbutt|Keldeo:100:103:Sharpness:Water Gem:Timid:31/31/31/31/31/31:0/0/4/252/0/252:Hydro Pump,Sacred Sword,Icy Wind,Protect	Krookodile,Enamorus,Salamence,Aegislash-Shield,Victini,Keldeo	100	100	Normal,Fighting,Ground,Rock,Ghost,Steel,Fire,Water,Electric,Psychic,Ice,Dragon,Dark,Fairy	94.3	Keldeo	Aegislash-Shield	Ice,Fairy,Rock	NONE	6 slots, levels 100-100. Offense covers 14 types. Shared weakness: Ice, Fairy, Rock. Speed spans 60-108 base, fastest Keldeo, slowest Aegislash-Shield. LEVEL-SCALED: rescales to the player, excluded from scoring.	data.js:trainers[124].normal	Measured	derived: team analysis; strategy_notes Inferred
124	Ace Trainer Runan	NA	boss_candidate	Pokemon Tower 9F	hardcore	17	Post-Game	100	TRUE	17|Pokemon Tower 9F|Ace Trainer Runan	6	Krookodile:100:103:Anger Point:Assault Vest:Jolly:31/31/31/31/31/31:0/0/0/0/0/0:High Horsepower,Stone Edge,Close Combat,Wicked Blow|Enamorus:100:103:Contrary:Focus Sash:Hasty:31/31/31/31/31/31:0/0/0/0/0/0:Fleur Cannon,Psychic,Superpower,Mystical Fire|Salamence:100:103:Moxie:Salamencite:Naive:31/31/31/31/31/31:0/0/0/0/0/0:Double-Edge,Dragon Rush,Hyper Voice,Fire Blast|Aegislash-Shield:100:103:UNK:Ghostium Z:Quiet:31/31/31/31/31/31:0/0/0/0/0/0:King's Shield,Shadow Ball,Flash Cannon,Sacred Sword|Victini:100:103:UNK:White Herb:Hasty:31/31/31/31/31/31:0/0/0/0/0/0:V-create,Bolt Strike,Glaciate,Zen Headbutt|Keldeo:100:103:Sharpness:Water Gem:Timid:31/31/31/31/31/31:0/0/0/0/0/0:Hydro Pump,Sacred Sword,Icy Wind,Protect	Krookodile,Enamorus,Salamence,Aegislash-Shield,Victini,Keldeo	100	100	Normal,Fighting,Ground,Rock,Ghost,Steel,Fire,Water,Electric,Psychic,Ice,Dragon,Dark,Fairy	94.3	Keldeo	Aegislash-Shield	Ice,Fairy,Rock	NONE	6 slots, levels 100-100. Offense covers 14 types. Shared weakness: Ice, Fairy, Rock. Speed spans 60-108 base, fastest Keldeo, slowest Aegislash-Shield. LEVEL-SCALED: rescales to the player, excluded from scoring.	data.js:trainers[124].hardcore	Measured	derived: team analysis; strategy_notes Inferred
125	Lass Haley	NA	route	Route 25	normal	2	Misty	27	FALSE	2|Route 25|Lass Haley	3	Illumise:19:19:Prankster:NONE:Calm:5/5/5/5/5/5:0/0/0/0/0/0:Infestation,Double-Edge,Play Rough,Zen Headbutt|Tandemaus:19:19:Run Away:NONE:Hasty:5/5/5/5/5/5:0/0/0/0/0/0:Tidy Up,Beat Up,Population Bomb,Copycat|Audino:18:18:UNK:NONE:Bold:5/5/5/5/5/5:0/0/0/0/0/0:Moonblast,Wish,Double-Edge,Simple Beam	Illumise,Tandemaus,Audino	19	18	Normal,Bug,Psychic,Dark,Fairy	75.0	Illumise	Audino	Fighting	NONE	3 slots, levels 18-19. Offense covers 5 types. Shared weakness: Fighting. Speed spans 50-100 base, fastest Illumise, slowest Audino.	data.js:trainers[125].normal	Measured	derived: team analysis; strategy_notes Inferred
125	Lass Haley	NA	route	Route 25	hardcore	2	Misty	27	FALSE	2|Route 25|Lass Haley	3	Illumise:19:19:Prankster:NONE:Calm:5/5/5/5/5/5:0/0/0/0/0/0:Infestation,Double-Edge,Play Rough,Zen Headbutt|Tandemaus:19:19:Run Away:NONE:Hasty:5/5/5/5/5/5:0/0/0/0/0/0:Tidy Up,Beat Up,Population Bomb,Copycat|Audino:18:18:UNK:NONE:Bold:5/5/5/5/5/5:0/0/0/0/0/0:Moonblast,Wish,Double-Edge,Simple Beam	Illumise,Tandemaus,Audino	19	18	Normal,Bug,Psychic,Dark,Fairy	75.0	Illumise	Audino	Fighting	NONE	3 slots, levels 18-19. Offense covers 5 types. Shared weakness: Fighting. Speed spans 50-100 base, fastest Illumise, slowest Audino.	data.js:trainers[125].hardcore	Measured	derived: team analysis; strategy_notes Inferred
126	Lass Ann	NA	route	S.S. Anne 1F	normal	2	Misty	27	TRUE	2|S.S. Anne 1F|Lass Ann	2	Dewott:27:103:Torrent:Eviolite:Bashful:31/30/31/30/31/31:0/0/0/0/0/0:Water Pledge,Flash Cannon,Ice Beam,Hidden Power|Simisear:27:103:Sage Power:Charcoal:Naive:31/30/30/31/31/31:0/0/0/0/0/0:Fire Pledge,Low Kick,Grass Knot,Hidden Power	Dewott,Simisear	27	27	Normal,Fighting,Steel,Fire,Water,Grass,Ice	80.5	Simisear	Dewott	NONE	NONE	2 slots, levels 27-27. Offense covers 7 types. No weakness shared by half the team. Speed spans 60-101 base, fastest Simisear, slowest Dewott. LEVEL-SCALED: rescales to the player, excluded from scoring.	data.js:trainers[126].normal	Measured	derived: team analysis; strategy_notes Inferred
126	Lass Ann	NA	route	S.S. Anne 1F	hardcore	2	Misty	27	TRUE	2|S.S. Anne 1F|Lass Ann	2	Samurott:27:103:Torrent:Lum Berry:Bashful:31/30/31/30/31/31:0/0/0/0/0/0:Water Pledge,Flash Cannon,Ice Beam,Hidden Power|Simisear:27:103:Sage Power:Choice Scarf:Timid:31/30/30/31/31/31:0/0/0/0/0/0:Fire Pledge,Focus Blast,Grass Knot,Hidden Power	Samurott,Simisear	27	27	Normal,Fighting,Steel,Fire,Water,Grass,Ice	95.5	Simisear	Samurott	Ground	NONE	2 slots, levels 27-27. Offense covers 7 types. Shared weakness: Ground. Speed spans 90-101 base, fastest Simisear, slowest Samurott. LEVEL-SCALED: rescales to the player, excluded from scoring.	data.js:trainers[126].hardcore	Measured	derived: team analysis; strategy_notes Inferred
127	Lass Dawn	NA	route	S.S. Anne 2F Room 4	normal	2	Misty	27	FALSE	2|S.S. Anne 2F Room 4|Lass Dawn	2	Kirlia:27:27:Telepathy:NONE:Rash:5/5/5/5/5/5:0/0/0/0/0/0:Calm Mind,Dream Eater,Hypnosis,Charm|Morpeko:28:28:UNK:NONE:Lax:5/5/5/5/5/5:0/0/0/0/0/0:Zippy Zap,Thrash,Aura Wheel,Crunch	Kirlia,Morpeko	28	27	Normal,Electric,Psychic,Dark	73.5	Morpeko	Kirlia	NONE	NONE	2 slots, levels 27-28. Offense covers 4 types. No weakness shared by half the team. Speed spans 50-97 base, fastest Morpeko, slowest Kirlia.	data.js:trainers[127].normal	Measured	derived: team analysis; strategy_notes Inferred
127	Lass Dawn	NA	route	S.S. Anne 2F Room 4	hardcore	2	Misty	27	FALSE	2|S.S. Anne 2F Room 4|Lass Dawn	2	Kirlia:27:27:Telepathy:NONE:Rash:5/5/5/5/5/5:0/0/0/0/0/0:Calm Mind,Dream Eater,Hypnosis,Charm|Morpeko:28:28:UNK:NONE:Lax:5/5/5/5/5/5:0/0/0/0/0/0:Zippy Zap,Thrash,Aura Wheel,Crunch	Kirlia,Morpeko	28	27	Normal,Electric,Psychic,Dark	73.5	Morpeko	Kirlia	NONE	NONE	2 slots, levels 27-28. Offense covers 4 types. No weakness shared by half the team. Speed spans 50-97 base, fastest Morpeko, slowest Kirlia.	data.js:trainers[127].hardcore	Measured	derived: team analysis; strategy_notes Inferred
128	Lass Paige	NA	route	Route 8	normal	3	Surge	34	FALSE	3|Route 8|Lass Paige	2	Nidoran-F:37:37:Hustle:NONE:Serious:5/5/5/5/5/5:0/0/0/0/0/0:Poison Fang,Captivate,Crunch,Flatter|Lopunny:36:36:Cute Charm:NONE:Calm:5/5/5/5/5/5:0/0/0/0/0/0:Double-Edge,High Jump Kick,Entrainment,Charm	Nidoran-F,Lopunny	37	36	Normal,Fighting,Poison,Dark	73.0	Lopunny	Nidoran-F	Psychic	NONE	2 slots, levels 36-37. Offense covers 4 types. Shared weakness: Psychic. Speed spans 41-105 base, fastest Lopunny, slowest Nidoran-F.	data.js:trainers[128].normal	Measured	derived: team analysis; strategy_notes Inferred
128	Lass Paige	NA	route	Route 8	hardcore	3	Surge	34	FALSE	3|Route 8|Lass Paige	2	Nidoran-F:37:37:Hustle:NONE:Serious:5/5/5/5/5/5:0/0/0/0/0/0:Poison Fang,Captivate,Crunch,Flatter|Lopunny:36:36:Cute Charm:NONE:Calm:5/5/5/5/5/5:0/0/0/0/0/0:Double-Edge,High Jump Kick,Entrainment,Charm	Nidoran-F,Lopunny	37	36	Normal,Fighting,Poison,Dark	73.0	Lopunny	Nidoran-F	Psychic	NONE	2 slots, levels 36-37. Offense covers 4 types. Shared weakness: Psychic. Speed spans 41-105 base, fastest Lopunny, slowest Nidoran-F.	data.js:trainers[128].hardcore	Measured	derived: team analysis; strategy_notes Inferred
129	Lass Andrea	NA	route	Route 8	normal	3	Surge	34	FALSE	3|Route 8|Lass Andrea	3	Meowth:36:36:Feline Prowess:NONE:Modest:5/5/5/5/5/5:0/0/0/0/0/0:Feint,Night Slash,Captivate,Assurance|Meowth-Alola:36:36:Feline Prowess:NONE:Naughty:5/5/5/5/5/5:0/0/0/0/0/0:Dark Pulse,Feint,Night Slash,Captivate|Cutiefly:37:37:Sweet Veil:NONE:Naive:5/5/5/5/5/5:0/0/0/0/0/0:Quiver Dance,Aromatherapy,Dazzling Gleam,Bug Buzz	Meowth,Meowth-Alola,Cutiefly	37	36	Normal,Bug,Dark,Fairy	88.0	Meowth	Cutiefly	Fighting	NONE	3 slots, levels 36-37. Offense covers 4 types. Shared weakness: Fighting. Speed spans 84-90 base, fastest Meowth, slowest Cutiefly.	data.js:trainers[129].normal	Measured	derived: team analysis; strategy_notes Inferred
129	Lass Andrea	NA	route	Route 8	hardcore	3	Surge	34	FALSE	3|Route 8|Lass Andrea	3	Meowth:36:36:Feline Prowess:NONE:Modest:5/5/5/5/5/5:0/0/0/0/0/0:Feint,Night Slash,Captivate,Assurance|Meowth-Alola:36:36:Feline Prowess:NONE:Naughty:5/5/5/5/5/5:0/0/0/0/0/0:Dark Pulse,Feint,Night Slash,Captivate|Cutiefly:37:37:Sweet Veil:NONE:Naive:5/5/5/5/5/5:0/0/0/0/0/0:Quiver Dance,Aromatherapy,Dazzling Gleam,Bug Buzz	Meowth,Meowth-Alola,Cutiefly	37	36	Normal,Bug,Dark,Fairy	88.0	Meowth	Cutiefly	Fighting	NONE	3 slots, levels 36-37. Offense covers 4 types. Shared weakness: Fighting. Speed spans 84-90 base, fastest Meowth, slowest Cutiefly.	data.js:trainers[129].hardcore	Measured	derived: team analysis; strategy_notes Inferred
130	Lass Megan	NA	boss_candidate	Route 8	normal	3	Surge	34	FALSE	3|Route 8|Lass Megan	5	Magby:35:35:Insomnia:NONE:Lonely:5/5/5/5/5/5:0/0/0/0/0/0:Fire Blast,Flamethrower,Sunny Day,Lava Plume|Smoochum:35:35:Oblivious:NONE:Impish:5/5/5/5/5/5:0/0/0/0/0/0:Blizzard,Perish Song,Copycat,Psychic|Comfey:35:35:Natural Cure:NONE:Naughty:5/5/5/5/5/5:0/0/0/0/0/0:Sparkly Swirl,Play Rough,Grassy Terrain,Aromatherapy|Elekid:36:36:Static:NONE:Lonely:5/5/5/5/5/5:0/0/0/0/0/0:Thunder,Thunderbolt,Screech,Discharge|Kirlia:35:35:Telepathy:NONE:Bold:5/5/5/5/5/5:0/0/0/0/0/0:Calm Mind,Dream Eater,Hypnosis,Charm	Magby,Smoochum,Comfey,Elekid,Kirlia	36	35	Fire,Electric,Psychic,Ice,Fairy	78.6	Comfey	Kirlia	Steel	NONE	5 slots, levels 35-36. Offense covers 5 types. Shared weakness: Steel. Speed spans 50-100 base, fastest Comfey, slowest Kirlia.	data.js:trainers[130].normal	Measured	derived: team analysis; strategy_notes Inferred
130	Lass Megan	NA	boss_candidate	Route 8	hardcore	3	Surge	34	FALSE	3|Route 8|Lass Megan	5	Magby:35:35:Insomnia:NONE:Lonely:5/5/5/5/5/5:0/0/0/0/0/0:Fire Blast,Flamethrower,Sunny Day,Lava Plume|Smoochum:35:35:Oblivious:NONE:Impish:5/5/5/5/5/5:0/0/0/0/0/0:Blizzard,Perish Song,Copycat,Psychic|Comfey:35:35:Natural Cure:NONE:Naughty:5/5/5/5/5/5:0/0/0/0/0/0:Sparkly Swirl,Play Rough,Grassy Terrain,Aromatherapy|Elekid:36:36:Static:NONE:Lonely:5/5/5/5/5/5:0/0/0/0/0/0:Thunder,Thunderbolt,Screech,Discharge|Kirlia:35:35:Telepathy:NONE:Bold:5/5/5/5/5/5:0/0/0/0/0/0:Calm Mind,Dream Eater,Hypnosis,Charm	Magby,Smoochum,Comfey,Elekid,Kirlia	36	35	Fire,Electric,Psychic,Ice,Fairy	78.6	Comfey	Kirlia	Steel	NONE	5 slots, levels 35-36. Offense covers 5 types. Shared weakness: Steel. Speed spans 50-100 base, fastest Comfey, slowest Kirlia.	data.js:trainers[130].hardcore	Measured	derived: team analysis; strategy_notes Inferred
131	Lass Julia	NA	route	Route 8	normal	3	Surge	34	FALSE	3|Route 8|Lass Julia	2	Clefairy:35:35:Friend Guard:NONE:Docile:5/5/5/5/5/5:0/0/0/0/0/0:After You,Healing Wish,Meteor Mash,Gravity|Munna:34:34:Synchronize:NONE:Hasty:5/5/5/5/5/5:0/0/0/0/0/0:Stored Power,Dream Eater,Psychic,Calm Mind	Clefairy,Munna	35	34	Steel,Psychic	29.5	Clefairy	Munna	NONE	Steel	2 slots, levels 34-35. Offense covers 2 types. No weakness shared by half the team. A pure Steel type resists everything it carries. Speed spans 24-35 base, fastest Clefairy, slowest Munna.	data.js:trainers[131].normal	Measured	derived: team analysis; strategy_notes Inferred
131	Lass Julia	NA	route	Route 8	hardcore	3	Surge	34	FALSE	3|Route 8|Lass Julia	2	Clefairy:35:35:Friend Guard:NONE:Docile:5/5/5/5/5/5:0/0/0/0/0/0:After You,Healing Wish,Meteor Mash,Gravity|Munna:34:34:Synchronize:NONE:Hasty:5/5/5/5/5/5:0/0/0/0/0/0:Stored Power,Dream Eater,Psychic,Calm Mind	Clefairy,Munna	35	34	Steel,Psychic	29.5	Clefairy	Munna	NONE	Steel	2 slots, levels 34-35. Offense covers 2 types. No weakness shared by half the team. A pure Steel type resists everything it carries. Speed spans 24-35 base, fastest Clefairy, slowest Munna.	data.js:trainers[131].hardcore	Measured	derived: team analysis; strategy_notes Inferred
132	Lass Kay	NA	route	Celadon City Gym	normal	4	Erika	44	FALSE	4|Celadon City Gym|Lass Kay	2	Nuzleaf:38:38:Infiltrator:NONE:Adamant:5/5/5/5/5/5:0/0/0/0/0/0:Extrasensory,Swagger,Leaf Blade,Night Slash|Pumpkaboo:38:38:Pickup:NONE:Jolly:5/5/5/5/5/5:0/0/0/0/0/0:Giga Drain,Pain Split,Hex,Shadow Ball	Nuzleaf,Pumpkaboo	38	38	Normal,Ghost,Grass,Psychic,Dark	58.0	Nuzleaf	Pumpkaboo	Flying,Fire,Ice	NONE	2 slots, levels 38-38. Offense covers 5 types. Shared weakness: Flying, Fire, Ice. Speed spans 56-60 base, fastest Nuzleaf, slowest Pumpkaboo.	data.js:trainers[132].normal	Measured	derived: team analysis; strategy_notes Inferred
132	Lass Kay	NA	route	Celadon City Gym	hardcore	4	Erika	44	FALSE	4|Celadon City Gym|Lass Kay	2	Nuzleaf:38:38:Infiltrator:NONE:Adamant:5/5/5/5/5/5:0/0/0/0/0/0:Extrasensory,Swagger,Leaf Blade,Night Slash|Pumpkaboo:38:38:Pickup:NONE:Jolly:5/5/5/5/5/5:0/0/0/0/0/0:Giga Drain,Pain Split,Hex,Shadow Ball	Nuzleaf,Pumpkaboo	38	38	Normal,Ghost,Grass,Psychic,Dark	58.0	Nuzleaf	Pumpkaboo	Flying,Fire,Ice	NONE	2 slots, levels 38-38. Offense covers 5 types. Shared weakness: Flying, Fire, Ice. Speed spans 56-60 base, fastest Nuzleaf, slowest Pumpkaboo.	data.js:trainers[132].hardcore	Measured	derived: team analysis; strategy_notes Inferred
133	Lass Lisa	NA	route	Celadon City Gym	normal	4	Erika	44	FALSE	4|Celadon City Gym|Lass Lisa	2	Arboliva:39:39:Harvest:NONE:Brave:5/5/5/5/5/5:0/0/0/0/0/0:Encore,Petal Dance,Terrain Pulse,Leech Seed|Tangela:38:38:Regenerator:NONE:Jolly:5/5/5/5/5/5:0/0/0/0/0/0:Power Whip,Grassy Terrain,Wring Out,Tickle	Arboliva,Tangela	39	38	Normal,Grass	49.5	Tangela	Arboliva	Flying,Poison,Bug,Fire,Ice	Steel	2 slots, levels 38-39. Offense covers 2 types. Shared weakness: Flying, Poison, Bug, Fire, Ice. A pure Steel type resists everything it carries. Speed spans 39-60 base, fastest Tangela, slowest Arboliva.	data.js:trainers[133].normal	Measured	derived: team analysis; strategy_notes Inferred
133	Lass Lisa	NA	route	Celadon City Gym	hardcore	4	Erika	44	FALSE	4|Celadon City Gym|Lass Lisa	2	Arboliva:39:39:Harvest:NONE:Brave:5/5/5/5/5/5:0/0/0/0/0/0:Encore,Petal Dance,Terrain Pulse,Leech Seed|Tangela:38:38:Regenerator:NONE:Jolly:5/5/5/5/5/5:0/0/0/0/0/0:Power Whip,Grassy Terrain,Wring Out,Tickle	Arboliva,Tangela	39	38	Normal,Grass	49.5	Tangela	Arboliva	Flying,Poison,Bug,Fire,Ice	Steel	2 slots, levels 38-39. Offense covers 2 types. Shared weakness: Flying, Poison, Bug, Fire, Ice. A pure Steel type resists everything it carries. Speed spans 39-60 base, fastest Tangela, slowest Arboliva.	data.js:trainers[133].hardcore	Measured	derived: team analysis; strategy_notes Inferred
134	Sailor Edmond	NA	route	S.S. Anne 2F	normal	2	Misty	27	TRUE	2|S.S. Anne 2F|Sailor Edmond	3	Lileep:27:103:Storm Drain:Eviolite:Modest:31/30/31/30/31/30:0/0/0/0/0/0:Ancient Power,Giga Drain,Earth Power,Hidden Power|Lumineon:25:101:Dazzling:NONE:Timid:31/30/31/30/31/31:0/0/0/0/0/0:Scald,Ice Beam,Hidden Power,Flip Turn|Tatsugiri:24:104:Storm Drain:Sitrus Berry:Modest:31/31/31/31/31/31:0/0/0/0/0/0:Scald,Dragon Pulse,Rapid Spin,Icy Wind	Lileep,Lumineon,Tatsugiri	27	24	Normal,Ground,Rock,Water,Grass,Ice,Dragon	68.7	Lumineon	Lileep	NONE	NONE	3 slots, levels 24-27. Offense covers 7 types. No weakness shared by half the team. Speed spans 23-101 base, fastest Lumineon, slowest Lileep. LEVEL-SCALED: rescales to the player, excluded from scoring.	data.js:trainers[134].normal	Measured	derived: team analysis; strategy_notes Inferred
134	Sailor Edmond	NA	route	S.S. Anne 2F	hardcore	2	Misty	27	TRUE	2|S.S. Anne 2F|Sailor Edmond	3	Cradily:25:101:Storm Drain:Assault Vest:Modest:31/30/31/30/31/30:0/0/0/0/0/0:Power Gem,Giga Drain,Earth Power,Hidden Power|Lumineon:27:103:Dazzling:Mystic Water:Timid:31/30/31/30/31/31:0/0/0/0/0/0:Hydro Pump,Ice Beam,Hidden Power,Flip Turn|Tatsugiri:26:102:Storm Drain:Assault Vest:Calm:31/30/31/30/31/31:0/0/0/0/0/0:Scald,Dragon Pulse,Hidden Power,Icy Wind	Cradily,Lumineon,Tatsugiri	27	25	Normal,Ground,Rock,Water,Grass,Ice,Dragon	75.3	Lumineon	Cradily	NONE	NONE	3 slots, levels 25-27. Offense covers 7 types. No weakness shared by half the team. Speed spans 43-101 base, fastest Lumineon, slowest Cradily. LEVEL-SCALED: rescales to the player, excluded from scoring.	data.js:trainers[134].hardcore	Measured	derived: team analysis; strategy_notes Inferred
135	Sailor Trevor	NA	route	S.S. Anne 2F	normal	2	Misty	27	TRUE	2|S.S. Anne 2F|Sailor Trevor	2	Cramorant:25:101:UNK:Focus Sash:Timid:31/31/31/31/31/31:0/0/0/0/0/0:Surf,U-turn,Air Slash,Safeguard|Nidoqueen:25:101:Sheer Force:NONE:Timid:31/31/31/31/31/31:0/0/0/0/0/0:Surf,Scorching Sands,Sludge,Reflect	Cramorant,Nidoqueen	25	25	Flying,Poison,Ground,Bug,Water	90.5	Cramorant	Nidoqueen	NONE	NONE	2 slots, levels 25-25. Offense covers 5 types. No weakness shared by half the team. Speed spans 76-105 base, fastest Cramorant, slowest Nidoqueen. LEVEL-SCALED: rescales to the player, excluded from scoring.	data.js:trainers[135].normal	Measured	derived: team analysis; strategy_notes Inferred
135	Sailor Trevor	NA	route	S.S. Anne 2F	hardcore	2	Misty	27	TRUE	2|S.S. Anne 2F|Sailor Trevor	3	Cramorant:26:102:UNK:Focus Sash:Timid:31/31/31/31/31/31:0/0/0/0/0/0:Surf,U-turn,Ice Beam,Safeguard|Nidoqueen:26:102:Sheer Force:Assault Vest:Timid:31/31/31/31/31/31:0/0/0/0/0/0:Surf,Earth Power,Ice Beam,Reflect|Masquerain:27:103:Unnerve:Sitrus Berry:Timid:31/31/31/31/31/31:0/0/0/0/0/0:Surf,Bug Buzz,Energy Ball,Safeguard	Cramorant,Nidoqueen,Masquerain	27	26	Ground,Bug,Water,Grass,Ice	87.0	Cramorant	Nidoqueen	Rock,Electric	NONE	3 slots, levels 26-27. Offense covers 5 types. Shared weakness: Rock, Electric. Speed spans 76-105 base, fastest Cramorant, slowest Nidoqueen. LEVEL-SCALED: rescales to the player, excluded from scoring.	data.js:trainers[135].hardcore	Measured	derived: team analysis; strategy_notes Inferred
136	Sailor Leonard	NA	route	S.S. Anne B1F Room 4	normal	2	Misty	27	FALSE	2|S.S. Anne B1F Room 4|Sailor Leonard	1	Corsola:28:28:UNK:NONE:Hardy:10/10/10/10/10/10:0/0/0/0/0/0:Flail,Earth Power,Mirror Coat,Power Gem	Corsola	28	28	Normal,Ground,Rock,Psychic	35.0	Corsola	Corsola	NONE	NONE	1 slots, levels 28-28. Offense covers 4 types. No weakness shared by half the team. Speed spans 35-35 base, fastest Corsola, slowest Corsola.	data.js:trainers[136].normal	Measured	derived: team analysis; strategy_notes Inferred
136	Sailor Leonard	NA	route	S.S. Anne B1F Room 4	hardcore	2	Misty	27	FALSE	2|S.S. Anne B1F Room 4|Sailor Leonard	1	Corsola:28:28:UNK:NONE:Hardy:10/10/10/10/10/10:0/0/0/0/0/0:Flail,Earth Power,Mirror Coat,Power Gem	Corsola	28	28	Normal,Ground,Rock,Psychic	35.0	Corsola	Corsola	NONE	NONE	1 slots, levels 28-28. Offense covers 4 types. No weakness shared by half the team. Speed spans 35-35 base, fastest Corsola, slowest Corsola.	data.js:trainers[136].hardcore	Measured	derived: team analysis; strategy_notes Inferred
137	Sailor Duncan	NA	route	S.S. Anne B1F Room 4	normal	2	Misty	27	FALSE	2|S.S. Anne B1F Room 4|Sailor Duncan	3	Lombre:27:27:Own Tempo:NONE:Timid:10/10/10/10/10/10:0/0/0/0/0/0:Hydro Pump,Zen Headbutt,Knock Off,Uproar|Simipour:26:26:Sage Power:NONE:Bashful:10/10/10/10/10/10:0/0/0/0/0/0:Fury Swipes,Lick,Leer,Scald|Carvanha:28:28:Speed Boost:NONE:Naive:10/10/10/10/10/10:0/0/0/0/0/0:Take Down,Agility,Crunch,Poison Fang	Lombre,Simipour,Carvanha	28	26	Normal,Poison,Ghost,Water,Psychic,Dark	72.0	Simipour	Lombre	Bug,Grass,Electric	NONE	3 slots, levels 26-28. Offense covers 6 types. Shared weakness: Bug, Grass, Electric. Speed spans 50-101 base, fastest Simipour, slowest Lombre.	data.js:trainers[137].normal	Measured	derived: team analysis; strategy_notes Inferred
137	Sailor Duncan	NA	route	S.S. Anne B1F Room 4	hardcore	2	Misty	27	FALSE	2|S.S. Anne B1F Room 4|Sailor Duncan	3	Lombre:27:27:Own Tempo:NONE:Timid:10/10/10/10/10/10:0/0/0/0/0/0:Hydro Pump,Zen Headbutt,Knock Off,Uproar|Simipour:26:26:Sage Power:NONE:Bashful:10/10/10/10/10/10:0/0/0/0/0/0:Fury Swipes,Lick,Leer,Scald|Carvanha:28:28:Speed Boost:NONE:Naive:10/10/10/10/10/10:0/0/0/0/0/0:Take Down,Agility,Crunch,Poison Fang	Lombre,Simipour,Carvanha	28	26	Normal,Poison,Ghost,Water,Psychic,Dark	72.0	Simipour	Lombre	Bug,Grass,Electric	NONE	3 slots, levels 26-28. Offense covers 6 types. Shared weakness: Bug, Grass, Electric. Speed spans 50-101 base, fastest Simipour, slowest Lombre.	data.js:trainers[137].hardcore	Measured	derived: team analysis; strategy_notes Inferred
138	Sailor Huey	NA	route	S.S. Anne B1F Room 2	normal	2	Misty	27	FALSE	2|S.S. Anne B1F Room 2|Sailor Huey	2	Croconaw:28:28:Strong Jaw:NONE:Relaxed:10/10/10/10/10/10:0/0/0/0/0/0:Hydro Pump,Superpower,Aqua Tail,Thrash|Bibarel:28:28:UNK:NONE:Timid:10/10/10/10/10/10:0/0/0/0/0/0:Curse,Superpower,Amnesia,Swords Dance	Croconaw,Bibarel	28	28	Normal,Fighting,Water	54.0	Croconaw	Bibarel	Grass,Electric	NONE	2 slots, levels 28-28. Offense covers 3 types. Shared weakness: Grass, Electric. Speed spans 50-58 base, fastest Croconaw, slowest Bibarel.	data.js:trainers[138].normal	Measured	derived: team analysis; strategy_notes Inferred
138	Sailor Huey	NA	route	S.S. Anne B1F Room 2	hardcore	2	Misty	27	FALSE	2|S.S. Anne B1F Room 2|Sailor Huey	2	Croconaw:28:28:Strong Jaw:NONE:Relaxed:10/10/10/10/10/10:0/0/0/0/0/0:Hydro Pump,Superpower,Aqua Tail,Thrash|Bibarel:28:28:UNK:NONE:Timid:10/10/10/10/10/10:0/0/0/0/0/0:Curse,Superpower,Amnesia,Swords Dance	Croconaw,Bibarel	28	28	Normal,Fighting,Water	54.0	Croconaw	Bibarel	Grass,Electric	NONE	2 slots, levels 28-28. Offense covers 3 types. Shared weakness: Grass, Electric. Speed spans 50-58 base, fastest Croconaw, slowest Bibarel.	data.js:trainers[138].hardcore	Measured	derived: team analysis; strategy_notes Inferred
139	Sailor Dylan	NA	route	S.S. Anne B1F Room 3	normal	2	Misty	27	FALSE	2|S.S. Anne B1F Room 3|Sailor Dylan	3	Horsea:28:28:Damp:NONE:Brave:10/10/10/10/10/10:0/0/0/0/0/0:Hydro Pump,Dragon Dance,Dragon Pulse,Agility|Clamperl:27:27:Battle Armor:NONE:Bashful:10/10/10/10/10/10:0/0/0/0/0/0:Shell Smash,Aurora Beam,Iron Defense,Whirlpool|Ducklett:29:29:Hydration:NONE:Adamant:10/10/10/10/10/10:0/0/0/0/0/0:Hurricane,Hydro Pump,Tailwind,Rain Dance	Horsea,Clamperl,Ducklett	29	27	Flying,Water,Ice,Dragon	49.0	Horsea	Clamperl	Grass,Electric	NONE	3 slots, levels 27-29. Offense covers 4 types. Shared weakness: Grass, Electric. Speed spans 32-60 base, fastest Horsea, slowest Clamperl.	data.js:trainers[139].normal	Measured	derived: team analysis; strategy_notes Inferred
139	Sailor Dylan	NA	route	S.S. Anne B1F Room 3	hardcore	2	Misty	27	FALSE	2|S.S. Anne B1F Room 3|Sailor Dylan	3	Horsea:28:28:Damp:NONE:Brave:10/10/10/10/10/10:0/0/0/0/0/0:Hydro Pump,Dragon Dance,Dragon Pulse,Agility|Clamperl:27:27:Battle Armor:NONE:Bashful:10/10/10/10/10/10:0/0/0/0/0/0:Shell Smash,Aurora Beam,Iron Defense,Whirlpool|Ducklett:29:29:Hydration:NONE:Adamant:10/10/10/10/10/10:0/0/0/0/0/0:Hurricane,Hydro Pump,Tailwind,Rain Dance	Horsea,Clamperl,Ducklett	29	27	Flying,Water,Ice,Dragon	49.0	Horsea	Clamperl	Grass,Electric	NONE	3 slots, levels 27-29. Offense covers 4 types. Shared weakness: Grass, Electric. Speed spans 32-60 base, fastest Horsea, slowest Clamperl.	data.js:trainers[139].hardcore	Measured	derived: team analysis; strategy_notes Inferred
140	Sailor Phillip	NA	route	S.S. Anne B1F Room 1	normal	2	Misty	27	FALSE	2|S.S. Anne B1F Room 1|Sailor Phillip	1	Meditite:29:29:Telepathy:NONE:Serious:10/10/10/10/10/10:0/0/0/0/0/0:Counter,Recover,Reversal,Power Trick	Meditite	29	29	Fighting	60.0	Meditite	Meditite	NONE	Flying,Poison,Bug,Ghost,Psychic,Fairy	1 slots, levels 29-29. Offense covers 1 types. No weakness shared by half the team. A pure Flying type resists everything it carries. Speed spans 60-60 base, fastest Meditite, slowest Meditite.	data.js:trainers[140].normal	Measured	derived: team analysis; strategy_notes Inferred
140	Sailor Phillip	NA	route	S.S. Anne B1F Room 1	hardcore	2	Misty	27	FALSE	2|S.S. Anne B1F Room 1|Sailor Phillip	1	Meditite:29:29:Telepathy:NONE:Serious:10/10/10/10/10/10:0/0/0/0/0/0:Counter,Recover,Reversal,Power Trick	Meditite	29	29	Fighting	60.0	Meditite	Meditite	NONE	Flying,Poison,Bug,Ghost,Psychic,Fairy	1 slots, levels 29-29. Offense covers 1 types. No weakness shared by half the team. A pure Flying type resists everything it carries. Speed spans 60-60 base, fastest Meditite, slowest Meditite.	data.js:trainers[140].hardcore	Measured	derived: team analysis; strategy_notes Inferred
141	Sailor Dwayne	NA	route	Vermilion City Gym	normal	3	Surge	34	FALSE	3|Vermilion City Gym|Sailor Dwayne	2	Plusle:28:28:Transistor:NONE:Calm:10/10/10/10/10/10:0/0/0/0/0/0:Entrainment,Nasty Plot,Thunder,Last Resort|Minun:28:28:Galvanize:NONE:Impish:10/10/10/10/10/10:0/0/0/0/0/0:Fake Out,Extreme Speed,Entrainment,Nasty Plot	Plusle,Minun	28	28	Normal,Electric	110.0	Plusle	Plusle	Ground	NONE	2 slots, levels 28-28. Offense covers 2 types. Shared weakness: Ground. Speed spans 110-110 base, fastest Plusle, slowest Plusle.	data.js:trainers[141].normal	Measured	derived: team analysis; strategy_notes Inferred
141	Sailor Dwayne	NA	route	Vermilion City Gym	hardcore	3	Surge	34	FALSE	3|Vermilion City Gym|Sailor Dwayne	2	Plusle:28:28:Transistor:NONE:Calm:10/10/10/10/10/10:0/0/0/0/0/0:Entrainment,Nasty Plot,Thunder,Last Resort|Minun:28:28:Galvanize:NONE:Impish:10/10/10/10/10/10:0/0/0/0/0/0:Fake Out,Extreme Speed,Entrainment,Nasty Plot	Plusle,Minun	28	28	Normal,Electric	110.0	Plusle	Plusle	Ground	NONE	2 slots, levels 28-28. Offense covers 2 types. Shared weakness: Ground. Speed spans 110-110 base, fastest Plusle, slowest Plusle.	data.js:trainers[141].hardcore	Measured	derived: team analysis; strategy_notes Inferred
142	Camper Liam	NA	route	Pewter City Gym	normal	0	Brock	15	FALSE	0|Pewter City Gym|Camper Liam	2	Growlithe-Hisui:11:11:Rock Head:Oran Berry:Bashful:31/31/31/31/31/31:0/0/0/0/0/0:Rock Throw,Bite,Ember|Nacli:11:11:Sturdy:Hard Stone:Bashful:31/31/31/31/31/31:0/0/0/0/0/0:Rock Tomb,Bulldoze,Recover	Growlithe-Hisui,Nacli	11	11	Ground,Rock,Fire,Dark	40.0	Growlithe-Hisui	Nacli	Fighting,Ground,Water	NONE	2 slots, levels 11-11. Offense covers 4 types. Shared weakness: Fighting, Ground, Water. Speed spans 25-55 base, fastest Growlithe-Hisui, slowest Nacli.	data.js:trainers[142].normal	Measured	derived: team analysis; strategy_notes Inferred
142	Camper Liam	NA	route	Pewter City Gym	hardcore	0	Brock	15	FALSE	0|Pewter City Gym|Camper Liam	2	Growlithe-Hisui:11:11:Rock Head:Oran Berry:Bashful:31/31/31/31/31/31:0/0/0/0/0/0:Rock Throw,Bite,Ember|Nacli:11:11:Sturdy:Hard Stone:Bashful:31/31/31/31/31/31:0/0/0/0/0/0:Rock Tomb,Bulldoze,Recover	Growlithe-Hisui,Nacli	11	11	Ground,Rock,Fire,Dark	40.0	Growlithe-Hisui	Nacli	Fighting,Ground,Water	NONE	2 slots, levels 11-11. Offense covers 4 types. Shared weakness: Fighting, Ground, Water. Speed spans 25-55 base, fastest Growlithe-Hisui, slowest Nacli.	data.js:trainers[142].hardcore	Measured	derived: team analysis; strategy_notes Inferred
143	Camper Shane	NA	route	Route 24	normal	2	Misty	27	FALSE	2|Route 24|Camper Shane	2	Bramblin:18:18:Wind Rider:NONE:Sassy:5/5/5/5/5/5:0/0/0/0/0/0:Poltergeist,Power Whip,Pain Split,Curse|Yamper:20:20:Pickup:NONE:Adamant:5/5/5/5/5/5:0/0/0/0/0/0:Play Rough,Wild Charge,Charge,Crunch	Bramblin,Yamper	20	18	Normal,Ghost,Grass,Electric,Dark,Fairy	43.0	Bramblin	Yamper	NONE	NONE	2 slots, levels 18-20. Offense covers 6 types. No weakness shared by half the team. Speed spans 26-60 base, fastest Bramblin, slowest Yamper.	data.js:trainers[143].normal	Measured	derived: team analysis; strategy_notes Inferred
143	Camper Shane	NA	route	Route 24	hardcore	2	Misty	27	FALSE	2|Route 24|Camper Shane	2	Bramblin:18:18:Wind Rider:NONE:Sassy:5/5/5/5/5/5:0/0/0/0/0/0:Poltergeist,Power Whip,Pain Split,Curse|Yamper:20:20:Pickup:NONE:Adamant:5/5/5/5/5/5:0/0/0/0/0/0:Play Rough,Wild Charge,Charge,Crunch	Bramblin,Yamper	20	18	Normal,Ghost,Grass,Electric,Dark,Fairy	43.0	Bramblin	Yamper	NONE	NONE	2 slots, levels 18-20. Offense covers 6 types. No weakness shared by half the team. Speed spans 26-60 base, fastest Bramblin, slowest Yamper.	data.js:trainers[143].hardcore	Measured	derived: team analysis; strategy_notes Inferred
144	Camper Ethan	NA	route	Route 24	normal	2	Misty	27	TRUE	2|Route 24|Camper Ethan	3	Mabosstiff:26:102:Stakeout:Black Glasses:Adamant:31/31/31/31/31/31:0/0/0/0/0/0:Trailblaze,Bite,Fire Fang,Ice Fang|Salandit:27:103:Oblivious:Black Sludge:Timid:31/31/31/31/31/31:0/0/0/0/0/0:Toxic,Substitute,Protect,Incinerate|Misdreavus:26:102:UNK:Eviolite:Bold:31/31/31/31/31/31:0/0/0/0/0/0:Hex,Will-O-Wisp,Icy Wind,Shock Wave	Mabosstiff,Salandit,Misdreavus	27	26	Ghost,Fire,Grass,Electric,Ice,Dark	82.3	Mabosstiff	Salandit	NONE	NONE	3 slots, levels 26-27. Offense covers 6 types. No weakness shared by half the team. Speed spans 77-85 base, fastest Mabosstiff, slowest Salandit. LEVEL-SCALED: rescales to the player, excluded from scoring.	data.js:trainers[144].normal	Measured	derived: team analysis; strategy_notes Inferred
144	Camper Ethan	NA	route	Route 24	hardcore	2	Misty	27	TRUE	2|Route 24|Camper Ethan	3	Mabosstiff:25:101:Stakeout:Black Glasses:Bashful:31/31/31/31/31/31:0/0/0/0/0/0:Trailblaze,Bite,Fire Fang,Ice Fang|Salandit:25:101:Oblivious:Black Sludge:Timid:31/31/31/31/31/31:0/0/0/0/0/0:Toxic,Substitute,Protect,Incinerate|Misdreavus:25:101:UNK:Eviolite:Bashful:31/31/31/31/31/31:0/0/0/0/0/0:Hex,Will-O-Wisp,Icy Wind,Shock Wave	Mabosstiff,Salandit,Misdreavus	25	25	Ghost,Fire,Grass,Electric,Ice,Dark	82.3	Mabosstiff	Salandit	NONE	NONE	3 slots, levels 25-25. Offense covers 6 types. No weakness shared by half the team. Speed spans 77-85 base, fastest Mabosstiff, slowest Salandit. LEVEL-SCALED: rescales to the player, excluded from scoring.	data.js:trainers[144].hardcore	Measured	derived: team analysis; strategy_notes Inferred
145	Camper Ricky	NA	route	Route 6	normal	2	Misty	27	FALSE	2|Route 6|Camper Ricky	1	Squawkabilly-White:24:24:Sheer Force:NONE:Rash:5/5/5/5/5/5:0/0/0/0/0/0:Reversal,Roost,Brave Bird,Swagger	Squawkabilly-White	24	24	Fighting,Flying	92.0	Squawkabilly-White	Squawkabilly-White	NONE	NONE	1 slots, levels 24-24. Offense covers 2 types. No weakness shared by half the team. Speed spans 92-92 base, fastest Squawkabilly-White, slowest Squawkabilly-White.	data.js:trainers[145].normal	Measured	derived: team analysis; strategy_notes Inferred
145	Camper Ricky	NA	route	Route 6	hardcore	2	Misty	27	FALSE	2|Route 6|Camper Ricky	1	Squawkabilly-White:24:24:Sheer Force:NONE:Rash:5/5/5/5/5/5:0/0/0/0/0/0:Reversal,Roost,Brave Bird,Swagger	Squawkabilly-White	24	24	Fighting,Flying	92.0	Squawkabilly-White	Squawkabilly-White	NONE	NONE	1 slots, levels 24-24. Offense covers 2 types. No weakness shared by half the team. Speed spans 92-92 base, fastest Squawkabilly-White, slowest Squawkabilly-White.	data.js:trainers[145].hardcore	Measured	derived: team analysis; strategy_notes Inferred
146	Camper Jeff	NA	route	Route 6	normal	2	Misty	27	FALSE	2|Route 6|Camper Jeff	2	Doduo:24:24:UNK:NONE:Lonely:5/5/5/5/5/5:0/0/0/0/0/0:Thrash,Endeavor,Drill Peck,Jump Kick|Electrike:24:24:Minus:NONE:Modest:5/5/5/5/5/5:0/0/0/0/0/0:Thunder,Charge,Wild Charge,Roar	Doduo,Electrike	24	24	Normal,Fighting,Flying,Electric	70.0	Doduo	Electrike	NONE	NONE	2 slots, levels 24-24. Offense covers 4 types. No weakness shared by half the team. Speed spans 65-75 base, fastest Doduo, slowest Electrike.	data.js:trainers[146].normal	Measured	derived: team analysis; strategy_notes Inferred
146	Camper Jeff	NA	boss_candidate	Route 6	hardcore	2	Misty	27	TRUE	2|Route 6|Camper Jeff	5	Ambipom:26:102:Skill Link:Chople Berry:Jolly:31/31/31/31/31/31:0/0/0/0/0/0:Fake Out,Beat Up,Arm Thrust,Tail Slap|Mr. Mime-Galar:26:102:Ice Body:Eviolite:Timid:31/30/31/30/31/30:0/0/0/0/0/0:Freeze-Dry,Psyshock,Shadow Ball,Hidden Power|Perrserker:27:103:Battle Armor:Metal Coat:Adamant:31/31/31/31/31/31:0/0/0/0/0/0:Fake Out,U-turn,Bullet Punch,Iron Head|Boltund:26:102:Competitive:Expert Belt:Jolly:31/31/31/31/31/31:0/0/0/0/0/0:Thunder Fang,Ice Fang,Fire Fang,Psychic Fangs|Granbull:26:102:Bull Rush:Iapapa Berry:Adamant:31/31/31/31/31/31:0/0/0/0/0/0:Brick Break,Play Rough,Fire Punch,Thunder Punch	Ambipom,Mr. Mime-Galar,Perrserker,Boltund,Granbull	27	26	Normal,Fighting,Bug,Ghost,Steel,Fire,Electric,Psychic,Ice,Dark,Fairy	86.2	Boltund	Granbull	NONE	NONE	5 slots, levels 26-27. Offense covers 11 types. No weakness shared by half the team. Speed spans 45-121 base, fastest Boltund, slowest Granbull. LEVEL-SCALED: rescales to the player, excluded from scoring.	data.js:trainers[146].hardcore	Measured	derived: team analysis; strategy_notes Inferred
147	Channeler Rachel	NA	boss_candidate	Cape Brink House	normal	17	Post-Game	100	TRUE	17|Cape Brink House|Channeler Rachel	6	Grimmsnarl:100:103:Infiltrator:Light Clay:Relaxed:31/31/31/31/31/31:252/0/252/0/0/0:Fake Out,Reflect,Light Screen,Toxic|Moltres-Galar:100:103:UNK:Sitrus Berry:Timid:31/31/31/31/31/31:4/0/0/252/0/252:Dark Hole,Agility,Hurricane,Roost|Zoroark:100:103:UNK:Choice Scarf:Hasty:31/31/31/31/31/31:4/0/0/252/0/252:U-turn,Focus Blast,Dark Hole,Flamethrower|Sneasler:100:103:Poison Touch:Life Orb:Jolly:31/31/31/31/31/31:4/252/0/0/0/252:Poison Jab,Close Combat,Ice Punch,Earthquake|Absol:100:103:Pressure:Absolite:Jolly:31/31/31/31/31/31:4/252/0/0/0/252:Night Slash,Swords Dance,Psycho Cut,Play Rough|Bisharp:100:103:Pressure:Eviolite:Jolly:31/31/31/31/31/31:4/252/0/0/0/252:Knock Off,Iron Head,Sucker Punch,Stone Edge	Grimmsnarl,Moltres-Galar,Zoroark,Sneasler,Absol,Bisharp	100	100	Normal,Fighting,Flying,Poison,Ground,Rock,Bug,Steel,Fire,Psychic,Ice,Dark,Fairy	86.7	Sneasler	Grimmsnarl	Fairy,Fighting	NONE	6 slots, levels 100-100. Offense covers 13 types. Shared weakness: Fairy, Fighting. Speed spans 60-120 base, fastest Sneasler, slowest Grimmsnarl. LEVEL-SCALED: rescales to the player, excluded from scoring.	data.js:trainers[147].normal	Measured	derived: team analysis; strategy_notes Inferred
147	Channeler Rachel	NA	boss_candidate	Cape Brink House	hardcore	17	Post-Game	100	TRUE	17|Cape Brink House|Channeler Rachel	6	Tyranitar:100:103:Unnerve:Chople Berry:Jolly:31/31/31/31/31/31:0/0/0/0/0/0:Stealth Rock,Stone Edge,Knock Off,Fire Punch|Darkrai:100:103:UNK:Focus Sash:Timid:31/31/31/31/31/31:0/0/0/0/0/0:Dark Hole,Nasty Plot,Dark Void,Focus Blast|Zoroark-Hisui:100:103:UNK:Choice Scarf:Naive:31/31/31/31/31/31:0/0/0/0/0/0:U-turn,Double-Edge,Shadow Ball,Knock Off|Sneasler:100:103:Poison Touch:Life Orb:Jolly:31/31/31/31/31/31:0/0/0/0/0/0:Poison Jab,Close Combat,Stone Edge,Earthquake|Hydreigon:100:103:UNK:Life Orb:Timid:31/31/31/31/31/31:0/0/0/0/0/0:Dark Hole,Draco Barrage,Focus Blast,Earth Power|Absol:100:103:Pressure:Absolite:Jolly:31/31/31/31/31/31:0/0/0/0/0/0:Night Slash,Sucker Punch,Psycho Cut,Play Rough	Tyranitar,Darkrai,Zoroark-Hisui,Sneasler,Hydreigon,Absol	100	100	Normal,Fighting,Poison,Ground,Rock,Bug,Ghost,Fire,Psychic,Dragon,Dark,Fairy	98.2	Darkrai	Tyranitar	Fighting,Bug,Fairy	NONE	6 slots, levels 100-100. Offense covers 12 types. Shared weakness: Fighting, Bug, Fairy. Speed spans 61-125 base, fastest Darkrai, slowest Tyranitar. LEVEL-SCALED: rescales to the player, excluded from scoring.	data.js:trainers[147].hardcore	Measured	derived: team analysis; strategy_notes Inferred
148	Camper Chris	NA	route	Route 9	normal	3	Surge	34	FALSE	3|Route 9|Camper Chris	2	Ponyta:29:29:Flame Body:NONE:Impish:5/5/5/5/5/5:0/0/0/0/0/0:Flare Blitz,Bounce,Fire Blast,Agility|Pignite:31:31:Blaze:NONE:Impish:5/5/5/5/5/5:0/0/0/0/0/0:Flare Blitz,Roar,Head Smash,Flamethrower	Ponyta,Pignite	31	29	Flying,Rock,Fire	72.5	Ponyta	Pignite	Ground,Water	NONE	2 slots, levels 29-31. Offense covers 3 types. Shared weakness: Ground, Water. Speed spans 55-90 base, fastest Ponyta, slowest Pignite.	data.js:trainers[148].normal	Measured	derived: team analysis; strategy_notes Inferred
148	Camper Chris	NA	route	Route 9	hardcore	3	Surge	34	FALSE	3|Route 9|Camper Chris	2	Ponyta:29:29:Flame Body:NONE:Impish:5/5/5/5/5/5:0/0/0/0/0/0:Flare Blitz,Bounce,Fire Blast,Agility|Pignite:31:31:Blaze:NONE:Impish:5/5/5/5/5/5:0/0/0/0/0/0:Flare Blitz,Roar,Head Smash,Flamethrower	Ponyta,Pignite	31	29	Flying,Rock,Fire	72.5	Ponyta	Pignite	Ground,Water	NONE	2 slots, levels 29-31. Offense covers 3 types. Shared weakness: Ground, Water. Speed spans 55-90 base, fastest Ponyta, slowest Pignite.	data.js:trainers[148].hardcore	Measured	derived: team analysis; strategy_notes Inferred
149	Camper Drew	NA	boss_candidate	Route 9	normal	3	Surge	34	FALSE	3|Route 9|Camper Drew	4	Persian-Alola:28:28:Feline Prowess:NONE:Gentle:5/5/5/5/5/5:0/0/0/0/0/0:Dark Pulse,Feint,Night Slash,Captivate|Palpitoad:27:27:Water Absorb:NONE:Lax:5/5/5/5/5/5:0/0/0/0/0/0:Hyper Voice,Hydro Pump,Echoed Voice,Flail|Stunky:28:28:Frisk:NONE:Brave:5/5/5/5/5/5:0/0/0/0/0/0:Explosion,Belch,Sucker Punch,Venom Drench|Spinda:28:28:Contrary:NONE:Jolly:5/5/5/5/5/5:0/0/0/0/0/0:Thrash,Flail,Double-Edge,Psych Up	Persian-Alola,Palpitoad,Stunky,Spinda	28	27	Normal,Poison,Water,Dark	84.5	Persian-Alola	Palpitoad	Fighting	NONE	4 slots, levels 27-28. Offense covers 4 types. Shared weakness: Fighting. Speed spans 69-115 base, fastest Persian-Alola, slowest Palpitoad.	data.js:trainers[149].normal	Measured	derived: team analysis; strategy_notes Inferred
149	Camper Drew	NA	boss_candidate	Route 9	hardcore	3	Surge	34	FALSE	3|Route 9|Camper Drew	4	Persian-Alola:28:28:Feline Prowess:NONE:Gentle:5/5/5/5/5/5:0/0/0/0/0/0:Dark Pulse,Feint,Night Slash,Captivate|Palpitoad:27:27:Water Absorb:NONE:Lax:5/5/5/5/5/5:0/0/0/0/0/0:Hyper Voice,Hydro Pump,Echoed Voice,Flail|Stunky:28:28:Frisk:NONE:Brave:5/5/5/5/5/5:0/0/0/0/0/0:Explosion,Belch,Sucker Punch,Venom Drench|Spinda:28:28:Contrary:NONE:Jolly:5/5/5/5/5/5:0/0/0/0/0/0:Thrash,Flail,Double-Edge,Psych Up	Persian-Alola,Palpitoad,Stunky,Spinda	28	27	Normal,Poison,Water,Dark	84.5	Persian-Alola	Palpitoad	Fighting	NONE	4 slots, levels 27-28. Offense covers 4 types. Shared weakness: Fighting. Speed spans 69-115 base, fastest Persian-Alola, slowest Palpitoad.	data.js:trainers[149].hardcore	Measured	derived: team analysis; strategy_notes Inferred
150	Picnicker Diana	NA	route	Cerulean City Gym	normal	2	Misty	27	FALSE	2|Cerulean City Gym|Picnicker Diana	1	Drednaw:22:22:Swift Swim:NONE:Bold:5/5/5/5/5/5:0/0/0/0/0/0:Aqua Fang,Head Smash,Body Slam,Liquidation	Drednaw	22	22	Normal,Rock,Water	74.0	Drednaw	Drednaw	NONE	NONE	1 slots, levels 22-22. Offense covers 3 types. No weakness shared by half the team. Speed spans 74-74 base, fastest Drednaw, slowest Drednaw.	data.js:trainers[150].normal	Measured	derived: team analysis; strategy_notes Inferred
150	Picnicker Diana	NA	route	Cerulean City Gym	hardcore	2	Misty	27	FALSE	2|Cerulean City Gym|Picnicker Diana	1	Drednaw:22:22:Swift Swim:NONE:Bold:5/5/5/5/5/5:0/0/0/0/0/0:Aqua Fang,Head Smash,Body Slam,Liquidation	Drednaw	22	22	Normal,Rock,Water	74.0	Drednaw	Drednaw	NONE	NONE	1 slots, levels 22-22. Offense covers 3 types. No weakness shared by half the team. Speed spans 74-74 base, fastest Drednaw, slowest Drednaw.	data.js:trainers[150].hardcore	Measured	derived: team analysis; strategy_notes Inferred
151	Picnicker Nancy	NA	route	Route 6	normal	2	Misty	27	FALSE	2|Route 6|Picnicker Nancy	2	Growlithe-Hisui:23:23:Rock Head:NONE:Bold:5/5/5/5/5/5:0/0/0/0/0/0:Head Smash,Flare Blitz,Outrage,Heat Wave|Vulpix-Alola:22:22:Serene Grace:NONE:Brave:5/5/5/5/5/5:0/0/0/0/0/0:Captivate,Grudge,Blizzard,Imprison	Growlithe-Hisui,Vulpix-Alola	23	22	Rock,Fire,Ice,Dragon	60.0	Vulpix-Alola	Growlithe-Hisui	Fighting,Rock	NONE	2 slots, levels 22-23. Offense covers 4 types. Shared weakness: Fighting, Rock. Speed spans 55-65 base, fastest Vulpix-Alola, slowest Growlithe-Hisui.	data.js:trainers[151].normal	Measured	derived: team analysis; strategy_notes Inferred
151	Picnicker Nancy	NA	route	Route 6	hardcore	2	Misty	27	FALSE	2|Route 6|Picnicker Nancy	2	Growlithe-Hisui:23:23:Rock Head:NONE:Bold:5/5/5/5/5/5:0/0/0/0/0/0:Head Smash,Flare Blitz,Outrage,Heat Wave|Vulpix-Alola:22:22:Serene Grace:NONE:Brave:5/5/5/5/5/5:0/0/0/0/0/0:Captivate,Grudge,Blizzard,Imprison	Growlithe-Hisui,Vulpix-Alola	23	22	Rock,Fire,Ice,Dragon	60.0	Vulpix-Alola	Growlithe-Hisui	Fighting,Rock	NONE	2 slots, levels 22-23. Offense covers 4 types. Shared weakness: Fighting, Rock. Speed spans 55-65 base, fastest Vulpix-Alola, slowest Growlithe-Hisui.	data.js:trainers[151].hardcore	Measured	derived: team analysis; strategy_notes Inferred
152	Picnicker Isabelle	NA	route	Route 6	normal	2	Misty	27	FALSE	2|Route 6|Picnicker Isabelle	3	Sinistea:23:23:Heatproof:NONE:Bashful:5/5/5/5/5/5:0/0/0/0/0/0:Shell Smash,Memento,Shadow Ball,Nasty Plot|Swadloon:23:23:Overcoat:NONE:Mild:5/5/5/5/5/5:0/0/0/0/0/0:Razor Leaf,Bug Bite,String Shot,Tackle|Lombre:24:24:Own Tempo:NONE:Quiet:5/5/5/5/5/5:0/0/0/0/0/0:Hydro Pump,Zen Headbutt,Knock Off,Uproar	Sinistea,Swadloon,Lombre	24	23	Normal,Bug,Ghost,Water,Grass,Psychic,Dark	47.3	Sinistea	Swadloon	Flying,Poison,Bug	NONE	3 slots, levels 23-24. Offense covers 7 types. Shared weakness: Flying, Poison, Bug. Speed spans 42-50 base, fastest Sinistea, slowest Swadloon.	data.js:trainers[152].normal	Measured	derived: team analysis; strategy_notes Inferred
152	Picnicker Isabelle	NA	route	Route 6	hardcore	2	Misty	27	FALSE	2|Route 6|Picnicker Isabelle	3	Sinistea:23:23:Heatproof:NONE:Bashful:5/5/5/5/5/5:0/0/0/0/0/0:Shell Smash,Memento,Shadow Ball,Nasty Plot|Swadloon:23:23:Overcoat:NONE:Mild:5/5/5/5/5/5:0/0/0/0/0/0:Razor Leaf,Bug Bite,String Shot,Tackle|Lombre:24:24:Own Tempo:NONE:Quiet:5/5/5/5/5/5:0/0/0/0/0/0:Hydro Pump,Zen Headbutt,Knock Off,Uproar	Sinistea,Swadloon,Lombre	24	23	Normal,Bug,Ghost,Water,Grass,Psychic,Dark	47.3	Sinistea	Swadloon	Flying,Poison,Bug	NONE	3 slots, levels 23-24. Offense covers 7 types. Shared weakness: Flying, Poison, Bug. Speed spans 42-50 base, fastest Sinistea, slowest Swadloon.	data.js:trainers[152].hardcore	Measured	derived: team analysis; strategy_notes Inferred
153	Picnicker Kelsey	NA	route	Route 25	normal	2	Misty	27	FALSE	2|Route 25|Picnicker Kelsey	2	Nidorino:18:18:Hustle:NONE:Sassy:5/5/5/5/5/5:0/0/0/0/0/0:Captivate,Flatter,Toxic Spikes,Poison Jab|Dolliv:19:19:Harvest:NONE:Bold:5/5/5/5/5/5:0/0/0/0/0/0:Terrain Pulse,Leech Seed,Earth Power,Energy Ball	Nidorino,Dolliv	19	18	Normal,Poison,Ground,Grass	49.0	Nidorino	Dolliv	NONE	NONE	2 slots, levels 18-19. Offense covers 4 types. No weakness shared by half the team. Speed spans 33-65 base, fastest Nidorino, slowest Dolliv.	data.js:trainers[153].normal	Measured	derived: team analysis; strategy_notes Inferred
153	Picnicker Kelsey	NA	route	Route 25	hardcore	2	Misty	27	FALSE	2|Route 25|Picnicker Kelsey	2	Nidorino:18:18:Hustle:NONE:Sassy:5/5/5/5/5/5:0/0/0/0/0/0:Captivate,Flatter,Toxic Spikes,Poison Jab|Dolliv:19:19:Harvest:NONE:Bold:5/5/5/5/5/5:0/0/0/0/0/0:Terrain Pulse,Leech Seed,Earth Power,Energy Ball	Nidorino,Dolliv	19	18	Normal,Poison,Ground,Grass	49.0	Nidorino	Dolliv	NONE	NONE	2 slots, levels 18-19. Offense covers 4 types. No weakness shared by half the team. Speed spans 33-65 base, fastest Nidorino, slowest Dolliv.	data.js:trainers[153].hardcore	Measured	derived: team analysis; strategy_notes Inferred
154	Picnicker Alicia	NA	boss_candidate	Route 9	normal	3	Surge	34	FALSE	3|Route 9|Picnicker Alicia	4	Oddish:28:28:Run Away:NONE:Quiet:5/5/5/5/5/5:0/0/0/0/0/0:Strength Sap,Petal Dance,Grassy Terrain,Moonblast|Bellsprout:28:28:Gluttony:NONE:Relaxed:5/5/5/5/5/5:0/0/0/0/0/0:Wring Out,Slam,Poison Jab,Razor Leaf|Sewaddle:28:28:Overcoat:NONE:Lonely:5/5/5/5/5/5:0/0/0/0/0/0:Flail,Bug Buzz,Sticky Web,Endure|Morelull:28:28:Rain Dish:NONE:Bold:5/5/5/5/5/5:0/0/0/0/0/0:Spotlight,Dream Eater,Moonblast,Spore	Oddish,Bellsprout,Sewaddle,Morelull	28	28	Normal,Poison,Bug,Grass,Psychic,Fairy	31.8	Sewaddle	Morelull	Flying,Fire,Psychic,Ice,Poison	Steel	4 slots, levels 28-28. Offense covers 6 types. Shared weakness: Flying, Fire, Psychic, Ice, Poison. A pure Steel type resists everything it carries. Speed spans 15-42 base, fastest Sewaddle, slowest Morelull.	data.js:trainers[154].normal	Measured	derived: team analysis; strategy_notes Inferred
154	Picnicker Alicia	NA	boss_candidate	Route 9	hardcore	3	Surge	34	TRUE	3|Route 9|Picnicker Alicia	4	Roserade:32:101:Technician:Focus Sash:Timid:31/30/31/30/31/30:0/0/0/0/0/0:Clear Smog,Mega Drain,Hidden Power,Sleep Powder|Bruxish:33:102:Dazzling:Life Orb:Jolly:31/31/31/31/31/31:0/0/0/0/0/0:Aqua Fang,Psychic Fangs,Crunch,Aqua Jet|Flareon:34:103:Toxic Boost:Toxic Orb:Jolly:31/31/31/31/31/31:0/0/0/0/0/0:Flame Charge,Sacred Fire,Facade,Stomping Tantrum|Chatot:34:103:Frisk:Silk Scarf:Timid:31/31/31/31/31/31:0/0/0/0/0/0:Chatter,Boomburst,Heat Wave,U-turn	Roserade,Bruxish,Flareon,Chatot	34	32	Normal,Flying,Poison,Ground,Bug,Fire,Water,Grass,Psychic,Dark	94.5	Chatot	Roserade	Ice,Electric,Rock	NONE	4 slots, levels 32-34. Offense covers 10 types. Shared weakness: Ice, Electric, Rock. Speed spans 90-101 base, fastest Chatot, slowest Roserade. LEVEL-SCALED: rescales to the player, excluded from scoring.	data.js:trainers[154].hardcore	Measured	derived: team analysis; strategy_notes Inferred
155	Picnicker Caitlin	NA	boss_candidate	Route 9	normal	3	Surge	34	TRUE	3|Route 9|Picnicker Caitlin	4	Smeargle:34:103:UNK:Choice Scarf:Jolly:31/31/31/31/31/31:0/0/0/0/0/0:V-create,Dragon Ascent,Trick,Close Combat|Spinda:34:103:Contrary:NONE:Jolly:31/31/31/31/31/31:0/0/0/0/0/0:Assist|Sneasel-Hisui:32:101:Poison Touch:Eviolite:Bashful:31/31/31/31/31/31:0/0/0/0/0/0:Assist|Liepard:32:101:Prankster:Focus Sash:Bashful:31/31/31/31/31/31:0/0/0/0/0/0:Assist	Smeargle,Spinda,Sneasel-Hisui,Liepard	34	32	Fighting,Flying,Fire	94.0	Sneasel-Hisui	Smeargle	Fighting	NONE	4 slots, levels 32-34. Offense covers 3 types. Shared weakness: Fighting. Speed spans 75-115 base, fastest Sneasel-Hisui, slowest Smeargle. LEVEL-SCALED: rescales to the player, excluded from scoring.	data.js:trainers[155].normal	Measured	derived: team analysis; strategy_notes Inferred
155	Picnicker Caitlin	NA	boss_candidate	Route 9	hardcore	3	Surge	34	TRUE	3|Route 9|Picnicker Caitlin	4	Smeargle:34:103:UNK:Choice Scarf:Jolly:31/31/31/31/31/31:0/0/0/0/0/0:V-create,Dragon Ascent,Trick,Close Combat|Spinda:34:103:Contrary:Choice Scarf:Jolly:31/31/31/31/31/31:0/0/0/0/0/0:Assist|Sneasel-Hisui:33:102:Poison Touch:Eviolite:Jolly:31/31/31/31/31/31:0/0/0/0/0/0:Assist|Liepard:33:102:Prankster:Focus Sash:Adamant:31/31/31/31/31/31:0/0/0/0/0/0:Assist	Smeargle,Spinda,Sneasel-Hisui,Liepard	34	33	Fighting,Flying,Fire	94.0	Sneasel-Hisui	Smeargle	Fighting	NONE	4 slots, levels 33-34. Offense covers 3 types. Shared weakness: Fighting. Speed spans 75-115 base, fastest Sneasel-Hisui, slowest Smeargle. LEVEL-SCALED: rescales to the player, excluded from scoring.	data.js:trainers[155].hardcore	Measured	derived: team analysis; strategy_notes Inferred
156	Picnicker Heidi	NA	route	Route 10	normal	3	Surge	34	FALSE	3|Route 10|Picnicker Heidi	2	Pikachu:30:30:Lightning Rod:NONE:Mild:5/5/5/5/5/5:0/0/0/0/0/0:Thunder,Zippy Zap,Light Screen,Wild Charge|Clefable:29:29:Cute Charm:NONE:Brave:5/5/5/5/5/5:0/0/0/0/0/0:Moonblast,Teleport,Metronome,Double Slap	Pikachu,Clefable	30	29	Normal,Electric,Fairy	75.0	Pikachu	Clefable	NONE	NONE	2 slots, levels 29-30. Offense covers 3 types. No weakness shared by half the team. Speed spans 60-90 base, fastest Pikachu, slowest Clefable.	data.js:trainers[156].normal	Measured	derived: team analysis; strategy_notes Inferred
156	Picnicker Heidi	NA	route	Route 10	hardcore	3	Surge	34	FALSE	3|Route 10|Picnicker Heidi	2	Pikachu:30:30:Lightning Rod:NONE:Mild:5/5/5/5/5/5:0/0/0/0/0/0:Thunder,Zippy Zap,Light Screen,Wild Charge|Clefable:29:29:Cute Charm:NONE:Brave:5/5/5/5/5/5:0/0/0/0/0/0:Moonblast,Teleport,Metronome,Double Slap	Pikachu,Clefable	30	29	Normal,Electric,Fairy	75.0	Pikachu	Clefable	NONE	NONE	2 slots, levels 29-30. Offense covers 3 types. No weakness shared by half the team. Speed spans 60-90 base, fastest Pikachu, slowest Clefable.	data.js:trainers[156].hardcore	Measured	derived: team analysis; strategy_notes Inferred
157	Picnicker Carol	NA	route	Route 10	normal	3	Surge	34	FALSE	3|Route 10|Picnicker Carol	2	Mime Jr.:35:35:Technician:NONE:Naughty:5/5/5/5/5/5:0/0/0/0/0/0:Safeguard,Role Play,Psychic,Taunt|Bombirdier:34:34:Rocky Payload:NONE:Serious:5/5/5/5/5/5:0/0/0/0/0/0:Parting Shot,Knock Off,Rock Slide,Dual Wingbeat	Mime Jr.,Bombirdier	35	34	Flying,Rock,Psychic,Dark	71.0	Bombirdier	Mime Jr.	NONE	NONE	2 slots, levels 34-35. Offense covers 4 types. No weakness shared by half the team. Speed spans 60-82 base, fastest Bombirdier, slowest Mime Jr..	data.js:trainers[157].normal	Measured	derived: team analysis; strategy_notes Inferred
157	Picnicker Carol	NA	route	Route 10	hardcore	3	Surge	34	FALSE	3|Route 10|Picnicker Carol	2	Mime Jr.:35:35:Technician:NONE:Naughty:5/5/5/5/5/5:0/0/0/0/0/0:Safeguard,Role Play,Psychic,Taunt|Bombirdier:34:34:Rocky Payload:NONE:Serious:5/5/5/5/5/5:0/0/0/0/0/0:Parting Shot,Knock Off,Rock Slide,Dual Wingbeat	Mime Jr.,Bombirdier	35	34	Flying,Rock,Psychic,Dark	71.0	Bombirdier	Mime Jr.	NONE	NONE	2 slots, levels 34-35. Offense covers 4 types. No weakness shared by half the team. Speed spans 60-82 base, fastest Bombirdier, slowest Mime Jr..	data.js:trainers[157].hardcore	Measured	derived: team analysis; strategy_notes Inferred
158	Picnicker Sofia	NA	route	Rock Tunnel B1F	normal	3	Surge	34	FALSE	3|Rock Tunnel B1F|Picnicker Sofia	3	Carbink:35:35:Sturdy:NONE:Modest:5/5/5/5/5/5:0/0/0/0/0/0:Safeguard,Recover,Light Screen,Moonblast|Snorunt:34:34:Inner Focus:NONE:Rash:5/5/5/5/5/5:0/0/0/0/0/0:Snowscape,Blizzard,Crunch,Frost Breath|Swinub:35:35:Thick Fat:NONE:Lonely:5/5/5/5/5/5:0/0/0/0/0/0:Amnesia,Icicle Crash,Flail,Earthquake	Carbink,Snorunt,Swinub	35	34	Normal,Ground,Ice,Dark,Fairy	50.0	Carbink	Carbink	Steel,Water,Grass,Fighting,Fire	NONE	3 slots, levels 34-35. Offense covers 5 types. Shared weakness: Steel, Water, Grass, Fighting, Fire. Speed spans 50-50 base, fastest Carbink, slowest Carbink.	data.js:trainers[158].normal	Measured	derived: team analysis; strategy_notes Inferred
158	Picnicker Sofia	NA	route	Rock Tunnel B1F	hardcore	3	Surge	34	FALSE	3|Rock Tunnel B1F|Picnicker Sofia	3	Carbink:35:35:Sturdy:NONE:Modest:5/5/5/5/5/5:0/0/0/0/0/0:Safeguard,Recover,Light Screen,Moonblast|Snorunt:34:34:Inner Focus:NONE:Rash:5/5/5/5/5/5:0/0/0/0/0/0:Snowscape,Blizzard,Crunch,Frost Breath|Swinub:35:35:Thick Fat:NONE:Lonely:5/5/5/5/5/5:0/0/0/0/0/0:Amnesia,Icicle Crash,Flail,Earthquake	Carbink,Snorunt,Swinub	35	34	Normal,Ground,Ice,Dark,Fairy	50.0	Carbink	Carbink	Steel,Water,Grass,Fighting,Fire	NONE	3 slots, levels 34-35. Offense covers 5 types. Shared weakness: Steel, Water, Grass, Fighting, Fire. Speed spans 50-50 base, fastest Carbink, slowest Carbink.	data.js:trainers[158].hardcore	Measured	derived: team analysis; strategy_notes Inferred
159	Picnicker Martha	NA	route	Rock Tunnel B1F	normal	3	Surge	34	FALSE	3|Rock Tunnel B1F|Picnicker Martha	2	Togetic:32:32:Super Luck:NONE:Modest:5/5/5/5/5/5:0/0/0/0/0/0:Moonblast,After You,Last Resort,Double-Edge|Ivysaur:33:33:Chlorophyll:NONE:Calm:5/5/5/5/5/5:0/0/0/0/0/0:Solar Beam,Synthesis,Sludge Bomb,Double-Edge	Togetic,Ivysaur	33	32	Normal,Poison,Grass,Fairy	50.0	Ivysaur	Togetic	Ice	Steel	2 slots, levels 32-33. Offense covers 4 types. Shared weakness: Ice. A pure Steel type resists everything it carries. Speed spans 40-60 base, fastest Ivysaur, slowest Togetic.	data.js:trainers[159].normal	Measured	derived: team analysis; strategy_notes Inferred
159	Picnicker Martha	NA	route	Rock Tunnel B1F	hardcore	3	Surge	34	FALSE	3|Rock Tunnel B1F|Picnicker Martha	2	Togetic:32:32:Super Luck:NONE:Modest:5/5/5/5/5/5:0/0/0/0/0/0:Moonblast,After You,Last Resort,Double-Edge|Ivysaur:33:33:Chlorophyll:NONE:Calm:5/5/5/5/5/5:0/0/0/0/0/0:Solar Beam,Synthesis,Sludge Bomb,Double-Edge	Togetic,Ivysaur	33	32	Normal,Poison,Grass,Fairy	50.0	Ivysaur	Togetic	Ice	Steel	2 slots, levels 32-33. Offense covers 4 types. Shared weakness: Ice. A pure Steel type resists everything it carries. Speed spans 40-60 base, fastest Ivysaur, slowest Togetic.	data.js:trainers[159].hardcore	Measured	derived: team analysis; strategy_notes Inferred
160	Picnicker Tina	NA	route	Celadon City Gym	normal	4	Erika	44	FALSE	4|Celadon City Gym|Picnicker Tina	2	Breloom:37:37:Technician:NONE:Careful:5/5/5/5/5/5:0/0/0/0/0/0:Spore,Dynamic Punch,Seed Bomb,Sky Uppercut|Quilladin:35:35:Iron Barbs:NONE:Bold:5/5/5/5/5/5:0/0/0/0/0/0:Wood Hammer,Pain Split,Body Slam,Bulk Up	Breloom,Quilladin	37	35	Normal,Fighting,Grass	63.5	Breloom	Quilladin	Flying,Poison,Fire,Ice	NONE	2 slots, levels 35-37. Offense covers 3 types. Shared weakness: Flying, Poison, Fire, Ice. Speed spans 57-70 base, fastest Breloom, slowest Quilladin.	data.js:trainers[160].normal	Measured	derived: team analysis; strategy_notes Inferred
160	Picnicker Tina	NA	route	Celadon City Gym	hardcore	4	Erika	44	FALSE	4|Celadon City Gym|Picnicker Tina	2	Breloom:37:37:Technician:NONE:Careful:5/5/5/5/5/5:0/0/0/0/0/0:Spore,Dynamic Punch,Seed Bomb,Sky Uppercut|Quilladin:35:35:Iron Barbs:NONE:Bold:5/5/5/5/5/5:0/0/0/0/0/0:Wood Hammer,Pain Split,Body Slam,Bulk Up	Breloom,Quilladin	37	35	Normal,Fighting,Grass	63.5	Breloom	Quilladin	Flying,Poison,Fire,Ice	NONE	2 slots, levels 35-37. Offense covers 3 types. Shared weakness: Flying, Poison, Fire, Ice. Speed spans 57-70 base, fastest Breloom, slowest Quilladin.	data.js:trainers[160].hardcore	Measured	derived: team analysis; strategy_notes Inferred
162	Pokemaniac Mark	NA	route	Route 10	normal	10	May	73	FALSE	10|Route 10|Pokemaniac Mark	2	Rhyperior:60:60:Solid Rock:NONE:Jolly:31/31/31/31/31/31:4/0/0/0/252/252:Megahorn,Earthquake,Stone Edge,Take Down|Lickilicky:62:62:Unaware:NONE:Jolly:31/31/31/31/31/31:4/0/0/0/252/252:Gyro Ball,Screech,Refresh,Me First	Rhyperior,Lickilicky	62	60	Normal,Ground,Rock,Bug,Steel	35.0	Rhyperior	Lickilicky	Fighting	NONE	2 slots, levels 60-62. Offense covers 5 types. Shared weakness: Fighting. Speed spans 30-40 base, fastest Rhyperior, slowest Lickilicky.	data.js:trainers[162].normal	Measured	derived: team analysis; strategy_notes Inferred
162	Pokemaniac Mark	NA	route	Route 10	hardcore	10	May	73	FALSE	10|Route 10|Pokemaniac Mark	2	Rhyperior:60:60:Solid Rock:NONE:Jolly:31/31/31/31/31/31:0/0/0/0/0/0:Megahorn,Earthquake,Stone Edge,Take Down|Lickilicky:62:62:Unaware:NONE:Jolly:31/31/31/31/31/31:0/0/0/0/0/0:Gyro Ball,Screech,Refresh,Me First	Rhyperior,Lickilicky	62	60	Normal,Ground,Rock,Bug,Steel	35.0	Rhyperior	Lickilicky	Fighting	NONE	2 slots, levels 60-62. Offense covers 5 types. Shared weakness: Fighting. Speed spans 30-40 base, fastest Rhyperior, slowest Lickilicky.	data.js:trainers[162].hardcore	Measured	derived: team analysis; strategy_notes Inferred
163	Pokemaniac Herman	NA	route	Route 10	normal	3	Surge	34	FALSE	3|Route 10|Pokemaniac Herman	2	Lickitung:34:34:Oblivious:NONE:Jolly:31/31/31/31/31/31:4/0/0/0/252/252:Wring Out,Power Whip,Screech,Refresh|Crocalor:35:35:UNK:NONE:Jolly:31/31/31/31/31/31:4/0/0/0/252/252:Will-O-Wisp,Fire Blast,Hyper Voice,Flamethrower	Lickitung,Crocalor	35	34	Normal,Fire,Grass	39.5	Crocalor	Lickitung	NONE	NONE	2 slots, levels 34-35. Offense covers 3 types. No weakness shared by half the team. Speed spans 30-49 base, fastest Crocalor, slowest Lickitung.	data.js:trainers[163].normal	Measured	derived: team analysis; strategy_notes Inferred
163	Pokemaniac Herman	NA	boss_candidate	Route 10	hardcore	3	Surge	34	TRUE	3|Route 10|Pokemaniac Herman	4	Ninetales:32:101:Drought:Air Balloon:Timid:31/31/31/31/31/31:0/0/0/0/0/0:Heat Wave,Solar Beam,Scorching Sands,Psyshock|Victreebel:33:102:Gluttony:Life Orb:Rash:31/31/31/31/31/31:0/0/0/0/0/0:Giga Drain,Sludge Bomb,Solar Blade,Weather Ball|Cherrim:34:103:UNK:Miracle Seed:Lonely:31/31/31/31/31/31:0/0/0/0/0/0:Solar Blade,X-Scissor,Weather Ball,Return|Sylveon:34:103:Pixilate:Pixie Plate:Modest:31/31/31/31/31/31:0/0/0/0/0/0:Hyper Voice,Weather Ball,Misty Explosion,Psyshock	Ninetales,Victreebel,Cherrim,Sylveon	34	32	Normal,Poison,Ground,Bug,Fire,Grass,Psychic,Fairy	78.8	Ninetales	Sylveon	Flying,Fire,Ice,Poison	NONE	4 slots, levels 32-34. Offense covers 8 types. Shared weakness: Flying, Fire, Ice, Poison. Speed spans 60-100 base, fastest Ninetales, slowest Sylveon. LEVEL-SCALED: rescales to the player, excluded from scoring.	data.js:trainers[163].hardcore	Measured	derived: team analysis; strategy_notes Inferred
164	Pokemaniac Cooprt	NA	route	Rock Tunnel B1F	normal	3	Surge	34	FALSE	3|Rock Tunnel B1F|Pokemaniac Cooprt	3	Mightyena:34:34:Strong Jaw:NONE:Jolly:31/31/31/31/31/31:4/0/0/0/252/252:Play Rough,Jaw Lock,Yawn,Embargo|Flareon:33:33:UNK:NONE:Jolly:31/31/31/31/31/31:4/0/0/0/252/252:Sacred Fire,Flare Blitz,Last Resort,Lava Plume|Porygon:35:35:Download:NONE:Jolly:31/31/31/31/31/31:4/0/0/0/252/252:Zap Cannon,Magic Coat,Tri Attack,Lock-On	Mightyena,Flareon,Porygon	35	33	Normal,Fighting,Fire,Electric,Fairy	68.3	Flareon	Porygon	Fighting	NONE	3 slots, levels 33-35. Offense covers 5 types. Shared weakness: Fighting. Speed spans 40-95 base, fastest Flareon, slowest Porygon.	data.js:trainers[164].normal	Measured	derived: team analysis; strategy_notes Inferred
164	Pokemaniac Cooprt	NA	route	Rock Tunnel B1F	hardcore	3	Surge	34	FALSE	3|Rock Tunnel B1F|Pokemaniac Cooprt	3	Mightyena:34:34:Strong Jaw:NONE:Jolly:31/31/31/31/31/31:0/0/0/0/0/0:Play Rough,Jaw Lock,Yawn,Embargo|Flareon:33:33:UNK:NONE:Jolly:31/31/31/31/31/31:0/0/0/0/0/0:Sacred Fire,Flare Blitz,Last Resort,Lava Plume|Porygon:35:35:Download:NONE:Jolly:31/31/31/31/31/31:0/0/0/0/0/0:Zap Cannon,Magic Coat,Tri Attack,Lock-On	Mightyena,Flareon,Porygon	35	33	Normal,Fighting,Fire,Electric,Fairy	68.3	Flareon	Porygon	Fighting	NONE	3 slots, levels 33-35. Offense covers 5 types. Shared weakness: Fighting. Speed spans 40-95 base, fastest Flareon, slowest Porygon.	data.js:trainers[164].hardcore	Measured	derived: team analysis; strategy_notes Inferred
165	Pokemaniac Steve	NA	route	Rock Tunnel B1F	normal	3	Surge	34	FALSE	3|Rock Tunnel B1F|Pokemaniac Steve	2	Braixen:33:33:UNK:NONE:Jolly:31/31/31/31/31/31:4/0/0/0/252/252:Fire Blast,Magic Room,Sunny Day,Psychic|Cubone:34:34:Battle Armor:NONE:Jolly:31/31/31/31/31/31:4/0/0/0/252/252:Bone Rush,Retaliate,Double-Edge,Endeavor	Braixen,Cubone	34	33	Normal,Ground,Fire,Psychic	54.0	Braixen	Cubone	Water	NONE	2 slots, levels 33-34. Offense covers 4 types. Shared weakness: Water. Speed spans 35-73 base, fastest Braixen, slowest Cubone.	data.js:trainers[165].normal	Measured	derived: team analysis; strategy_notes Inferred
165	Pokemaniac Steve	NA	route	Rock Tunnel B1F	hardcore	3	Surge	34	FALSE	3|Rock Tunnel B1F|Pokemaniac Steve	2	Braixen:33:33:UNK:NONE:Jolly:31/31/31/31/31/31:0/0/0/0/0/0:Fire Blast,Magic Room,Sunny Day,Psychic|Cubone:34:34:Battle Armor:NONE:Jolly:31/31/31/31/31/31:0/0/0/0/0/0:Bone Rush,Retaliate,Double-Edge,Endeavor	Braixen,Cubone	34	33	Normal,Ground,Fire,Psychic	54.0	Braixen	Cubone	Water	NONE	2 slots, levels 33-34. Offense covers 4 types. Shared weakness: Water. Speed spans 35-73 base, fastest Braixen, slowest Cubone.	data.js:trainers[165].hardcore	Measured	derived: team analysis; strategy_notes Inferred
166	Pokemaniac Winston	NA	route	Rock Tunnel B1F	normal	3	Surge	34	FALSE	3|Rock Tunnel B1F|Pokemaniac Winston	1	Magneton:34:34:Sturdy:NONE:Jolly:31/31/31/31/31/31:4/0/0/0/252/252:Gyro Ball,Magnet Rise,Lock-On,Discharge	Magneton	34	34	Steel,Electric	70.0	Magneton	Magneton	NONE	Electric	1 slots, levels 34-34. Offense covers 2 types. No weakness shared by half the team. A pure Electric type resists everything it carries. Speed spans 70-70 base, fastest Magneton, slowest Magneton.	data.js:trainers[166].normal	Measured	derived: team analysis; strategy_notes Inferred
166	Pokemaniac Winston	NA	route	Rock Tunnel B1F	hardcore	3	Surge	34	FALSE	3|Rock Tunnel B1F|Pokemaniac Winston	1	Magneton:34:34:Sturdy:NONE:Jolly:31/31/31/31/31/31:0/0/0/0/0/0:Gyro Ball,Magnet Rise,Lock-On,Discharge	Magneton	34	34	Steel,Electric	70.0	Magneton	Magneton	NONE	Electric	1 slots, levels 34-34. Offense covers 2 types. No weakness shared by half the team. A pure Electric type resists everything it carries. Speed spans 70-70 base, fastest Magneton, slowest Magneton.	data.js:trainers[166].hardcore	Measured	derived: team analysis; strategy_notes Inferred
167	Pokemaniac Dawson	NA	route	Victory Road 2F	normal	16	Elite-4	85	FALSE	16|Victory Road 2F|Pokemaniac Dawson	3	Lapras:80:80:Hydration:NONE:Jolly:31/31/31/31/31/31:4/0/0/0/252/252:Dragon Hammer,Boomburst,Wish,Dragon Dance|Lickilicky:81:81:Unaware:NONE:Jolly:31/31/31/31/31/31:4/0/0/0/252/252:Gyro Ball,Screech,Refresh,Me First|Flareon:80:80:UNK:NONE:Jolly:31/31/31/31/31/31:4/0/0/0/252/252:Sacred Fire,Flare Blitz,Last Resort,Lava Plume	Lapras,Lickilicky,Flareon	81	80	Normal,Steel,Fire,Dragon	61.7	Flareon	Lickilicky	NONE	NONE	3 slots, levels 80-81. Offense covers 4 types. No weakness shared by half the team. Speed spans 30-95 base, fastest Flareon, slowest Lickilicky.	data.js:trainers[167].normal	Measured	derived: team analysis; strategy_notes Inferred
167	Pokemaniac Dawson	NA	route	Victory Road 2F	hardcore	16	Elite-4	85	FALSE	16|Victory Road 2F|Pokemaniac Dawson	3	Lapras:80:80:Hydration:NONE:Jolly:31/31/31/31/31/31:0/0/0/0/0/0:Dragon Hammer,Boomburst,Wish,Dragon Dance|Lickilicky:81:81:Unaware:NONE:Jolly:31/31/31/31/31/31:0/0/0/0/0/0:Gyro Ball,Screech,Refresh,Me First|Flareon:80:80:UNK:NONE:Jolly:31/31/31/31/31/31:0/0/0/0/0/0:Sacred Fire,Flare Blitz,Last Resort,Lava Plume	Lapras,Lickilicky,Flareon	81	80	Normal,Steel,Fire,Dragon	61.7	Flareon	Lickilicky	NONE	NONE	3 slots, levels 80-81. Offense covers 4 types. No weakness shared by half the team. Speed spans 30-95 base, fastest Flareon, slowest Lickilicky.	data.js:trainers[167].hardcore	Measured	derived: team analysis; strategy_notes Inferred
168	Pokemaniac Ashton	NA	route	Rock Tunnel 1F	normal	3	Surge	34	FALSE	3|Rock Tunnel 1F|Pokemaniac Ashton	2	Arctibax:32:32:UNK:NONE:Jolly:31/31/31/31/31/31:4/0/0/0/252/252:Crunch,Icicle Crash,Take Down,Dragon Claw|Farfetch’d-Galar:32:32:UNK:NONE:Jolly:31/31/31/31/31/31:4/0/0/0/252/252:Brave Bird,Final Gambit,Leaf Blade,Slam	Arctibax,Farfetch’d-Galar	32	32	Normal,Fighting,Flying,Grass,Ice,Dragon,Dark	58.5	Arctibax	Farfetch’d-Galar	Fairy	NONE	2 slots, levels 32-32. Offense covers 7 types. Shared weakness: Fairy. Speed spans 55-62 base, fastest Arctibax, slowest Farfetch’d-Galar.	data.js:trainers[168].normal	Measured	derived: team analysis; strategy_notes Inferred
168	Pokemaniac Ashton	NA	route	Rock Tunnel 1F	hardcore	3	Surge	34	FALSE	3|Rock Tunnel 1F|Pokemaniac Ashton	2	Arctibax:32:32:UNK:NONE:Jolly:31/31/31/31/31/31:0/0/0/0/0/0:Crunch,Icicle Crash,Take Down,Dragon Claw|Farfetch’d-Galar:32:32:UNK:NONE:Jolly:31/31/31/31/31/31:0/0/0/0/0/0:Brave Bird,Final Gambit,Leaf Blade,Slam	Arctibax,Farfetch’d-Galar	32	32	Normal,Fighting,Flying,Grass,Ice,Dragon,Dark	58.5	Arctibax	Farfetch’d-Galar	Fairy	NONE	2 slots, levels 32-32. Offense covers 7 types. Shared weakness: Fairy. Speed spans 55-62 base, fastest Arctibax, slowest Farfetch’d-Galar.	data.js:trainers[168].hardcore	Measured	derived: team analysis; strategy_notes Inferred
169	Super Nerd Jovan	NA	route	Mt. Moon 1F	normal	1	Archer-1	22	FALSE	1|Mt. Moon 1F|Super Nerd Jovan	2	Magnemite:13:13:Analytic:NONE:Bold:15/15/15/15/15/15:0/0/0/0/0/0:Zap Cannon,Gyro Ball,Magnet Rise,Lock-On|Gimmighoul:14:14:Clear Body:NONE:Bold:15/15/15/15/15/15:0/0/0/0/0/0:Tackle,Astonish	Magnemite,Gimmighoul	14	13	Normal,Ghost,Steel,Electric	27.5	Magnemite	Gimmighoul	NONE	NONE	2 slots, levels 13-14. Offense covers 4 types. No weakness shared by half the team. Speed spans 10-45 base, fastest Magnemite, slowest Gimmighoul.	data.js:trainers[169].normal	Measured	derived: team analysis; strategy_notes Inferred
169	Super Nerd Jovan	NA	route	Mt. Moon 1F	hardcore	1	Archer-1	22	FALSE	1|Mt. Moon 1F|Super Nerd Jovan	2	Magnemite:13:13:Analytic:NONE:Bold:15/15/15/15/15/15:0/0/0/0/0/0:Zap Cannon,Gyro Ball,Magnet Rise,Lock-On|Gimmighoul:14:14:Clear Body:NONE:Bold:15/15/15/15/15/15:0/0/0/0/0/0:Tackle,Astonish	Magnemite,Gimmighoul	14	13	Normal,Ghost,Steel,Electric	27.5	Magnemite	Gimmighoul	NONE	NONE	2 slots, levels 13-14. Offense covers 4 types. No weakness shared by half the team. Speed spans 10-45 base, fastest Magnemite, slowest Gimmighoul.	data.js:trainers[169].hardcore	Measured	derived: team analysis; strategy_notes Inferred
170	Super Nerd Miguel	NA	boss_candidate	Mt. Moon B2F	normal	1	Archer-1	22	TRUE	1|Mt. Moon B2F|Super Nerd Miguel	4	Thwackey:19:104:Grassy Surge:Eviolite:Adamant:31/31/31/31/31/31:0/0/0/0/0/0:Fake Out,Razor Leaf,Knock Off,U-turn|Voltorb-Hisui:19:104:Reckless:Focus Sash:Naive:31/30/30/31/31/31:0/0/0/0/0/0:Magical Leaf,Self-Destruct,Shock Wave,Hidden Power|Bibarel:19:104:UNK:Grassy Seed:Careful:31/31/31/31/31/31:0/0/0/0/0/0:Quick Attack,Aqua Jet,Curse,Rock Smash|Sableye:19:104:Prankster:Sitrus Berry:Careful:31/31/31/31/31/31:0/0/0/0/0/0:Will-O-Wisp,Recover,Protect,Foul Play	Thwackey,Voltorb-Hisui,Bibarel,Sableye	19	19	Normal,Fighting,Bug,Water,Grass,Electric,Dark	70.0	Voltorb-Hisui	Bibarel	Poison,Bug,Fire,Ice	NONE	4 slots, levels 19-19. Offense covers 7 types. Shared weakness: Poison, Bug, Fire, Ice. Speed spans 50-100 base, fastest Voltorb-Hisui, slowest Bibarel. LEVEL-SCALED: rescales to the player, excluded from scoring.	data.js:trainers[170].normal	Measured	derived: team analysis; strategy_notes Inferred
170	Super Nerd Miguel	NA	boss_candidate	Mt. Moon B2F	hardcore	1	Archer-1	22	TRUE	1|Mt. Moon B2F|Super Nerd Miguel	5	Thwackey:20:101:Grassy Surge:Eviolite:Adamant:31/31/31/31/31/31:0/0/0/0/0/0:Fake Out,Grassy Glide,Knock Off,U-turn|Voltorb-Hisui:21:102:Reckless:Focus Sash:Naive:31/30/30/31/31/31:0/0/0/0/0/0:Mega Drain,Self-Destruct,Volt Switch,Hidden Power|Swoobat:21:102:Simple:Grassy Seed:Timid:31/31/31/31/31/31:0/0/0/0/0/0:Calm Mind,Air Cutter,Psybeam,Roost|Skiddo:21:102:Grass Pelt:Miracle Seed:Impish:31/31/31/31/31/31:0/0/0/0/0/0:Horn Leech,Brick Break,Rock Slide,Milk Drink|Sableye:21:102:Prankster:Leftovers:Careful:31/31/31/31/31/31:0/0/0/0/0/0:Will-O-Wisp,Recover,Protect,Foul Play	Thwackey,Voltorb-Hisui,Swoobat,Skiddo,Sableye	21	20	Normal,Fighting,Flying,Rock,Bug,Grass,Electric,Psychic,Dark	79.2	Swoobat	Sableye	Poison,Bug,Fire,Ice	NONE	5 slots, levels 20-21. Offense covers 9 types. Shared weakness: Poison, Bug, Fire, Ice. Speed spans 50-114 base, fastest Swoobat, slowest Sableye. LEVEL-SCALED: rescales to the player, excluded from scoring.	data.js:trainers[170].hardcore	Measured	derived: team analysis; strategy_notes Inferred
171	Super Nerd Aidan	NA	boss_candidate	Route 8	normal	3	Surge	34	FALSE	3|Route 8|Super Nerd Aidan	4	Voltorb:35:35:Galvanize:NONE:Modest:15/15/15/15/15/15:0/0/0/0/0/0:Sonic Boom,Screech,Spark|Koffing:35:35:Levitate:NONE:Hardy:15/15/15/15/15/15:0/0/0/0/0/0:Sludge,Smog,Self-Destruct|Eelektrik:36:36:UNK:NONE:Calm:15/15/15/15/15/15:0/0/0/0/0/0:Sonic Boom,Discharge,Crunch,Charge|Elgyem:37:37:Telepathy:NONE:Brave:15/15/15/15/15/15:0/0/0/0/0/0:Sonic Boom,Psybeam,Headbutt	Voltorb,Koffing,Eelektrik,Elgyem	37	35	Normal,Poison,Electric,Psychic,Dark	51.2	Voltorb	Elgyem	Ground	NONE	4 slots, levels 35-37. Offense covers 5 types. Shared weakness: Ground. Speed spans 30-100 base, fastest Voltorb, slowest Elgyem.	data.js:trainers[171].normal	Measured	derived: team analysis; strategy_notes Inferred
171	Super Nerd Aidan	NA	boss_candidate	Route 8	hardcore	3	Surge	34	TRUE	3|Route 8|Super Nerd Aidan	5	Armarouge:33:102:Flash Fire:Weakness Policy:Modest:31/31/31/31/31/31:0/0/0/0/0/0:Flamethrower,Stored Power,Shadow Ball,Aura Sphere|Tsareena:33:102:Leaf Guard:Choice Scarf:Adamant:31/31/31/31/31/31:0/0/0/0/0/0:Brutal Swing,Power Whip,Knock Off,U-turn|Arcanine-Hisui:33:102:Rock Head:Focus Sash:Jolly:31/31/31/31/31/31:0/0/0/0/0/0:Flare Blitz,Head Smash,Accelerock,Wild Charge|Basculegion-F:34:103:Swift Swim:Weakness Policy:Naive:31/31/31/31/31/31:0/0/0/0/0/0:Shadow Ball,Hydro Pump,Ice Beam,Shadow Sneak|Braviary-Hisui:34:103:Frisk:Life Orb:Modest:31/31/31/31/31/31:0/0/0/0/0/0:Psychic,Heat Wave,Air Slash,Esper Wing	Armarouge,Tsareena,Arcanine-Hisui,Basculegion-F,Braviary-Hisui	34	33	Fighting,Flying,Rock,Bug,Ghost,Fire,Water,Grass,Electric,Psychic,Ice,Dark	76.0	Arcanine-Hisui	Braviary-Hisui	Rock,Ghost,Dark	NONE	5 slots, levels 33-34. Offense covers 12 types. Shared weakness: Rock, Ghost, Dark. Speed spans 65-90 base, fastest Arcanine-Hisui, slowest Braviary-Hisui. LEVEL-SCALED: rescales to the player, excluded from scoring.	data.js:trainers[171].hardcore	Measured	derived: team analysis; strategy_notes Inferred
172	Super Nerd Glenn	NA	route	Route 8	normal	3	Surge	34	FALSE	3|Route 8|Super Nerd Glenn	3	Grimer:35:35:Poison Touch:NONE:Brave:15/15/15/15/15/15:0/0/0/0/0/0:Memento,Belch,Acid Armor,Gunk Shot|Grimer-Alola:36:36:Poison Touch:NONE:Modest:15/15/15/15/15/15:0/0/0/0/0/0:Memento,Belch,Acid Armor,Gunk Shot|Muk-Alola:34:34:Receiver:NONE:Timid:15/15/15/15/15/15:0/0/0/0/0/0:Sucker Punch,Memento,Belch,Acid Armor	Grimer,Grimer-Alola,Muk-Alola	36	34	Poison,Dark	33.3	Muk-Alola	Grimer	Ground	NONE	3 slots, levels 34-36. Offense covers 2 types. Shared weakness: Ground. Speed spans 25-50 base, fastest Muk-Alola, slowest Grimer.	data.js:trainers[172].normal	Measured	derived: team analysis; strategy_notes Inferred
172	Super Nerd Glenn	NA	route	Route 8	hardcore	3	Surge	34	FALSE	3|Route 8|Super Nerd Glenn	3	Grimer:35:35:Poison Touch:NONE:Brave:15/15/15/15/15/15:0/0/0/0/0/0:Memento,Belch,Acid Armor,Gunk Shot|Grimer-Alola:36:36:Poison Touch:NONE:Modest:15/15/15/15/15/15:0/0/0/0/0/0:Memento,Belch,Acid Armor,Gunk Shot|Muk-Alola:34:34:Receiver:NONE:Timid:15/15/15/15/15/15:0/0/0/0/0/0:Sucker Punch,Memento,Belch,Acid Armor	Grimer,Grimer-Alola,Muk-Alola	36	34	Poison,Dark	33.3	Muk-Alola	Grimer	Ground	NONE	3 slots, levels 34-36. Offense covers 2 types. Shared weakness: Ground. Speed spans 25-50 base, fastest Muk-Alola, slowest Grimer.	data.js:trainers[172].hardcore	Measured	derived: team analysis; strategy_notes Inferred
173	Super Nerd Leslie	NA	route	Route 8	normal	3	Surge	34	FALSE	3|Route 8|Super Nerd Leslie	1	Weezing:36:36:Toxic Debris:NONE:Docile:15/15/15/15/15/15:0/0/0/0/0/0:Sludge,Self-Destruct,Smokescreen	Weezing	36	36	Normal,Poison	60.0	Weezing	Weezing	NONE	Rock,Ghost,Steel	1 slots, levels 36-36. Offense covers 2 types. No weakness shared by half the team. A pure Rock type resists everything it carries. Speed spans 60-60 base, fastest Weezing, slowest Weezing.	data.js:trainers[173].normal	Measured	derived: team analysis; strategy_notes Inferred
173	Super Nerd Leslie	NA	route	Route 8	hardcore	3	Surge	34	FALSE	3|Route 8|Super Nerd Leslie	1	Weezing:36:36:Toxic Debris:NONE:Docile:15/15/15/15/15/15:0/0/0/0/0/0:Sludge,Self-Destruct,Smokescreen	Weezing	36	36	Normal,Poison	60.0	Weezing	Weezing	NONE	Rock,Ghost,Steel	1 slots, levels 36-36. Offense covers 2 types. No weakness shared by half the team. A pure Rock type resists everything it carries. Speed spans 60-60 base, fastest Weezing, slowest Weezing.	data.js:trainers[173].hardcore	Measured	derived: team analysis; strategy_notes Inferred
174	Ace Trainer Sharon	NA	boss_candidate	Berry Forest	normal	17	Post-Game	100	TRUE	17|Berry Forest|Ace Trainer Sharon	6	Serperior:100:103:Contrary:Leftovers:Timid:31/31/31/31/31/31:0/0/4/252/0/252:Glare,Leaf Storm,Substitute,Leech Seed|Volcarona:100:103:Swarm:Leftovers:Timid:31/31/31/31/31/31:252/0/0/4/0/252:Quiver Dance,Fiery Dance,Bug Buzz,Roost|Zoroark:100:103:UNK:Focus Sash:Timid:31/31/31/31/31/31:0/0/4/252/0/252:Dark Hole,Nasty Plot,Sludge Bomb,Flamethrower|Dugtrio:100:103:Sand Veil:Groundium Z:Jolly:31/31/31/31/31/31:0/252/4/0/0/252:Earthquake,Stone Edge,Sucker Punch,Shadow Claw|Absol:100:103:Pressure:Absolite:Jolly:31/31/31/31/31/31:0/252/4/0/0/252:Night Slash,Psycho Cut,Close Combat,Sucker Punch|Mantine-Sevii:100:103:Static:Air Balloon:Timid:31/30/31/30/31/31:0/0/4/252/0/252:Thunderbolt,Sludge Wave,Volt Switch,Hidden Power	Serperior,Volcarona,Zoroark,Dugtrio,Absol,Mantine-Sevii	100	100	Normal,Fighting,Poison,Ground,Rock,Bug,Ghost,Fire,Grass,Electric,Psychic,Dark	101.3	Dugtrio	Absol	Bug	NONE	6 slots, levels 100-100. Offense covers 12 types. Shared weakness: Bug. Speed spans 75-120 base, fastest Dugtrio, slowest Absol. LEVEL-SCALED: rescales to the player, excluded from scoring.	data.js:trainers[174].normal	Measured	derived: team analysis; strategy_notes Inferred
174	Ace Trainer Sharon	NA	boss_candidate	Berry Forest	hardcore	17	Post-Game	100	TRUE	17|Berry Forest|Ace Trainer Sharon	6	Serperior:100:103:Contrary:Leftovers:Timid:31/31/31/31/31/31:0/0/0/0/0/0:Glare,Leaf Storm,Substitute,Leech Seed|Volcarona:100:103:Swarm:Leftovers:Timid:31/31/31/31/31/31:0/0/0/0/0/0:Quiver Dance,Fiery Dance,Bug Buzz,Roost|Zoroark:100:103:UNK:Focus Sash:Timid:31/31/31/31/31/31:0/0/0/0/0/0:Dark Hole,Nasty Plot,Sludge Bomb,Flamethrower|Dugtrio:100:103:Sand Veil:Groundium Z:Jolly:31/31/31/31/31/31:0/0/0/0/0/0:Earthquake,Stone Edge,Sucker Punch,Shadow Claw|Absol:100:103:Pressure:Absolite:Jolly:31/31/31/31/31/31:0/0/0/0/0/0:Night Slash,Psycho Cut,Close Combat,Sucker Punch|Mantine-Sevii:100:103:Static:Air Balloon:Timid:31/30/31/30/31/31:0/0/0/0/0/0:Thunderbolt,Sludge Wave,Volt Switch,Hidden Power	Serperior,Volcarona,Zoroark,Dugtrio,Absol,Mantine-Sevii	100	100	Normal,Fighting,Poison,Ground,Rock,Bug,Ghost,Fire,Grass,Electric,Psychic,Dark	101.3	Dugtrio	Absol	Bug	NONE	6 slots, levels 100-100. Offense covers 12 types. Shared weakness: Bug. Speed spans 75-120 base, fastest Dugtrio, slowest Absol. LEVEL-SCALED: rescales to the player, excluded from scoring.	data.js:trainers[174].hardcore	Measured	derived: team analysis; strategy_notes Inferred
175	Ace Trainer Janny	NA	boss_candidate	Berry Forest	normal	17	Post-Game	100	TRUE	17|Berry Forest|Ace Trainer Janny	6	Pelipper:100:103:Drizzle:Damp Rock:Calm:31/31/31/31/31/31:248/0/8/0/0/252:Scald,Roost,U-turn,Hurricane|Ferrothorn:100:103:UNK:Rocky Helmet:Impish:31/31/31/31/31/0:248/0/252/0/8/0:Power Whip,Body Press,Knock Off,Thunder Wave|Seismitoad:100:103:Water Absorb:Life Orb:Modest:31/31/31/31/31/31:0/0/0/252/0/252:Weather Ball,Earth Power,Focus Blast,Surf|Articuno-Galar:100:103:UNK:Weakness Policy:Timid:31/31/31/31/31/31:0/0/4/252/0/252:Hurricane,Freezing Glare,Weather Ball,U-turn|Barraskewda:100:103:Stalwart:Waterium Z:Adamant:31/31/31/31/31/31:0/252/4/0/0/252:Liquidation,Close Combat,Aqua Jet,Flip Turn|Raikou:100:103:Inner Focus:Leftovers:Timid:31/31/31/31/31/31:0/0/4/252/0/252:Calm Mind,Thunder,Weather Ball,Aura Sphere	Pelipper,Ferrothorn,Seismitoad,Articuno-Galar,Barraskewda,Raikou	100	100	Normal,Fighting,Flying,Ground,Bug,Water,Grass,Electric,Psychic,Dark	85.0	Barraskewda	Ferrothorn	Electric	NONE	6 slots, levels 100-100. Offense covers 10 types. Shared weakness: Electric. Speed spans 20-136 base, fastest Barraskewda, slowest Ferrothorn. LEVEL-SCALED: rescales to the player, excluded from scoring.	data.js:trainers[175].normal	Measured	derived: team analysis; strategy_notes Inferred
175	Ace Trainer Janny	NA	boss_candidate	Berry Forest	hardcore	17	Post-Game	100	TRUE	17|Berry Forest|Ace Trainer Janny	6	Pelipper:100:103:Drizzle:Damp Rock:Calm:31/31/31/31/31/31:0/0/0/0/0/0:Scald,Roost,U-turn,Hurricane|Ferrothorn:100:103:UNK:Rocky Helmet:Impish:31/31/31/31/31/0:0/0/0/0/0/0:Power Whip,Body Press,Knock Off,Thunder Wave|Seismitoad:100:103:Water Absorb:Life Orb:Modest:31/31/31/31/31/31:0/0/0/0/0/0:Weather Ball,Earth Power,Focus Blast,Surf|Articuno-Galar:100:103:UNK:Weakness Policy:Timid:31/31/31/31/31/31:0/0/0/0/0/0:Hurricane,Freezing Glare,Weather Ball,U-turn|Barraskewda:100:103:Stalwart:Waterium Z:Adamant:31/31/31/31/31/31:0/0/0/0/0/0:Liquidation,Close Combat,Aqua Jet,Flip Turn|Raikou:100:103:Inner Focus:Leftovers:Timid:31/31/31/31/31/31:0/0/0/0/0/0:Calm Mind,Thunder,Weather Ball,Aura Sphere	Pelipper,Ferrothorn,Seismitoad,Articuno-Galar,Barraskewda,Raikou	100	100	Normal,Fighting,Flying,Ground,Bug,Water,Grass,Electric,Psychic,Dark	85.0	Barraskewda	Ferrothorn	Electric	NONE	6 slots, levels 100-100. Offense covers 10 types. Shared weakness: Electric. Speed spans 20-136 base, fastest Barraskewda, slowest Ferrothorn. LEVEL-SCALED: rescales to the player, excluded from scoring.	data.js:trainers[175].hardcore	Measured	derived: team analysis; strategy_notes Inferred
176	Gatekeeper Owen	NA	boss_candidate	Berry Forest	normal	17	Post-Game	100	TRUE	17|Berry Forest|Gatekeeper Owen	6	Meloetta-Pirouette:100:103:UNK:Life Orb:Jolly:31/31/31/31/31/31:0/252/4/0/0/252:U-turn,Body Slam,Close Combat,Rock Slide|Mew:100:103:UNK:Mewnium Z:Timid:31/31/31/31/31/31:0/0/4/252/0/252:Psychic,Flamethrower,Aura Sphere,Ice Beam|Kingler:100:103:Sheer Force:Kinglerite:Jolly:31/31/31/31/31/31:0/252/0/0/0/252:Crabhammer,Iron Head,Aqua Jet,Close Combat|Giratina-Origin:100:103:UNK:Griseous Orb:Quiet:31/31/31/31/31/31:244/12/0/252/0/0:Hex,Draco Meteor,Shadow Sneak,Thunder Wave|Enamorus-Therian:100:103:UNK:Assault Vest:Modest:31/31/31/31/31/31:252/0/0/252/4/0:Moonblast,U-turn,Focus Blast,Psychic|Zebstrika-Sevii:100:103:Lightning Rod:Life Orb:Timid:31/31/31/31/31/31:0/0/0/252/4/252:Blizzard,Thunder,Volt Switch,Freeze-Dry	Meloetta-Pirouette,Mew,Kingler,Giratina-Origin,Enamorus-Therian,Zebstrika-Sevii	100	100	Normal,Fighting,Rock,Bug,Ghost,Steel,Fire,Water,Electric,Psychic,Ice,Dragon,Fairy	92.5	Meloetta-Pirouette	Enamorus-Therian	NONE	NONE	6 slots, levels 100-100. Offense covers 13 types. No weakness shared by half the team. Speed spans 46-128 base, fastest Meloetta-Pirouette, slowest Enamorus-Therian. LEVEL-SCALED: rescales to the player, excluded from scoring.	data.js:trainers[176].normal	Measured	derived: team analysis; strategy_notes Inferred
176	Gatekeeper Owen	NA	boss_candidate	Berry Forest	hardcore	17	Post-Game	100	TRUE	17|Berry Forest|Gatekeeper Owen	6	Meloetta-Pirouette:100:103:UNK:Life Orb:Jolly:31/31/31/31/31/31:0/0/0/0/0/0:U-turn,Body Slam,Close Combat,Rock Slide|Mew:100:103:UNK:Mewnium Z:Timid:31/31/31/31/31/31:0/0/0/0/0/0:Psychic,Flamethrower,Aura Sphere,Ice Beam|Kingler:100:103:Sheer Force:Kinglerite:Jolly:31/31/31/31/31/31:0/0/0/0/0/0:Crabhammer,Iron Head,Aqua Jet,Close Combat|Giratina-Origin:100:103:UNK:Griseous Orb:Quiet:31/31/31/31/31/31:0/0/0/0/0/0:Hex,Draco Meteor,Shadow Sneak,Thunder Wave|Enamorus-Therian:100:103:UNK:Assault Vest:Modest:31/31/31/31/31/31:0/0/0/0/0/0:Moonblast,U-turn,Focus Blast,Psychic|Zebstrika-Sevii:100:103:Lightning Rod:Life Orb:Timid:31/31/31/31/31/31:0/0/0/0/0/0:Blizzard,Thunder,Volt Switch,Freeze-Dry	Meloetta-Pirouette,Mew,Kingler,Giratina-Origin,Enamorus-Therian,Zebstrika-Sevii	100	100	Normal,Fighting,Rock,Bug,Ghost,Steel,Fire,Water,Electric,Psychic,Ice,Dragon,Fairy	92.5	Meloetta-Pirouette	Enamorus-Therian	NONE	NONE	6 slots, levels 100-100. Offense covers 13 types. No weakness shared by half the team. Speed spans 46-128 base, fastest Meloetta-Pirouette, slowest Enamorus-Therian. LEVEL-SCALED: rescales to the player, excluded from scoring.	data.js:trainers[176].hardcore	Measured	derived: team analysis; strategy_notes Inferred
177	Super Nerd Erik	NA	route	Cinnabar Island Gym	normal	11	Blaine	76	FALSE	11|Cinnabar Island Gym|Super Nerd Erik	3	Ninetales:72:72:Drought:NONE:Hardy:15/15/15/15/15/15:0/0/0/0/0/0:Healing Wish,Safeguard,Confuse Ray,Quick Attack|Rapidash:73:73:Blazing Soul:NONE:Mild:15/15/15/15/15/15:0/0/0/0/0/0:Jump Kick,Flare Blitz,Bounce,Fire Blast|Arcanine:72:72:Justified:NONE:Mild:15/15/15/15/15/15:0/0/0/0/0/0:Retaliate,Helping Hand,Flare Blitz,Fire Fang	Ninetales,Rapidash,Arcanine	73	72	Normal,Fighting,Flying,Fire	106.7	Rapidash	Arcanine	Ground,Rock,Water	NONE	3 slots, levels 72-73. Offense covers 4 types. Shared weakness: Ground, Rock, Water. Speed spans 95-125 base, fastest Rapidash, slowest Arcanine.	data.js:trainers[177].normal	Measured	derived: team analysis; strategy_notes Inferred
177	Super Nerd Erik	NA	route	Cinnabar Island Gym	hardcore	11	Blaine	76	FALSE	11|Cinnabar Island Gym|Super Nerd Erik	3	Ninetales:72:72:Drought:NONE:Hardy:15/15/15/15/15/15:0/0/0/0/0/0:Healing Wish,Safeguard,Confuse Ray,Quick Attack|Rapidash:73:73:Blazing Soul:NONE:Mild:15/15/15/15/15/15:0/0/0/0/0/0:Jump Kick,Flare Blitz,Bounce,Fire Blast|Arcanine:72:72:Justified:NONE:Mild:15/15/15/15/15/15:0/0/0/0/0/0:Retaliate,Helping Hand,Flare Blitz,Fire Fang	Ninetales,Rapidash,Arcanine	73	72	Normal,Fighting,Flying,Fire	106.7	Rapidash	Arcanine	Ground,Rock,Water	NONE	3 slots, levels 72-73. Offense covers 4 types. Shared weakness: Ground, Rock, Water. Speed spans 95-125 base, fastest Rapidash, slowest Arcanine.	data.js:trainers[177].hardcore	Measured	derived: team analysis; strategy_notes Inferred
178	Super Nerd Aavery	NA	boss_candidate	Cinnabar Island Gym	normal	11	Blaine	76	FALSE	11|Cinnabar Island Gym|Super Nerd Aavery	4	Heatmor:72:72:Fatal Precision:NONE:Serious:15/15/15/15/15/15:0/0/0/0/0/0:Dynamic Punch,Inferno,Flare Blitz,Swallow|Charizard:71:71:Solar Power:NONE:Modest:15/15/15/15/15/15:0/0/0/0/0/0:Dragon Dance,Inferno,Fire Spin,Flamethrower|Talonflame:73:73:Gale Wings:NONE:Docile:15/15/15/15/15/15:0/0/0/0/0/0:Steel Wing,Tailwind,Me First,Dual Wingbeat|Oricorio:72:72:UNK:NONE:Gentle:15/15/15/15/15/15:0/0/0/0/0/0:Quiver Dance,Hurricane,Agility,Mirror Move	Heatmor,Charizard,Talonflame,Oricorio	73	71	Fighting,Flying,Steel,Fire	104.8	Talonflame	Oricorio	Rock,Water,Electric	NONE	4 slots, levels 71-73. Offense covers 4 types. Shared weakness: Rock, Water, Electric. Speed spans 93-126 base, fastest Talonflame, slowest Oricorio.	data.js:trainers[178].normal	Measured	derived: team analysis; strategy_notes Inferred
178	Super Nerd Aavery	NA	boss_candidate	Cinnabar Island Gym	hardcore	11	Blaine	76	FALSE	11|Cinnabar Island Gym|Super Nerd Aavery	4	Heatmor:72:72:Fatal Precision:NONE:Serious:15/15/15/15/15/15:0/0/0/0/0/0:Dynamic Punch,Inferno,Flare Blitz,Swallow|Charizard:71:71:Solar Power:NONE:Modest:15/15/15/15/15/15:0/0/0/0/0/0:Dragon Dance,Inferno,Fire Spin,Flamethrower|Talonflame:73:73:Gale Wings:NONE:Docile:15/15/15/15/15/15:0/0/0/0/0/0:Steel Wing,Tailwind,Me First,Dual Wingbeat|Oricorio:72:72:UNK:NONE:Gentle:15/15/15/15/15/15:0/0/0/0/0/0:Quiver Dance,Hurricane,Agility,Mirror Move	Heatmor,Charizard,Talonflame,Oricorio	73	71	Fighting,Flying,Steel,Fire	104.8	Talonflame	Oricorio	Rock,Water,Electric	NONE	4 slots, levels 71-73. Offense covers 4 types. Shared weakness: Rock, Water, Electric. Speed spans 93-126 base, fastest Talonflame, slowest Oricorio.	data.js:trainers[178].hardcore	Measured	derived: team analysis; strategy_notes Inferred
179	Ace Trainer Derek	NA	boss_candidate	Cinnabar Island Gym	normal	11	Blaine	76	TRUE	11|Cinnabar Island Gym|Ace Trainer Derek	5	Mienshao:74:101:Reckless:Life Orb:Jolly:31/31/31/31/31/31:0/252/4/0/0/252:Fake Out,Close Combat,U-turn,Knock Off|Arcanine-Hisui:73:104:Rock Head:Charcoal:Jolly:31/31/31/31/31/31:0/252/4/0/0/252:Head Smash,Flare Blitz,Wild Charge,Accelerock|Rhyperior:73:104:Lightning Rod:Hard Stone:Adamant:31/31/31/31/31/31:252/252/4/0/0/0:Stone Edge,Earthquake,Fire Punch,Megahorn|Centiskorch:74:101:Flame Body:Centiskite:Adamant:31/31/31/31/31/31:252/252/4/0/0/0:Flare Blitz,Leech Life,Power Whip,Knock Off|Sunflora:74:101:Early Bird:Focus Sash:Timid:31/31/30/31/30/30:0/0/4/252/0/252:Growth,Solar Beam,Flamethrower,Hidden Power	Mienshao,Arcanine-Hisui,Rhyperior,Centiskorch,Sunflora	74	73	Normal,Fighting,Ground,Rock,Bug,Fire,Grass,Electric,Dark	71.0	Mienshao	Rhyperior	Flying,Water	NONE	5 slots, levels 73-74. Offense covers 9 types. Shared weakness: Flying, Water. Speed spans 40-105 base, fastest Mienshao, slowest Rhyperior. LEVEL-SCALED: rescales to the player, excluded from scoring.	data.js:trainers[179].normal	Measured	derived: team analysis; strategy_notes Inferred
179	Ace Trainer Derek	NA	boss_candidate	Cinnabar Island Gym	hardcore	11	Blaine	76	TRUE	11|Cinnabar Island Gym|Ace Trainer Derek	5	Zapdos-Galar:76:103:UNK:Flying Gem:Jolly:31/31/31/31/31/31:0/0/0/0/0/0:Acrobatics,Close Combat,U-turn,Thunderous Kick|Arcanine-Hisui:76:103:Rock Head:Fire Gem:Jolly:31/31/31/31/31/31:0/0/0/0/0/0:Head Smash,Flare Blitz,Wild Charge,Accelerock|Rhyperior:76:103:Lightning Rod:Rockium Z:Jolly:31/31/31/31/31/31:0/0/0/0/0/0:Stone Edge,Earthquake,Fire Punch,Megahorn|Delphox:76:103:Magic Guard:Life Orb:Timid:31/31/31/31/31/31:0/0/0/0/0/0:Mind Blown,Psychic,Grass Knot,Shadow Ball|Centiskorch:76:103:Flame Body:Centiskite:Jolly:31/31/31/31/31/31:0/0/0/0/0/0:Flare Blitz,Leech Life,Power Whip,Coil	Zapdos-Galar,Arcanine-Hisui,Rhyperior,Delphox,Centiskorch	76	76	Fighting,Flying,Ground,Rock,Bug,Ghost,Fire,Grass,Electric,Psychic	79.8	Delphox	Rhyperior	Ground,Rock,Water	NONE	5 slots, levels 76-76. Offense covers 10 types. Shared weakness: Ground, Rock, Water. Speed spans 40-104 base, fastest Delphox, slowest Rhyperior. LEVEL-SCALED: rescales to the player, excluded from scoring.	data.js:trainers[179].hardcore	Measured	derived: team analysis; strategy_notes Inferred
180	Ace Trainer Zac	NA	boss_candidate	Cinnabar Island Gym	normal	11	Blaine	76	TRUE	11|Cinnabar Island Gym|Ace Trainer Zac	5	Nidoking:74:101:Sheer Force:Life Orb:Timid:31/31/31/31/31/31:0/0/4/252/0/252:Earth Power,Sludge Wave,Fire Blast,Ice Beam|Noivern:73:104:Frisk:Focus Sash:Naive:31/31/31/31/31/31:0/0/4/252/0/252:Heat Wave,Tailwind,Aeroblast,Dragon Pulse|Braviary-Hisui:74:101:Tinted Lens:Life Orb:Modest:31/31/31/31/31/31:0/0/4/252/0/252:Air Slash,Heat Wave,Shadow Ball,Esper Wing|Excadrill:73:104:Mold Breaker:Soft Sand:Adamant:31/31/31/31/31/31:0/252/4/0/0/252:High Horsepower,Iron Head,Rapid Spin,Rock Slide|Volcarona:74:101:Swarm:Charcoal:Timid:31/31/31/31/31/31:0/0/4/252/0/252:Fire Blast,Bug Buzz,Giga Drain,Psychic	Nidoking,Noivern,Braviary-Hisui,Excadrill,Volcarona	74	73	Normal,Flying,Poison,Ground,Rock,Bug,Ghost,Steel,Fire,Grass,Psychic,Ice,Dragon	92.2	Noivern	Braviary-Hisui	Water,Ice,Rock	NONE	5 slots, levels 73-74. Offense covers 13 types. Shared weakness: Water, Ice, Rock. Speed spans 65-123 base, fastest Noivern, slowest Braviary-Hisui. LEVEL-SCALED: rescales to the player, excluded from scoring.	data.js:trainers[180].normal	Measured	derived: team analysis; strategy_notes Inferred
180	Ace Trainer Zac	NA	boss_candidate	Cinnabar Island Gym	hardcore	11	Blaine	76	TRUE	11|Cinnabar Island Gym|Ace Trainer Zac	5	Cinderace:76:103:Protean:Focus Sash:Jolly:31/31/31/31/31/31:0/0/0/0/0/0:Pyro Ball,High Jump Kick,Gunk Shot,Sucker Punch|Salamence:76:103:Moxie:Salamencite:Naive:31/31/31/31/31/31:0/0/0/0/0/0:Heat Wave,Tailwind,Double-Edge,Draco Barrage|Braviary-Hisui:76:103:Tinted Lens:Life Orb:Timid:31/31/31/31/31/31:0/0/0/0/0/0:Air Slash,Heat Wave,Roost,Esper Wing|Excadrill:76:103:Mold Breaker:Ground Gem:Adamant:31/31/31/31/31/31:0/0/0/0/0/0:High Horsepower,Iron Head,Earthquake,Rock Slide|Volcarona:76:103:Swarm:Fire Gem:Timid:31/31/31/31/31/31:0/0/0/0/0/0:Fire Blast,Bug Buzz,Giga Drain,Psychic	Cinderace,Salamence,Braviary-Hisui,Excadrill,Volcarona	76	76	Normal,Fighting,Flying,Poison,Ground,Rock,Bug,Steel,Fire,Grass,Psychic,Dragon,Dark	94.4	Cinderace	Braviary-Hisui	Rock,Water	NONE	5 slots, levels 76-76. Offense covers 13 types. Shared weakness: Rock, Water. Speed spans 65-119 base, fastest Cinderace, slowest Braviary-Hisui. LEVEL-SCALED: rescales to the player, excluded from scoring.	data.js:trainers[180].hardcore	Measured	derived: team analysis; strategy_notes Inferred
181	Hiker Marcos	NA	route	Mt. Moon 1F	normal	1	Archer-1	22	FALSE	1|Mt. Moon 1F|Hiker Marcos	3	Geodude:14:14:Sand Veil:NONE:Bold:10/10/10/10/10/10:0/0/0/0/0/0:Stone Edge,Double-Edge,Explosion,Earthquake|Drilbur:16:16:Mold Breaker:NONE:Sassy:10/10/10/10/10/10:0/0/0/0/0/0:Drill Run,Sandstorm,Earthquake,Rock Slide|Nosepass:15:15:Sand Force:NONE:Bold:10/10/10/10/10/10:0/0/0/0/0/0:Zap Cannon,Lock-On,Stone Edge,Earthquake	Geodude,Drilbur,Nosepass	16	14	Normal,Ground,Rock,Electric	39.3	Drilbur	Geodude	Fighting,Ground,Steel,Water,Grass,Ice	NONE	3 slots, levels 14-16. Offense covers 4 types. Shared weakness: Fighting, Ground, Steel, Water, Grass, Ice. Speed spans 20-68 base, fastest Drilbur, slowest Geodude.	data.js:trainers[181].normal	Measured	derived: team analysis; strategy_notes Inferred
181	Hiker Marcos	NA	route	Mt. Moon 1F	hardcore	1	Archer-1	22	FALSE	1|Mt. Moon 1F|Hiker Marcos	3	Geodude:14:14:Sand Veil:NONE:Bold:10/10/10/10/10/10:0/0/0/0/0/0:Stone Edge,Double-Edge,Explosion,Earthquake|Drilbur:16:16:Mold Breaker:NONE:Sassy:10/10/10/10/10/10:0/0/0/0/0/0:Drill Run,Sandstorm,Earthquake,Rock Slide|Nosepass:15:15:Sand Force:NONE:Bold:10/10/10/10/10/10:0/0/0/0/0/0:Zap Cannon,Lock-On,Stone Edge,Earthquake	Geodude,Drilbur,Nosepass	16	14	Normal,Ground,Rock,Electric	39.3	Drilbur	Geodude	Fighting,Ground,Steel,Water,Grass,Ice	NONE	3 slots, levels 14-16. Offense covers 4 types. Shared weakness: Fighting, Ground, Steel, Water, Grass, Ice. Speed spans 20-68 base, fastest Drilbur, slowest Geodude.	data.js:trainers[181].hardcore	Measured	derived: team analysis; strategy_notes Inferred
182	Hiker Franklin	NA	route	Route 25	normal	2	Misty	27	FALSE	2|Route 25|Hiker Franklin	2	Timburr:18:18:Iron Fist:NONE:Gentle:10/10/10/10/10/10:0/0/0/0/0/0:Superpower,Focus Punch,Stone Edge,Hammer Arm|Geodude-Alola:19:19:Galvanize:NONE:Modest:10/10/10/10/10/10:0/0/0/0/0/0:Stone Edge,Double-Edge,Explosion,Discharge	Timburr,Geodude-Alola	19	18	Normal,Fighting,Rock,Electric	27.5	Timburr	Geodude-Alola	NONE	NONE	2 slots, levels 18-19. Offense covers 4 types. No weakness shared by half the team. Speed spans 20-35 base, fastest Timburr, slowest Geodude-Alola.	data.js:trainers[182].normal	Measured	derived: team analysis; strategy_notes Inferred
182	Hiker Franklin	NA	route	Route 25	hardcore	2	Misty	27	FALSE	2|Route 25|Hiker Franklin	2	Timburr:18:18:Iron Fist:NONE:Gentle:10/10/10/10/10/10:0/0/0/0/0/0:Superpower,Focus Punch,Stone Edge,Hammer Arm|Geodude-Alola:19:19:Galvanize:NONE:Modest:10/10/10/10/10/10:0/0/0/0/0/0:Stone Edge,Double-Edge,Explosion,Discharge	Timburr,Geodude-Alola	19	18	Normal,Fighting,Rock,Electric	27.5	Timburr	Geodude-Alola	NONE	NONE	2 slots, levels 18-19. Offense covers 4 types. No weakness shared by half the team. Speed spans 20-35 base, fastest Timburr, slowest Geodude-Alola.	data.js:trainers[182].hardcore	Measured	derived: team analysis; strategy_notes Inferred
183	Hiker Nob	NA	boss_candidate	Route 25	normal	2	Misty	27	FALSE	2|Route 25|Hiker Nob	4	Phanpy:18:18:Sand Veil:NONE:Modest:10/10/10/10/10/10:0/0/0/0/0/0:Head Smash,Double-Edge,Last Resort,Charm|Sandile:18:18:Intimidate:NONE:Rash:10/10/10/10/10/10:0/0/0/0/0/0:Thrash,Earthquake,Sandstorm,Foul Play|Machop:19:19:Steadfast:NONE:Lonely:10/10/10/10/10/10:0/0/0/0/0/0:Dynamic Punch,Scary Face,Cross Chop,Bulk Up|Makuhita:19:19:Thick Fat:NONE:Sassy:10/10/10/10/10/10:0/0/0/0/0/0:Heavy Slam,Reversal,Close Combat,Endure	Phanpy,Sandile,Machop,Makuhita	19	18	Normal,Fighting,Ground,Rock,Steel,Dark	41.2	Sandile	Makuhita	Water,Grass,Ice,Fairy,Flying,Psychic	NONE	4 slots, levels 18-19. Offense covers 6 types. Shared weakness: Water, Grass, Ice, Fairy, Flying, Psychic. Speed spans 25-65 base, fastest Sandile, slowest Makuhita.	data.js:trainers[183].normal	Measured	derived: team analysis; strategy_notes Inferred
183	Hiker Nob	NA	boss_candidate	Route 25	hardcore	2	Misty	27	FALSE	2|Route 25|Hiker Nob	4	Phanpy:18:18:Sand Veil:NONE:Modest:10/10/10/10/10/10:0/0/0/0/0/0:Head Smash,Double-Edge,Last Resort,Charm|Sandile:18:18:Intimidate:NONE:Rash:10/10/10/10/10/10:0/0/0/0/0/0:Thrash,Earthquake,Sandstorm,Foul Play|Machop:19:19:Steadfast:NONE:Lonely:10/10/10/10/10/10:0/0/0/0/0/0:Dynamic Punch,Scary Face,Cross Chop,Bulk Up|Makuhita:19:19:Thick Fat:NONE:Sassy:10/10/10/10/10/10:0/0/0/0/0/0:Heavy Slam,Reversal,Close Combat,Endure	Phanpy,Sandile,Machop,Makuhita	19	18	Normal,Fighting,Ground,Rock,Steel,Dark	41.2	Sandile	Makuhita	Water,Grass,Ice,Fairy,Flying,Psychic	NONE	4 slots, levels 18-19. Offense covers 6 types. Shared weakness: Water, Grass, Ice, Fairy, Flying, Psychic. Speed spans 25-65 base, fastest Sandile, slowest Makuhita.	data.js:trainers[183].hardcore	Measured	derived: team analysis; strategy_notes Inferred
184	Hiker Wayne	NA	route	Route 25	normal	2	Misty	27	FALSE	2|Route 25|Hiker Wayne	1	Naclstack:20:20:Clear Body:NONE:Careful:10/10/10/10/10/10:0/0/0/0/0/0:Stone Edge,Earthquake,Heavy Slam,Stealth Rock	Naclstack	20	20	Ground,Rock,Steel	35.0	Naclstack	Naclstack	NONE	NONE	1 slots, levels 20-20. Offense covers 3 types. No weakness shared by half the team. Speed spans 35-35 base, fastest Naclstack, slowest Naclstack.	data.js:trainers[184].normal	Measured	derived: team analysis; strategy_notes Inferred
184	Hiker Wayne	NA	route	Route 25	hardcore	2	Misty	27	FALSE	2|Route 25|Hiker Wayne	1	Naclstack:20:20:Clear Body:NONE:Careful:10/10/10/10/10/10:0/0/0/0/0/0:Stone Edge,Earthquake,Heavy Slam,Stealth Rock	Naclstack	20	20	Ground,Rock,Steel	35.0	Naclstack	Naclstack	NONE	NONE	1 slots, levels 20-20. Offense covers 3 types. No weakness shared by half the team. Speed spans 35-35 base, fastest Naclstack, slowest Naclstack.	data.js:trainers[184].hardcore	Measured	derived: team analysis; strategy_notes Inferred
185	Hiker Alan	NA	route	Route 9	normal	3	Surge	34	FALSE	3|Route 9|Hiker Alan	2	Larvitar:31:31:Sand Veil:NONE:Hardy:10/10/10/10/10/10:0/0/0/0/0/0:Magnitude,Sandstorm,Screech,Rock Slide|Carkol:32:32:Flash Fire:NONE:Hasty:10/10/10/10/10/10:0/0/0/0/0/0:Harden,Flame Charge,Rock Tomb	Larvitar,Carkol	32	31	Ground,Rock,Fire	45.5	Carkol	Larvitar	Fighting,Ground,Water	NONE	2 slots, levels 31-32. Offense covers 3 types. Shared weakness: Fighting, Ground, Water. Speed spans 41-50 base, fastest Carkol, slowest Larvitar.	data.js:trainers[185].normal	Measured	derived: team analysis; strategy_notes Inferred
185	Hiker Alan	NA	route	Route 9	hardcore	3	Surge	34	FALSE	3|Route 9|Hiker Alan	2	Larvitar:31:31:Sand Veil:NONE:Hardy:10/10/10/10/10/10:0/0/0/0/0/0:Magnitude,Sandstorm,Screech,Rock Slide|Carkol:32:32:Flash Fire:NONE:Hasty:10/10/10/10/10/10:0/0/0/0/0/0:Harden,Flame Charge,Rock Tomb	Larvitar,Carkol	32	31	Ground,Rock,Fire	45.5	Carkol	Larvitar	Fighting,Ground,Water	NONE	2 slots, levels 31-32. Offense covers 3 types. Shared weakness: Fighting, Ground, Water. Speed spans 41-50 base, fastest Carkol, slowest Larvitar.	data.js:trainers[185].hardcore	Measured	derived: team analysis; strategy_notes Inferred
186	Hiker Brice	NA	route	Route 9	normal	3	Surge	34	FALSE	3|Route 9|Hiker Brice	3	Klawf:30:30:Regenerator:NONE:Jolly:10/10/10/10/10/10:0/0/0/0/0/0:Swords Dance,Iron Defense,High Horsepower,Rock Slide|Carbink:30:30:Clear Body:NONE:Hasty:10/10/10/10/10/10:0/0/0/0/0/0:Safeguard,Recover,Light Screen,Moonblast|Minior-Meteor:30:30:UNK:NONE:Bold:10/10/10/10/10/10:0/0/0/0/0/0:Explosion,Shell Smash,Double-Edge,Power Gem	Klawf,Carbink,Minior-Meteor	30	30	Normal,Ground,Rock,Fairy	61.7	Klawf	Carbink	Ground,Steel,Water,Grass	NONE	3 slots, levels 30-30. Offense covers 4 types. Shared weakness: Ground, Steel, Water, Grass. Speed spans 50-75 base, fastest Klawf, slowest Carbink.	data.js:trainers[186].normal	Measured	derived: team analysis; strategy_notes Inferred
186	Hiker Brice	NA	route	Route 9	hardcore	3	Surge	34	FALSE	3|Route 9|Hiker Brice	3	Klawf:30:30:Regenerator:NONE:Jolly:10/10/10/10/10/10:0/0/0/0/0/0:Swords Dance,Iron Defense,High Horsepower,Rock Slide|Carbink:30:30:Clear Body:NONE:Hasty:10/10/10/10/10/10:0/0/0/0/0/0:Safeguard,Recover,Light Screen,Moonblast|Minior-Meteor:30:30:UNK:NONE:Bold:10/10/10/10/10/10:0/0/0/0/0/0:Explosion,Shell Smash,Double-Edge,Power Gem	Klawf,Carbink,Minior-Meteor	30	30	Normal,Ground,Rock,Fairy	61.7	Klawf	Carbink	Ground,Steel,Water,Grass	NONE	3 slots, levels 30-30. Offense covers 4 types. Shared weakness: Ground, Steel, Water, Grass. Speed spans 50-75 base, fastest Klawf, slowest Carbink.	data.js:trainers[186].hardcore	Measured	derived: team analysis; strategy_notes Inferred
187	Hiker Clark	NA	route	Route 10	normal	3	Surge	34	FALSE	3|Route 10|Hiker Clark	2	Boldore:36:36:Sand Force:NONE:Jolly:10/10/10/10/10/10:0/0/0/0/0/0:Magnitude,Rock Throw,Stealth Rock,Smack Down|Mawile:35:35:Hyper Cutter:NONE:Quiet:10/10/10/10/10/10:0/0/0/0/0/0:Harden,Sweet Scent,Vise Grip,Feint Attack	Boldore,Mawile	36	35	Normal,Ground,Rock,Dark	35.0	Mawile	Boldore	Ground	NONE	2 slots, levels 35-36. Offense covers 4 types. Shared weakness: Ground. Speed spans 20-50 base, fastest Mawile, slowest Boldore.	data.js:trainers[187].normal	Measured	derived: team analysis; strategy_notes Inferred
187	Hiker Clark	NA	route	Route 10	hardcore	3	Surge	34	FALSE	3|Route 10|Hiker Clark	2	Boldore:36:36:Sand Force:NONE:Jolly:10/10/10/10/10/10:0/0/0/0/0/0:Magnitude,Rock Throw,Stealth Rock,Smack Down|Mawile:35:35:Hyper Cutter:NONE:Quiet:10/10/10/10/10/10:0/0/0/0/0/0:Harden,Sweet Scent,Vise Grip,Feint Attack	Boldore,Mawile	36	35	Normal,Ground,Rock,Dark	35.0	Mawile	Boldore	Ground	NONE	2 slots, levels 35-36. Offense covers 4 types. Shared weakness: Ground. Speed spans 20-50 base, fastest Mawile, slowest Boldore.	data.js:trainers[187].hardcore	Measured	derived: team analysis; strategy_notes Inferred
188	Hiker Trent	NA	route	Route 10	normal	3	Surge	34	FALSE	3|Route 10|Hiker Trent	2	Rhyhorn:34:34:Reckless:NONE:Modest:10/10/10/10/10/10:0/0/0/0/0/0:Megahorn,Earthquake,Stone Edge,Take Down|Quagsire:35:35:Damp:NONE:Lax:10/10/10/10/10/10:0/0/0/0/0/0:Muddy Water,Haze,Mist,Rain Dance	Rhyhorn,Quagsire	35	34	Normal,Ground,Rock,Bug,Water	30.0	Quagsire	Rhyhorn	Grass	NONE	2 slots, levels 34-35. Offense covers 5 types. Shared weakness: Grass. Speed spans 25-35 base, fastest Quagsire, slowest Rhyhorn.	data.js:trainers[188].normal	Measured	derived: team analysis; strategy_notes Inferred
188	Hiker Trent	NA	route	Route 10	hardcore	3	Surge	34	FALSE	3|Route 10|Hiker Trent	2	Rhyhorn:34:34:Reckless:NONE:Modest:10/10/10/10/10/10:0/0/0/0/0/0:Megahorn,Earthquake,Stone Edge,Take Down|Quagsire:35:35:Damp:NONE:Lax:10/10/10/10/10/10:0/0/0/0/0/0:Muddy Water,Haze,Mist,Rain Dance	Rhyhorn,Quagsire	35	34	Normal,Ground,Rock,Bug,Water	30.0	Quagsire	Rhyhorn	Grass	NONE	2 slots, levels 34-35. Offense covers 5 types. Shared weakness: Grass. Speed spans 25-35 base, fastest Quagsire, slowest Rhyhorn.	data.js:trainers[188].hardcore	Measured	derived: team analysis; strategy_notes Inferred
189	Hiker Dudley	NA	route	Rock Tunnel B1F	normal	3	Surge	34	FALSE	3|Rock Tunnel B1F|Hiker Dudley	3	Lairon:34:34:Heavy Metal:NONE:Bashful:10/10/10/10/10/10:0/0/0/0/0/0:Magnitude,Metal Claw,Iron Defense,Roar|Ferroseed:34:34:UNK:NONE:Relaxed:10/10/10/10/10/10:0/0/0/0/0/0:Magnitude,Spikes,Bullet Seed,Gyro Ball|Dwebble:35:35:Weak Armor:NONE:Hardy:10/10/10/10/10/10:0/0/0/0/0/0:Magnitude,Rock Slide,Bug Bite	Lairon,Ferroseed,Dwebble	35	34	Ground,Rock,Bug,Steel,Grass	35.0	Dwebble	Ferroseed	Fighting,Water	NONE	3 slots, levels 34-35. Offense covers 5 types. Shared weakness: Fighting, Water. Speed spans 10-55 base, fastest Dwebble, slowest Ferroseed.	data.js:trainers[189].normal	Measured	derived: team analysis; strategy_notes Inferred
189	Hiker Dudley	NA	route	Rock Tunnel B1F	hardcore	3	Surge	34	FALSE	3|Rock Tunnel B1F|Hiker Dudley	3	Lairon:34:34:Heavy Metal:NONE:Bashful:10/10/10/10/10/10:0/0/0/0/0/0:Magnitude,Metal Claw,Iron Defense,Roar|Ferroseed:34:34:UNK:NONE:Relaxed:10/10/10/10/10/10:0/0/0/0/0/0:Magnitude,Spikes,Bullet Seed,Gyro Ball|Dwebble:35:35:Weak Armor:NONE:Hardy:10/10/10/10/10/10:0/0/0/0/0/0:Magnitude,Rock Slide,Bug Bite	Lairon,Ferroseed,Dwebble	35	34	Ground,Rock,Bug,Steel,Grass	35.0	Dwebble	Ferroseed	Fighting,Water	NONE	3 slots, levels 34-35. Offense covers 5 types. Shared weakness: Fighting, Water. Speed spans 10-55 base, fastest Dwebble, slowest Ferroseed.	data.js:trainers[189].hardcore	Measured	derived: team analysis; strategy_notes Inferred
190	Hiker Allen	NA	route	Rock Tunnel B1F	normal	3	Surge	34	FALSE	3|Rock Tunnel B1F|Hiker Allen	1	Golett:35:35:No Guard:NONE:Impish:10/10/10/10/10/10:0/0/0/0/0/0:Magnitude,Shadow Punch	Golett	35	35	Ground,Ghost	35.0	Golett	Golett	NONE	NONE	1 slots, levels 35-35. Offense covers 2 types. No weakness shared by half the team. Speed spans 35-35 base, fastest Golett, slowest Golett.	data.js:trainers[190].normal	Measured	derived: team analysis; strategy_notes Inferred
190	Hiker Allen	NA	route	Rock Tunnel B1F	hardcore	3	Surge	34	FALSE	3|Rock Tunnel B1F|Hiker Allen	1	Golett:35:35:No Guard:NONE:Impish:10/10/10/10/10/10:0/0/0/0/0/0:Magnitude,Shadow Punch	Golett	35	35	Ground,Ghost	35.0	Golett	Golett	NONE	NONE	1 slots, levels 35-35. Offense covers 2 types. No weakness shared by half the team. Speed spans 35-35 base, fastest Golett, slowest Golett.	data.js:trainers[190].hardcore	Measured	derived: team analysis; strategy_notes Inferred
191	Hiker Eric	NA	route	Rock Tunnel B1F	normal	3	Surge	34	FALSE	3|Rock Tunnel B1F|Hiker Eric	2	Revavroom:34:34:Solid Rock:NONE:Relaxed:10/10/10/10/10/10:0/0/0/0/0/0:Shift Gear,Gunk Shot,Uproar,Poison Jab|Gligar:34:34:Immunity:NONE:Quirky:10/10/10/10/10/10:0/0/0/0/0/0:Earthquake,Sky Uppercut,X-Scissor,U-turn	Revavroom,Gligar	34	34	Normal,Fighting,Poison,Ground,Bug	87.5	Revavroom	Gligar	NONE	NONE	2 slots, levels 34-34. Offense covers 5 types. No weakness shared by half the team. Speed spans 85-90 base, fastest Revavroom, slowest Gligar.	data.js:trainers[191].normal	Measured	derived: team analysis; strategy_notes Inferred
191	Hiker Eric	NA	route	Rock Tunnel B1F	hardcore	3	Surge	34	FALSE	3|Rock Tunnel B1F|Hiker Eric	2	Revavroom:34:34:Solid Rock:NONE:Relaxed:10/10/10/10/10/10:0/0/0/0/0/0:Shift Gear,Gunk Shot,Uproar,Poison Jab|Gligar:34:34:Immunity:NONE:Quirky:10/10/10/10/10/10:0/0/0/0/0/0:Earthquake,Sky Uppercut,X-Scissor,U-turn	Revavroom,Gligar	34	34	Normal,Fighting,Poison,Ground,Bug	87.5	Revavroom	Gligar	NONE	NONE	2 slots, levels 34-34. Offense covers 5 types. No weakness shared by half the team. Speed spans 85-90 base, fastest Revavroom, slowest Gligar.	data.js:trainers[191].hardcore	Measured	derived: team analysis; strategy_notes Inferred
192	Hiker Lenny	NA	boss_candidate	Rock Tunnel 1F	normal	3	Surge	34	FALSE	3|Rock Tunnel 1F|Hiker Lenny	4	Anorith:32:32:Swift Swim:NONE:Sassy:10/10/10/10/10/10:0/0/0/0/0/0:Rock Blast,Detect,X-Scissor,Crush Claw|Lileep:31:31:Suction Cups:NONE:Brave:10/10/10/10/10/10:0/0/0/0/0/0:Wring Out,Swallow,Spit Up,Stockpile|Cranidos:31:31:Sheer Force:NONE:Bashful:10/10/10/10/10/10:0/0/0/0/0/0:Head Smash,Screech,Zen Headbutt,Ancient Power|Shieldon:32:32:Sturdy:NONE:Naughty:10/10/10/10/10/10:0/0/0/0/0/0:Heavy Slam,Iron Head,Metal Burst,Stone Edge	Anorith,Lileep,Cranidos,Shieldon	32	31	Normal,Rock,Bug,Steel,Psychic	46.5	Anorith	Lileep	Steel,Water,Fighting,Ground	Steel	4 slots, levels 31-32. Offense covers 5 types. Shared weakness: Steel, Water, Fighting, Ground. A pure Steel type resists everything it carries. Speed spans 23-75 base, fastest Anorith, slowest Lileep.	data.js:trainers[192].normal	Measured	derived: team analysis; strategy_notes Inferred
192	Hiker Lenny	NA	boss_candidate	Rock Tunnel 1F	hardcore	3	Surge	34	FALSE	3|Rock Tunnel 1F|Hiker Lenny	4	Anorith:32:32:Swift Swim:NONE:Sassy:10/10/10/10/10/10:0/0/0/0/0/0:Rock Blast,Detect,X-Scissor,Crush Claw|Lileep:31:31:Suction Cups:NONE:Brave:10/10/10/10/10/10:0/0/0/0/0/0:Wring Out,Swallow,Spit Up,Stockpile|Cranidos:31:31:Sheer Force:NONE:Bashful:10/10/10/10/10/10:0/0/0/0/0/0:Head Smash,Screech,Zen Headbutt,Ancient Power|Shieldon:32:32:Sturdy:NONE:Naughty:10/10/10/10/10/10:0/0/0/0/0/0:Heavy Slam,Iron Head,Metal Burst,Stone Edge	Anorith,Lileep,Cranidos,Shieldon	32	31	Normal,Rock,Bug,Steel,Psychic	46.5	Anorith	Lileep	Steel,Water,Fighting,Ground	Steel	4 slots, levels 31-32. Offense covers 5 types. Shared weakness: Steel, Water, Fighting, Ground. A pure Steel type resists everything it carries. Speed spans 23-75 base, fastest Anorith, slowest Lileep.	data.js:trainers[192].hardcore	Measured	derived: team analysis; strategy_notes Inferred
193	Hiker Oliver	NA	route	Rock Tunnel 1F	normal	3	Surge	34	FALSE	3|Rock Tunnel 1F|Hiker Oliver	3	Glimmet:34:34:Corrosion:NONE:Timid:10/10/10/10/10/10:0/0/0/0/0/0:Sludge Wave,Acid Armor,Power Gem,Rock Slide|Shuckle:35:35:Contrary:NONE:Rash:10/10/10/10/10/10:0/0/0/0/0/0:Sticky Web,Stone Edge,Guard Split,Power Split|Baltoy:35:35:UNK:NONE:Relaxed:10/10/10/10/10/10:0/0/0/0/0/0:Explosion,Imprison,Sandstorm,Earth Power	Glimmet,Shuckle,Baltoy	35	34	Normal,Poison,Ground,Rock	40.0	Glimmet	Shuckle	Steel,Water	NONE	3 slots, levels 34-35. Offense covers 4 types. Shared weakness: Steel, Water. Speed spans 5-60 base, fastest Glimmet, slowest Shuckle.	data.js:trainers[193].normal	Measured	derived: team analysis; strategy_notes Inferred
193	Hiker Oliver	NA	route	Rock Tunnel 1F	hardcore	3	Surge	34	FALSE	3|Rock Tunnel 1F|Hiker Oliver	3	Glimmet:34:34:Corrosion:NONE:Timid:10/10/10/10/10/10:0/0/0/0/0/0:Sludge Wave,Acid Armor,Power Gem,Rock Slide|Shuckle:35:35:Contrary:NONE:Rash:10/10/10/10/10/10:0/0/0/0/0/0:Sticky Web,Stone Edge,Guard Split,Power Split|Baltoy:35:35:UNK:NONE:Relaxed:10/10/10/10/10/10:0/0/0/0/0/0:Explosion,Imprison,Sandstorm,Earth Power	Glimmet,Shuckle,Baltoy	35	34	Normal,Poison,Ground,Rock	40.0	Glimmet	Shuckle	Steel,Water	NONE	3 slots, levels 34-35. Offense covers 4 types. Shared weakness: Steel, Water. Speed spans 5-60 base, fastest Glimmet, slowest Shuckle.	data.js:trainers[193].hardcore	Measured	derived: team analysis; strategy_notes Inferred
194	Hiker Lucas	NA	route	Rock Tunnel 1F	normal	3	Surge	34	FALSE	3|Rock Tunnel 1F|Hiker Lucas	2	Honedge:35:35:UNK:NONE:Lonely:10/10/10/10/10/10:0/0/0/0/0/0:Magnitude,Gyro Ball,Shadow Ball|Teddiursa:35:35:Pickup:NONE:Modest:10/10/10/10/10/10:0/0/0/0/0/0:Magnitude,Fury Swipes,Fake Tears,Feint Attack	Honedge,Teddiursa	35	35	Normal,Ground,Ghost,Steel,Dark	34.0	Teddiursa	Honedge	NONE	NONE	2 slots, levels 35-35. Offense covers 5 types. No weakness shared by half the team. Speed spans 28-40 base, fastest Teddiursa, slowest Honedge.	data.js:trainers[194].normal	Measured	derived: team analysis; strategy_notes Inferred
194	Hiker Lucas	NA	route	Rock Tunnel 1F	hardcore	3	Surge	34	FALSE	3|Rock Tunnel 1F|Hiker Lucas	2	Honedge:35:35:UNK:NONE:Lonely:10/10/10/10/10/10:0/0/0/0/0/0:Magnitude,Gyro Ball,Shadow Ball|Teddiursa:35:35:Pickup:NONE:Modest:10/10/10/10/10/10:0/0/0/0/0/0:Magnitude,Fury Swipes,Fake Tears,Feint Attack	Honedge,Teddiursa	35	35	Normal,Ground,Ghost,Steel,Dark	34.0	Teddiursa	Honedge	NONE	NONE	2 slots, levels 35-35. Offense covers 5 types. No weakness shared by half the team. Speed spans 28-40 base, fastest Teddiursa, slowest Honedge.	data.js:trainers[194].hardcore	Measured	derived: team analysis; strategy_notes Inferred
195	Biker Jared	NA	boss_candidate	Route 13	normal	9	Koga	68	TRUE	9|Route 13|Biker Jared	4	Crustle:65:104:Weak Armor:Custap Berry:Adamant:31/31/31/31/31/31:252/252/4/0/0/0:Stealth Rock,Spikes,Stone Edge,Earthquake|Leavanny:65:104:Swarm:Focus Sash:Adamant:31/31/31/31/31/31:0/252/4/0/0/252:Solar Blade,Swords Dance,X-Scissor,Sacred Sword|Camerupt:65:104:Magma Armor:Cameruptite:Modest:31/31/31/31/31/31:252/0/4/252/0/0:Fire Blast,Earth Power,Solar Beam,Ancient Power|Mamoswine:65:104:Thick Fat:Soft Sand:Jolly:31/31/31/31/31/31:0/252/4/0/0/252:Headlong Rush,Icicle Crash,Ice Shard,Rock Tomb	Crustle,Leavanny,Camerupt,Mamoswine	65	65	Fighting,Ground,Rock,Bug,Fire,Grass,Ice	66.8	Leavanny	Camerupt	Rock,Steel,Water,Fire	NONE	4 slots, levels 65-65. Offense covers 7 types. Shared weakness: Rock, Steel, Water, Fire. Speed spans 40-92 base, fastest Leavanny, slowest Camerupt. LEVEL-SCALED: rescales to the player, excluded from scoring.	data.js:trainers[195].normal	Measured	derived: team analysis; strategy_notes Inferred
195	Biker Jared	NA	boss_candidate	Route 13	hardcore	9	Koga	68	TRUE	9|Route 13|Biker Jared	5	Crustle:66:101:Weak Armor:Custap Berry:Adamant:31/31/31/31/31/31:0/0/0/0/0/0:Stealth Rock,Spikes,Stone Edge,Earthquake|Leavanny:66:101:Swarm:Focus Sash:Adamant:31/31/31/31/31/31:0/0/0/0/0/0:Solar Blade,Swords Dance,X-Scissor,Sacred Sword|Camerupt:66:101:Magma Armor:Cameruptite:Modest:31/31/31/31/31/31:0/0/0/0/0/0:Fire Blast,Earth Power,Solar Beam,Ancient Power|Eelektross:66:101:Fatal Precision:Assault Vest:Calm:31/31/31/31/31/31:0/0/0/0/0/0:Thunderbolt,Fire Blast,Giga Drain,Volt Switch|Mamoswine:66:101:Thick Fat:Icium Z:Jolly:31/31/31/31/31/31:0/0/0/0/0/0:Headlong Rush,Mountain Gale,Ice Shard,Rock Tomb	Crustle,Leavanny,Camerupt,Eelektross,Mamoswine	66	66	Fighting,Ground,Rock,Bug,Fire,Grass,Electric,Ice	63.4	Leavanny	Camerupt	Water	NONE	5 slots, levels 66-66. Offense covers 8 types. Shared weakness: Water. Speed spans 40-92 base, fastest Leavanny, slowest Camerupt. LEVEL-SCALED: rescales to the player, excluded from scoring.	data.js:trainers[195].hardcore	Measured	derived: team analysis; strategy_notes Inferred
196	Biker Malik	NA	route	Route 14	normal	9	Koga	68	FALSE	9|Route 14|Biker Malik	2	Seviper:57:57:Fatal Precision:NONE:Relaxed:10/10/10/10/10/10:0/0/0/0/0/0:Smokescreen,Sludge Bomb,Flamethrower,Giga Drain|Roserade:57:57:Natural Cure:NONE:Bashful:10/10/10/10/10/10:0/0/0/0/0/0:Screech,Giga Drain,Sludge Bomb,Disable	Seviper,Roserade	57	57	Poison,Fire,Grass	87.5	Roserade	Seviper	Psychic	NONE	2 slots, levels 57-57. Offense covers 3 types. Shared weakness: Psychic. Speed spans 85-90 base, fastest Roserade, slowest Seviper.	data.js:trainers[196].normal	Measured	derived: team analysis; strategy_notes Inferred
196	Biker Malik	NA	route	Route 14	hardcore	9	Koga	68	FALSE	9|Route 14|Biker Malik	2	Seviper:57:57:Fatal Precision:NONE:Relaxed:10/10/10/10/10/10:0/0/0/0/0/0:Smokescreen,Sludge Bomb,Flamethrower,Giga Drain|Roserade:57:57:Natural Cure:NONE:Bashful:10/10/10/10/10/10:0/0/0/0/0/0:Screech,Giga Drain,Sludge Bomb,Disable	Seviper,Roserade	57	57	Poison,Fire,Grass	87.5	Roserade	Seviper	Psychic	NONE	2 slots, levels 57-57. Offense covers 3 types. Shared weakness: Psychic. Speed spans 85-90 base, fastest Roserade, slowest Seviper.	data.js:trainers[196].hardcore	Measured	derived: team analysis; strategy_notes Inferred
197	Biker Ernest	NA	boss_candidate	Route 15	normal	9	Koga	68	FALSE	9|Route 15|Biker Ernest	5	Weezing:57:57:Toxic Debris:NONE:Calm:10/10/10/10/10/10:0/0/0/0/0/0:Smokescreen,Explosion,Smog,Pain Split|Weezing:57:57:Toxic Debris:NONE:Naive:10/10/10/10/10/10:0/0/0/0/0/0:Smokescreen,Sludge Bomb,Flamethrower,Will-O-Wisp|Weezing:57:57:Toxic Debris:NONE:Impish:10/10/10/10/10/10:0/0/0/0/0/0:Smokescreen,Sludge Bomb,Thunderbolt,Toxic|Salazzle:57:57:Oblivious:NONE:Brave:10/10/10/10/10/10:0/0/0/0/0/0:Smokescreen,Sludge Bomb,Flamethrower,Nasty Plot|Gengar:58:58:UNK:NONE:Brave:10/10/10/10/10/10:0/0/0/0/0/0:Minimize,Sludge Bomb,Shadow Ball,Destiny Bond	Weezing,Weezing,Weezing,Salazzle,Gengar	58	57	Normal,Poison,Ghost,Fire,Electric	81.4	Salazzle	Weezing	Ground,Psychic	NONE	5 slots, levels 57-58. Offense covers 5 types. Shared weakness: Ground, Psychic. Speed spans 60-117 base, fastest Salazzle, slowest Weezing.	data.js:trainers[197].normal	Measured	derived: team analysis; strategy_notes Inferred
197	Biker Ernest	NA	boss_candidate	Route 15	hardcore	9	Koga	68	FALSE	9|Route 15|Biker Ernest	5	Weezing:57:57:Toxic Debris:NONE:Calm:10/10/10/10/10/10:0/0/0/0/0/0:Smokescreen,Explosion,Smog,Pain Split|Weezing:57:57:Toxic Debris:NONE:Naive:10/10/10/10/10/10:0/0/0/0/0/0:Smokescreen,Sludge Bomb,Flamethrower,Will-O-Wisp|Weezing:57:57:Toxic Debris:NONE:Impish:10/10/10/10/10/10:0/0/0/0/0/0:Smokescreen,Sludge Bomb,Thunderbolt,Toxic|Salazzle:57:57:Oblivious:NONE:Brave:10/10/10/10/10/10:0/0/0/0/0/0:Smokescreen,Sludge Bomb,Flamethrower,Nasty Plot|Gengar:58:58:UNK:NONE:Brave:10/10/10/10/10/10:0/0/0/0/0/0:Minimize,Sludge Bomb,Shadow Ball,Destiny Bond	Weezing,Weezing,Weezing,Salazzle,Gengar	58	57	Normal,Poison,Ghost,Fire,Electric	81.4	Salazzle	Weezing	Ground,Psychic	NONE	5 slots, levels 57-58. Offense covers 5 types. Shared weakness: Ground, Psychic. Speed spans 60-117 base, fastest Salazzle, slowest Weezing.	data.js:trainers[197].hardcore	Measured	derived: team analysis; strategy_notes Inferred
198	Biker Alex	NA	route	Route 15	normal	9	Koga	68	FALSE	9|Route 15|Biker Alex	3	Drapion:57:57:Frisk:NONE:Bashful:10/10/10/10/10/10:0/0/0/0/0/0:Smokescreen,Wicked Blow,Poison Jab,Earthquake|Toxicroak:57:57:Poison Touch:NONE:Modest:10/10/10/10/10/10:0/0/0/0/0/0:Screech,Sludge Bomb,Vacuum Wave,Nasty Plot|Weavile:57:57:Infiltrator:NONE:Lax:10/10/10/10/10/10:0/0/0/0/0/0:Smokescreen,Triple Axel,Ice Shard,Night Slash	Drapion,Toxicroak,Weavile	57	57	Fighting,Poison,Ground,Ice,Dark	101.7	Weavile	Toxicroak	Ground	NONE	3 slots, levels 57-57. Offense covers 5 types. Shared weakness: Ground. Speed spans 85-125 base, fastest Weavile, slowest Toxicroak.	data.js:trainers[198].normal	Measured	derived: team analysis; strategy_notes Inferred
198	Biker Alex	NA	route	Route 15	hardcore	9	Koga	68	FALSE	9|Route 15|Biker Alex	3	Drapion:57:57:Frisk:NONE:Bashful:10/10/10/10/10/10:0/0/0/0/0/0:Smokescreen,Wicked Blow,Poison Jab,Earthquake|Toxicroak:57:57:Poison Touch:NONE:Modest:10/10/10/10/10/10:0/0/0/0/0/0:Screech,Sludge Bomb,Vacuum Wave,Nasty Plot|Weavile:57:57:Infiltrator:NONE:Lax:10/10/10/10/10/10:0/0/0/0/0/0:Smokescreen,Triple Axel,Ice Shard,Night Slash	Drapion,Toxicroak,Weavile	57	57	Fighting,Poison,Ground,Ice,Dark	101.7	Weavile	Toxicroak	Ground	NONE	3 slots, levels 57-57. Offense covers 5 types. Shared weakness: Ground. Speed spans 85-125 base, fastest Weavile, slowest Toxicroak.	data.js:trainers[198].hardcore	Measured	derived: team analysis; strategy_notes Inferred
199	Biker Lao	NA	route	Route 16	normal	9	Koga	68	TRUE	9|Route 16|Biker Lao	3	Mienshao:65:104:Reckless:Life Orb:Jolly:31/31/31/31/31/31:0/252/0/0/4/252:Fake Out,Close Combat,Knock Off,U-turn|Heliolisk:65:104:Dry Skin:Focus Sash:Timid:31/31/31/31/31/31:0/0/0/252/4/252:Volt Switch,Boomburst,Weather Ball,Surf|Dugtrio-Alola:65:104:Sand Force:Life Orb:Naive:31/31/31/31/31/31:0/252/0/0/4/252:Earthquake,Iron Head,Sucker Punch,Stone Edge	Mienshao,Heliolisk,Dugtrio-Alola	65	65	Normal,Fighting,Ground,Rock,Bug,Steel,Water,Electric,Dark	108.0	Dugtrio-Alola	Mienshao	Fighting,Ground	NONE	3 slots, levels 65-65. Offense covers 9 types. Shared weakness: Fighting, Ground. Speed spans 105-110 base, fastest Dugtrio-Alola, slowest Mienshao. LEVEL-SCALED: rescales to the player, excluded from scoring.	data.js:trainers[199].normal	Measured	derived: team analysis; strategy_notes Inferred
199	Biker Lao	NA	route	Route 16	hardcore	9	Koga	68	TRUE	9|Route 16|Biker Lao	3	Mienshao:65:104:Reckless:Life Orb:Jolly:31/31/31/31/31/31:0/0/0/0/0/0:Fake Out,Close Combat,Knock Off,U-turn|Heliolisk:66:101:Dry Skin:Focus Sash:Timid:31/31/31/31/31/31:0/0/0/0/0/0:Volt Switch,Boomburst,Weather Ball,Surf|Dugtrio-Alola:66:101:Sand Force:Life Orb:Naive:31/31/31/31/31/31:0/0/0/0/0/0:Earthquake,Iron Head,Sucker Punch,Stone Edge	Mienshao,Heliolisk,Dugtrio-Alola	66	65	Normal,Fighting,Ground,Rock,Bug,Steel,Water,Electric,Dark	108.0	Dugtrio-Alola	Mienshao	Fighting,Ground	NONE	3 slots, levels 65-66. Offense covers 9 types. Shared weakness: Fighting, Ground. Speed spans 105-110 base, fastest Dugtrio-Alola, slowest Mienshao. LEVEL-SCALED: rescales to the player, excluded from scoring.	data.js:trainers[199].hardcore	Measured	derived: team analysis; strategy_notes Inferred
200	Professor Oak	NA	boss_candidate	Pallet Town Oak's Lab	normal	17	Post-Game	100	TRUE	17|Pallet Town Oak's Lab|Professor Oak	6	Tauros:100:103:Sheer Force:Life Orb:Jolly:31/31/31/31/31/31:0/252/4/0/0/252:Head Charge,Close Combat,Throat Chop,Iron Head|Exeggutor:100:103:Harvest:Sitrus Berry:Modest:31/31/31/31/31/31:252/0/4/252/0/0:Chloroblast,Sleep Powder,Psyshock,Earth Power|Charizard:100:103:Solar Power:Charzardite X:Jolly:31/31/31/31/31/31:0/252/0/0/0/252:Dragon Dance,Flare Blitz,Dragon Claw,Earthquake|Gyarados:100:103:Moxie:Water Gem:Jolly:31/31/31/31/31/31:0/252/0/0/0/252:Dragon Dance,Waterfall,Earthquake,Power Whip|Mew:100:103:UNK:Fighting Gem:Timid:31/31/31/31/31/31:0/0/0/252/4/252:Nasty Plot,Psyshock,Aura Sphere,Dark Hole|Jolteon:100:103:Quick Feet:Eevium Z:Timid:31/30/30/31/31/31:0/0/0/252/4/252:Last Resort,Thunderbolt,Shadow Ball,Hidden Power	Tauros,Exeggutor,Charizard,Gyarados,Mew,Jolteon	100	100	Normal,Fighting,Ground,Ghost,Steel,Fire,Water,Grass,Electric,Psychic,Dragon,Dark	96.0	Jolteon	Exeggutor	NONE	NONE	6 slots, levels 100-100. Offense covers 12 types. No weakness shared by half the team. Speed spans 55-130 base, fastest Jolteon, slowest Exeggutor. LEVEL-SCALED: rescales to the player, excluded from scoring.	data.js:trainers[200].normal	Measured	derived: team analysis; strategy_notes Inferred
200	Professor Oak	NA	boss_candidate	Pallet Town Oak's Lab	hardcore	17	Post-Game	100	TRUE	17|Pallet Town Oak's Lab|Professor Oak	6	Tauros:100:103:Sheer Force:Life Orb:Jolly:31/31/31/31/31/31:0/0/0/0/0/0:Head Charge,Close Combat,Throat Chop,Iron Head|Exeggutor:100:103:Harvest:Sitrus Berry:Modest:31/31/31/31/31/31:0/0/0/0/0/0:Chloroblast,Sleep Powder,Psyshock,Earth Power|Charizard:100:103:Solar Power:Charzardite X:Jolly:31/31/31/31/31/31:0/0/0/0/0/0:Dragon Dance,Flare Blitz,Dragon Claw,Earthquake|Gyarados:100:103:Moxie:Water Gem:Jolly:31/31/31/31/31/31:0/0/0/0/0/0:Dragon Dance,Waterfall,Earthquake,Power Whip|Mew:100:103:UNK:Fighting Gem:Timid:31/31/31/31/31/31:0/0/0/0/0/0:Nasty Plot,Psyshock,Aura Sphere,Dark Hole|Jolteon:100:103:Quick Feet:Eevium Z:Timid:31/30/30/31/31/31:0/0/0/0/0/0:Last Resort,Thunderbolt,Shadow Ball,Hidden Power	Tauros,Exeggutor,Charizard,Gyarados,Mew,Jolteon	100	100	Normal,Fighting,Ground,Ghost,Steel,Fire,Water,Grass,Electric,Psychic,Dragon,Dark	96.0	Jolteon	Exeggutor	NONE	NONE	6 slots, levels 100-100. Offense covers 12 types. No weakness shared by half the team. Speed spans 55-130 base, fastest Jolteon, slowest Exeggutor. LEVEL-SCALED: rescales to the player, excluded from scoring.	data.js:trainers[200].hardcore	Measured	derived: team analysis; strategy_notes Inferred
201	Biker Hideo	NA	boss_candidate	Route 16	normal	9	Koga	68	TRUE	9|Route 16|Biker Hideo	5	Stunfisk:66:101:Sand Veil:Focus Sash:Calm:31/31/31/31/31/31:252/0/0/252/4/0:Stealth Rock,Thunder Wave,Earth Power,Volt Switch|Dracovish:65:104:Sand Rush:Mystic Water:Jolly:31/31/31/31/31/31:0/252/0/0/4/252:Fishious Rend,Dragon Claw,Psychic Fangs,Crunch|Beedrill:65:104:Sniper:Beedrillite:Jolly:31/31/31/31/31/31:0/252/0/0/4/252:U-turn,Drill Run,Poison Jab,Pursuit|Greninja:65:104:Protean:Life Orb:Naive:31/31/31/31/31/31:0/0/0/252/4/252:U-turn,Hydro Pump,Gunk Shot,Ice Beam|Aron:1:1:Heavy Metal:Shell Bell:Bashful:0/31/31/31/31/31:0/0/0/0/0/0:Endeavor	Stunfisk,Dracovish,Beedrill,Greninja,Aron	66	1	Normal,Poison,Ground,Bug,Water,Electric,Psychic,Ice,Dragon,Dark	66.8	Greninja	Aron	NONE	NONE	5 slots, levels 1-66. Offense covers 10 types. No weakness shared by half the team. Speed spans 30-122 base, fastest Greninja, slowest Aron. LEVEL-SCALED: rescales to the player, excluded from scoring.	data.js:trainers[201].normal	Measured	derived: team analysis; strategy_notes Inferred
201	Biker Hideo	NA	boss_candidate	Route 16	hardcore	9	Koga	68	TRUE	9|Route 16|Biker Hideo	6	Stunfisk:65:104:Sand Veil:Focus Sash:Calm:31/31/31/31/31/31:0/0/0/0/0/0:Stealth Rock,Thunder Wave,Earth Power,Volt Switch|Dracovish:66:101:Sand Rush:Mystic Water:Jolly:31/31/31/31/31/31:0/0/0/0/0/0:Fishious Rend,Dragon Claw,Psychic Fangs,Crunch|Beedrill:66:101:Sniper:Beedrillite:Jolly:31/31/31/31/31/31:0/0/0/0/0/0:U-turn,Drill Run,Poison Jab,Pursuit|Rotom-Heat:66:101:UNK:Firium Z:Timid:31/30/31/30/31/31:0/0/0/0/0/0:Volt Switch,Overheat,Thunder Wave,Hidden Power|Greninja:66:101:Protean:Life Orb:Naive:31/31/31/31/31/31:0/0/0/0/0/0:U-turn,Hydro Pump,Gunk Shot,Ice Beam|Aron:1:1:Heavy Metal:Shell Bell:Bashful:0/31/31/31/31/31:0/0/0/0/0/0:Endeavor	Stunfisk,Dracovish,Beedrill,Rotom-Heat,Greninja,Aron	66	1	Normal,Poison,Ground,Bug,Fire,Water,Electric,Psychic,Ice,Dragon,Dark	70.0	Greninja	Aron	Ground,Water	NONE	6 slots, levels 1-66. Offense covers 11 types. Shared weakness: Ground, Water. Speed spans 30-122 base, fastest Greninja, slowest Aron. LEVEL-SCALED: rescales to the player, excluded from scoring.	data.js:trainers[201].hardcore	Measured	derived: team analysis; strategy_notes Inferred
202	Biker Ruben	NA	boss_candidate	Route 16	normal	9	Koga	68	TRUE	9|Route 16|Biker Ruben	4	Accelgor:65:104:Sheer Force:Life Orb:Timid:31/31/31/31/31/31:0/0/0/252/4/252:U-turn,Bug Buzz,Focus Blast,Sludge Bomb|Gigalith:65:104:Sand Force:Assault Vest:Careful:31/31/31/31/31/31:252/252/0/0/4/0:Earthquake,Stone Edge,Explosion,Body Press|Roserade:65:104:Technician:Lum Berry:Timid:31/30/31/30/31/30:0/252/4/0/0/252:Giga Drain,Weather Ball,Hidden Power,Sleep Powder|Houndstone:66:101:Fluffy:Spell Tag:Jolly:31/31/31/31/31/31:0/252/0/0/4/252:Last Respects,Body Press,Fire Fang,Ice Fang	Accelgor,Gigalith,Roserade,Houndstone	66	65	Normal,Fighting,Poison,Ground,Rock,Bug,Ghost,Fire,Grass,Ice	82.0	Accelgor	Gigalith	Flying,Fire	NONE	4 slots, levels 65-66. Offense covers 10 types. Shared weakness: Flying, Fire. Speed spans 25-145 base, fastest Accelgor, slowest Gigalith. LEVEL-SCALED: rescales to the player, excluded from scoring.	data.js:trainers[202].normal	Measured	derived: team analysis; strategy_notes Inferred
202	Biker Ruben	NA	boss_candidate	Route 16	hardcore	9	Koga	68	TRUE	9|Route 16|Biker Ruben	5	Accelgor:65:104:Sheer Force:Life Orb:Timid:31/31/31/31/31/31:0/0/0/0/0/0:U-turn,Bug Buzz,Focus Blast,Sludge Bomb|Excadrill:66:101:Mold Breaker:Air Balloon:Adamant:31/31/31/31/31/31:0/0/0/0/0/0:Earthquake,Iron Head,Stone Edge,Swords Dance|Gigalith:66:101:Sand Force:Assault Vest:Careful:31/31/31/31/31/31:0/0/0/0/0/0:Earthquake,Stone Edge,Explosion,Body Press|Roserade:66:101:Technician:Fire Gem:Timid:31/30/31/30/31/30:0/0/0/0/0/0:Giga Drain,Weather Ball,Hidden Power,Sleep Powder|Lopunny:66:101:Limber:Lopunnite:Jolly:31/31/31/31/31/31:0/0/0/0/0/0:Fake Out,Return,Close Combat,Triple Axel	Accelgor,Excadrill,Gigalith,Roserade,Lopunny	66	65	Normal,Fighting,Poison,Ground,Rock,Bug,Steel,Grass,Ice	90.6	Accelgor	Gigalith	Flying,Fire,Fighting	NONE	5 slots, levels 65-66. Offense covers 9 types. Shared weakness: Flying, Fire, Fighting. Speed spans 25-145 base, fastest Accelgor, slowest Gigalith. LEVEL-SCALED: rescales to the player, excluded from scoring.	data.js:trainers[202].hardcore	Measured	derived: team analysis; strategy_notes Inferred
203	Biker Billy	NA	route	Route 17	normal	9	Koga	68	FALSE	9|Route 17|Biker Billy	1	Gumshoos:55:55:Adaptability:NONE:Lonely:10/10/10/10/10/10:0/0/0/0/0/0:Rest,Thrash,Yawn,Hyper Fang	Gumshoos	55	55	Normal	45.0	Gumshoos	Gumshoos	NONE	Rock,Ghost,Steel	1 slots, levels 55-55. Offense covers 1 types. No weakness shared by half the team. A pure Rock type resists everything it carries. Speed spans 45-45 base, fastest Gumshoos, slowest Gumshoos.	data.js:trainers[203].normal	Measured	derived: team analysis; strategy_notes Inferred
203	Biker Billy	NA	route	Route 17	hardcore	9	Koga	68	FALSE	9|Route 17|Biker Billy	1	Gumshoos:55:55:Adaptability:NONE:Lonely:10/10/10/10/10/10:0/0/0/0/0/0:Rest,Thrash,Yawn,Hyper Fang	Gumshoos	55	55	Normal	45.0	Gumshoos	Gumshoos	NONE	Rock,Ghost,Steel	1 slots, levels 55-55. Offense covers 1 types. No weakness shared by half the team. A pure Rock type resists everything it carries. Speed spans 45-45 base, fastest Gumshoos, slowest Gumshoos.	data.js:trainers[203].hardcore	Measured	derived: team analysis; strategy_notes Inferred
204	Biker Nikolas	NA	route	Route 17	normal	9	Koga	68	FALSE	9|Route 17|Biker Nikolas	2	Electrode:55:55:Galvanize:NONE:Modest:10/10/10/10/10/10:0/0/0/0/0/0:Spark,Explosion,Thunderbolt,Tri Attack|Probopass:55:55:Sturdy:NONE:Bashful:10/10/10/10/10/10:0/0/0/0/0/0:Spark,Earth Power,Power Gem,Discharge	Electrode,Probopass	55	55	Normal,Ground,Rock,Electric	95.0	Electrode	Probopass	Ground	NONE	2 slots, levels 55-55. Offense covers 4 types. Shared weakness: Ground. Speed spans 40-150 base, fastest Electrode, slowest Probopass.	data.js:trainers[204].normal	Measured	derived: team analysis; strategy_notes Inferred
204	Biker Nikolas	NA	route	Route 17	hardcore	9	Koga	68	FALSE	9|Route 17|Biker Nikolas	2	Electrode:55:55:Galvanize:NONE:Modest:10/10/10/10/10/10:0/0/0/0/0/0:Spark,Explosion,Thunderbolt,Tri Attack|Probopass:55:55:Sturdy:NONE:Bashful:10/10/10/10/10/10:0/0/0/0/0/0:Spark,Earth Power,Power Gem,Discharge	Electrode,Probopass	55	55	Normal,Ground,Rock,Electric	95.0	Electrode	Probopass	Ground	NONE	2 slots, levels 55-55. Offense covers 4 types. Shared weakness: Ground. Speed spans 40-150 base, fastest Electrode, slowest Probopass.	data.js:trainers[204].hardcore	Measured	derived: team analysis; strategy_notes Inferred
205	Biker Jaxon	NA	route	Route 17	normal	9	Koga	68	FALSE	9|Route 17|Biker Jaxon	2	Swalot:57:57:Magic Guard:NONE:Rash:10/10/10/10/10/10:0/0/0/0/0/0:Sludge,Sludge Bomb,Ice Beam|Qwilfish:57:57:Toxic Debris:NONE:Gentle:10/10/10/10/10/10:0/0/0/0/0/0:Screech,Waterfall,Poison Jab,Explosion	Swalot,Qwilfish	57	57	Normal,Poison,Water,Ice	70.0	Qwilfish	Swalot	Ground,Psychic	NONE	2 slots, levels 57-57. Offense covers 4 types. Shared weakness: Ground, Psychic. Speed spans 55-85 base, fastest Qwilfish, slowest Swalot.	data.js:trainers[205].normal	Measured	derived: team analysis; strategy_notes Inferred
205	Biker Jaxon	NA	route	Route 17	hardcore	9	Koga	68	FALSE	9|Route 17|Biker Jaxon	2	Swalot:57:57:Magic Guard:NONE:Rash:10/10/10/10/10/10:0/0/0/0/0/0:Sludge,Sludge Bomb,Ice Beam|Qwilfish:57:57:Toxic Debris:NONE:Gentle:10/10/10/10/10/10:0/0/0/0/0/0:Screech,Waterfall,Poison Jab,Explosion	Swalot,Qwilfish	57	57	Normal,Poison,Water,Ice	70.0	Qwilfish	Swalot	Ground,Psychic	NONE	2 slots, levels 57-57. Offense covers 4 types. Shared weakness: Ground, Psychic. Speed spans 55-85 base, fastest Qwilfish, slowest Swalot.	data.js:trainers[205].hardcore	Measured	derived: team analysis; strategy_notes Inferred
206	Biker William	NA	boss_candidate	Route 18	normal	9	Koga	68	TRUE	9|Route 18|Biker William	4	Magnezone:65:104:Magnet Pull:Custap Berry:Naive:31/31/31/31/31/31:0/4/0/252/0/252:Thunder,Volt Switch,Explosion,Body Press|Whiscash:65:104:Water Bubble:Rindo Berry:Jolly:31/31/31/31/31/31:0/252/4/0/0/252:Dragon Dance,Waterfall,Earthquake,Bounce|Salamence:65:104:Moxie:Yache Berry:Naive:31/31/31/31/31/31:0/4/0/252/0/252:Hurricane,Dragon Pulse,Hydro Pump,Earthquake|Starmie:65:104:Analytic:Life Orb:Timid:31/31/31/31/31/31:0/0/4/252/0/252:Flip Turn,Hydro Pump,Thunder,Psychic	Magnezone,Whiscash,Salamence,Starmie	65	65	Normal,Fighting,Flying,Ground,Water,Electric,Psychic,Dragon	83.8	Starmie	Magnezone	Grass	NONE	4 slots, levels 65-65. Offense covers 8 types. Shared weakness: Grass. Speed spans 60-115 base, fastest Starmie, slowest Magnezone. LEVEL-SCALED: rescales to the player, excluded from scoring.	data.js:trainers[206].normal	Measured	derived: team analysis; strategy_notes Inferred
206	Biker William	NA	boss_candidate	Route 18	hardcore	9	Koga	68	TRUE	9|Route 18|Biker William	5	Magnezone:65:104:Magnet Pull:Custap Berry:Naive:31/31/31/31/31/31:0/0/0/0/0/0:Thunder,Volt Switch,Explosion,Body Press|Bisharp:66:101:Pressure:Eviolite:Jolly:31/31/31/31/31/31:0/0/0/0/0/0:Swords Dance,Knock Off,Sucker Punch,Iron Head|Whiscash:66:101:Water Bubble:Flyinium Z:Jolly:31/31/31/31/31/31:0/0/0/0/0/0:Dragon Dance,Wave Crash,Earthquake,Bounce|Salamence:66:101:Moxie:Flying Gem:Naive:31/31/31/31/31/31:0/0/0/0/0/0:Hurricane,Hydro Pump,Iron Head,Earthquake|Starmie:66:101:Analytic:Life Orb:Timid:31/31/31/31/31/31:0/0/0/0/0/0:Flip Turn,Hydro Pump,Thunder,Psychic	Magnezone,Bisharp,Whiscash,Salamence,Starmie	66	65	Normal,Fighting,Flying,Ground,Steel,Water,Electric,Psychic,Dark	81.0	Starmie	Magnezone	NONE	NONE	5 slots, levels 65-66. Offense covers 9 types. No weakness shared by half the team. Speed spans 60-115 base, fastest Starmie, slowest Magnezone. LEVEL-SCALED: rescales to the player, excluded from scoring.	data.js:trainers[206].hardcore	Measured	derived: team analysis; strategy_notes Inferred
207	Biker Lukas	NA	boss_candidate	Route 14	normal	9	Koga	68	FALSE	9|Route 14|Biker Lukas	4	Toxicroak:57:57:Poison Touch:NONE:Mild:10/10/10/10/10/10:0/0/0/0/0/0:Smokescreen,Drain Punch,Poison Jab,Sucker Punch|Dragalge:57:57:Poison Touch:NONE:Bold:10/10/10/10/10/10:0/0/0/0/0/0:Smokescreen,Sludge Bomb,Dragon Pulse|Swalot:56:56:Magic Guard:NONE:Impish:10/10/10/10/10/10:0/0/0/0/0/0:Screech,Sludge Bomb,Giga Drain,Ice Beam|Weezing:57:57:Levitate:NONE:Naughty:10/10/10/10/10/10:0/0/0/0/0/0:Smokescreen,Explosion	Toxicroak,Dragalge,Swalot,Weezing	57	56	Normal,Fighting,Poison,Grass,Ice,Dragon,Dark	61.0	Toxicroak	Dragalge	Ground,Psychic	NONE	4 slots, levels 56-57. Offense covers 7 types. Shared weakness: Ground, Psychic. Speed spans 44-85 base, fastest Toxicroak, slowest Dragalge.	data.js:trainers[207].normal	Measured	derived: team analysis; strategy_notes Inferred
207	Biker Lukas	NA	boss_candidate	Route 14	hardcore	9	Koga	68	FALSE	9|Route 14|Biker Lukas	4	Toxicroak:57:57:Poison Touch:NONE:Mild:10/10/10/10/10/10:0/0/0/0/0/0:Smokescreen,Drain Punch,Poison Jab,Sucker Punch|Dragalge:57:57:Poison Touch:NONE:Bold:10/10/10/10/10/10:0/0/0/0/0/0:Smokescreen,Sludge Bomb,Dragon Pulse|Swalot:56:56:Magic Guard:NONE:Impish:10/10/10/10/10/10:0/0/0/0/0/0:Screech,Sludge Bomb,Giga Drain,Ice Beam|Weezing:57:57:Levitate:NONE:Naughty:10/10/10/10/10/10:0/0/0/0/0/0:Smokescreen,Explosion	Toxicroak,Dragalge,Swalot,Weezing	57	56	Normal,Fighting,Poison,Grass,Ice,Dragon,Dark	61.0	Toxicroak	Dragalge	Ground,Psychic	NONE	4 slots, levels 56-57. Offense covers 7 types. Shared weakness: Ground, Psychic. Speed spans 44-85 base, fastest Toxicroak, slowest Dragalge.	data.js:trainers[207].hardcore	Measured	derived: team analysis; strategy_notes Inferred
208	Biker Isaac	NA	route	Route 14	normal	9	Koga	68	FALSE	9|Route 14|Biker Isaac	3	Garbodor:57:57:Aftermath:NONE:Quiet:10/10/10/10/10/10:0/0/0/0/0/0:Screech,Toxic Spikes,Sludge Bomb,Spikes|Crobat:57:57:Infiltrator:NONE:Hardy:10/10/10/10/10/10:0/0/0/0/0/0:Screech,Brave Bird,Sludge Bomb,Heat Wave|Rhydon:57:57:Reckless:NONE:Docile:10/10/10/10/10/10:0/0/0/0/0/0:Smokescreen,Earthquake,Rock Blast,Megahorn	Garbodor,Crobat,Rhydon	57	57	Flying,Poison,Ground,Rock,Bug,Fire	76.7	Crobat	Rhydon	Ground,Psychic,Ice	NONE	3 slots, levels 57-57. Offense covers 6 types. Shared weakness: Ground, Psychic, Ice. Speed spans 40-130 base, fastest Crobat, slowest Rhydon.	data.js:trainers[208].normal	Measured	derived: team analysis; strategy_notes Inferred
208	Biker Isaac	NA	route	Route 14	hardcore	9	Koga	68	FALSE	9|Route 14|Biker Isaac	3	Garbodor:57:57:Aftermath:NONE:Quiet:10/10/10/10/10/10:0/0/0/0/0/0:Screech,Toxic Spikes,Sludge Bomb,Spikes|Crobat:57:57:Infiltrator:NONE:Hardy:10/10/10/10/10/10:0/0/0/0/0/0:Screech,Brave Bird,Sludge Bomb,Heat Wave|Rhydon:57:57:Reckless:NONE:Docile:10/10/10/10/10/10:0/0/0/0/0/0:Smokescreen,Earthquake,Rock Blast,Megahorn	Garbodor,Crobat,Rhydon	57	57	Flying,Poison,Ground,Rock,Bug,Fire	76.7	Crobat	Rhydon	Ground,Psychic,Ice	NONE	3 slots, levels 57-57. Offense covers 6 types. Shared weakness: Ground, Psychic, Ice. Speed spans 40-130 base, fastest Crobat, slowest Rhydon.	data.js:trainers[208].hardcore	Measured	derived: team analysis; strategy_notes Inferred
209	Biker Gerald	NA	route	Route 14	normal	9	Koga	68	FALSE	9|Route 14|Biker Gerald	2	Breloom:57:57:Technician:NONE:Serious:10/10/10/10/10/10:0/0/0/0/0/0:Smokescreen,Mach Punch,Spore,Drain Punch|Copperajah:57:57:UNK:NONE:Quiet:10/10/10/10/10/10:0/0/0/0/0/0:Screech,Gyro Ball,High Horsepower	Breloom,Copperajah	57	57	Fighting,Ground,Steel	50.0	Breloom	Copperajah	Fire	NONE	2 slots, levels 57-57. Offense covers 3 types. Shared weakness: Fire. Speed spans 30-70 base, fastest Breloom, slowest Copperajah.	data.js:trainers[209].normal	Measured	derived: team analysis; strategy_notes Inferred
209	Biker Gerald	NA	route	Route 14	hardcore	9	Koga	68	FALSE	9|Route 14|Biker Gerald	2	Breloom:57:57:Technician:NONE:Serious:10/10/10/10/10/10:0/0/0/0/0/0:Smokescreen,Mach Punch,Spore,Drain Punch|Copperajah:57:57:UNK:NONE:Quiet:10/10/10/10/10/10:0/0/0/0/0/0:Screech,Gyro Ball,High Horsepower	Breloom,Copperajah	57	57	Fighting,Ground,Steel	50.0	Breloom	Copperajah	Fire	NONE	2 slots, levels 57-57. Offense covers 3 types. Shared weakness: Fire. Speed spans 30-70 base, fastest Breloom, slowest Copperajah.	data.js:trainers[209].hardcore	Measured	derived: team analysis; strategy_notes Inferred
210	Professor Oak	NA	boss_candidate	Pallet Town Oak's Lab	normal	17	Post-Game	100	TRUE	17|Pallet Town Oak's Lab|Professor Oak	6	Pidgeot:100:103:No Guard:Pidgeotite:Timid:31/31/31/31/31/31:0/0/4/252/0/252:Hurricane,Heat Wave,Focus Blast,U-turn|Blastoise:100:103:Rain Dish:Blastoisnite:Timid:31/31/31/31/31/31:0/0/4/252/0/252:Shell Smash,Water Pulse,Dark Pulse,Aura Sphere|Flareon:100:103:Toxic Boost:Eevium Z:Jolly:31/31/31/31/31/31:0/252/0/0/0/252:Sacred Fire,Last Resort,Wild Charge,Superpower|Zapdos:100:103:Static:Flying Gem:Hasty:31/30/31/30/31/31:0/252/0/4/0/252:Bolt Beak,Brave Bird,U-turn,Hidden Power|Machamp:100:103:Guts:Assault Vest:Adamant:31/31/31/31/31/31:252/252/0/0/4/0:Dynamic Punch,Mach Punch,Stone Edge,Knock Off|Nidoking:100:103:Sheer Force:Life Orb:Timid:31/31/31/31/31/31:0/0/0/252/4/252:Sludge Wave,Earth Power,Flamethrower,Ice Beam	Pidgeot,Blastoise,Flareon,Zapdos,Machamp,Nidoking	100	100	Normal,Fighting,Flying,Poison,Ground,Rock,Bug,Fire,Water,Electric,Ice,Dark	85.7	Pidgeot	Machamp	Rock,Ice	NONE	6 slots, levels 100-100. Offense covers 12 types. Shared weakness: Rock, Ice. Speed spans 55-101 base, fastest Pidgeot, slowest Machamp. LEVEL-SCALED: rescales to the player, excluded from scoring.	data.js:trainers[210].normal	Measured	derived: team analysis; strategy_notes Inferred
210	Professor Oak	NA	boss_candidate	Pallet Town Oak's Lab	hardcore	17	Post-Game	100	TRUE	17|Pallet Town Oak's Lab|Professor Oak	6	Pidgeot:100:103:No Guard:Pidgeotite:Timid:31/31/31/31/31/31:0/0/0/0/0/0:Hurricane,Heat Wave,Focus Blast,U-turn|Blastoise:100:103:Rain Dish:Blastoisnite:Timid:31/31/31/31/31/31:0/0/0/0/0/0:Shell Smash,Water Pulse,Dark Pulse,Aura Sphere|Flareon:100:103:Toxic Boost:Eevium Z:Jolly:31/31/31/31/31/31:0/0/0/0/0/0:Sacred Fire,Last Resort,Wild Charge,Superpower|Zapdos:100:103:Static:Flying Gem:Hasty:31/30/31/30/31/31:0/0/0/0/0/0:Bolt Beak,Brave Bird,U-turn,Hidden Power|Machamp:100:103:Guts:Assault Vest:Adamant:31/31/31/31/31/31:0/0/0/0/0/0:Dynamic Punch,Mach Punch,Stone Edge,Knock Off|Nidoking:100:103:Sheer Force:Life Orb:Timid:31/31/31/31/31/31:0/0/0/0/0/0:Sludge Wave,Earth Power,Flamethrower,Ice Beam	Pidgeot,Blastoise,Flareon,Zapdos,Machamp,Nidoking	100	100	Normal,Fighting,Flying,Poison,Ground,Rock,Bug,Fire,Water,Electric,Ice,Dark	85.7	Pidgeot	Machamp	Rock,Ice	NONE	6 slots, levels 100-100. Offense covers 12 types. Shared weakness: Rock, Ice. Speed spans 55-101 base, fastest Pidgeot, slowest Machamp. LEVEL-SCALED: rescales to the player, excluded from scoring.	data.js:trainers[210].hardcore	Measured	derived: team analysis; strategy_notes Inferred
213	Burglar Quinn	NA	route	Cinnabar Island Gym	normal	11	Blaine	76	FALSE	11|Cinnabar Island Gym|Burglar Quinn	3	Incineroar:72:72:Intimidate:NONE:Rash:10/10/10/10/10/10:0/0/0/0/0/0:Cross Chop,Outrage,Flare Blitz,Scary Face|Delphox:73:73:Blaze:NONE:Lonely:10/10/10/10/10/10:0/0/0/0/0/0:Mind Blown,Magic Room,Sunny Day,Psychic|Emboar:74:74:Bull Rush:NONE:Naughty:10/10/10/10/10/10:0/0/0/0/0/0:Flare Blitz,Jump Kick,Head Smash,Flamethrower	Incineroar,Delphox,Emboar	74	72	Fighting,Rock,Fire,Psychic,Dragon	76.3	Delphox	Incineroar	Ground,Rock,Water	NONE	3 slots, levels 72-74. Offense covers 5 types. Shared weakness: Ground, Rock, Water. Speed spans 60-104 base, fastest Delphox, slowest Incineroar.	data.js:trainers[213].normal	Measured	derived: team analysis; strategy_notes Inferred
213	Burglar Quinn	NA	route	Cinnabar Island Gym	hardcore	11	Blaine	76	FALSE	11|Cinnabar Island Gym|Burglar Quinn	3	Incineroar:72:72:Intimidate:NONE:Rash:10/10/10/10/10/10:0/0/0/0/0/0:Cross Chop,Outrage,Flare Blitz,Scary Face|Delphox:73:73:Blaze:NONE:Lonely:10/10/10/10/10/10:0/0/0/0/0/0:Mind Blown,Magic Room,Sunny Day,Psychic|Emboar:74:74:Bull Rush:NONE:Naughty:10/10/10/10/10/10:0/0/0/0/0/0:Flare Blitz,Jump Kick,Head Smash,Flamethrower	Incineroar,Delphox,Emboar	74	72	Fighting,Rock,Fire,Psychic,Dragon	76.3	Delphox	Incineroar	Ground,Rock,Water	NONE	3 slots, levels 72-74. Offense covers 5 types. Shared weakness: Ground, Rock, Water. Speed spans 60-104 base, fastest Delphox, slowest Incineroar.	data.js:trainers[213].hardcore	Measured	derived: team analysis; strategy_notes Inferred
214	Burglar Ramon	NA	route	Cinnabar Island Gym	normal	11	Blaine	76	FALSE	11|Cinnabar Island Gym|Burglar Ramon	1	Salazzle:74:74:Oblivious:NONE:Quiet:10/10/10/10/10/10:0/0/0/0/0/0:Nasty Plot,Dragon Pulse,Venom Drench,Flamethrower	Salazzle	74	74	Fire,Dragon	117.0	Salazzle	Salazzle	NONE	NONE	1 slots, levels 74-74. Offense covers 2 types. No weakness shared by half the team. Speed spans 117-117 base, fastest Salazzle, slowest Salazzle.	data.js:trainers[214].normal	Measured	derived: team analysis; strategy_notes Inferred
214	Burglar Ramon	NA	route	Cinnabar Island Gym	hardcore	11	Blaine	76	FALSE	11|Cinnabar Island Gym|Burglar Ramon	1	Salazzle:74:74:Oblivious:NONE:Quiet:10/10/10/10/10/10:0/0/0/0/0/0:Nasty Plot,Dragon Pulse,Venom Drench,Flamethrower	Salazzle	74	74	Fire,Dragon	117.0	Salazzle	Salazzle	NONE	NONE	1 slots, levels 74-74. Offense covers 2 types. No weakness shared by half the team. Speed spans 117-117 base, fastest Salazzle, slowest Salazzle.	data.js:trainers[214].hardcore	Measured	derived: team analysis; strategy_notes Inferred
215	Ace Trainer Lucy	NA	boss_candidate	Cinnabar Island Gym	normal	11	Blaine	76	TRUE	11|Cinnabar Island Gym|Ace Trainer Lucy	5	Lycanroc:73:104:Steadfast:Focus Sash:Jolly:31/31/31/31/31/31:0/252/4/0/0/252:Stealth Rock,Endeavor,Accelerock,Rock Tomb|Darmanitan-Galar:73:104:Zen Mode:Life Orb:Jolly:31/31/31/31/31/31:0/252/4/0/0/252:Flare Blitz,U-turn,Icicle Crash,Earthquake|Gliscor:73:104:Poison Heal:Toxic Orb:Jolly:31/31/31/31/31/31:0/252/0/0/0/252:Swords Dance,Earthquake,Dual Wingbeat,Facade|Ursaluna:74:101:Unnerve:Flame Orb:Adamant:31/31/31/31/31/31:0/252/4/0/0/252:Headlong Rush,Facade,Close Combat,Knock Off|Charizard:73:104:Solar Power:Firium Z:Timid:31/31/31/31/31/31:0/0/4/252/0/252:Fire Blast,Solar Beam,Air Slash,Scorching Sands	Lycanroc,Darmanitan-Galar,Gliscor,Ursaluna,Charizard	74	73	Normal,Fighting,Flying,Ground,Rock,Bug,Fire,Grass,Ice,Dark	90.4	Lycanroc	Ursaluna	Fighting,Water	NONE	5 slots, levels 73-74. Offense covers 10 types. Shared weakness: Fighting, Water. Speed spans 50-112 base, fastest Lycanroc, slowest Ursaluna. LEVEL-SCALED: rescales to the player, excluded from scoring.	data.js:trainers[215].normal	Measured	derived: team analysis; strategy_notes Inferred
215	Ace Trainer Lucy	NA	boss_candidate	Cinnabar Island Gym	hardcore	11	Blaine	76	TRUE	11|Cinnabar Island Gym|Ace Trainer Lucy	5	Lycanroc:76:103:Steadfast:Focus Sash:Jolly:31/31/31/31/31/31:0/0/0/0/0/0:Stealth Rock,Endeavor,Accelerock,Rock Tomb|Darmanitan:76:103:Zen Mode:Life Orb:Jolly:31/31/31/31/31/31:0/0/0/0/0/0:Flare Blitz,U-turn,Rock Slide,Earthquake|Gliscor:76:103:Poison Heal:Flying Gem:Jolly:31/31/31/31/31/31:0/0/0/0/0/0:Swords Dance,Earthquake,Acrobatics,Rock Slide|Raging Bolt:76:103:UNK:Assault Vest:Modest:31/31/31/31/31/31:0/0/0/0/0/0:Volt Switch,Weather Ball,Thunderclap,Solar Beam|Charizard:76:103:Solar Power:Firium Z:Timid:31/31/31/31/31/31:0/0/0/0/0/0:Fire Blast,Solar Beam,Air Slash,Scorching Sands	Lycanroc,Darmanitan,Gliscor,Raging Bolt,Charizard	76	76	Normal,Flying,Ground,Rock,Bug,Fire,Grass,Electric	95.4	Lycanroc	Raging Bolt	Ground,Water	NONE	5 slots, levels 76-76. Offense covers 8 types. Shared weakness: Ground, Water. Speed spans 75-112 base, fastest Lycanroc, slowest Raging Bolt. LEVEL-SCALED: rescales to the player, excluded from scoring.	data.js:trainers[215].hardcore	Measured	derived: team analysis; strategy_notes Inferred
216	Burglar Arnie	NA	route	Pokemon Mansion 2F	normal	11	Blaine	76	FALSE	11|Pokemon Mansion 2F|Burglar Arnie	2	Charizard:67:67:Solar Power:NONE:Gentle:10/10/10/10/10/10:0/0/0/0/0/0:Dragon Dance,Inferno,Fire Spin,Flamethrower|Delphox:69:69:Blaze:NONE:Timid:10/10/10/10/10/10:0/0/0/0/0/0:Mind Blown,Magic Room,Sunny Day,Psychic	Charizard,Delphox	69	67	Fire,Psychic	102.0	Delphox	Charizard	Rock,Water	NONE	2 slots, levels 67-69. Offense covers 2 types. Shared weakness: Rock, Water. Speed spans 100-104 base, fastest Delphox, slowest Charizard.	data.js:trainers[216].normal	Measured	derived: team analysis; strategy_notes Inferred
216	Burglar Arnie	NA	route	Pokemon Mansion 2F	hardcore	11	Blaine	76	FALSE	11|Pokemon Mansion 2F|Burglar Arnie	2	Charizard:67:67:Solar Power:NONE:Gentle:10/10/10/10/10/10:0/0/0/0/0/0:Dragon Dance,Inferno,Fire Spin,Flamethrower|Delphox:69:69:Blaze:NONE:Timid:10/10/10/10/10/10:0/0/0/0/0/0:Mind Blown,Magic Room,Sunny Day,Psychic	Charizard,Delphox	69	67	Fire,Psychic	102.0	Delphox	Charizard	Rock,Water	NONE	2 slots, levels 67-69. Offense covers 2 types. Shared weakness: Rock, Water. Speed spans 100-104 base, fastest Delphox, slowest Charizard.	data.js:trainers[216].hardcore	Measured	derived: team analysis; strategy_notes Inferred
218	Burglar Simon	NA	route	Pokemon Mansion Gouging Fire's Room	normal	15	Brendan	82	FALSE	15|Pokemon Mansion Gouging Fire's Room|Burglar Simon	1	Ninetales-Alola:70:70:Snow Warning:NONE:Hardy:10/10/10/10/10/10:0/0/0/0/0/0:Aurora Veil,Frost Breath,Safeguard,Confuse Ray	Ninetales-Alola	70	70	Ice	109.0	Ninetales-Alola	Ninetales-Alola	NONE	Steel,Fire,Water,Ice	1 slots, levels 70-70. Offense covers 1 types. No weakness shared by half the team. A pure Steel type resists everything it carries. Speed spans 109-109 base, fastest Ninetales-Alola, slowest Ninetales-Alola.	data.js:trainers[218].normal	Measured	derived: team analysis; strategy_notes Inferred
218	Burglar Simon	NA	route	Pokemon Mansion Gouging Fire's Room	hardcore	15	Brendan	82	FALSE	15|Pokemon Mansion Gouging Fire's Room|Burglar Simon	1	Ninetales-Alola:70:70:Snow Warning:NONE:Hardy:10/10/10/10/10/10:0/0/0/0/0/0:Aurora Veil,Frost Breath,Safeguard,Confuse Ray	Ninetales-Alola	70	70	Ice	109.0	Ninetales-Alola	Ninetales-Alola	NONE	Steel,Fire,Water,Ice	1 slots, levels 70-70. Offense covers 1 types. No weakness shared by half the team. A pure Steel type resists everything it carries. Speed spans 109-109 base, fastest Ninetales-Alola, slowest Ninetales-Alola.	data.js:trainers[218].hardcore	Measured	derived: team analysis; strategy_notes Inferred
219	Burglar Lewis	NA	route	Pokemon Mansion B1F	normal	11	Blaine	76	FALSE	11|Pokemon Mansion B1F|Burglar Lewis	2	Arcanine:70:70:Justified:NONE:Serious:10/10/10/10/10/10:0/0/0/0/0/0:Retaliate,Helping Hand,Flare Blitz,Fire Fang|Rapidash:69:69:Reckless:NONE:Lonely:10/10/10/10/10/10:0/0/0/0/0/0:Jump Kick,Flare Blitz,Bounce,Fire Blast	Arcanine,Rapidash	70	69	Normal,Fighting,Flying,Fire	110.0	Rapidash	Arcanine	Ground,Rock,Water	NONE	2 slots, levels 69-70. Offense covers 4 types. Shared weakness: Ground, Rock, Water. Speed spans 95-125 base, fastest Rapidash, slowest Arcanine.	data.js:trainers[219].normal	Measured	derived: team analysis; strategy_notes Inferred
219	Burglar Lewis	NA	boss_candidate	Pokemon Mansion B1F	hardcore	11	Blaine	76	TRUE	11|Pokemon Mansion B1F|Burglar Lewis	6	Arcanine:74:101:Justified:Leftovers:Adamant:31/31/31/31/31/31:0/0/0/0/0/0:Will-O-Wisp,Extreme Speed,Flare Blitz,Morning Sun|Rillaboom:75:102:Grassy Surge:Assault Vest:Adamant:31/31/31/31/31/31:0/0/0/0/0/0:Fake Out,Grassy Glide,U-turn,Knock Off|Drapion:75:102:Battle Armor:Life Orb:Jolly:31/31/31/31/31/31:0/0/0/0/0/0:Leech Life,Poison Jab,Wicked Blow,Aqua Tail|Lopunny:76:103:Limber:Lopunnite:Jolly:31/31/31/31/31/31:0/0/0/0/0/0:U-turn,Return,Close Combat,Triple Axel|Spectrier:76:103:UNK:Ghostium Z:Timid:31/31/30/30/30/30:0/0/0/0/0/0:Shadow Ball,Hidden Power,Dark Pulse,Sleep Talk|Articuno-Galar:76:103:UNK:Grassy Seed:Timid:31/31/31/31/31/31:0/0/0/0/0/0:Calm Mind,Roost,Freezing Glare,Air Slash	Arcanine,Rillaboom,Drapion,Lopunny,Spectrier,Articuno-Galar	76	74	Normal,Fighting,Flying,Poison,Bug,Ghost,Fire,Water,Grass,Psychic,Ice,Dark	101.7	Spectrier	Rillaboom	NONE	NONE	6 slots, levels 74-76. Offense covers 12 types. No weakness shared by half the team. Speed spans 85-130 base, fastest Spectrier, slowest Rillaboom. LEVEL-SCALED: rescales to the player, excluded from scoring.	data.js:trainers[219].hardcore	Measured	derived: team analysis; strategy_notes Inferred
220	Engineer Baily	NA	route	Vermilion City Gym	normal	3	Surge	34	FALSE	3|Vermilion City Gym|Engineer Baily	2	Voltorb:28:28:Galvanize:NONE:Timid:10/10/10/10/10/10:0/0/0/0/0/0:Court Change,Mirror Coat,Gyro Ball,Explosion|Emolga:27:27:Motor Drive:NONE:Adamant:10/10/10/10/10/10:0/0/0/0/0/0:Discharge,Agility,Volt Switch,Encore	Voltorb,Emolga	28	27	Normal,Steel,Electric,Psychic	101.5	Emolga	Voltorb	NONE	NONE	2 slots, levels 27-28. Offense covers 4 types. No weakness shared by half the team. Speed spans 100-103 base, fastest Emolga, slowest Voltorb.	data.js:trainers[220].normal	Measured	derived: team analysis; strategy_notes Inferred
220	Engineer Baily	NA	route	Vermilion City Gym	hardcore	3	Surge	34	FALSE	3|Vermilion City Gym|Engineer Baily	2	Voltorb:28:28:Galvanize:NONE:Timid:10/10/10/10/10/10:0/0/0/0/0/0:Court Change,Mirror Coat,Gyro Ball,Explosion|Emolga:27:27:Motor Drive:NONE:Adamant:10/10/10/10/10/10:0/0/0/0/0/0:Discharge,Agility,Volt Switch,Encore	Voltorb,Emolga	28	27	Normal,Steel,Electric,Psychic	101.5	Emolga	Voltorb	NONE	NONE	2 slots, levels 27-28. Offense covers 4 types. No weakness shared by half the team. Speed spans 100-103 base, fastest Emolga, slowest Voltorb.	data.js:trainers[220].hardcore	Measured	derived: team analysis; strategy_notes Inferred
221	Engineer Braxton	NA	route	Route 11	normal	2	Misty	27	FALSE	2|Route 11|Engineer Braxton	1	Yamper:26:26:Competitive:NONE:Careful:10/10/10/10/10/10:0/0/0/0/0/0:Play Rough,Wild Charge,Charge,Crunch	Yamper	26	26	Electric,Dark,Fairy	26.0	Yamper	Yamper	NONE	NONE	1 slots, levels 26-26. Offense covers 3 types. No weakness shared by half the team. Speed spans 26-26 base, fastest Yamper, slowest Yamper.	data.js:trainers[221].normal	Measured	derived: team analysis; strategy_notes Inferred
221	Engineer Braxton	NA	route	Route 11	hardcore	2	Misty	27	FALSE	2|Route 11|Engineer Braxton	1	Yamper:26:26:Competitive:NONE:Careful:10/10/10/10/10/10:0/0/0/0/0/0:Play Rough,Wild Charge,Charge,Crunch	Yamper	26	26	Electric,Dark,Fairy	26.0	Yamper	Yamper	NONE	NONE	1 slots, levels 26-26. Offense covers 3 types. No weakness shared by half the team. Speed spans 26-26 base, fastest Yamper, slowest Yamper.	data.js:trainers[221].hardcore	Measured	derived: team analysis; strategy_notes Inferred
222	Engineer Bernie	NA	route	Route 11	normal	2	Misty	27	FALSE	2|Route 11|Engineer Bernie	3	Magnemite:25:25:Analytic:NONE:Lax:10/10/10/10/10/10:0/0/0/0/0/0:Zap Cannon,Gyro Ball,Magnet Rise,Lock-On|Electabuzz:24:24:Iron Fist:NONE:Bashful:10/10/10/10/10/10:0/0/0/0/0/0:Thunder,Thunderbolt,Screech,Discharge|Tadbulb:24:24:Damp:NONE:Relaxed:10/10/10/10/10/10:0/0/0/0/0/0:Parabolic Charge,Zap Cannon,Sucker Punch,Electric Terrain	Magnemite,Electabuzz,Tadbulb	25	24	Steel,Electric,Dark	65.0	Electabuzz	Magnemite	Ground	NONE	3 slots, levels 24-25. Offense covers 3 types. Shared weakness: Ground. Speed spans 45-105 base, fastest Electabuzz, slowest Magnemite.	data.js:trainers[222].normal	Measured	derived: team analysis; strategy_notes Inferred
222	Engineer Bernie	NA	route	Route 11	hardcore	2	Misty	27	FALSE	2|Route 11|Engineer Bernie	3	Magnemite:25:25:Analytic:NONE:Lax:10/10/10/10/10/10:0/0/0/0/0/0:Zap Cannon,Gyro Ball,Magnet Rise,Lock-On|Electabuzz:24:24:Iron Fist:NONE:Bashful:10/10/10/10/10/10:0/0/0/0/0/0:Thunder,Thunderbolt,Screech,Discharge|Tadbulb:24:24:Damp:NONE:Relaxed:10/10/10/10/10/10:0/0/0/0/0/0:Parabolic Charge,Zap Cannon,Sucker Punch,Electric Terrain	Magnemite,Electabuzz,Tadbulb	25	24	Steel,Electric,Dark	65.0	Electabuzz	Magnemite	Ground	NONE	3 slots, levels 24-25. Offense covers 3 types. Shared weakness: Ground. Speed spans 45-105 base, fastest Electabuzz, slowest Magnemite.	data.js:trainers[222].hardcore	Measured	derived: team analysis; strategy_notes Inferred
223	Fisherman Dale	NA	route	S.S. Anne 2F Room 2	normal	2	Misty	27	FALSE	2|S.S. Anne 2F Room 2|Fisherman Dale	3	Tentacool:27:27:Rain Dish:NONE:Timid:10/10/10/10/10/10:0/0/0/0/0/0:Wring Out,Hydro Pump,Sludge Wave,Hex|Clobbopus:27:27:Technician:NONE:Gentle:10/10/10/10/10/10:0/0/0/0/0/0:Brutal Swing,Superpower,Reversal,Taunt|Finizen:27:27:UNK:NONE:Docile:10/10/10/10/10/10:0/0/0/0/0/0:Hydro Pump,Mist,Flip Turn,Encore	Tentacool,Clobbopus,Finizen	27	27	Normal,Fighting,Poison,Ghost,Water,Dark	59.0	Finizen	Clobbopus	Electric,Psychic,Grass	NONE	3 slots, levels 27-27. Offense covers 6 types. Shared weakness: Electric, Psychic, Grass. Speed spans 32-75 base, fastest Finizen, slowest Clobbopus.	data.js:trainers[223].normal	Measured	derived: team analysis; strategy_notes Inferred
223	Fisherman Dale	NA	route	S.S. Anne 2F Room 2	hardcore	2	Misty	27	FALSE	2|S.S. Anne 2F Room 2|Fisherman Dale	3	Tentacool:27:27:Rain Dish:NONE:Timid:10/10/10/10/10/10:0/0/0/0/0/0:Wring Out,Hydro Pump,Sludge Wave,Hex|Clobbopus:27:27:Technician:NONE:Gentle:10/10/10/10/10/10:0/0/0/0/0/0:Brutal Swing,Superpower,Reversal,Taunt|Finizen:27:27:UNK:NONE:Docile:10/10/10/10/10/10:0/0/0/0/0/0:Hydro Pump,Mist,Flip Turn,Encore	Tentacool,Clobbopus,Finizen	27	27	Normal,Fighting,Poison,Ghost,Water,Dark	59.0	Finizen	Clobbopus	Electric,Psychic,Grass	NONE	3 slots, levels 27-27. Offense covers 6 types. Shared weakness: Electric, Psychic, Grass. Speed spans 32-75 base, fastest Finizen, slowest Clobbopus.	data.js:trainers[223].hardcore	Measured	derived: team analysis; strategy_notes Inferred
224	Fisherman Barny	NA	route	S.S. Anne B1F Room 1	normal	2	Misty	27	FALSE	2|S.S. Anne B1F Room 1|Fisherman Barny	3	Tentacool:25:25:Rain Dish:NONE:Lonely:10/10/10/10/10/10:0/0/0/0/0/0:Wring Out,Hydro Pump,Sludge Wave,Hex|Arrokuda:27:27:Swift Swim:NONE:Calm:10/10/10/10/10/10:0/0/0/0/0/0:Double-Edge,Liquidation,Crunch,Laser Focus|Mantyke:26:26:Water Veil:NONE:Modest:10/10/10/10/10/10:0/0/0/0/0/0:Hydro Pump,Bounce,Aqua Ring,Air Slash	Tentacool,Arrokuda,Mantyke	27	25	Normal,Flying,Poison,Ghost,Water,Dark	62.0	Tentacool	Mantyke	Electric	NONE	3 slots, levels 25-27. Offense covers 6 types. Shared weakness: Electric. Speed spans 50-70 base, fastest Tentacool, slowest Mantyke.	data.js:trainers[224].normal	Measured	derived: team analysis; strategy_notes Inferred
224	Fisherman Barny	NA	route	S.S. Anne B1F Room 1	hardcore	2	Misty	27	FALSE	2|S.S. Anne B1F Room 1|Fisherman Barny	3	Tentacool:25:25:Rain Dish:NONE:Lonely:10/10/10/10/10/10:0/0/0/0/0/0:Wring Out,Hydro Pump,Sludge Wave,Hex|Arrokuda:27:27:Swift Swim:NONE:Calm:10/10/10/10/10/10:0/0/0/0/0/0:Double-Edge,Liquidation,Crunch,Laser Focus|Mantyke:26:26:Water Veil:NONE:Modest:10/10/10/10/10/10:0/0/0/0/0/0:Hydro Pump,Bounce,Aqua Ring,Air Slash	Tentacool,Arrokuda,Mantyke	27	25	Normal,Flying,Poison,Ghost,Water,Dark	62.0	Tentacool	Mantyke	Electric	NONE	3 slots, levels 25-27. Offense covers 6 types. Shared weakness: Electric. Speed spans 50-70 base, fastest Tentacool, slowest Mantyke.	data.js:trainers[224].hardcore	Measured	derived: team analysis; strategy_notes Inferred
225	Fisherman Ned	NA	route	Route 12	normal	3	Surge	34	FALSE	3|Route 12|Fisherman Ned	3	Seaking:35:35:Rain Dish:NONE:Bold:10/10/10/10/10/10:0/0/0/0/0/0:Fishious Rend,Soak,Waterfall,Agility|Poliwhirl:34:34:Water Absorb:NONE:Adamant:10/10/10/10/10/10:0/0/0/0/0/0:Mud Bomb,Hydro Pump,Wake-Up Slap,Belly Drum|Clamperl:35:35:Hydration:NONE:Hardy:10/10/10/10/10/10:0/0/0/0/0/0:Shell Smash,Aurora Beam,Iron Defense,Whirlpool	Seaking,Poliwhirl,Clamperl	35	34	Fighting,Ground,Water,Ice	63.3	Poliwhirl	Clamperl	Grass,Electric	NONE	3 slots, levels 34-35. Offense covers 4 types. Shared weakness: Grass, Electric. Speed spans 32-90 base, fastest Poliwhirl, slowest Clamperl.	data.js:trainers[225].normal	Measured	derived: team analysis; strategy_notes Inferred
225	Fisherman Ned	NA	route	Route 12	hardcore	3	Surge	34	FALSE	3|Route 12|Fisherman Ned	3	Seaking:35:35:Rain Dish:NONE:Bold:10/10/10/10/10/10:0/0/0/0/0/0:Fishious Rend,Soak,Waterfall,Agility|Poliwhirl:34:34:Water Absorb:NONE:Adamant:10/10/10/10/10/10:0/0/0/0/0/0:Mud Bomb,Hydro Pump,Wake-Up Slap,Belly Drum|Clamperl:35:35:Hydration:NONE:Hardy:10/10/10/10/10/10:0/0/0/0/0/0:Shell Smash,Aurora Beam,Iron Defense,Whirlpool	Seaking,Poliwhirl,Clamperl	35	34	Fighting,Ground,Water,Ice	63.3	Poliwhirl	Clamperl	Grass,Electric	NONE	3 slots, levels 34-35. Offense covers 4 types. Shared weakness: Grass, Electric. Speed spans 32-90 base, fastest Poliwhirl, slowest Clamperl.	data.js:trainers[225].hardcore	Measured	derived: team analysis; strategy_notes Inferred
226	Fisherman Chip	NA	route	Route 12	normal	3	Surge	34	FALSE	3|Route 12|Fisherman Chip	2	Tentacruel:35:35:Rain Dish:NONE:Hardy:10/10/10/10/10/10:0/0/0/0/0/0:Hydro Pump,Sludge Wave,Hex,Screech|Barraskewda:35:35:Stalwart:NONE:Sassy:10/10/10/10/10/10:0/0/0/0/0/0:Double-Edge,Liquidation,Crunch,Laser Focus	Tentacruel,Barraskewda	35	35	Normal,Poison,Ghost,Water,Dark	118.0	Barraskewda	Tentacruel	Electric	NONE	2 slots, levels 35-35. Offense covers 5 types. Shared weakness: Electric. Speed spans 100-136 base, fastest Barraskewda, slowest Tentacruel.	data.js:trainers[226].normal	Measured	derived: team analysis; strategy_notes Inferred
226	Fisherman Chip	NA	route	Route 12	hardcore	3	Surge	34	FALSE	3|Route 12|Fisherman Chip	2	Tentacruel:35:35:Rain Dish:NONE:Hardy:10/10/10/10/10/10:0/0/0/0/0/0:Hydro Pump,Sludge Wave,Hex,Screech|Barraskewda:35:35:Stalwart:NONE:Sassy:10/10/10/10/10/10:0/0/0/0/0/0:Double-Edge,Liquidation,Crunch,Laser Focus	Tentacruel,Barraskewda	35	35	Normal,Poison,Ghost,Water,Dark	118.0	Barraskewda	Tentacruel	Electric	NONE	2 slots, levels 35-35. Offense covers 5 types. Shared weakness: Electric. Speed spans 100-136 base, fastest Barraskewda, slowest Tentacruel.	data.js:trainers[226].hardcore	Measured	derived: team analysis; strategy_notes Inferred
227	Fisherman Hank	NA	route	Route 12	normal	3	Surge	34	FALSE	3|Route 12|Fisherman Hank	1	Veluza:36:36:Sharpness:NONE:Impish:10/10/10/10/10/10:0/0/0/0/0/0:Fillet Away,Final Gambit,Night Slash,Aqua Cutter	Veluza	36	36	Fighting,Water,Dark	70.0	Veluza	Veluza	NONE	NONE	1 slots, levels 36-36. Offense covers 3 types. No weakness shared by half the team. Speed spans 70-70 base, fastest Veluza, slowest Veluza.	data.js:trainers[227].normal	Measured	derived: team analysis; strategy_notes Inferred
227	Fisherman Hank	NA	route	Route 12	hardcore	3	Surge	34	FALSE	3|Route 12|Fisherman Hank	1	Veluza:36:36:Sharpness:NONE:Impish:10/10/10/10/10/10:0/0/0/0/0/0:Fillet Away,Final Gambit,Night Slash,Aqua Cutter	Veluza	36	36	Fighting,Water,Dark	70.0	Veluza	Veluza	NONE	NONE	1 slots, levels 36-36. Offense covers 3 types. No weakness shared by half the team. Speed spans 70-70 base, fastest Veluza, slowest Veluza.	data.js:trainers[227].hardcore	Measured	derived: team analysis; strategy_notes Inferred
228	Fisherman Elliot	NA	boss_candidate	Route 12	normal	3	Surge	34	FALSE	3|Route 12|Fisherman Elliot	4	Whiscash:35:35:Water Bubble:NONE:Hardy:10/10/10/10/10/10:0/0/0/0/0/0:Wave Crash,Dragon Dance,Future Sight,Muddy Water|Luvdisc:36:36:Soul-Heart:NONE:Brave:10/10/10/10/10/10:0/0/0/0/0/0:Moonblast,Safeguard,Hydro Pump,Soak|Dondozo:37:37:Water Veil:NONE:Sassy:10/10/10/10/10/10:0/0/0/0/0/0:Wave Crash,Double-Edge,Heavy Slam,Sleep Talk|Seadra:35:35:Damp:NONE:Hardy:10/10/10/10/10/10:0/0/0/0/0/0:Dragon Dance,Dragon Pulse,Agility,Brine	Whiscash,Luvdisc,Dondozo,Seadra	37	35	Normal,Steel,Water,Psychic,Dragon,Fairy	69.2	Luvdisc	Dondozo	Grass,Electric	NONE	4 slots, levels 35-37. Offense covers 6 types. Shared weakness: Grass, Electric. Speed spans 35-97 base, fastest Luvdisc, slowest Dondozo.	data.js:trainers[228].normal	Measured	derived: team analysis; strategy_notes Inferred
228	Fisherman Elliot	NA	boss_candidate	Route 12	hardcore	3	Surge	34	FALSE	3|Route 12|Fisherman Elliot	4	Whiscash:35:35:Water Bubble:NONE:Hardy:10/10/10/10/10/10:0/0/0/0/0/0:Wave Crash,Dragon Dance,Future Sight,Muddy Water|Luvdisc:36:36:Soul-Heart:NONE:Brave:10/10/10/10/10/10:0/0/0/0/0/0:Moonblast,Safeguard,Hydro Pump,Soak|Dondozo:37:37:Water Veil:NONE:Sassy:10/10/10/10/10/10:0/0/0/0/0/0:Wave Crash,Double-Edge,Heavy Slam,Sleep Talk|Seadra:35:35:Damp:NONE:Hardy:10/10/10/10/10/10:0/0/0/0/0/0:Dragon Dance,Dragon Pulse,Agility,Brine	Whiscash,Luvdisc,Dondozo,Seadra	37	35	Normal,Steel,Water,Psychic,Dragon,Fairy	69.2	Luvdisc	Dondozo	Grass,Electric	NONE	4 slots, levels 35-37. Offense covers 6 types. Shared weakness: Grass, Electric. Speed spans 35-97 base, fastest Luvdisc, slowest Dondozo.	data.js:trainers[228].hardcore	Measured	derived: team analysis; strategy_notes Inferred
229	Fisherman Ronald	NA	boss_candidate	Route 21 North	normal	10	May	73	FALSE	10|Route 21 North|Fisherman Ronald	4	Seaking:64:64:Rain Dish:NONE:Bold:10/10/10/10/10/10:0/0/0/0/0/0:Fishious Rend,Soak,Waterfall,Agility|Sharpedo:64:64:Speed Boost:NONE:Lonely:10/10/10/10/10/10:0/0/0/0/0/0:Aqua Fang,Taunt,Skull Bash,Agility|Cloyster:64:64:Overcoat:NONE:Impish:10/10/10/10/10/10:0/0/0/0/0/0:Shell Smash,Icicle Crash,Spikes,Ice Shard|Shellder:64:64:Overcoat:NONE:Hasty:10/10/10/10/10/10:0/0/0/0/0/0:Shell Smash,Hydro Pump,Ice Beam,Iron Defense	Seaking,Sharpedo,Cloyster,Shellder	64	64	Normal,Water,Ice	68.2	Sharpedo	Shellder	Grass,Electric,Fighting	NONE	4 slots, levels 64-64. Offense covers 3 types. Shared weakness: Grass, Electric, Fighting. Speed spans 40-95 base, fastest Sharpedo, slowest Shellder.	data.js:trainers[229].normal	Measured	derived: team analysis; strategy_notes Inferred
229	Fisherman Ronald	NA	boss_candidate	Route 21 North	hardcore	10	May	73	FALSE	10|Route 21 North|Fisherman Ronald	4	Seaking:64:64:Rain Dish:NONE:Bold:10/10/10/10/10/10:0/0/0/0/0/0:Fishious Rend,Soak,Waterfall,Agility|Sharpedo:64:64:Speed Boost:NONE:Lonely:10/10/10/10/10/10:0/0/0/0/0/0:Aqua Fang,Taunt,Skull Bash,Agility|Cloyster:64:64:Overcoat:NONE:Impish:10/10/10/10/10/10:0/0/0/0/0/0:Shell Smash,Icicle Crash,Spikes,Ice Shard|Shellder:64:64:Overcoat:NONE:Hasty:10/10/10/10/10/10:0/0/0/0/0/0:Shell Smash,Hydro Pump,Ice Beam,Iron Defense	Seaking,Sharpedo,Cloyster,Shellder	64	64	Normal,Water,Ice	68.2	Sharpedo	Shellder	Grass,Electric,Fighting	NONE	4 slots, levels 64-64. Offense covers 3 types. Shared weakness: Grass, Electric, Fighting. Speed spans 40-95 base, fastest Sharpedo, slowest Shellder.	data.js:trainers[229].hardcore	Measured	derived: team analysis; strategy_notes Inferred
230	Fisherman Claude	NA	route	Route 21 South	normal	10	May	73	FALSE	10|Route 21 South|Fisherman Claude	2	Basculin:64:64:Mold Breaker:NONE:Lax:10/10/10/10/10/10:0/0/0/0/0/0:Wave Crash,Waterfall,Head Smash,Aqua Fang|Dhelmise:65:65:UNK:NONE:Docile:10/10/10/10/10/10:0/0/0/0/0/0:Spirit Shackle,Power Whip,Phantom Force,Heavy Slam	Basculin,Dhelmise	65	64	Rock,Ghost,Steel,Water,Grass	69.0	Basculin	Dhelmise	NONE	NONE	2 slots, levels 64-65. Offense covers 5 types. No weakness shared by half the team. Speed spans 40-98 base, fastest Basculin, slowest Dhelmise.	data.js:trainers[230].normal	Measured	derived: team analysis; strategy_notes Inferred
230	Fisherman Claude	NA	route	Route 21 South	hardcore	10	May	73	FALSE	10|Route 21 South|Fisherman Claude	2	Basculin:64:64:Mold Breaker:NONE:Lax:10/10/10/10/10/10:0/0/0/0/0/0:Wave Crash,Waterfall,Head Smash,Aqua Fang|Dhelmise:65:65:UNK:NONE:Docile:10/10/10/10/10/10:0/0/0/0/0/0:Spirit Shackle,Power Whip,Phantom Force,Heavy Slam	Basculin,Dhelmise	65	64	Rock,Ghost,Steel,Water,Grass	69.0	Basculin	Dhelmise	NONE	NONE	2 slots, levels 64-65. Offense covers 5 types. No weakness shared by half the team. Speed spans 40-98 base, fastest Basculin, slowest Dhelmise.	data.js:trainers[230].hardcore	Measured	derived: team analysis; strategy_notes Inferred
231	Fisherman Wade	NA	boss_candidate	Route 21 North	normal	10	May	73	FALSE	10|Route 21 North|Fisherman Wade	6	Magikarp:70:70:Hydration:NONE:Bold:10/10/10/10/10/10:0/0/0/0/0/0:Flail,Tackle,Splash|Feebas:70:70:Adaptability:NONE:Naive:10/10/10/10/10/10:0/0/0/0/0/0:Flail,Tackle,Splash|Gyarados:64:64:Moxie:NONE:Naughty:10/10/10/10/10/10:0/0/0/0/0/0:Dragon Dance,Bounce,Hyper Beam,Rain Dance|Milotic:63:63:Cute Charm:NONE:Bashful:10/10/10/10/10/10:0/0/0/0/0/0:Bouncy Bubble,Rain Dance,Hydro Pump,Coil|Alomomola:62:62:Regenerator:NONE:Sassy:10/10/10/10/10/10:0/0/0/0/0/0:Whirlpool,Safeguard,Brine,Wish|Luvdisc:65:65:Soul-Heart:NONE:Modest:10/10/10/10/10/10:0/0/0/0/0/0:Moonblast,Safeguard,Hydro Pump,Soak	Magikarp,Feebas,Gyarados,Milotic,Alomomola,Luvdisc	70	62	Normal,Flying,Water,Fairy	81.5	Luvdisc	Alomomola	Grass,Electric	NONE	6 slots, levels 62-70. Offense covers 4 types. Shared weakness: Grass, Electric. Speed spans 65-97 base, fastest Luvdisc, slowest Alomomola.	data.js:trainers[231].normal	Measured	derived: team analysis; strategy_notes Inferred
231	Fisherman Wade	NA	boss_candidate	Route 21 North	hardcore	10	May	73	FALSE	10|Route 21 North|Fisherman Wade	6	Magikarp:70:70:Hydration:NONE:Bold:10/10/10/10/10/10:0/0/0/0/0/0:Flail,Tackle,Splash|Feebas:70:70:Adaptability:NONE:Naive:10/10/10/10/10/10:0/0/0/0/0/0:Flail,Tackle,Splash|Gyarados:64:64:Moxie:NONE:Naughty:10/10/10/10/10/10:0/0/0/0/0/0:Dragon Dance,Bounce,Hyper Beam,Rain Dance|Milotic:63:63:Cute Charm:NONE:Bashful:10/10/10/10/10/10:0/0/0/0/0/0:Bouncy Bubble,Rain Dance,Hydro Pump,Coil|Alomomola:62:62:Regenerator:NONE:Sassy:10/10/10/10/10/10:0/0/0/0/0/0:Whirlpool,Safeguard,Brine,Wish|Luvdisc:65:65:Soul-Heart:NONE:Modest:10/10/10/10/10/10:0/0/0/0/0/0:Moonblast,Safeguard,Hydro Pump,Soak	Magikarp,Feebas,Gyarados,Milotic,Alomomola,Luvdisc	70	62	Normal,Flying,Water,Fairy	81.5	Luvdisc	Alomomola	Grass,Electric	NONE	6 slots, levels 62-70. Offense covers 4 types. Shared weakness: Grass, Electric. Speed spans 65-97 base, fastest Luvdisc, slowest Alomomola.	data.js:trainers[231].hardcore	Measured	derived: team analysis; strategy_notes Inferred
232	Fisherman Nolan	NA	route	Route 21 South	normal	10	May	73	FALSE	10|Route 21 South|Fisherman Nolan	2	Cramorant:64:64:UNK:NONE:Modest:10/10/10/10/10/10:0/0/0/0/0/0:Hydro Pump,Surf,Amnesia,Drill Peck|Tatsugiri:63:63:Storm Drain:NONE:Quiet:10/10/10/10/10/10:0/0/0/0/0/0:Dragon Pulse,Mirror Coat,Nasty Plot,Muddy Water	Cramorant,Tatsugiri	64	63	Flying,Water,Psychic,Dragon	93.5	Cramorant	Tatsugiri	NONE	NONE	2 slots, levels 63-64. Offense covers 4 types. No weakness shared by half the team. Speed spans 82-105 base, fastest Cramorant, slowest Tatsugiri.	data.js:trainers[232].normal	Measured	derived: team analysis; strategy_notes Inferred
232	Fisherman Nolan	NA	route	Route 21 South	hardcore	10	May	73	FALSE	10|Route 21 South|Fisherman Nolan	2	Cramorant:64:64:UNK:NONE:Modest:10/10/10/10/10/10:0/0/0/0/0/0:Hydro Pump,Surf,Amnesia,Drill Peck|Tatsugiri:63:63:Storm Drain:NONE:Quiet:10/10/10/10/10/10:0/0/0/0/0/0:Dragon Pulse,Mirror Coat,Nasty Plot,Muddy Water	Cramorant,Tatsugiri	64	63	Flying,Water,Psychic,Dragon	93.5	Cramorant	Tatsugiri	NONE	NONE	2 slots, levels 63-64. Offense covers 4 types. No weakness shared by half the team. Speed spans 82-105 base, fastest Cramorant, slowest Tatsugiri.	data.js:trainers[232].hardcore	Measured	derived: team analysis; strategy_notes Inferred
233	Fisherman Andrew	NA	route	Route 12	normal	9	Koga	68	TRUE	9|Route 12|Fisherman Andrew	2	Froslass:65:104:Stakeout:Light Clay:Timid:31/31/31/31/31/31:0/0/0/252/4/252:Aurora Veil,Blizzard,Shadow Ball,Freeze-Dry|Arctozolt:65:104:Slush Rush:Magnet:Naive:31/31/31/31/31/31:0/252/0/0/4/252:Bolt Beak,Blizzard,Low Kick,Stone Edge	Froslass,Arctozolt	65	65	Fighting,Rock,Ghost,Electric,Ice	82.5	Froslass	Arctozolt	Rock,Fire	NONE	2 slots, levels 65-65. Offense covers 5 types. Shared weakness: Rock, Fire. Speed spans 55-110 base, fastest Froslass, slowest Arctozolt. LEVEL-SCALED: rescales to the player, excluded from scoring.	data.js:trainers[233].normal	Measured	derived: team analysis; strategy_notes Inferred
233	Fisherman Andrew	NA	route	Route 12	hardcore	9	Koga	68	TRUE	9|Route 12|Fisherman Andrew	3	Froslass:66:101:Stakeout:Light Clay:Timid:31/31/31/31/31/31:0/0/0/0/0/0:Aurora Veil,Blizzard,Shadow Ball,Destiny Bond|Barbaracle:66:101:Infiltrator:White Herb:Jolly:31/31/31/31/31/31:0/0/0/0/0/0:Shell Smash,Liquidation,Close Combat,Stone Edge|Baxcalibur:66:101:Ice Body:Dragonium Z:Jolly:31/31/31/31/31/31:0/0/0/0/0/0:Dragon Dance,Icicle Crash,Glaive Rush,Earthquake	Froslass,Barbaracle,Baxcalibur	66	66	Fighting,Ground,Rock,Ghost,Water,Ice,Dragon	88.3	Froslass	Barbaracle	Rock,Steel,Fighting	NONE	3 slots, levels 66-66. Offense covers 7 types. Shared weakness: Rock, Steel, Fighting. Speed spans 68-110 base, fastest Froslass, slowest Barbaracle. LEVEL-SCALED: rescales to the player, excluded from scoring.	data.js:trainers[233].hardcore	Measured	derived: team analysis; strategy_notes Inferred
234	SwimmerM Luis	NA	route	Cerulean City Gym	normal	2	Misty	27	FALSE	2|Cerulean City Gym|SwimmerM Luis	2	Shellder:19:19:Overcoat:NONE:Modest:10/10/10/10/10/10:0/0/0/0/0/0:Shell Smash,Hydro Pump,Ice Beam,Iron Defense|Tirtouga:20:20:Swift Swim:NONE:Quirky:10/10/10/10/10/10:0/0/0/0/0/0:Hydro Pump,Rain Dance,Rock Slide,Aqua Tail	Shellder,Tirtouga	20	19	Rock,Water,Ice	31.0	Shellder	Tirtouga	Grass,Electric	NONE	2 slots, levels 19-20. Offense covers 3 types. Shared weakness: Grass, Electric. Speed spans 22-40 base, fastest Shellder, slowest Tirtouga.	data.js:trainers[234].normal	Measured	derived: team analysis; strategy_notes Inferred
234	SwimmerM Luis	NA	route	Cerulean City Gym	hardcore	2	Misty	27	FALSE	2|Cerulean City Gym|SwimmerM Luis	2	Shellder:19:19:Overcoat:NONE:Modest:10/10/10/10/10/10:0/0/0/0/0/0:Shell Smash,Hydro Pump,Ice Beam,Iron Defense|Tirtouga:20:20:Swift Swim:NONE:Quirky:10/10/10/10/10/10:0/0/0/0/0/0:Hydro Pump,Rain Dance,Rock Slide,Aqua Tail	Shellder,Tirtouga	20	19	Rock,Water,Ice	31.0	Shellder	Tirtouga	Grass,Electric	NONE	2 slots, levels 19-20. Offense covers 3 types. Shared weakness: Grass, Electric. Speed spans 22-40 base, fastest Shellder, slowest Tirtouga.	data.js:trainers[234].hardcore	Measured	derived: team analysis; strategy_notes Inferred
235	SwimmerM Richard	NA	route	Route 19	normal	9	Koga	68	FALSE	9|Route 19|SwimmerM Richard	2	Dondozo:57:57:Water Veil:NONE:Serious:10/10/10/10/10/10:0/0/0/0/0/0:Wave Crash,Double-Edge,Heavy Slam,Sleep Talk|Cloyster:59:59:Battle Armor:NONE:Quirky:10/10/10/10/10/10:0/0/0/0/0/0:Shell Smash,Icicle Crash,Spikes,Ice Shard	Dondozo,Cloyster	59	57	Normal,Steel,Water,Ice	52.5	Cloyster	Dondozo	Grass,Electric	NONE	2 slots, levels 57-59. Offense covers 4 types. Shared weakness: Grass, Electric. Speed spans 35-70 base, fastest Cloyster, slowest Dondozo.	data.js:trainers[235].normal	Measured	derived: team analysis; strategy_notes Inferred
235	SwimmerM Richard	NA	route	Route 19	hardcore	9	Koga	68	FALSE	9|Route 19|SwimmerM Richard	2	Dondozo:57:57:Water Veil:NONE:Serious:10/10/10/10/10/10:0/0/0/0/0/0:Wave Crash,Double-Edge,Heavy Slam,Sleep Talk|Cloyster:59:59:Battle Armor:NONE:Quirky:10/10/10/10/10/10:0/0/0/0/0/0:Shell Smash,Icicle Crash,Spikes,Ice Shard	Dondozo,Cloyster	59	57	Normal,Steel,Water,Ice	52.5	Cloyster	Dondozo	Grass,Electric	NONE	2 slots, levels 57-59. Offense covers 4 types. Shared weakness: Grass, Electric. Speed spans 35-70 base, fastest Cloyster, slowest Dondozo.	data.js:trainers[235].hardcore	Measured	derived: team analysis; strategy_notes Inferred
236	SwimmerM Reece	NA	route	Route 19	normal	9	Koga	68	FALSE	9|Route 19|SwimmerM Reece	3	Seaking:58:58:Rain Dish:NONE:Naughty:10/10/10/10/10/10:0/0/0/0/0/0:Fishious Rend,Soak,Waterfall,Agility|Sharpedo:58:58:Iron Barbs:NONE:Hasty:10/10/10/10/10/10:0/0/0/0/0/0:Aqua Fang,Taunt,Skull Bash,Agility|Starmie:58:58:Analytic:NONE:Jolly:10/10/10/10/10/10:0/0/0/0/0/0:Meteor Beam,Confuse Ray,Psybeam,Recover	Seaking,Sharpedo,Starmie	58	58	Normal,Rock,Water,Psychic	92.7	Starmie	Seaking	Grass,Electric,Bug	NONE	3 slots, levels 58-58. Offense covers 4 types. Shared weakness: Grass, Electric, Bug. Speed spans 68-115 base, fastest Starmie, slowest Seaking.	data.js:trainers[236].normal	Measured	derived: team analysis; strategy_notes Inferred
236	SwimmerM Reece	NA	route	Route 19	hardcore	9	Koga	68	FALSE	9|Route 19|SwimmerM Reece	3	Seaking:58:58:Rain Dish:NONE:Naughty:10/10/10/10/10/10:0/0/0/0/0/0:Fishious Rend,Soak,Waterfall,Agility|Sharpedo:58:58:Iron Barbs:NONE:Hasty:10/10/10/10/10/10:0/0/0/0/0/0:Aqua Fang,Taunt,Skull Bash,Agility|Starmie:58:58:Analytic:NONE:Jolly:10/10/10/10/10/10:0/0/0/0/0/0:Meteor Beam,Confuse Ray,Psybeam,Recover	Seaking,Sharpedo,Starmie	58	58	Normal,Rock,Water,Psychic	92.7	Starmie	Seaking	Grass,Electric,Bug	NONE	3 slots, levels 58-58. Offense covers 4 types. Shared weakness: Grass, Electric, Bug. Speed spans 68-115 base, fastest Starmie, slowest Seaking.	data.js:trainers[236].hardcore	Measured	derived: team analysis; strategy_notes Inferred
237	SwimmerM Matthew	NA	route	Route 19	normal	10	May	73	FALSE	10|Route 19|SwimmerM Matthew	2	Poliwhirl:63:63:Swift Swim:NONE:Naughty:10/10/10/10/10/10:0/0/0/0/0/0:Mud Bomb,Hydro Pump,Wake-Up Slap,Belly Drum|Slowbro:63:63:Oblivious:NONE:Modest:10/10/10/10/10/10:0/0/0/0/0/0:Psych Up,Rain Dance,Psychic,Amnesia	Poliwhirl,Slowbro	63	63	Fighting,Ground,Water,Psychic	60.0	Poliwhirl	Slowbro	Grass,Electric	NONE	2 slots, levels 63-63. Offense covers 4 types. Shared weakness: Grass, Electric. Speed spans 30-90 base, fastest Poliwhirl, slowest Slowbro.	data.js:trainers[237].normal	Measured	derived: team analysis; strategy_notes Inferred
237	SwimmerM Matthew	NA	route	Route 19	hardcore	10	May	73	FALSE	10|Route 19|SwimmerM Matthew	2	Poliwhirl:63:63:Swift Swim:NONE:Naughty:10/10/10/10/10/10:0/0/0/0/0/0:Mud Bomb,Hydro Pump,Wake-Up Slap,Belly Drum|Slowbro:63:63:Oblivious:NONE:Modest:10/10/10/10/10/10:0/0/0/0/0/0:Psych Up,Rain Dance,Psychic,Amnesia	Poliwhirl,Slowbro	63	63	Fighting,Ground,Water,Psychic	60.0	Poliwhirl	Slowbro	Grass,Electric	NONE	2 slots, levels 63-63. Offense covers 4 types. Shared weakness: Grass, Electric. Speed spans 30-90 base, fastest Poliwhirl, slowest Slowbro.	data.js:trainers[237].hardcore	Measured	derived: team analysis; strategy_notes Inferred
238	SwimmerM Douglas	NA	boss_candidate	Route 19	normal	10	May	73	FALSE	10|Route 19|SwimmerM Douglas	4	Azumarill:61:61:Sap Sipper:NONE:Lax:10/10/10/10/10/10:0/0/0/0/0/0:Hydro Pump,Superpower,Double-Edge,Rain Dance|Tentacruel:61:61:Clear Body:NONE:Timid:10/10/10/10/10/10:0/0/0/0/0/0:Hydro Pump,Sludge Wave,Hex,Screech|Toedscruel:62:62:UNK:NONE:Brave:10/10/10/10/10/10:0/0/0/0/0/0:Power Whip,Earth Power,Giga Drain,Spore|Lumineon:63:63:Dazzling:NONE:Jolly:10/10/10/10/10/10:0/0/0/0/0/0:Hurricane,Tail Glow,Bounce,U-turn	Azumarill,Tentacruel,Toedscruel,Lumineon	63	61	Normal,Fighting,Flying,Poison,Ground,Bug,Ghost,Water,Grass	87.8	Lumineon	Azumarill	Grass,Electric	NONE	4 slots, levels 61-63. Offense covers 9 types. Shared weakness: Grass, Electric. Speed spans 50-101 base, fastest Lumineon, slowest Azumarill.	data.js:trainers[238].normal	Measured	derived: team analysis; strategy_notes Inferred
238	SwimmerM Douglas	NA	boss_candidate	Route 19	hardcore	10	May	73	FALSE	10|Route 19|SwimmerM Douglas	4	Azumarill:61:61:Sap Sipper:NONE:Lax:10/10/10/10/10/10:0/0/0/0/0/0:Hydro Pump,Superpower,Double-Edge,Rain Dance|Tentacruel:61:61:Clear Body:NONE:Timid:10/10/10/10/10/10:0/0/0/0/0/0:Hydro Pump,Sludge Wave,Hex,Screech|Toedscruel:62:62:UNK:NONE:Brave:10/10/10/10/10/10:0/0/0/0/0/0:Power Whip,Earth Power,Giga Drain,Spore|Lumineon:63:63:Dazzling:NONE:Jolly:10/10/10/10/10/10:0/0/0/0/0/0:Hurricane,Tail Glow,Bounce,U-turn	Azumarill,Tentacruel,Toedscruel,Lumineon	63	61	Normal,Fighting,Flying,Poison,Ground,Bug,Ghost,Water,Grass	87.8	Lumineon	Azumarill	Grass,Electric	NONE	4 slots, levels 61-63. Offense covers 9 types. Shared weakness: Grass, Electric. Speed spans 50-101 base, fastest Lumineon, slowest Azumarill.	data.js:trainers[238].hardcore	Measured	derived: team analysis; strategy_notes Inferred
239	SwimmerM David	NA	route	Route 19	normal	10	May	73	FALSE	10|Route 19|SwimmerM David	3	Gyarados:62:62:Moxie:NONE:Rash:10/10/10/10/10/10:0/0/0/0/0/0:Dragon Dance,Bounce,Hyper Beam,Rain Dance|Dewgong:63:63:Thick Fat:NONE:Serious:10/10/10/10/10/10:0/0/0/0/0/0:Snowscape,Safeguard,Aqua Tail,Dive|Lanturn:62:62:Water Absorb:NONE:Adamant:10/10/10/10/10/10:0/0/0/0/0/0:Charge,Parabolic Charge,Ion Deluge,Hydro Pump	Gyarados,Dewgong,Lanturn	63	62	Normal,Flying,Water,Electric	72.7	Gyarados	Lanturn	Rock,Electric,Grass	NONE	3 slots, levels 62-63. Offense covers 4 types. Shared weakness: Rock, Electric, Grass. Speed spans 67-81 base, fastest Gyarados, slowest Lanturn.	data.js:trainers[239].normal	Measured	derived: team analysis; strategy_notes Inferred
239	SwimmerM David	NA	route	Route 19	hardcore	10	May	73	FALSE	10|Route 19|SwimmerM David	3	Gyarados:62:62:Moxie:NONE:Rash:10/10/10/10/10/10:0/0/0/0/0/0:Dragon Dance,Bounce,Hyper Beam,Rain Dance|Dewgong:63:63:Thick Fat:NONE:Serious:10/10/10/10/10/10:0/0/0/0/0/0:Snowscape,Safeguard,Aqua Tail,Dive|Lanturn:62:62:Water Absorb:NONE:Adamant:10/10/10/10/10/10:0/0/0/0/0/0:Charge,Parabolic Charge,Ion Deluge,Hydro Pump	Gyarados,Dewgong,Lanturn	63	62	Normal,Flying,Water,Electric	72.7	Gyarados	Lanturn	Rock,Electric,Grass	NONE	3 slots, levels 62-63. Offense covers 4 types. Shared weakness: Rock, Electric, Grass. Speed spans 67-81 base, fastest Gyarados, slowest Lanturn.	data.js:trainers[239].hardcore	Measured	derived: team analysis; strategy_notes Inferred
240	SwimmerM Tony	NA	route	Route 19	normal	10	May	73	FALSE	10|Route 19|SwimmerM Tony	2	Seadra:61:61:Damp:NONE:Naive:10/10/10/10/10/10:0/0/0/0/0/0:Dragon Dance,Dragon Pulse,Agility,Brine|Samurott:63:63:Sharpness:NONE:Sassy:10/10/10/10/10/10:0/0/0/0/0/0:Shell Smash,Razor Shell,Sacred Sword,Hydro Pump	Seadra,Samurott	63	61	Fighting,Water,Dragon	87.5	Samurott	Seadra	Electric	NONE	2 slots, levels 61-63. Offense covers 3 types. Shared weakness: Electric. Speed spans 85-90 base, fastest Samurott, slowest Seadra.	data.js:trainers[240].normal	Measured	derived: team analysis; strategy_notes Inferred
240	SwimmerM Tony	NA	route	Route 19	hardcore	10	May	73	FALSE	10|Route 19|SwimmerM Tony	2	Seadra:61:61:Damp:NONE:Naive:10/10/10/10/10/10:0/0/0/0/0/0:Dragon Dance,Dragon Pulse,Agility,Brine|Samurott:63:63:Sharpness:NONE:Sassy:10/10/10/10/10/10:0/0/0/0/0/0:Shell Smash,Razor Shell,Sacred Sword,Hydro Pump	Seadra,Samurott	63	61	Fighting,Water,Dragon	87.5	Samurott	Seadra	Electric	NONE	2 slots, levels 61-63. Offense covers 3 types. Shared weakness: Electric. Speed spans 85-90 base, fastest Samurott, slowest Seadra.	data.js:trainers[240].hardcore	Measured	derived: team analysis; strategy_notes Inferred
241	SwimmerM Axle	NA	boss_candidate	Route 19	normal	10	May	73	FALSE	10|Route 19|SwimmerM Axle	5	Tentacool:64:64:Rain Dish:NONE:Bold:10/10/10/10/10/10:0/0/0/0/0/0:Wring Out,Hydro Pump,Sludge Wave,Hex|Tentacruel:63:63:Rain Dish:NONE:Quiet:10/10/10/10/10/10:0/0/0/0/0/0:Hydro Pump,Sludge Wave,Hex,Screech|Pelipper:62:62:Drizzle:NONE:Adamant:10/10/10/10/10/10:0/0/0/0/0/0:Hurricane,Hydro Pump,Roost,Spit Up|Starmie:62:62:Analytic:NONE:Calm:10/10/10/10/10/10:0/0/0/0/0/0:Meteor Beam,Confuse Ray,Psybeam,Recover|Cloyster:61:61:Overcoat:NONE:Lonely:10/10/10/10/10/10:0/0/0/0/0/0:Shell Smash,Icicle Crash,Spikes,Ice Shard	Tentacool,Tentacruel,Pelipper,Starmie,Cloyster	64	61	Normal,Flying,Poison,Rock,Ghost,Water,Psychic,Ice	84.0	Starmie	Pelipper	Electric	NONE	5 slots, levels 61-64. Offense covers 8 types. Shared weakness: Electric. Speed spans 65-115 base, fastest Starmie, slowest Pelipper.	data.js:trainers[241].normal	Measured	derived: team analysis; strategy_notes Inferred
241	SwimmerM Axle	NA	boss_candidate	Route 19	hardcore	10	May	73	FALSE	10|Route 19|SwimmerM Axle	5	Tentacool:64:64:Rain Dish:NONE:Bold:10/10/10/10/10/10:0/0/0/0/0/0:Wring Out,Hydro Pump,Sludge Wave,Hex|Tentacruel:63:63:Rain Dish:NONE:Quiet:10/10/10/10/10/10:0/0/0/0/0/0:Hydro Pump,Sludge Wave,Hex,Screech|Pelipper:62:62:Drizzle:NONE:Adamant:10/10/10/10/10/10:0/0/0/0/0/0:Hurricane,Hydro Pump,Roost,Spit Up|Starmie:62:62:Analytic:NONE:Calm:10/10/10/10/10/10:0/0/0/0/0/0:Meteor Beam,Confuse Ray,Psybeam,Recover|Cloyster:61:61:Overcoat:NONE:Lonely:10/10/10/10/10/10:0/0/0/0/0/0:Shell Smash,Icicle Crash,Spikes,Ice Shard	Tentacool,Tentacruel,Pelipper,Starmie,Cloyster	64	61	Normal,Flying,Poison,Rock,Ghost,Water,Psychic,Ice	84.0	Starmie	Pelipper	Electric	NONE	5 slots, levels 61-64. Offense covers 8 types. Shared weakness: Electric. Speed spans 65-115 base, fastest Starmie, slowest Pelipper.	data.js:trainers[241].hardcore	Measured	derived: team analysis; strategy_notes Inferred
242	SwimmerM Barry	NA	route	Route 20	normal	10	May	73	FALSE	10|Route 20|SwimmerM Barry	2	Shellder:63:63:Overcoat:NONE:Gentle:10/10/10/10/10/10:0/0/0/0/0/0:Shell Smash,Hydro Pump,Ice Beam,Iron Defense|Cloyster:64:64:Battle Armor:NONE:Relaxed:10/10/10/10/10/10:0/0/0/0/0/0:Shell Smash,Icicle Crash,Spikes,Ice Shard	Shellder,Cloyster	64	63	Water,Ice	55.0	Cloyster	Shellder	Grass,Electric	Water	2 slots, levels 63-64. Offense covers 2 types. Shared weakness: Grass, Electric. A pure Water type resists everything it carries. Speed spans 40-70 base, fastest Cloyster, slowest Shellder.	data.js:trainers[242].normal	Measured	derived: team analysis; strategy_notes Inferred
242	SwimmerM Barry	NA	route	Route 20	hardcore	10	May	73	FALSE	10|Route 20|SwimmerM Barry	2	Shellder:63:63:Overcoat:NONE:Gentle:10/10/10/10/10/10:0/0/0/0/0/0:Shell Smash,Hydro Pump,Ice Beam,Iron Defense|Cloyster:64:64:Battle Armor:NONE:Relaxed:10/10/10/10/10/10:0/0/0/0/0/0:Shell Smash,Icicle Crash,Spikes,Ice Shard	Shellder,Cloyster	64	63	Water,Ice	55.0	Cloyster	Shellder	Grass,Electric	Water	2 slots, levels 63-64. Offense covers 2 types. Shared weakness: Grass, Electric. A pure Water type resists everything it carries. Speed spans 40-70 base, fastest Cloyster, slowest Shellder.	data.js:trainers[242].hardcore	Measured	derived: team analysis; strategy_notes Inferred
243	SwimmerM Dean	NA	route	Route 20	normal	10	May	73	FALSE	10|Route 20|SwimmerM Dean	1	Swampert:65:65:Damp:NONE:Timid:10/10/10/10/10/10:0/0/0/0/0/0:Earthquake,Take Down,Muddy Water,Protect	Swampert	65	65	Normal,Ground,Water	60.0	Swampert	Swampert	NONE	NONE	1 slots, levels 65-65. Offense covers 3 types. No weakness shared by half the team. Speed spans 60-60 base, fastest Swampert, slowest Swampert.	data.js:trainers[243].normal	Measured	derived: team analysis; strategy_notes Inferred
243	SwimmerM Dean	NA	route	Route 20	hardcore	10	May	73	FALSE	10|Route 20|SwimmerM Dean	1	Swampert:65:65:Damp:NONE:Timid:10/10/10/10/10/10:0/0/0/0/0/0:Earthquake,Take Down,Muddy Water,Protect	Swampert	65	65	Normal,Ground,Water	60.0	Swampert	Swampert	NONE	NONE	1 slots, levels 65-65. Offense covers 3 types. No weakness shared by half the team. Speed spans 60-60 base, fastest Swampert, slowest Swampert.	data.js:trainers[243].hardcore	Measured	derived: team analysis; strategy_notes Inferred
244	SwimmerM Darrin	NA	boss_candidate	Route 20	normal	10	May	73	FALSE	10|Route 20|SwimmerM Darrin	4	Seadra:62:62:Damp:NONE:Hardy:10/10/10/10/10/10:0/0/0/0/0/0:Dragon Dance,Dragon Pulse,Agility,Brine|Barraskewda:62:62:Stalwart:NONE:Lax:10/10/10/10/10/10:0/0/0/0/0/0:Double-Edge,Liquidation,Crunch,Laser Focus|Kingdra:63:63:Damp:NONE:Lonely:10/10/10/10/10/10:0/0/0/0/0/0:Snipe Shot,Dragon Dance,Dragon Pulse,Agility|Seadra:64:64:Damp:NONE:Hardy:10/10/10/10/10/10:0/0/0/0/0/0:Dragon Dance,Dragon Pulse,Agility,Brine	Seadra,Barraskewda,Kingdra,Seadra	64	62	Normal,Water,Dragon,Dark	97.8	Barraskewda	Seadra	Grass,Electric	NONE	4 slots, levels 62-64. Offense covers 4 types. Shared weakness: Grass, Electric. Speed spans 85-136 base, fastest Barraskewda, slowest Seadra.	data.js:trainers[244].normal	Measured	derived: team analysis; strategy_notes Inferred
244	SwimmerM Darrin	NA	boss_candidate	Route 20	hardcore	10	May	73	FALSE	10|Route 20|SwimmerM Darrin	4	Seadra:62:62:Damp:NONE:Hardy:10/10/10/10/10/10:0/0/0/0/0/0:Dragon Dance,Dragon Pulse,Agility,Brine|Barraskewda:62:62:Stalwart:NONE:Lax:10/10/10/10/10/10:0/0/0/0/0/0:Double-Edge,Liquidation,Crunch,Laser Focus|Kingdra:63:63:Damp:NONE:Lonely:10/10/10/10/10/10:0/0/0/0/0/0:Snipe Shot,Dragon Dance,Dragon Pulse,Agility|Seadra:64:64:Damp:NONE:Hardy:10/10/10/10/10/10:0/0/0/0/0/0:Dragon Dance,Dragon Pulse,Agility,Brine	Seadra,Barraskewda,Kingdra,Seadra	64	62	Normal,Water,Dragon,Dark	97.8	Barraskewda	Seadra	Grass,Electric	NONE	4 slots, levels 62-64. Offense covers 4 types. Shared weakness: Grass, Electric. Speed spans 85-136 base, fastest Barraskewda, slowest Seadra.	data.js:trainers[244].hardcore	Measured	derived: team analysis; strategy_notes Inferred
245	SwimmerM Spencer	NA	route	Route 21 North	normal	10	May	73	FALSE	10|Route 21 North|SwimmerM Spencer	2	Inteleon:63:63:Sniper:NONE:Naughty:10/10/10/10/10/10:0/0/0/0/0/0:Hydro Pump,Rain Dance,Soak,Liquidation|Tentacruel:64:64:Clear Body:NONE:Hasty:10/10/10/10/10/10:0/0/0/0/0/0:Hydro Pump,Sludge Wave,Hex,Screech	Inteleon,Tentacruel	64	63	Poison,Ghost,Water	110.0	Inteleon	Tentacruel	Electric	NONE	2 slots, levels 63-64. Offense covers 3 types. Shared weakness: Electric. Speed spans 100-120 base, fastest Inteleon, slowest Tentacruel.	data.js:trainers[245].normal	Measured	derived: team analysis; strategy_notes Inferred
245	SwimmerM Spencer	NA	route	Route 21 North	hardcore	10	May	73	FALSE	10|Route 21 North|SwimmerM Spencer	2	Inteleon:63:63:Sniper:NONE:Naughty:10/10/10/10/10/10:0/0/0/0/0/0:Hydro Pump,Rain Dance,Soak,Liquidation|Tentacruel:64:64:Clear Body:NONE:Hasty:10/10/10/10/10/10:0/0/0/0/0/0:Hydro Pump,Sludge Wave,Hex,Screech	Inteleon,Tentacruel	64	63	Poison,Ghost,Water	110.0	Inteleon	Tentacruel	Electric	NONE	2 slots, levels 63-64. Offense covers 3 types. Shared weakness: Electric. Speed spans 100-120 base, fastest Inteleon, slowest Tentacruel.	data.js:trainers[245].hardcore	Measured	derived: team analysis; strategy_notes Inferred
246	SwimmerM Jack	NA	route	Route 21 South	normal	10	May	73	FALSE	10|Route 21 South|SwimmerM Jack	1	Starmie:65:65:Analytic:NONE:Naive:10/10/10/10/10/10:0/0/0/0/0/0:Meteor Beam,Confuse Ray,Psybeam,Recover	Starmie	65	65	Rock,Psychic	115.0	Starmie	Starmie	NONE	Steel	1 slots, levels 65-65. Offense covers 2 types. No weakness shared by half the team. A pure Steel type resists everything it carries. Speed spans 115-115 base, fastest Starmie, slowest Starmie.	data.js:trainers[246].normal	Measured	derived: team analysis; strategy_notes Inferred
246	SwimmerM Jack	NA	route	Route 21 South	hardcore	10	May	73	FALSE	10|Route 21 South|SwimmerM Jack	1	Starmie:65:65:Analytic:NONE:Naive:10/10/10/10/10/10:0/0/0/0/0/0:Meteor Beam,Confuse Ray,Psybeam,Recover	Starmie	65	65	Rock,Psychic	115.0	Starmie	Starmie	NONE	Steel	1 slots, levels 65-65. Offense covers 2 types. No weakness shared by half the team. A pure Steel type resists everything it carries. Speed spans 115-115 base, fastest Starmie, slowest Starmie.	data.js:trainers[246].hardcore	Measured	derived: team analysis; strategy_notes Inferred
247	SwimmerM Jerome	NA	route	Route 21 South	normal	10	May	73	FALSE	10|Route 21 South|SwimmerM Jerome	2	Simipour:63:63:Sage Power:NONE:Jolly:10/10/10/10/10/10:0/0/0/0/0/0:Fury Swipes,Lick,Leer,Scald|Blastoise:64:64:Rain Dish:NONE:Naive:10/10/10/10/10/10:0/0/0/0/0/0:Shell Smash,Hydro Pump,Rain Dance,Iron Defense	Simipour,Blastoise	64	63	Normal,Ghost,Water	89.5	Simipour	Blastoise	Grass,Electric	NONE	2 slots, levels 63-64. Offense covers 3 types. Shared weakness: Grass, Electric. Speed spans 78-101 base, fastest Simipour, slowest Blastoise.	data.js:trainers[247].normal	Measured	derived: team analysis; strategy_notes Inferred
247	SwimmerM Jerome	NA	route	Route 21 South	hardcore	10	May	73	FALSE	10|Route 21 South|SwimmerM Jerome	2	Simipour:63:63:Sage Power:NONE:Jolly:10/10/10/10/10/10:0/0/0/0/0/0:Fury Swipes,Lick,Leer,Scald|Blastoise:64:64:Rain Dish:NONE:Naive:10/10/10/10/10/10:0/0/0/0/0/0:Shell Smash,Hydro Pump,Rain Dance,Iron Defense	Simipour,Blastoise	64	63	Normal,Ghost,Water	89.5	Simipour	Blastoise	Grass,Electric	NONE	2 slots, levels 63-64. Offense covers 3 types. Shared weakness: Grass, Electric. Speed spans 78-101 base, fastest Simipour, slowest Blastoise.	data.js:trainers[247].hardcore	Measured	derived: team analysis; strategy_notes Inferred
248	SwimmerM Roland	NA	route	Route 21 South	normal	10	May	73	FALSE	10|Route 21 South|SwimmerM Roland	3	Poliwhirl:63:63:Swift Swim:NONE:Timid:10/10/10/10/10/10:0/0/0/0/0/0:Mud Bomb,Hydro Pump,Wake-Up Slap,Belly Drum|Ludicolo:64:64:Own Tempo:NONE:Hasty:10/10/10/10/10/10:0/0/0/0/0/0:Aqua Step,Nature Power,Mega Drain,Growl|Seismitoad:64:64:Water Absorb:NONE:Rash:10/10/10/10/10/10:0/0/0/0/0/0:Wave Crash,Hydro Pump,Echoed Voice,Flail	Poliwhirl,Ludicolo,Seismitoad	64	63	Normal,Fighting,Ground,Water,Grass	78.0	Poliwhirl	Ludicolo	Grass	NONE	3 slots, levels 63-64. Offense covers 5 types. Shared weakness: Grass. Speed spans 70-90 base, fastest Poliwhirl, slowest Ludicolo.	data.js:trainers[248].normal	Measured	derived: team analysis; strategy_notes Inferred
248	SwimmerM Roland	NA	route	Route 21 South	hardcore	10	May	73	FALSE	10|Route 21 South|SwimmerM Roland	3	Poliwhirl:63:63:Swift Swim:NONE:Timid:10/10/10/10/10/10:0/0/0/0/0/0:Mud Bomb,Hydro Pump,Wake-Up Slap,Belly Drum|Ludicolo:64:64:Own Tempo:NONE:Hasty:10/10/10/10/10/10:0/0/0/0/0/0:Aqua Step,Nature Power,Mega Drain,Growl|Seismitoad:64:64:Water Absorb:NONE:Rash:10/10/10/10/10/10:0/0/0/0/0/0:Wave Crash,Hydro Pump,Echoed Voice,Flail	Poliwhirl,Ludicolo,Seismitoad	64	63	Normal,Fighting,Ground,Water,Grass	78.0	Poliwhirl	Ludicolo	Grass	NONE	3 slots, levels 63-64. Offense covers 5 types. Shared weakness: Grass. Speed spans 70-90 base, fastest Poliwhirl, slowest Ludicolo.	data.js:trainers[248].hardcore	Measured	derived: team analysis; strategy_notes Inferred
249	Cue Ball Koji	NA	route	Route 16	normal	9	Koga	68	TRUE	9|Route 16|Cue Ball Koji	1	Dracozolt:65:104:Sand Rush:Magnet:Jolly:31/31/31/31/31/31:0/252/0/0/4/252:Bolt Beak,Dragon Claw,Earthquake,Fire Blast	Dracozolt	65	65	Ground,Fire,Electric,Dragon	75.0	Dracozolt	Dracozolt	NONE	NONE	1 slots, levels 65-65. Offense covers 4 types. No weakness shared by half the team. Speed spans 75-75 base, fastest Dracozolt, slowest Dracozolt. LEVEL-SCALED: rescales to the player, excluded from scoring.	data.js:trainers[249].normal	Measured	derived: team analysis; strategy_notes Inferred
249	Cue Ball Koji	NA	route	Route 16	hardcore	9	Koga	68	TRUE	9|Route 16|Cue Ball Koji	2	Kingler:66:101:Sheer Force:Kinglerite:Jolly:31/31/31/31/31/31:0/0/0/0/0/0:Crabhammer,Meteor Mash,Close Combat,Aqua Jet|Dracozolt:66:101:Sand Rush:Electric Gem:Jolly:31/31/31/31/31/31:0/0/0/0/0/0:Bolt Beak,Dragon Claw,Earthquake,Fire Blast	Kingler,Dracozolt	66	66	Fighting,Ground,Steel,Fire,Water,Electric,Dragon	75.0	Kingler	Kingler	NONE	NONE	2 slots, levels 66-66. Offense covers 7 types. No weakness shared by half the team. Speed spans 75-75 base, fastest Kingler, slowest Kingler. LEVEL-SCALED: rescales to the player, excluded from scoring.	data.js:trainers[249].hardcore	Measured	derived: team analysis; strategy_notes Inferred
250	Cue Ball Luke	NA	route	Route 16	normal	9	Koga	68	TRUE	9|Route 16|Cue Ball Luke	2	Dugtrio:65:104:Sand Veil:Life Orb:Jolly:31/31/31/31/31/31:0/252/0/0/4/252:Earthquake,Stone Edge,Aerial Ace,Sucker Punch|Hariyama:65:104:Sheer Force:Assault Vest:Careful:31/31/31/31/31/31:252/252/0/0/4/0:Fake Out,Knock Off,Drain Punch,Heavy Slam	Dugtrio,Hariyama	65	65	Normal,Fighting,Flying,Ground,Rock,Steel,Dark	85.0	Dugtrio	Hariyama	NONE	NONE	2 slots, levels 65-65. Offense covers 7 types. No weakness shared by half the team. Speed spans 50-120 base, fastest Dugtrio, slowest Hariyama. LEVEL-SCALED: rescales to the player, excluded from scoring.	data.js:trainers[250].normal	Measured	derived: team analysis; strategy_notes Inferred
250	Cue Ball Luke	NA	route	Route 16	hardcore	9	Koga	68	TRUE	9|Route 16|Cue Ball Luke	3	Zygarde-10%:66:101:UNK:Life Orb:Jolly:31/31/31/31/31/31:0/0/0/0/0/0:Thousand Arrows,Extreme Speed,Draco Barrage,Glare|Hariyama:67:102:Sheer Force:Assault Vest:Careful:31/31/31/31/31/31:0/0/0/0/0/0:Fake Out,Knock Off,Drain Punch,Heavy Slam|Golem:66:101:Sand Veil:Rock Gem:Adamant:31/31/31/31/31/31:0/0/0/0/0/0:Head Smash,Headlong Rush,Sucker Punch,Explosion	Zygarde-10%,Hariyama,Golem	67	66	Normal,Fighting,Ground,Rock,Steel,Dragon,Dark	70.0	Zygarde-10%	Golem	Ice,Fairy	NONE	3 slots, levels 66-67. Offense covers 7 types. Shared weakness: Ice, Fairy. Speed spans 45-115 base, fastest Zygarde-10%, slowest Golem. LEVEL-SCALED: rescales to the player, excluded from scoring.	data.js:trainers[250].hardcore	Measured	derived: team analysis; strategy_notes Inferred
251	Cue Ball Camron	NA	boss_candidate	Route 16	normal	9	Koga	68	TRUE	9|Route 16|Cue Ball Camron	4	Swampert:65:104:Damp:Leftovers:Sassy:31/31/31/31/31/31:252/4/252/0/0/0:Stealth Rock,Flip Turn,Earthquake,Yawn|Revavroom:65:104:Solid Rock:Air Balloon:Jolly:31/31/31/31/31/31:0/252/4/0/0/252:Shift Gear,Iron Head,Gunk Shot,High Horsepower|Scizor:65:104:UNK:Scizorite:Adamant:31/31/31/31/31/31:252/252/4/0/0/0:U-turn,Bullet Punch,Rock Smash,Knock Off|Cacturne:65:104:Sand Rush:Life Orb:Jolly:31/31/31/31/31/31:0/252/4/0/0/252:Needle Arm,Sucker Punch,Knock Off,Swords Dance	Swampert,Revavroom,Scizor,Cacturne	65	65	Fighting,Poison,Ground,Bug,Steel,Water,Grass,Dark	67.5	Revavroom	Cacturne	Fire	NONE	4 slots, levels 65-65. Offense covers 8 types. Shared weakness: Fire. Speed spans 55-90 base, fastest Revavroom, slowest Cacturne. LEVEL-SCALED: rescales to the player, excluded from scoring.	data.js:trainers[251].normal	Measured	derived: team analysis; strategy_notes Inferred
251	Cue Ball Camron	NA	boss_candidate	Route 16	hardcore	9	Koga	68	TRUE	9|Route 16|Cue Ball Camron	5	Swampert:65:104:Damp:Rindo Berry:Sassy:31/31/31/31/31/31:0/0/0/0/0/0:Stealth Rock,Flip Turn,Earthquake,Yawn|Aerodactyl:66:101:Unnerve:Rock Gem:Jolly:31/31/31/31/31/31:0/0/0/0/0/0:Brave Bird,Head Smash,Earthquake,U-turn|Scizor:66:101:UNK:Scizorite:Adamant:31/31/31/31/31/31:0/0/0/0/0/0:U-turn,Bullet Punch,Rock Smash,Knock Off|Garchomp:66:101:Iron Barbs:Focus Sash:Jolly:31/31/31/31/31/31:0/0/0/0/0/0:Swords Dance,Earthquake,Stone Edge,Scale Shot|Cacturne:66:101:Sand Rush:Life Orb:Jolly:31/31/31/31/31/31:0/0/0/0/0/0:Needle Arm,Sucker Punch,Knock Off,Swords Dance	Swampert,Aerodactyl,Scizor,Garchomp,Cacturne	66	65	Fighting,Flying,Ground,Rock,Bug,Steel,Water,Grass,Dragon,Dark	82.4	Aerodactyl	Cacturne	Ice	NONE	5 slots, levels 65-66. Offense covers 10 types. Shared weakness: Ice. Speed spans 55-130 base, fastest Aerodactyl, slowest Cacturne. LEVEL-SCALED: rescales to the player, excluded from scoring.	data.js:trainers[251].hardcore	Measured	derived: team analysis; strategy_notes Inferred
252	Cue Ball Raul	NA	route	Route 17	normal	9	Koga	68	FALSE	9|Route 17|Cue Ball Raul	2	Poliwrath:55:55:Swift Swim:NONE:Quiet:10/10/10/10/10/10:0/0/0/0/0/0:Surging Strikes,Jet Punch,Dynamic Punch,Double Slap|Cyclizar:55:55:Regenerator:NONE:Jolly:10/10/10/10/10/10:0/0/0/0/0/0:Shed Tail,Shift Gear,Dragon Rush,Double-Edge	Poliwrath,Cyclizar	55	55	Normal,Fighting,Water,Dragon	95.5	Cyclizar	Poliwrath	Fairy	NONE	2 slots, levels 55-55. Offense covers 4 types. Shared weakness: Fairy. Speed spans 70-121 base, fastest Cyclizar, slowest Poliwrath.	data.js:trainers[252].normal	Measured	derived: team analysis; strategy_notes Inferred
252	Cue Ball Raul	NA	route	Route 17	hardcore	9	Koga	68	FALSE	9|Route 17|Cue Ball Raul	2	Poliwrath:55:55:Swift Swim:NONE:Quiet:10/10/10/10/10/10:0/0/0/0/0/0:Surging Strikes,Jet Punch,Dynamic Punch,Double Slap|Cyclizar:55:55:Regenerator:NONE:Jolly:10/10/10/10/10/10:0/0/0/0/0/0:Shed Tail,Shift Gear,Dragon Rush,Double-Edge	Poliwrath,Cyclizar	55	55	Normal,Fighting,Water,Dragon	95.5	Cyclizar	Poliwrath	Fairy	NONE	2 slots, levels 55-55. Offense covers 4 types. Shared weakness: Fairy. Speed spans 70-121 base, fastest Cyclizar, slowest Poliwrath.	data.js:trainers[252].hardcore	Measured	derived: team analysis; strategy_notes Inferred
253	Cue Ball Isaiah	NA	route	Route 17	normal	9	Koga	68	FALSE	9|Route 17|Cue Ball Isaiah	2	Zangoose:55:55:Toxic Boost:NONE:Mild:10/10/10/10/10/10:0/0/0/0/0/0:Close Combat,Swords Dance,Agility,Taunt|Seviper:55:55:Fatal Precision:NONE:Hasty:10/10/10/10/10/10:0/0/0/0/0/0:Hypnosis,Gunk Shot,Wring Out,Coil	Zangoose,Seviper	55	55	Normal,Fighting,Poison	92.5	Zangoose	Seviper	NONE	Ghost	2 slots, levels 55-55. Offense covers 3 types. No weakness shared by half the team. A pure Ghost type resists everything it carries. Speed spans 85-100 base, fastest Zangoose, slowest Seviper.	data.js:trainers[253].normal	Measured	derived: team analysis; strategy_notes Inferred
253	Cue Ball Isaiah	NA	route	Route 17	hardcore	9	Koga	68	FALSE	9|Route 17|Cue Ball Isaiah	2	Zangoose:55:55:Toxic Boost:NONE:Mild:10/10/10/10/10/10:0/0/0/0/0/0:Close Combat,Swords Dance,Agility,Taunt|Seviper:55:55:Fatal Precision:NONE:Hasty:10/10/10/10/10/10:0/0/0/0/0/0:Hypnosis,Gunk Shot,Wring Out,Coil	Zangoose,Seviper	55	55	Normal,Fighting,Poison	92.5	Zangoose	Seviper	NONE	Ghost	2 slots, levels 55-55. Offense covers 3 types. No weakness shared by half the team. A pure Ghost type resists everything it carries. Speed spans 85-100 base, fastest Zangoose, slowest Seviper.	data.js:trainers[253].hardcore	Measured	derived: team analysis; strategy_notes Inferred
254	Cue Ball Zeek	NA	route	Route 17	normal	9	Koga	68	FALSE	9|Route 17|Cue Ball Zeek	1	Hitmonchan:56:56:Inner Focus:NONE:Relaxed:10/10/10/10/10/10:0/0/0/0/0/0:Close Combat,Sucker Punch,Mega Punch,Sky Uppercut	Hitmonchan	56	56	Normal,Fighting,Dark	76.0	Hitmonchan	Hitmonchan	NONE	NONE	1 slots, levels 56-56. Offense covers 3 types. No weakness shared by half the team. Speed spans 76-76 base, fastest Hitmonchan, slowest Hitmonchan.	data.js:trainers[254].normal	Measured	derived: team analysis; strategy_notes Inferred
254	Cue Ball Zeek	NA	route	Route 17	hardcore	9	Koga	68	FALSE	9|Route 17|Cue Ball Zeek	1	Hitmonchan:56:56:Inner Focus:NONE:Relaxed:10/10/10/10/10/10:0/0/0/0/0/0:Close Combat,Sucker Punch,Mega Punch,Sky Uppercut	Hitmonchan	56	56	Normal,Fighting,Dark	76.0	Hitmonchan	Hitmonchan	NONE	NONE	1 slots, levels 56-56. Offense covers 3 types. No weakness shared by half the team. Speed spans 76-76 base, fastest Hitmonchan, slowest Hitmonchan.	data.js:trainers[254].hardcore	Measured	derived: team analysis; strategy_notes Inferred
255	Cue Ball Jamal	NA	boss_candidate	Route 17	normal	9	Koga	68	FALSE	9|Route 17|Cue Ball Jamal	4	Feraligatr:55:55:Strong Jaw:NONE:Serious:10/10/10/10/10/10:0/0/0/0/0/0:Dragon Dance,Jaw Lock,Triple Dive,Superpower|Rapidash:55:55:Reckless:NONE:Modest:10/10/10/10/10/10:0/0/0/0/0/0:Jump Kick,Flare Blitz,Bounce,Fire Blast|Obstagoon:56:56:Defiant:NONE:Bold:10/10/10/10/10/10:0/0/0/0/0/0:Sucker Punch,Double-Edge,Taunt,Counter|Dodrio:56:56:Rock Head:NONE:Careful:10/10/10/10/10/10:0/0/0/0/0/0:Brave Bird,Thrash,Endeavor,Double-Edge	Feraligatr,Rapidash,Obstagoon,Dodrio	56	55	Normal,Fighting,Flying,Fire,Water,Dark	102.0	Rapidash	Feraligatr	Electric,Rock	NONE	4 slots, levels 55-56. Offense covers 6 types. Shared weakness: Electric, Rock. Speed spans 78-125 base, fastest Rapidash, slowest Feraligatr.	data.js:trainers[255].normal	Measured	derived: team analysis; strategy_notes Inferred
255	Cue Ball Jamal	NA	boss_candidate	Route 17	hardcore	9	Koga	68	FALSE	9|Route 17|Cue Ball Jamal	4	Feraligatr:55:55:Strong Jaw:NONE:Serious:10/10/10/10/10/10:0/0/0/0/0/0:Dragon Dance,Jaw Lock,Triple Dive,Superpower|Rapidash:55:55:Reckless:NONE:Modest:10/10/10/10/10/10:0/0/0/0/0/0:Jump Kick,Flare Blitz,Bounce,Fire Blast|Obstagoon:56:56:Defiant:NONE:Bold:10/10/10/10/10/10:0/0/0/0/0/0:Sucker Punch,Double-Edge,Taunt,Counter|Dodrio:56:56:Rock Head:NONE:Careful:10/10/10/10/10/10:0/0/0/0/0/0:Brave Bird,Thrash,Endeavor,Double-Edge	Feraligatr,Rapidash,Obstagoon,Dodrio	56	55	Normal,Fighting,Flying,Fire,Water,Dark	102.0	Rapidash	Feraligatr	Electric,Rock	NONE	4 slots, levels 55-56. Offense covers 6 types. Shared weakness: Electric, Rock. Speed spans 78-125 base, fastest Rapidash, slowest Feraligatr.	data.js:trainers[255].hardcore	Measured	derived: team analysis; strategy_notes Inferred
256	Cue Ball Corey	NA	route	Route 17	normal	9	Koga	68	FALSE	9|Route 17|Cue Ball Corey	2	Huntail:56:56:Defiant:NONE:Careful:10/10/10/10/10/10:0/0/0/0/0/0:Wave Crash,Shell Smash,Aqua Fang,Crunch|Nidoking:56:56:Poison Touch:NONE:Quiet:10/10/10/10/10/10:0/0/0/0/0/0:Earth Power,Thrash,Chip Away,Poison Sting	Huntail,Nidoking	56	56	Normal,Poison,Ground,Water,Dark	68.5	Nidoking	Huntail	NONE	NONE	2 slots, levels 56-56. Offense covers 5 types. No weakness shared by half the team. Speed spans 52-85 base, fastest Nidoking, slowest Huntail.	data.js:trainers[256].normal	Measured	derived: team analysis; strategy_notes Inferred
256	Cue Ball Corey	NA	route	Route 17	hardcore	9	Koga	68	FALSE	9|Route 17|Cue Ball Corey	2	Huntail:56:56:Defiant:NONE:Careful:10/10/10/10/10/10:0/0/0/0/0/0:Wave Crash,Shell Smash,Aqua Fang,Crunch|Nidoking:56:56:Poison Touch:NONE:Quiet:10/10/10/10/10/10:0/0/0/0/0/0:Earth Power,Thrash,Chip Away,Poison Sting	Huntail,Nidoking	56	56	Normal,Poison,Ground,Water,Dark	68.5	Nidoking	Huntail	NONE	NONE	2 slots, levels 56-56. Offense covers 5 types. No weakness shared by half the team. Speed spans 52-85 base, fastest Nidoking, slowest Huntail.	data.js:trainers[256].hardcore	Measured	derived: team analysis; strategy_notes Inferred
258	Gambler Hugo	NA	route	Route 11	normal	2	Misty	27	FALSE	2|Route 11|Gambler Hugo	2	Poliwhirl:25:25:Swift Swim:NONE:Hasty:10/10/10/10/10/10:0/0/0/0/0/0:Mud Bomb,Hydro Pump,Wake-Up Slap,Belly Drum|Falinks:26:26:Defiant:NONE:Naughty:10/10/10/10/10/10:0/0/0/0/0/0:Counter,Megahorn,Close Combat,Lunge	Poliwhirl,Falinks	26	25	Fighting,Ground,Bug,Water	82.5	Poliwhirl	Falinks	NONE	NONE	2 slots, levels 25-26. Offense covers 4 types. No weakness shared by half the team. Speed spans 75-90 base, fastest Poliwhirl, slowest Falinks.	data.js:trainers[258].normal	Measured	derived: team analysis; strategy_notes Inferred
258	Gambler Hugo	NA	route	Route 11	hardcore	2	Misty	27	FALSE	2|Route 11|Gambler Hugo	2	Poliwhirl:25:25:Swift Swim:NONE:Hasty:10/10/10/10/10/10:0/0/0/0/0/0:Mud Bomb,Hydro Pump,Wake-Up Slap,Belly Drum|Falinks:26:26:Defiant:NONE:Naughty:10/10/10/10/10/10:0/0/0/0/0/0:Counter,Megahorn,Close Combat,Lunge	Poliwhirl,Falinks	26	25	Fighting,Ground,Bug,Water	82.5	Poliwhirl	Falinks	NONE	NONE	2 slots, levels 25-26. Offense covers 4 types. No weakness shared by half the team. Speed spans 75-90 base, fastest Poliwhirl, slowest Falinks.	data.js:trainers[258].hardcore	Measured	derived: team analysis; strategy_notes Inferred
259	Gambler Jasper	NA	route	Route 11	normal	2	Misty	27	FALSE	2|Route 11|Gambler Jasper	2	Weepinbell:24:24:Gluttony:NONE:Careful:10/10/10/10/10/10:0/0/0/0/0/0:Wring Out,Slam,Poison Jab,Razor Leaf|Flamigo:26:26:UNK:NONE:Naive:10/10/10/10/10/10:0/0/0/0/0/0:Brave Bird,Throat Chop,Wide Guard,Mega Kick	Weepinbell,Flamigo	26	24	Normal,Flying,Poison,Grass,Dark	72.5	Flamigo	Weepinbell	Flying,Psychic,Ice	NONE	2 slots, levels 24-26. Offense covers 5 types. Shared weakness: Flying, Psychic, Ice. Speed spans 55-90 base, fastest Flamigo, slowest Weepinbell.	data.js:trainers[259].normal	Measured	derived: team analysis; strategy_notes Inferred
259	Gambler Jasper	NA	route	Route 11	hardcore	2	Misty	27	FALSE	2|Route 11|Gambler Jasper	2	Weepinbell:24:24:Gluttony:NONE:Careful:10/10/10/10/10/10:0/0/0/0/0/0:Wring Out,Slam,Poison Jab,Razor Leaf|Flamigo:26:26:UNK:NONE:Naive:10/10/10/10/10/10:0/0/0/0/0/0:Brave Bird,Throat Chop,Wide Guard,Mega Kick	Weepinbell,Flamigo	26	24	Normal,Flying,Poison,Grass,Dark	72.5	Flamigo	Weepinbell	Flying,Psychic,Ice	NONE	2 slots, levels 24-26. Offense covers 5 types. Shared weakness: Flying, Psychic, Ice. Speed spans 55-90 base, fastest Flamigo, slowest Weepinbell.	data.js:trainers[259].hardcore	Measured	derived: team analysis; strategy_notes Inferred
260	Gambler Dirk	NA	route	Route 11	normal	2	Misty	27	FALSE	2|Route 11|Gambler Dirk	2	Voltorb:25:25:Galvanize:NONE:Bold:10/10/10/10/10/10:0/0/0/0/0/0:Court Change,Mirror Coat,Gyro Ball,Explosion|Electrike:26:26:Minus:NONE:Lax:10/10/10/10/10/10:0/0/0/0/0/0:Thunder,Charge,Wild Charge,Roar	Voltorb,Electrike	26	25	Normal,Steel,Electric,Psychic	82.5	Voltorb	Electrike	Ground	NONE	2 slots, levels 25-26. Offense covers 4 types. Shared weakness: Ground. Speed spans 65-100 base, fastest Voltorb, slowest Electrike.	data.js:trainers[260].normal	Measured	derived: team analysis; strategy_notes Inferred
260	Gambler Dirk	NA	route	Route 11	hardcore	2	Misty	27	FALSE	2|Route 11|Gambler Dirk	2	Voltorb:25:25:Galvanize:NONE:Bold:10/10/10/10/10/10:0/0/0/0/0/0:Court Change,Mirror Coat,Gyro Ball,Explosion|Electrike:26:26:Minus:NONE:Lax:10/10/10/10/10/10:0/0/0/0/0/0:Thunder,Charge,Wild Charge,Roar	Voltorb,Electrike	26	25	Normal,Steel,Electric,Psychic	82.5	Voltorb	Electrike	Ground	NONE	2 slots, levels 25-26. Offense covers 4 types. Shared weakness: Ground. Speed spans 65-100 base, fastest Voltorb, slowest Electrike.	data.js:trainers[260].hardcore	Measured	derived: team analysis; strategy_notes Inferred
261	Gambler Darian	NA	route	Route 11	normal	2	Misty	27	FALSE	2|Route 11|Gambler Darian	2	Growlithe:25:25:Justified:NONE:Adamant:10/10/10/10/10/10:0/0/0/0/0/0:Flare Blitz,Outrage,Heat Wave,Crunch|Varoom:25:25:Solid Rock:NONE:Mild:10/10/10/10/10/10:0/0/0/0/0/0:Gunk Shot,Spin Out,Uproar,Poison Jab	Growlithe,Varoom	25	25	Normal,Poison,Steel,Fire,Dragon,Dark	53.5	Growlithe	Varoom	Ground	NONE	2 slots, levels 25-25. Offense covers 6 types. Shared weakness: Ground. Speed spans 47-60 base, fastest Growlithe, slowest Varoom.	data.js:trainers[261].normal	Measured	derived: team analysis; strategy_notes Inferred
261	Gambler Darian	NA	route	Route 11	hardcore	2	Misty	27	FALSE	2|Route 11|Gambler Darian	2	Growlithe:25:25:Justified:NONE:Adamant:10/10/10/10/10/10:0/0/0/0/0/0:Flare Blitz,Outrage,Heat Wave,Crunch|Varoom:25:25:Solid Rock:NONE:Mild:10/10/10/10/10/10:0/0/0/0/0/0:Gunk Shot,Spin Out,Uproar,Poison Jab	Growlithe,Varoom	25	25	Normal,Poison,Steel,Fire,Dragon,Dark	53.5	Growlithe	Varoom	Ground	NONE	2 slots, levels 25-25. Offense covers 6 types. Shared weakness: Ground. Speed spans 47-60 base, fastest Growlithe, slowest Varoom.	data.js:trainers[261].hardcore	Measured	derived: team analysis; strategy_notes Inferred
262	Gambler Stan	NA	route	Route 8	normal	3	Surge	34	FALSE	3|Route 8|Gambler Stan	3	Poliwhirl:35:35:Swift Swim:NONE:Naughty:10/10/10/10/10/10:0/0/0/0/0/0:Mud Bomb,Hydro Pump,Wake-Up Slap,Belly Drum|Ponyta:36:36:Flame Body:NONE:Relaxed:10/10/10/10/10/10:0/0/0/0/0/0:Flare Blitz,Bounce,Fire Blast,Agility|Numel:37:37:Own Tempo:NONE:Relaxed:10/10/10/10/10/10:0/0/0/0/0/0:Double-Edge,Flamethrower,Earthquake,Yawn	Poliwhirl,Ponyta,Numel	37	35	Normal,Fighting,Flying,Ground,Fire,Water	71.7	Poliwhirl	Numel	Ground,Water	NONE	3 slots, levels 35-37. Offense covers 6 types. Shared weakness: Ground, Water. Speed spans 35-90 base, fastest Poliwhirl, slowest Numel.	data.js:trainers[262].normal	Measured	derived: team analysis; strategy_notes Inferred
262	Gambler Stan	NA	route	Route 8	hardcore	3	Surge	34	FALSE	3|Route 8|Gambler Stan	3	Poliwhirl:35:35:Swift Swim:NONE:Naughty:10/10/10/10/10/10:0/0/0/0/0/0:Mud Bomb,Hydro Pump,Wake-Up Slap,Belly Drum|Ponyta:36:36:Flame Body:NONE:Relaxed:10/10/10/10/10/10:0/0/0/0/0/0:Flare Blitz,Bounce,Fire Blast,Agility|Numel:37:37:Own Tempo:NONE:Relaxed:10/10/10/10/10/10:0/0/0/0/0/0:Double-Edge,Flamethrower,Earthquake,Yawn	Poliwhirl,Ponyta,Numel	37	35	Normal,Fighting,Flying,Ground,Fire,Water	71.7	Poliwhirl	Numel	Ground,Water	NONE	3 slots, levels 35-37. Offense covers 6 types. Shared weakness: Ground, Water. Speed spans 35-90 base, fastest Poliwhirl, slowest Numel.	data.js:trainers[262].hardcore	Measured	derived: team analysis; strategy_notes Inferred
264	Gambler Rich	NA	route	Route 8	normal	3	Surge	34	FALSE	3|Route 8|Gambler Rich	2	Houndour:35:35:Unnerve:NONE:Hardy:10/10/10/10/10/10:0/0/0/0/0/0:Inferno,Nasty Plot,Crunch,Flamethrower|Litleo:35:35:Adaptability:NONE:Quirky:10/10/10/10/10/10:0/0/0/0/0/0:Overheat,Incinerate,Hyper Voice,Crunch	Houndour,Litleo	35	35	Normal,Fire,Dark	68.5	Litleo	Houndour	Fighting,Ground,Rock,Water	NONE	2 slots, levels 35-35. Offense covers 3 types. Shared weakness: Fighting, Ground, Rock, Water. Speed spans 65-72 base, fastest Litleo, slowest Houndour.	data.js:trainers[264].normal	Measured	derived: team analysis; strategy_notes Inferred
264	Gambler Rich	NA	route	Route 8	hardcore	3	Surge	34	FALSE	3|Route 8|Gambler Rich	2	Houndour:35:35:Unnerve:NONE:Hardy:10/10/10/10/10/10:0/0/0/0/0/0:Inferno,Nasty Plot,Crunch,Flamethrower|Litleo:35:35:Adaptability:NONE:Quirky:10/10/10/10/10/10:0/0/0/0/0/0:Overheat,Incinerate,Hyper Voice,Crunch	Houndour,Litleo	35	35	Normal,Fire,Dark	68.5	Litleo	Houndour	Fighting,Ground,Rock,Water	NONE	2 slots, levels 35-35. Offense covers 3 types. Shared weakness: Fighting, Ground, Rock, Water. Speed spans 65-72 base, fastest Litleo, slowest Houndour.	data.js:trainers[264].hardcore	Measured	derived: team analysis; strategy_notes Inferred
265	Beauty Bridget	NA	boss_candidate	Celadon City Gym	normal	4	Erika	44	FALSE	4|Celadon City Gym|Beauty Bridget	4	Oddish:37:37:Run Away:NONE:Timid:10/10/10/10/10/10:0/0/0/0/0/0:Strength Sap,Petal Dance,Grassy Terrain,Moonblast|Bellsprout:37:37:Chlorophyll:NONE:Adamant:10/10/10/10/10/10:0/0/0/0/0/0:Wring Out,Slam,Poison Jab,Razor Leaf|Cherubi:37:37:UNK:NONE:Lax:10/10/10/10/10/10:0/0/0/0/0/0:Double-Edge,Grav Apple,Petal Blizzard,Lucky Chant|Roselia:38:38:Natural Cure:NONE:Calm:10/10/10/10/10/10:0/0/0/0/0/0:Leaf Storm,Petal Dance,Synthesis,Aromatherapy	Oddish,Bellsprout,Cherubi,Roselia	38	37	Normal,Poison,Grass,Fairy	42.5	Roselia	Oddish	Flying,Fire,Psychic,Ice	Steel	4 slots, levels 37-38. Offense covers 4 types. Shared weakness: Flying, Fire, Psychic, Ice. A pure Steel type resists everything it carries. Speed spans 30-65 base, fastest Roselia, slowest Oddish.	data.js:trainers[265].normal	Measured	derived: team analysis; strategy_notes Inferred
265	Beauty Bridget	NA	boss_candidate	Celadon City Gym	hardcore	4	Erika	44	FALSE	4|Celadon City Gym|Beauty Bridget	4	Oddish:37:37:Run Away:NONE:Timid:10/10/10/10/10/10:0/0/0/0/0/0:Strength Sap,Petal Dance,Grassy Terrain,Moonblast|Bellsprout:37:37:Chlorophyll:NONE:Adamant:10/10/10/10/10/10:0/0/0/0/0/0:Wring Out,Slam,Poison Jab,Razor Leaf|Cherubi:37:37:UNK:NONE:Lax:10/10/10/10/10/10:0/0/0/0/0/0:Double-Edge,Grav Apple,Petal Blizzard,Lucky Chant|Roselia:38:38:Natural Cure:NONE:Calm:10/10/10/10/10/10:0/0/0/0/0/0:Leaf Storm,Petal Dance,Synthesis,Aromatherapy	Oddish,Bellsprout,Cherubi,Roselia	38	37	Normal,Poison,Grass,Fairy	42.5	Roselia	Oddish	Flying,Fire,Psychic,Ice	Steel	4 slots, levels 37-38. Offense covers 4 types. Shared weakness: Flying, Fire, Psychic, Ice. A pure Steel type resists everything it carries. Speed spans 30-65 base, fastest Roselia, slowest Oddish.	data.js:trainers[265].hardcore	Measured	derived: team analysis; strategy_notes Inferred
266	Beauty Tamia	NA	route	Celadon City Gym	normal	4	Erika	44	FALSE	4|Celadon City Gym|Beauty Tamia	2	Scovillain:35:35:UNK:NONE:Bashful:10/10/10/10/10/10:0/0/0/0/0/0:Overheat,Solar Beam,Seed Bomb,Crunch|Leavanny:35:35:Swarm:NONE:Gentle:10/10/10/10/10/10:0/0/0/0/0/0:Victory Dance,Sacred Sword,Leaf Storm,Swords Dance	Scovillain,Leavanny	35	35	Fighting,Fire,Grass,Dark	83.5	Leavanny	Scovillain	Flying,Poison,Rock	NONE	2 slots, levels 35-35. Offense covers 4 types. Shared weakness: Flying, Poison, Rock. Speed spans 75-92 base, fastest Leavanny, slowest Scovillain.	data.js:trainers[266].normal	Measured	derived: team analysis; strategy_notes Inferred
266	Beauty Tamia	NA	route	Celadon City Gym	hardcore	4	Erika	44	FALSE	4|Celadon City Gym|Beauty Tamia	2	Scovillain:35:35:UNK:NONE:Bashful:10/10/10/10/10/10:0/0/0/0/0/0:Overheat,Solar Beam,Seed Bomb,Crunch|Leavanny:35:35:Swarm:NONE:Gentle:10/10/10/10/10/10:0/0/0/0/0/0:Victory Dance,Sacred Sword,Leaf Storm,Swords Dance	Scovillain,Leavanny	35	35	Fighting,Fire,Grass,Dark	83.5	Leavanny	Scovillain	Flying,Poison,Rock	NONE	2 slots, levels 35-35. Offense covers 4 types. Shared weakness: Flying, Poison, Rock. Speed spans 75-92 base, fastest Leavanny, slowest Scovillain.	data.js:trainers[266].hardcore	Measured	derived: team analysis; strategy_notes Inferred
267	Beauty Lori	NA	route	Celadon City Gym	normal	4	Erika	44	FALSE	4|Celadon City Gym|Beauty Lori	1	Exeggutor-Alola:36:36:Harvest:NONE:Naughty:10/10/10/10/10/10:0/0/0/0/0/0:Chloroblast,Fickle Beam,Leaf Storm,Wood Hammer	Exeggutor-Alola	36	36	Grass,Dragon	45.0	Exeggutor-Alola	Exeggutor-Alola	NONE	Steel	1 slots, levels 36-36. Offense covers 2 types. No weakness shared by half the team. A pure Steel type resists everything it carries. Speed spans 45-45 base, fastest Exeggutor-Alola, slowest Exeggutor-Alola.	data.js:trainers[267].normal	Measured	derived: team analysis; strategy_notes Inferred
267	Beauty Lori	NA	route	Celadon City Gym	hardcore	4	Erika	44	FALSE	4|Celadon City Gym|Beauty Lori	1	Exeggutor-Alola:36:36:Harvest:NONE:Naughty:10/10/10/10/10/10:0/0/0/0/0/0:Chloroblast,Fickle Beam,Leaf Storm,Wood Hammer	Exeggutor-Alola	36	36	Grass,Dragon	45.0	Exeggutor-Alola	Exeggutor-Alola	NONE	Steel	1 slots, levels 36-36. Offense covers 2 types. No weakness shared by half the team. A pure Steel type resists everything it carries. Speed spans 45-45 base, fastest Exeggutor-Alola, slowest Exeggutor-Alola.	data.js:trainers[267].hardcore	Measured	derived: team analysis; strategy_notes Inferred
268	Beauty Lola	NA	route	Route 13	normal	9	Koga	68	TRUE	9|Route 13|Beauty Lola	3	Cherrim:65:104:UNK:Focus Sash:Jolly:31/31/31/31/31/31:0/252/4/0/0/252:Petal Blizzard,Safeguard,X-Scissor,Return|Venusaur:65:104:Chlorophyll:Sitrus Berry:Naive:31/31/31/31/31/31:0/4/0/252/0/252:Petal Blizzard,Safeguard,Earth Power,Weather Ball|Florges:65:104:Natural Cure:Assault Vest:Calm:31/30/31/30/31/30:252/0/0/4/252/0:Petal Blizzard,Moonblast,Safeguard,Hidden Power	Cherrim,Venusaur,Florges	65	65	Normal,Ground,Bug,Grass,Fairy	80.0	Cherrim	Florges	Flying,Poison,Fire,Ice	NONE	3 slots, levels 65-65. Offense covers 5 types. Shared weakness: Flying, Poison, Fire, Ice. Speed spans 75-85 base, fastest Cherrim, slowest Florges. LEVEL-SCALED: rescales to the player, excluded from scoring.	data.js:trainers[268].normal	Measured	derived: team analysis; strategy_notes Inferred
268	Beauty Lola	NA	route	Route 13	hardcore	9	Koga	68	TRUE	9|Route 13|Beauty Lola	3	Cherrim:66:101:UNK:Focus Sash:Jolly:31/31/31/31/31/31:0/0/0/0/0/0:Petal Blizzard,Safeguard,X-Scissor,Return|Venusaur:66:101:Chlorophyll:Sitrus Berry:Naive:31/31/31/31/31/31:0/0/0/0/0/0:Petal Blizzard,Safeguard,Earth Power,Weather Ball|Florges:66:101:Natural Cure:Assault Vest:Calm:31/30/31/30/31/30:0/0/0/0/0/0:Petal Blizzard,Moonblast,Safeguard,Hidden Power	Cherrim,Venusaur,Florges	66	66	Normal,Ground,Bug,Grass,Fairy	80.0	Cherrim	Florges	Flying,Poison,Fire,Ice	NONE	3 slots, levels 66-66. Offense covers 5 types. Shared weakness: Flying, Poison, Fire, Ice. Speed spans 75-85 base, fastest Cherrim, slowest Florges. LEVEL-SCALED: rescales to the player, excluded from scoring.	data.js:trainers[268].hardcore	Measured	derived: team analysis; strategy_notes Inferred
269	Beauty Sheila	NA	route	Route 13	normal	9	Koga	68	TRUE	9|Route 13|Beauty Sheila	2	Bouffalant:65:104:Reckless:Normal Gem:Adamant:31/31/31/31/31/31:252/252/0/0/0/4:Head Charge,High Horsepower,Zen Headbutt,Close Combat|Zebstrika:65:104:Lightning Rod:Magnet:Jolly:31/31/31/31/31/31:0/252/4/0/0/252:Bolt Strike,Flare Blitz,Low Kick,Return	Bouffalant,Zebstrika	65	65	Normal,Fighting,Ground,Fire,Electric,Psychic	90.5	Zebstrika	Bouffalant	NONE	NONE	2 slots, levels 65-65. Offense covers 6 types. No weakness shared by half the team. Speed spans 65-116 base, fastest Zebstrika, slowest Bouffalant. LEVEL-SCALED: rescales to the player, excluded from scoring.	data.js:trainers[269].normal	Measured	derived: team analysis; strategy_notes Inferred
269	Beauty Sheila	NA	route	Route 13	hardcore	9	Koga	68	TRUE	9|Route 13|Beauty Sheila	3	Goodra:66:101:Gooey:Assault Vest:Adamant:31/31/31/31/31/31:0/0/0/0/0/0:Dragon Hammer,Fire Punch,Drain Punch,Power Whip|Bouffalant:66:101:Reckless:Normal Gem:Adamant:31/31/31/31/31/31:0/0/0/0/0/0:Head Charge,High Horsepower,Zen Headbutt,Close Combat|Zebstrika:67:102:Lightning Rod:Electrium Z:Jolly:31/31/31/31/31/31:0/0/0/0/0/0:Bolt Strike,Flare Blitz,Low Kick,Return	Goodra,Bouffalant,Zebstrika	67	66	Normal,Fighting,Ground,Fire,Grass,Electric,Psychic,Dragon	87.0	Zebstrika	Bouffalant	NONE	NONE	3 slots, levels 66-67. Offense covers 8 types. No weakness shared by half the team. Speed spans 65-116 base, fastest Zebstrika, slowest Bouffalant. LEVEL-SCALED: rescales to the player, excluded from scoring.	data.js:trainers[269].hardcore	Measured	derived: team analysis; strategy_notes Inferred
270	SwimmerF Tiffany	NA	route	Route 20	normal	10	May	73	FALSE	10|Route 20|SwimmerF Tiffany	1	Lapras:65:65:UNK:NONE:Naughty:10/10/10/10/10/10:0/0/0/0/0/0:Dragon Hammer,Boomburst,Wish,Dragon Dance	Lapras	65	65	Normal,Dragon	60.0	Lapras	Lapras	NONE	Steel	1 slots, levels 65-65. Offense covers 2 types. No weakness shared by half the team. A pure Steel type resists everything it carries. Speed spans 60-60 base, fastest Lapras, slowest Lapras.	data.js:trainers[270].normal	Measured	derived: team analysis; strategy_notes Inferred
270	SwimmerF Tiffany	NA	route	Route 20	hardcore	10	May	73	FALSE	10|Route 20|SwimmerF Tiffany	1	Lapras:65:65:UNK:NONE:Naughty:10/10/10/10/10/10:0/0/0/0/0/0:Dragon Hammer,Boomburst,Wish,Dragon Dance	Lapras	65	65	Normal,Dragon	60.0	Lapras	Lapras	NONE	Steel	1 slots, levels 65-65. Offense covers 2 types. No weakness shared by half the team. A pure Steel type resists everything it carries. Speed spans 60-60 base, fastest Lapras, slowest Lapras.	data.js:trainers[270].hardcore	Measured	derived: team analysis; strategy_notes Inferred
271	SwimmerF Nora	NA	route	Route 20	normal	10	May	73	FALSE	10|Route 20|SwimmerF Nora	3	Kingler:63:63:Sheer Force:NONE:Careful:10/10/10/10/10/10:0/0/0/0/0/0:Ice Hammer,Meteor Mash,Flail,Crabhammer|Cloyster:64:64:Overcoat:NONE:Modest:10/10/10/10/10/10:0/0/0/0/0/0:Shell Smash,Icicle Crash,Spikes,Ice Shard|Seadra:65:65:Damp:NONE:Quirky:10/10/10/10/10/10:0/0/0/0/0/0:Dragon Dance,Dragon Pulse,Agility,Brine	Kingler,Cloyster,Seadra	65	63	Normal,Steel,Water,Ice,Dragon	76.7	Seadra	Cloyster	Grass,Electric	NONE	3 slots, levels 63-65. Offense covers 5 types. Shared weakness: Grass, Electric. Speed spans 70-85 base, fastest Seadra, slowest Cloyster.	data.js:trainers[271].normal	Measured	derived: team analysis; strategy_notes Inferred
271	SwimmerF Nora	NA	route	Route 20	hardcore	10	May	73	FALSE	10|Route 20|SwimmerF Nora	3	Kingler:63:63:Sheer Force:NONE:Careful:10/10/10/10/10/10:0/0/0/0/0/0:Ice Hammer,Meteor Mash,Flail,Crabhammer|Cloyster:64:64:Overcoat:NONE:Modest:10/10/10/10/10/10:0/0/0/0/0/0:Shell Smash,Icicle Crash,Spikes,Ice Shard|Seadra:65:65:Damp:NONE:Quirky:10/10/10/10/10/10:0/0/0/0/0/0:Dragon Dance,Dragon Pulse,Agility,Brine	Kingler,Cloyster,Seadra	65	63	Normal,Steel,Water,Ice,Dragon	76.7	Seadra	Cloyster	Grass,Electric	NONE	3 slots, levels 63-65. Offense covers 5 types. Shared weakness: Grass, Electric. Speed spans 70-85 base, fastest Seadra, slowest Cloyster.	data.js:trainers[271].hardcore	Measured	derived: team analysis; strategy_notes Inferred
272	SwimmerF Melissa	NA	route	Route 20	normal	10	May	73	FALSE	10|Route 20|SwimmerF Melissa	2	Slowking:64:64:Regenerator:NONE:Jolly:10/10/10/10/10/10:0/0/0/0/0/0:Psych Up,Trump Card,Psychic,Swagger|Gorebyss:64:64:Dazzling:NONE:Timid:10/10/10/10/10/10:0/0/0/0/0/0:Shell Smash,Hydro Pump,Moonblast,Coil	Slowking,Gorebyss	64	64	Normal,Water,Psychic,Fairy	41.0	Gorebyss	Slowking	Grass,Electric	NONE	2 slots, levels 64-64. Offense covers 4 types. Shared weakness: Grass, Electric. Speed spans 30-52 base, fastest Gorebyss, slowest Slowking.	data.js:trainers[272].normal	Measured	derived: team analysis; strategy_notes Inferred
272	SwimmerF Melissa	NA	route	Route 20	hardcore	10	May	73	FALSE	10|Route 20|SwimmerF Melissa	2	Slowking:64:64:Regenerator:NONE:Jolly:10/10/10/10/10/10:0/0/0/0/0/0:Psych Up,Trump Card,Psychic,Swagger|Gorebyss:64:64:Dazzling:NONE:Timid:10/10/10/10/10/10:0/0/0/0/0/0:Shell Smash,Hydro Pump,Moonblast,Coil	Slowking,Gorebyss	64	64	Normal,Water,Psychic,Fairy	41.0	Gorebyss	Slowking	Grass,Electric	NONE	2 slots, levels 64-64. Offense covers 4 types. Shared weakness: Grass, Electric. Speed spans 30-52 base, fastest Gorebyss, slowest Slowking.	data.js:trainers[272].hardcore	Measured	derived: team analysis; strategy_notes Inferred
273	Beauty Grace	NA	route	Route 15	normal	9	Koga	68	FALSE	9|Route 15|Beauty Grace	2	Clefable:58:58:Unaware:NONE:Rash:10/10/10/10/10/10:0/0/0/0/0/0:Moonblast,Teleport,Metronome,Double Slap|Wigglytuff:58:58:Sheer Force:NONE:Impish:10/10/10/10/10/10:0/0/0/0/0/0:Lovely Kiss,Moonblast,Alluring Voice,Covet	Clefable,Wigglytuff	58	58	Normal,Fairy	52.5	Clefable	Wigglytuff	Poison,Steel	Steel	2 slots, levels 58-58. Offense covers 2 types. Shared weakness: Poison, Steel. A pure Steel type resists everything it carries. Speed spans 45-60 base, fastest Clefable, slowest Wigglytuff.	data.js:trainers[273].normal	Measured	derived: team analysis; strategy_notes Inferred
273	Beauty Grace	NA	route	Route 15	hardcore	9	Koga	68	FALSE	9|Route 15|Beauty Grace	2	Clefable:58:58:Unaware:NONE:Rash:10/10/10/10/10/10:0/0/0/0/0/0:Moonblast,Teleport,Metronome,Double Slap|Wigglytuff:58:58:Sheer Force:NONE:Impish:10/10/10/10/10/10:0/0/0/0/0/0:Lovely Kiss,Moonblast,Alluring Voice,Covet	Clefable,Wigglytuff	58	58	Normal,Fairy	52.5	Clefable	Wigglytuff	Poison,Steel	Steel	2 slots, levels 58-58. Offense covers 2 types. Shared weakness: Poison, Steel. A pure Steel type resists everything it carries. Speed spans 45-60 base, fastest Clefable, slowest Wigglytuff.	data.js:trainers[273].hardcore	Measured	derived: team analysis; strategy_notes Inferred
274	Beauty Olivia	NA	route	Route 15	normal	9	Koga	68	FALSE	9|Route 15|Beauty Olivia	2	Venusaur:58:58:Chlorophyll:NONE:Docile:10/10/10/10/10/10:0/0/0/0/0/0:Chloroblast,Solar Beam,Petal Blizzard,Synthesis|Torterra:57:57:Rock Head:NONE:Hardy:10/10/10/10/10/10:0/0/0/0/0/0:Headlong Rush,Head Smash,Leaf Storm,Giga Drain	Venusaur,Torterra	58	57	Ground,Rock,Grass	68.0	Venusaur	Torterra	Flying,Fire,Ice	NONE	2 slots, levels 57-58. Offense covers 3 types. Shared weakness: Flying, Fire, Ice. Speed spans 56-80 base, fastest Venusaur, slowest Torterra.	data.js:trainers[274].normal	Measured	derived: team analysis; strategy_notes Inferred
274	Beauty Olivia	NA	route	Route 15	hardcore	9	Koga	68	FALSE	9|Route 15|Beauty Olivia	2	Venusaur:58:58:Chlorophyll:NONE:Docile:10/10/10/10/10/10:0/0/0/0/0/0:Chloroblast,Solar Beam,Petal Blizzard,Synthesis|Torterra:57:57:Rock Head:NONE:Hardy:10/10/10/10/10/10:0/0/0/0/0/0:Headlong Rush,Head Smash,Leaf Storm,Giga Drain	Venusaur,Torterra	58	57	Ground,Rock,Grass	68.0	Venusaur	Torterra	Flying,Fire,Ice	NONE	2 slots, levels 57-58. Offense covers 3 types. Shared weakness: Flying, Fire, Ice. Speed spans 56-80 base, fastest Venusaur, slowest Torterra.	data.js:trainers[274].hardcore	Measured	derived: team analysis; strategy_notes Inferred
276	SwimmerF Anya	NA	boss_candidate	Route 19	normal	10	May	73	FALSE	10|Route 19|SwimmerF Anya	5	Quagsire:62:62:Unaware:NONE:Naughty:10/10/10/10/10/10:0/0/0/0/0/0:Muddy Water,Haze,Mist,Rain Dance|Seaking:61:61:Rain Dish:NONE:Lonely:10/10/10/10/10/10:0/0/0/0/0/0:Fishious Rend,Soak,Waterfall,Agility|Alomomola:57:57:Regenerator:NONE:Adamant:10/10/10/10/10/10:0/0/0/0/0/0:Whirlpool,Safeguard,Brine,Wish|Jellicent:63:63:Water Bubble:NONE:Jolly:10/10/10/10/10/10:0/0/0/0/0/0:Hydro Pump,Hex,Rain Dance,Brine|Veluza:62:62:Sharpness:NONE:Naive:10/10/10/10/10/10:0/0/0/0/0/0:Fillet Away,Final Gambit,Night Slash,Aqua Cutter	Quagsire,Seaking,Alomomola,Jellicent,Veluza	63	57	Fighting,Ghost,Water,Dark	59.6	Veluza	Quagsire	Grass,Electric	NONE	5 slots, levels 57-63. Offense covers 4 types. Shared weakness: Grass, Electric. Speed spans 35-70 base, fastest Veluza, slowest Quagsire.	data.js:trainers[276].normal	Measured	derived: team analysis; strategy_notes Inferred
276	SwimmerF Anya	NA	boss_candidate	Route 19	hardcore	10	May	73	FALSE	10|Route 19|SwimmerF Anya	5	Quagsire:62:62:Unaware:NONE:Naughty:10/10/10/10/10/10:0/0/0/0/0/0:Muddy Water,Haze,Mist,Rain Dance|Seaking:61:61:Rain Dish:NONE:Lonely:10/10/10/10/10/10:0/0/0/0/0/0:Fishious Rend,Soak,Waterfall,Agility|Alomomola:57:57:Regenerator:NONE:Adamant:10/10/10/10/10/10:0/0/0/0/0/0:Whirlpool,Safeguard,Brine,Wish|Jellicent:63:63:Water Bubble:NONE:Jolly:10/10/10/10/10/10:0/0/0/0/0/0:Hydro Pump,Hex,Rain Dance,Brine|Veluza:62:62:Sharpness:NONE:Naive:10/10/10/10/10/10:0/0/0/0/0/0:Fillet Away,Final Gambit,Night Slash,Aqua Cutter	Quagsire,Seaking,Alomomola,Jellicent,Veluza	63	57	Fighting,Ghost,Water,Dark	59.6	Veluza	Quagsire	Grass,Electric	NONE	5 slots, levels 57-63. Offense covers 4 types. Shared weakness: Grass, Electric. Speed spans 35-70 base, fastest Veluza, slowest Quagsire.	data.js:trainers[276].hardcore	Measured	derived: team analysis; strategy_notes Inferred
277	SwimmerF Alice	NA	route	Route 19	normal	10	May	73	FALSE	10|Route 19|SwimmerF Alice	2	Gyarados:64:64:Moxie:NONE:Lax:10/10/10/10/10/10:0/0/0/0/0/0:Dragon Dance,Bounce,Hyper Beam,Rain Dance|Wishiwashi:60:60:Schooling:NONE:Lonely:10/10/10/10/10/10:0/0/0/0/0/0:Hydro Pump,Endeavor,Double-Edge,Aqua Tail	Gyarados,Wishiwashi	64	60	Normal,Flying,Water	60.5	Gyarados	Wishiwashi	Electric	NONE	2 slots, levels 60-64. Offense covers 3 types. Shared weakness: Electric. Speed spans 40-81 base, fastest Gyarados, slowest Wishiwashi.	data.js:trainers[277].normal	Measured	derived: team analysis; strategy_notes Inferred
277	SwimmerF Alice	NA	route	Route 19	hardcore	10	May	73	FALSE	10|Route 19|SwimmerF Alice	2	Gyarados:64:64:Moxie:NONE:Lax:10/10/10/10/10/10:0/0/0/0/0/0:Dragon Dance,Bounce,Hyper Beam,Rain Dance|Wishiwashi:60:60:Schooling:NONE:Lonely:10/10/10/10/10/10:0/0/0/0/0/0:Hydro Pump,Endeavor,Double-Edge,Aqua Tail	Gyarados,Wishiwashi	64	60	Normal,Flying,Water	60.5	Gyarados	Wishiwashi	Electric	NONE	2 slots, levels 60-64. Offense covers 3 types. Shared weakness: Electric. Speed spans 40-81 base, fastest Gyarados, slowest Wishiwashi.	data.js:trainers[277].hardcore	Measured	derived: team analysis; strategy_notes Inferred
278	SwimmerF Connie	NA	route	Route 19	normal	10	May	73	FALSE	10|Route 19|SwimmerF Connie	3	Floatzel:63:63:Technician:NONE:Naive:10/10/10/10/10/10:0/0/0/0/0/0:Surging Strikes,Wave Crash,Hydro Pump,Aqua Tail|Floatzel:62:62:Technician:NONE:Brave:10/10/10/10/10/10:0/0/0/0/0/0:Surging Strikes,Wave Crash,Hydro Pump,Aqua Tail|Floatzel:63:63:Technician:NONE:Modest:10/10/10/10/10/10:0/0/0/0/0/0:Surging Strikes,Wave Crash,Hydro Pump,Aqua Tail	Floatzel,Floatzel,Floatzel	63	62	Water	115.0	Floatzel	Floatzel	Grass,Electric	Water,Grass,Dragon	3 slots, levels 62-63. Offense covers 1 types. Shared weakness: Grass, Electric. A pure Water type resists everything it carries. Speed spans 115-115 base, fastest Floatzel, slowest Floatzel.	data.js:trainers[278].normal	Measured	derived: team analysis; strategy_notes Inferred
278	SwimmerF Connie	NA	route	Route 19	hardcore	10	May	73	FALSE	10|Route 19|SwimmerF Connie	3	Floatzel:63:63:Technician:NONE:Naive:10/10/10/10/10/10:0/0/0/0/0/0:Surging Strikes,Wave Crash,Hydro Pump,Aqua Tail|Floatzel:62:62:Technician:NONE:Brave:10/10/10/10/10/10:0/0/0/0/0/0:Surging Strikes,Wave Crash,Hydro Pump,Aqua Tail|Floatzel:63:63:Technician:NONE:Modest:10/10/10/10/10/10:0/0/0/0/0/0:Surging Strikes,Wave Crash,Hydro Pump,Aqua Tail	Floatzel,Floatzel,Floatzel	63	62	Water	115.0	Floatzel	Floatzel	Grass,Electric	Water,Grass,Dragon	3 slots, levels 62-63. Offense covers 1 types. Shared weakness: Grass, Electric. A pure Water type resists everything it carries. Speed spans 115-115 base, fastest Floatzel, slowest Floatzel.	data.js:trainers[278].hardcore	Measured	derived: team analysis; strategy_notes Inferred
279	SwimmerF Shirley	NA	route	Route 20	normal	10	May	73	FALSE	10|Route 20|SwimmerF Shirley	3	Poliwrath:64:64:Swift Swim:NONE:Modest:10/10/10/10/10/10:0/0/0/0/0/0:Surging Strikes,Jet Punch,Dynamic Punch,Double Slap|Politoed:63:63:Water Absorb:NONE:Hasty:10/10/10/10/10/10:0/0/0/0/0/0:Hyper Voice,Bounce,Swagger,Perish Song|Poliwhirl:64:64:Swift Swim:NONE:Impish:10/10/10/10/10/10:0/0/0/0/0/0:Mud Bomb,Hydro Pump,Wake-Up Slap,Belly Drum	Poliwrath,Politoed,Poliwhirl	64	63	Normal,Fighting,Flying,Ground,Water	76.7	Poliwhirl	Poliwrath	Grass,Electric	NONE	3 slots, levels 63-64. Offense covers 5 types. Shared weakness: Grass, Electric. Speed spans 70-90 base, fastest Poliwhirl, slowest Poliwrath.	data.js:trainers[279].normal	Measured	derived: team analysis; strategy_notes Inferred
279	SwimmerF Shirley	NA	route	Route 20	hardcore	10	May	73	FALSE	10|Route 20|SwimmerF Shirley	3	Poliwrath:64:64:Swift Swim:NONE:Modest:10/10/10/10/10/10:0/0/0/0/0/0:Surging Strikes,Jet Punch,Dynamic Punch,Double Slap|Politoed:63:63:Water Absorb:NONE:Hasty:10/10/10/10/10/10:0/0/0/0/0/0:Hyper Voice,Bounce,Swagger,Perish Song|Poliwhirl:64:64:Swift Swim:NONE:Impish:10/10/10/10/10/10:0/0/0/0/0/0:Mud Bomb,Hydro Pump,Wake-Up Slap,Belly Drum	Poliwrath,Politoed,Poliwhirl	64	63	Normal,Fighting,Flying,Ground,Water	76.7	Poliwhirl	Poliwrath	Grass,Electric	NONE	3 slots, levels 63-64. Offense covers 5 types. Shared weakness: Grass, Electric. Speed spans 70-90 base, fastest Poliwhirl, slowest Poliwrath.	data.js:trainers[279].hardcore	Measured	derived: team analysis; strategy_notes Inferred
280	Psychic Johan	NA	boss_candidate	Saffron City Gym	normal	8	Sabrina	59	FALSE	8|Saffron City Gym|Psychic Johan	4	Grumpig:53:53:Gluttony:NONE:Naive:31/31/31/31/31/31:0/128/0/132/0/252:Slack Off,Bounce,Psychic,Payback|Meowstic:53:53:Infiltrator:NONE:Naive:31/31/31/31/31/31:0/128/0/132/0/252:Misty Terrain,Sucker Punch,Imprison,Role Play|Gallade:54:54:Justified:NONE:Naive:31/31/31/31/31/31:0/128/0/132/0/252:Sacred Sword,Psycho Cut,Close Combat,Protect|Espeon:53:53:Magic Bounce:NONE:Naive:31/31/31/31/31/31:0/128/0/132/0/252:Fiery Dance,Power Swap,Last Resort,Psychic	Grumpig,Meowstic,Gallade,Espeon	54	53	Normal,Fighting,Flying,Fire,Psychic,Dark	93.5	Espeon	Grumpig	Bug,Ghost,Dark	NONE	4 slots, levels 53-54. Offense covers 6 types. Shared weakness: Bug, Ghost, Dark. Speed spans 80-110 base, fastest Espeon, slowest Grumpig.	data.js:trainers[280].normal	Measured	derived: team analysis; strategy_notes Inferred
280	Psychic Johan	NA	boss_candidate	Saffron City Gym	hardcore	8	Sabrina	59	FALSE	8|Saffron City Gym|Psychic Johan	4	Grumpig:53:53:Gluttony:NONE:Naive:31/31/31/31/31/31:0/0/0/0/0/0:Slack Off,Bounce,Psychic,Payback|Meowstic:53:53:Infiltrator:NONE:Naive:31/31/31/31/31/31:0/0/0/0/0/0:Misty Terrain,Sucker Punch,Imprison,Role Play|Gallade:54:54:Justified:NONE:Naive:31/31/31/31/31/31:0/0/0/0/0/0:Sacred Sword,Psycho Cut,Close Combat,Protect|Espeon:53:53:Magic Bounce:NONE:Naive:31/31/31/31/31/31:0/0/0/0/0/0:Fiery Dance,Power Swap,Last Resort,Psychic	Grumpig,Meowstic,Gallade,Espeon	54	53	Normal,Fighting,Flying,Fire,Psychic,Dark	93.5	Espeon	Grumpig	Bug,Ghost,Dark	NONE	4 slots, levels 53-54. Offense covers 6 types. Shared weakness: Bug, Ghost, Dark. Speed spans 80-110 base, fastest Espeon, slowest Grumpig.	data.js:trainers[280].hardcore	Measured	derived: team analysis; strategy_notes Inferred
281	Psychic Tyron	NA	route	Saffron City Gym	normal	8	Sabrina	59	FALSE	8|Saffron City Gym|Psychic Tyron	2	Mr. Mime:53:53:Misty Surge:NONE:Naive:31/31/31/31/31/31:0/128/0/132/0/252:Psycho Boost,Sparkly Swirl,Moonblast,Safeguard|Kadabra:53:53:Magic Guard:NONE:Naive:31/31/31/31/31/31:0/128/0/132/0/252:Focus Blast,Future Sight,Role Play,Psychic	Mr. Mime,Kadabra	53	53	Fighting,Psychic,Fairy	97.5	Kadabra	Mr. Mime	Ghost	NONE	2 slots, levels 53-53. Offense covers 3 types. Shared weakness: Ghost. Speed spans 90-105 base, fastest Kadabra, slowest Mr. Mime.	data.js:trainers[281].normal	Measured	derived: team analysis; strategy_notes Inferred
281	Psychic Tyron	NA	route	Saffron City Gym	hardcore	8	Sabrina	59	FALSE	8|Saffron City Gym|Psychic Tyron	2	Mr. Mime:53:53:Misty Surge:NONE:Naive:31/31/31/31/31/31:0/0/0/0/0/0:Psycho Boost,Sparkly Swirl,Moonblast,Safeguard|Kadabra:53:53:Magic Guard:NONE:Naive:31/31/31/31/31/31:0/0/0/0/0/0:Focus Blast,Future Sight,Role Play,Psychic	Mr. Mime,Kadabra	53	53	Fighting,Psychic,Fairy	97.5	Kadabra	Mr. Mime	Ghost	NONE	2 slots, levels 53-53. Offense covers 3 types. Shared weakness: Ghost. Speed spans 90-105 base, fastest Kadabra, slowest Mr. Mime.	data.js:trainers[281].hardcore	Measured	derived: team analysis; strategy_notes Inferred
282	Psychic Cameron	NA	route	Saffron City Gym	normal	8	Sabrina	59	FALSE	8|Saffron City Gym|Psychic Cameron	3	Slowbro:54:54:Regenerator:NONE:Naive:31/31/31/31/31/31:0/128/0/132/0/252:Psych Up,Rain Dance,Psychic,Amnesia|Slowking:53:53:Regenerator:NONE:Naive:31/31/31/31/31/31:0/128/0/132/0/252:Psych Up,Trump Card,Psychic,Swagger|Espathra:53:53:UNK:NONE:Naive:31/31/31/31/31/31:0/128/0/132/0/252:Last Resort,Psychic,Dazzling Gleam,Uproar	Slowbro,Slowking,Espathra	54	53	Normal,Psychic,Fairy	55.0	Espathra	Slowbro	Bug,Ghost,Grass,Electric,Dark	Steel	3 slots, levels 53-54. Offense covers 3 types. Shared weakness: Bug, Ghost, Grass, Electric, Dark. A pure Steel type resists everything it carries. Speed spans 30-105 base, fastest Espathra, slowest Slowbro.	data.js:trainers[282].normal	Measured	derived: team analysis; strategy_notes Inferred
282	Psychic Cameron	NA	route	Saffron City Gym	hardcore	8	Sabrina	59	FALSE	8|Saffron City Gym|Psychic Cameron	3	Slowbro:54:54:Regenerator:NONE:Naive:31/31/31/31/31/31:0/0/0/0/0/0:Psych Up,Rain Dance,Psychic,Amnesia|Slowking:53:53:Regenerator:NONE:Naive:31/31/31/31/31/31:0/0/0/0/0/0:Psych Up,Trump Card,Psychic,Swagger|Espathra:53:53:UNK:NONE:Naive:31/31/31/31/31/31:0/0/0/0/0/0:Last Resort,Psychic,Dazzling Gleam,Uproar	Slowbro,Slowking,Espathra	54	53	Normal,Psychic,Fairy	55.0	Espathra	Slowbro	Bug,Ghost,Grass,Electric,Dark	Steel	3 slots, levels 53-54. Offense covers 3 types. Shared weakness: Bug, Ghost, Grass, Electric, Dark. A pure Steel type resists everything it carries. Speed spans 30-105 base, fastest Espathra, slowest Slowbro.	data.js:trainers[282].hardcore	Measured	derived: team analysis; strategy_notes Inferred
283	Psychic Preston	NA	route	Saffron City Gym	normal	8	Sabrina	59	FALSE	8|Saffron City Gym|Psychic Preston	1	Bronzong:54:54:Heavy Metal:NONE:Naive:31/31/31/31/31/31:0/128/0/132/0/252:Spin Out,Heavy Slam,Heal Block,Payback	Bronzong	54	54	Steel,Dark	33.0	Bronzong	Bronzong	NONE	NONE	1 slots, levels 54-54. Offense covers 2 types. No weakness shared by half the team. Speed spans 33-33 base, fastest Bronzong, slowest Bronzong.	data.js:trainers[283].normal	Measured	derived: team analysis; strategy_notes Inferred
283	Psychic Preston	NA	route	Saffron City Gym	hardcore	8	Sabrina	59	FALSE	8|Saffron City Gym|Psychic Preston	1	Bronzong:54:54:Heavy Metal:NONE:Naive:31/31/31/31/31/31:0/0/0/0/0/0:Spin Out,Heavy Slam,Heal Block,Payback	Bronzong	54	54	Steel,Dark	33.0	Bronzong	Bronzong	NONE	NONE	1 slots, levels 54-54. Offense covers 2 types. No weakness shared by half the team. Speed spans 33-33 base, fastest Bronzong, slowest Bronzong.	data.js:trainers[283].hardcore	Measured	derived: team analysis; strategy_notes Inferred
285	Rocker Luca	NA	boss_candidate	Route 12	normal	9	Koga	68	TRUE	9|Route 12|Rocker Luca	5	Piloswine:65:104:Thick Fat:Eviolite:Careful:31/31/31/31/31/31:252/0/4/0/252/0:Stealth Rock,Earthquake,Roar,Icicle Crash|Heliolisk:65:104:Solar Power:Life Orb:Timid:31/31/31/31/31/31:0/0/0/252/4/252:Boomburst,Surf,Weather Ball,Volt Switch|Nidoqueen:65:104:Sheer Force:Life Orb:Timid:31/31/31/31/31/31:0/0/0/252/4/252:Earth Power,Blizzard,Fire Blast,Thunderbolt|Yanmega:65:104:Speed Boost:Choice Specs:Timid:31/31/31/31/31/31:0/0/0/252/4/252:Bug Buzz,Air Slash,U-turn,Giga Drain|Walrein:65:104:Thick Fat:Leftovers:Bold:31/31/31/31/31/31:252/0/252/0/4/0:Blizzard,Substitute,Protect,Toxic	Piloswine,Heliolisk,Nidoqueen,Yanmega,Walrein	65	65	Normal,Flying,Ground,Bug,Fire,Water,Grass,Electric,Ice	79.0	Heliolisk	Piloswine	Fighting	NONE	5 slots, levels 65-65. Offense covers 9 types. Shared weakness: Fighting. Speed spans 50-109 base, fastest Heliolisk, slowest Piloswine. LEVEL-SCALED: rescales to the player, excluded from scoring.	data.js:trainers[285].normal	Measured	derived: team analysis; strategy_notes Inferred
285	Rocker Luca	NA	boss_candidate	Route 12	hardcore	9	Koga	68	TRUE	9|Route 12|Rocker Luca	6	Rotom-Frost:66:101:UNK:Icium Z:Timid:31/31/31/31/31/31:0/0/0/0/0/0:Blizzard,Volt Switch,Thunder Wave,Thunderbolt|Tornadus:66:101:Defiant:Flying Gem:Jolly:31/31/31/31/31/31:0/0/0/0/0/0:Bulk Up,Acrobatics,Knock Off,Superpower|Nidoqueen:66:101:Sheer Force:Life Orb:Timid:31/31/31/31/31/31:0/0/0/0/0/0:Earth Power,Blizzard,Fire Blast,Thunderbolt|Yanmega:66:101:Speed Boost:Choice Specs:Timid:31/31/31/31/31/31:0/0/0/0/0/0:Bug Buzz,Air Slash,U-turn,Giga Drain|Blastoise:66:101:Rain Dish:Blastoisnite:Timid:31/31/31/31/31/31:0/0/0/0/0/0:Shell Smash,Blizzard,Aura Sphere,Dark Pulse|Walrein:66:101:Thick Fat:Leftovers:Bold:31/31/31/31/31/31:0/0/0/0/0/0:Blizzard,Substitute,Protect,Toxic	Rotom-Frost,Tornadus,Nidoqueen,Yanmega,Blastoise,Walrein	66	66	Fighting,Flying,Ground,Bug,Fire,Grass,Electric,Ice,Dark	85.2	Tornadus	Walrein	Rock,Electric,Ice	NONE	6 slots, levels 66-66. Offense covers 9 types. Shared weakness: Rock, Electric, Ice. Speed spans 65-111 base, fastest Tornadus, slowest Walrein. LEVEL-SCALED: rescales to the player, excluded from scoring.	data.js:trainers[285].hardcore	Measured	derived: team analysis; strategy_notes Inferred
286	Juggler Dalton	NA	route	Silph Co. 5F	normal	6	Archer-2	56	FALSE	6|Silph Co. 5F|Juggler Dalton	2	Kadabra:45:45:Magic Guard:NONE:Quirky:10/10/10/10/10/10:0/0/0/0/0/0:Focus Blast,Future Sight,Role Play,Psychic|Mr. Mime:44:44:Misty Surge:NONE:Bold:10/10/10/10/10/10:0/0/0/0/0/0:Psycho Boost,Sparkly Swirl,Moonblast,Safeguard	Kadabra,Mr. Mime	45	44	Fighting,Psychic,Fairy	97.5	Kadabra	Mr. Mime	Ghost	NONE	2 slots, levels 44-45. Offense covers 3 types. Shared weakness: Ghost. Speed spans 90-105 base, fastest Kadabra, slowest Mr. Mime.	data.js:trainers[286].normal	Measured	derived: team analysis; strategy_notes Inferred
286	Juggler Dalton	NA	route	Silph Co. 5F	hardcore	6	Archer-2	56	FALSE	6|Silph Co. 5F|Juggler Dalton	2	Kadabra:45:45:Magic Guard:NONE:Quirky:10/10/10/10/10/10:0/0/0/0/0/0:Focus Blast,Future Sight,Role Play,Psychic|Mr. Mime:44:44:Misty Surge:NONE:Bold:10/10/10/10/10/10:0/0/0/0/0/0:Psycho Boost,Sparkly Swirl,Moonblast,Safeguard	Kadabra,Mr. Mime	45	44	Fighting,Psychic,Fairy	97.5	Kadabra	Mr. Mime	Ghost	NONE	2 slots, levels 44-45. Offense covers 3 types. Shared weakness: Ghost. Speed spans 90-105 base, fastest Kadabra, slowest Mr. Mime.	data.js:trainers[286].hardcore	Measured	derived: team analysis; strategy_notes Inferred
287	Juggler Nelson	NA	boss_candidate	Victory Road 2F	normal	16	Elite-4	85	FALSE	16|Victory Road 2F|Juggler Nelson	4	Hypno:80:80:Psychic Surge:NONE:Careful:10/10/10/10/10/10:0/0/0/0/0/0:Dark Void,Future Sight,Swagger,Psychic|Electrode:81:81:Galvanize:NONE:Serious:10/10/10/10/10/10:0/0/0/0/0/0:Court Change,Mirror Coat,Gyro Ball,Explosion|Meowstic:76:76:Infiltrator:NONE:Quirky:10/10/10/10/10/10:0/0/0/0/0/0:Misty Terrain,Sucker Punch,Imprison,Role Play|Gothitelle:82:82:Shadow Tag:NONE:Mild:10/10/10/10/10/10:0/0/0/0/0/0:Psycho Boost,Magic Room,Charm,Psychic	Hypno,Electrode,Meowstic,Gothitelle	82	76	Normal,Steel,Psychic,Dark	96.5	Electrode	Gothitelle	Bug,Ghost,Dark	NONE	4 slots, levels 76-82. Offense covers 4 types. Shared weakness: Bug, Ghost, Dark. Speed spans 65-150 base, fastest Electrode, slowest Gothitelle.	data.js:trainers[287].normal	Measured	derived: team analysis; strategy_notes Inferred
287	Juggler Nelson	NA	boss_candidate	Victory Road 2F	hardcore	16	Elite-4	85	FALSE	16|Victory Road 2F|Juggler Nelson	4	Hypno:80:80:Psychic Surge:NONE:Careful:10/10/10/10/10/10:0/0/0/0/0/0:Dark Void,Future Sight,Swagger,Psychic|Electrode:81:81:Galvanize:NONE:Serious:10/10/10/10/10/10:0/0/0/0/0/0:Court Change,Mirror Coat,Gyro Ball,Explosion|Meowstic:76:76:Infiltrator:NONE:Quirky:10/10/10/10/10/10:0/0/0/0/0/0:Misty Terrain,Sucker Punch,Imprison,Role Play|Gothitelle:82:82:Shadow Tag:NONE:Mild:10/10/10/10/10/10:0/0/0/0/0/0:Psycho Boost,Magic Room,Charm,Psychic	Hypno,Electrode,Meowstic,Gothitelle	82	76	Normal,Steel,Psychic,Dark	96.5	Electrode	Gothitelle	Bug,Ghost,Dark	NONE	4 slots, levels 76-82. Offense covers 4 types. Shared weakness: Bug, Ghost, Dark. Speed spans 65-150 base, fastest Electrode, slowest Gothitelle.	data.js:trainers[287].hardcore	Measured	derived: team analysis; strategy_notes Inferred
288	Juggler Kirk	NA	boss_candidate	Fuchsia City Gym	normal	9	Koga	68	FALSE	9|Fuchsia City Gym|Juggler Kirk	4	Electrode:63:63:Galvanize:NONE:Naive:10/10/10/10/10/10:0/0/0/0/0/0:Court Change,Mirror Coat,Gyro Ball,Explosion|Incineroar:63:63:Intimidate:NONE:Modest:10/10/10/10/10/10:0/0/0/0/0/0:Cross Chop,Outrage,Flare Blitz,Scary Face|Appletun:62:62:Thick Fat:NONE:Mild:10/10/10/10/10/10:0/0/0/0/0/0:Draco Meteor,Leaf Storm,Energy Ball,Dragon Pulse|Ariados:63:63:Sniper:NONE:Quiet:10/10/10/10/10/10:0/0/0/0/0/0:Toxic Thread,Megahorn,Gunk Shot,Poison Jab	Electrode,Incineroar,Appletun,Ariados	63	62	Normal,Fighting,Poison,Bug,Steel,Fire,Grass,Psychic,Dragon	77.5	Electrode	Appletun	Ground,Rock,Flying	NONE	4 slots, levels 62-63. Offense covers 9 types. Shared weakness: Ground, Rock, Flying. Speed spans 30-150 base, fastest Electrode, slowest Appletun.	data.js:trainers[288].normal	Measured	derived: team analysis; strategy_notes Inferred
288	Juggler Kirk	NA	boss_candidate	Fuchsia City Gym	hardcore	9	Koga	68	FALSE	9|Fuchsia City Gym|Juggler Kirk	4	Electrode:63:63:Galvanize:NONE:Naive:10/10/10/10/10/10:0/0/0/0/0/0:Court Change,Mirror Coat,Gyro Ball,Explosion|Incineroar:63:63:Intimidate:NONE:Modest:10/10/10/10/10/10:0/0/0/0/0/0:Cross Chop,Outrage,Flare Blitz,Scary Face|Appletun:62:62:Thick Fat:NONE:Mild:10/10/10/10/10/10:0/0/0/0/0/0:Draco Meteor,Leaf Storm,Energy Ball,Dragon Pulse|Ariados:63:63:Sniper:NONE:Quiet:10/10/10/10/10/10:0/0/0/0/0/0:Toxic Thread,Megahorn,Gunk Shot,Poison Jab	Electrode,Incineroar,Appletun,Ariados	63	62	Normal,Fighting,Poison,Bug,Steel,Fire,Grass,Psychic,Dragon	77.5	Electrode	Appletun	Ground,Rock,Flying	NONE	4 slots, levels 62-63. Offense covers 9 types. Shared weakness: Ground, Rock, Flying. Speed spans 30-150 base, fastest Electrode, slowest Appletun.	data.js:trainers[288].hardcore	Measured	derived: team analysis; strategy_notes Inferred
289	Juggler Shawn	NA	route	Fuchsia City Gym	normal	9	Koga	68	FALSE	9|Fuchsia City Gym|Juggler Shawn	2	Magmortar:63:63:Mega Launcher:NONE:Serious:10/10/10/10/10/10:0/0/0/0/0/0:Steam Eruption,Magma Storm,Hydro Steam,Fire Blast|Hypno:63:63:Insomnia:NONE:Naughty:10/10/10/10/10/10:0/0/0/0/0/0:Dark Void,Future Sight,Swagger,Psychic	Magmortar,Hypno	63	63	Fire,Water,Psychic	82.5	Magmortar	Hypno	NONE	NONE	2 slots, levels 63-63. Offense covers 3 types. No weakness shared by half the team. Speed spans 67-98 base, fastest Magmortar, slowest Hypno.	data.js:trainers[289].normal	Measured	derived: team analysis; strategy_notes Inferred
289	Juggler Shawn	NA	route	Fuchsia City Gym	hardcore	9	Koga	68	FALSE	9|Fuchsia City Gym|Juggler Shawn	2	Magmortar:63:63:Mega Launcher:NONE:Serious:10/10/10/10/10/10:0/0/0/0/0/0:Steam Eruption,Magma Storm,Hydro Steam,Fire Blast|Hypno:63:63:Insomnia:NONE:Naughty:10/10/10/10/10/10:0/0/0/0/0/0:Dark Void,Future Sight,Swagger,Psychic	Magmortar,Hypno	63	63	Fire,Water,Psychic	82.5	Magmortar	Hypno	NONE	NONE	2 slots, levels 63-63. Offense covers 3 types. No weakness shared by half the team. Speed spans 67-98 base, fastest Magmortar, slowest Hypno.	data.js:trainers[289].hardcore	Measured	derived: team analysis; strategy_notes Inferred
290	Juggler Gregory	NA	route	Victory Road 2F	normal	16	Elite-4	85	FALSE	16|Victory Road 2F|Juggler Gregory	1	Mr. Mime:83:83:Misty Surge:NONE:Rash:10/10/10/10/10/10:0/0/0/0/0/0:Psychic,Dazzling Gleam	Mr. Mime	83	83	Psychic,Fairy	90.0	Mr. Mime	Mr. Mime	NONE	Steel	1 slots, levels 83-83. Offense covers 2 types. No weakness shared by half the team. A pure Steel type resists everything it carries. Speed spans 90-90 base, fastest Mr. Mime, slowest Mr. Mime.	data.js:trainers[290].normal	Measured	derived: team analysis; strategy_notes Inferred
290	Juggler Gregory	NA	route	Victory Road 2F	hardcore	16	Elite-4	85	FALSE	16|Victory Road 2F|Juggler Gregory	1	Mr. Mime:83:83:Misty Surge:NONE:Rash:10/10/10/10/10/10:0/0/0/0/0/0:Psychic,Dazzling Gleam	Mr. Mime	83	83	Psychic,Fairy	90.0	Mr. Mime	Mr. Mime	NONE	Steel	1 slots, levels 83-83. Offense covers 2 types. No weakness shared by half the team. A pure Steel type resists everything it carries. Speed spans 90-90 base, fastest Mr. Mime, slowest Mr. Mime.	data.js:trainers[290].hardcore	Measured	derived: team analysis; strategy_notes Inferred
292	Juggler Kayden	NA	route	Fuchsia City Gym	normal	9	Koga	68	FALSE	9|Fuchsia City Gym|Juggler Kayden	1	Salazzle:64:64:Oblivious:NONE:Rash:10/10/10/10/10/10:0/0/0/0/0/0:Nasty Plot,Dragon Pulse,Venom Drench,Flamethrower	Salazzle	64	64	Fire,Dragon	117.0	Salazzle	Salazzle	NONE	NONE	1 slots, levels 64-64. Offense covers 2 types. No weakness shared by half the team. Speed spans 117-117 base, fastest Salazzle, slowest Salazzle.	data.js:trainers[292].normal	Measured	derived: team analysis; strategy_notes Inferred
292	Juggler Kayden	NA	boss_candidate	Fuchsia City Gym	hardcore	9	Koga	68	TRUE	9|Fuchsia City Gym|Juggler Kayden	6	Mr. Mime:68:103:Misty Surge:Life Orb:Timid:31/31/31/31/31/31:0/0/0/0/0/0:Misty Explosion,Psyshock,Mystical Fire,Focus Blast|Hatterene:68:103:UNK:Life Orb:Bold:31/31/31/31/31/31:0/0/0/0/0/0:Misty Explosion,Psyshock,Mystical Fire,Drain Kiss|Electrode:68:103:Galvanize:Life Orb:Naive:31/30/31/30/31/31:0/0/0/0/0/0:Explosion,Hyper Voice,Focus Blast,Hidden Power|Turtonator:68:103:Valiant Shield:Leftovers:Brave:31/31/31/31/31/31:0/0/0/0/0/0:Explosion,Flamethrower,Dragon Pulse,Focus Blast|Silvally:68:103:UNK:Life Orb:Jolly:31/31/31/31/31/31:0/0/0/0/0/0:Explosion,Multi-Attack,Parting Shot,Shadow Claw|Volcanion:68:103:UNK:Life Orb:Naive:31/31/31/31/31/31:0/0/0/0/0/0:Explosion,Steam Eruption,Flamethrower,Earth Power	Mr. Mime,Hatterene,Electrode,Turtonator,Silvally,Volcanion	68	68	Normal,Fighting,Ground,Ghost,Fire,Water,Psychic,Dragon,Fairy	79.2	Electrode	Hatterene	Ground	NONE	6 slots, levels 68-68. Offense covers 9 types. Shared weakness: Ground. Speed spans 29-150 base, fastest Electrode, slowest Hatterene. LEVEL-SCALED: rescales to the player, excluded from scoring.	data.js:trainers[292].hardcore	Measured	derived: team analysis; strategy_notes Inferred
293	Juggler Nate	NA	route	Fuchsia City Gym	normal	9	Koga	68	FALSE	9|Fuchsia City Gym|Juggler Nate	2	Skuntank:63:63:Frisk:NONE:Relaxed:10/10/10/10/10/10:0/0/0/0/0/0:Explosion,Belch,Sucker Punch,Venom Drench|Tentacruel:63:63:Rain Dish:NONE:Relaxed:10/10/10/10/10/10:0/0/0/0/0/0:Hydro Pump,Sludge Wave,Hex,Screech	Skuntank,Tentacruel	63	63	Normal,Poison,Ghost,Water,Dark	92.0	Tentacruel	Skuntank	Ground	NONE	2 slots, levels 63-63. Offense covers 5 types. Shared weakness: Ground. Speed spans 84-100 base, fastest Tentacruel, slowest Skuntank.	data.js:trainers[293].normal	Measured	derived: team analysis; strategy_notes Inferred
293	Juggler Nate	NA	route	Fuchsia City Gym	hardcore	9	Koga	68	FALSE	9|Fuchsia City Gym|Juggler Nate	2	Skuntank:63:63:Frisk:NONE:Relaxed:10/10/10/10/10/10:0/0/0/0/0/0:Explosion,Belch,Sucker Punch,Venom Drench|Tentacruel:63:63:Rain Dish:NONE:Relaxed:10/10/10/10/10/10:0/0/0/0/0/0:Hydro Pump,Sludge Wave,Hex,Screech	Skuntank,Tentacruel	63	63	Normal,Poison,Ghost,Water,Dark	92.0	Tentacruel	Skuntank	Ground	NONE	2 slots, levels 63-63. Offense covers 5 types. Shared weakness: Ground. Speed spans 84-100 base, fastest Tentacruel, slowest Skuntank.	data.js:trainers[293].hardcore	Measured	derived: team analysis; strategy_notes Inferred
294	Tamer Phil	NA	route	Fuchsia City Gym	normal	9	Koga	68	FALSE	9|Fuchsia City Gym|Tamer Phil	2	Copperajah:62:62:UNK:NONE:Modest:31/31/31/31/31/31:6/0/0/252/252/0:Double Iron Bash,Superpower,High Horsepower,Play Rough|Seviper:63:63:Fatal Precision:NONE:Modest:31/31/31/31/31/31:6/0/0/252/252/0:Hypnosis,Gunk Shot,Wring Out,Coil	Copperajah,Seviper	63	62	Normal,Fighting,Poison,Ground,Steel,Fairy	57.5	Seviper	Copperajah	Ground	NONE	2 slots, levels 62-63. Offense covers 6 types. Shared weakness: Ground. Speed spans 30-85 base, fastest Seviper, slowest Copperajah.	data.js:trainers[294].normal	Measured	derived: team analysis; strategy_notes Inferred
294	Tamer Phil	NA	route	Fuchsia City Gym	hardcore	9	Koga	68	FALSE	9|Fuchsia City Gym|Tamer Phil	2	Copperajah:62:62:UNK:NONE:Modest:31/31/31/31/31/31:0/0/0/0/0/0:Double Iron Bash,Superpower,High Horsepower,Play Rough|Seviper:63:63:Fatal Precision:NONE:Modest:31/31/31/31/31/31:0/0/0/0/0/0:Hypnosis,Gunk Shot,Wring Out,Coil	Copperajah,Seviper	63	62	Normal,Fighting,Poison,Ground,Steel,Fairy	57.5	Seviper	Copperajah	Ground	NONE	2 slots, levels 62-63. Offense covers 6 types. Shared weakness: Ground. Speed spans 30-85 base, fastest Seviper, slowest Copperajah.	data.js:trainers[294].hardcore	Measured	derived: team analysis; strategy_notes Inferred
295	Tamer Edgar	NA	route	Fuchsia City Gym	normal	9	Koga	68	FALSE	9|Fuchsia City Gym|Tamer Edgar	3	Arbok:62:62:Strong Jaw:NONE:Modest:31/31/31/31/31/31:6/0/0/252/252/0:Shed Tail,Gunk Shot,Haze,Belch|Nidoking:62:62:Sheer Force:NONE:Modest:31/31/31/31/31/31:6/0/0/252/252/0:Earth Power,Thrash,Chip Away,Poison Sting|Bewear:63:63:Unnerve:NONE:Modest:31/31/31/31/31/31:6/0/0/252/252/0:Superpower,Double-Edge,Pain Split,Thrash	Arbok,Nidoking,Bewear	63	62	Normal,Fighting,Poison,Ground	75.0	Nidoking	Bewear	Ground,Psychic	NONE	3 slots, levels 62-63. Offense covers 4 types. Shared weakness: Ground, Psychic. Speed spans 60-85 base, fastest Nidoking, slowest Bewear.	data.js:trainers[295].normal	Measured	derived: team analysis; strategy_notes Inferred
295	Tamer Edgar	NA	route	Fuchsia City Gym	hardcore	9	Koga	68	FALSE	9|Fuchsia City Gym|Tamer Edgar	3	Arbok:62:62:Strong Jaw:NONE:Modest:31/31/31/31/31/31:0/0/0/0/0/0:Shed Tail,Gunk Shot,Haze,Belch|Nidoking:62:62:Sheer Force:NONE:Modest:31/31/31/31/31/31:0/0/0/0/0/0:Earth Power,Thrash,Chip Away,Poison Sting|Bewear:63:63:Unnerve:NONE:Modest:31/31/31/31/31/31:0/0/0/0/0/0:Superpower,Double-Edge,Pain Split,Thrash	Arbok,Nidoking,Bewear	63	62	Normal,Fighting,Poison,Ground	75.0	Nidoking	Bewear	Ground,Psychic	NONE	3 slots, levels 62-63. Offense covers 4 types. Shared weakness: Ground, Psychic. Speed spans 60-85 base, fastest Nidoking, slowest Bewear.	data.js:trainers[295].hardcore	Measured	derived: team analysis; strategy_notes Inferred
298	Tamer Vincent	NA	route	Victory Road 2F	normal	16	Elite-4	85	FALSE	16|Victory Road 2F|Tamer Vincent	2	Persian:80:80:Feline Prowess:NONE:Modest:31/31/31/31/31/31:6/0/0/252/252/0:Feint,Night Slash,Captivate,Assurance|Golduck:81:81:Neuroforce:NONE:Modest:31/31/31/31/31/31:6/0/0/252/252/0:Wonder Room,Hydro Pump,Nasty Plot,Psych Up	Persian,Golduck	81	80	Normal,Water,Dark	107.5	Persian	Golduck	NONE	NONE	2 slots, levels 80-81. Offense covers 3 types. No weakness shared by half the team. Speed spans 100-115 base, fastest Persian, slowest Golduck.	data.js:trainers[298].normal	Measured	derived: team analysis; strategy_notes Inferred
298	Tamer Vincent	NA	route	Victory Road 2F	hardcore	16	Elite-4	85	FALSE	16|Victory Road 2F|Tamer Vincent	2	Persian:80:80:Feline Prowess:NONE:Modest:31/31/31/31/31/31:0/0/0/0/0/0:Feint,Night Slash,Captivate,Assurance|Golduck:81:81:Neuroforce:NONE:Modest:31/31/31/31/31/31:0/0/0/0/0/0:Wonder Room,Hydro Pump,Nasty Plot,Psych Up	Persian,Golduck	81	80	Normal,Water,Dark	107.5	Persian	Golduck	NONE	NONE	2 slots, levels 80-81. Offense covers 3 types. No weakness shared by half the team. Speed spans 100-115 base, fastest Persian, slowest Golduck.	data.js:trainers[298].hardcore	Measured	derived: team analysis; strategy_notes Inferred
300	Bird Keeper Sebastian	NA	boss_candidate	Route 13	normal	9	Koga	68	TRUE	9|Route 13|Bird Keeper Sebastian	4	Gliscor:66:101:Poison Heal:Toxic Orb:Jolly:31/31/31/31/31/31:252/4/0/0/0/252:U-turn,Earthquake,Stealth Rock,Dual Wingbeat|Charizard:65:104:Solar Power:Charzardite X:Jolly:31/31/31/31/31/31:0/252/4/0/0/252:Dragon Dance,Flare Blitz,Dragon Claw,Earthquake|Togekiss:65:104:Hustle:Leftovers:Modest:31/31/31/31/31/31:0/0/4/252/0/252:Air Slash,Fire Blast,Thunder Wave,Roost|Tropius:65:104:Harvest:Focus Sash:Adamant:31/31/31/31/31/31:0/0/4/252/0/252:Growth,Giga Drain,Weather Ball,Dragon Pulse	Gliscor,Charizard,Togekiss,Tropius	66	65	Normal,Flying,Ground,Bug,Fire,Grass,Dragon	89.0	Charizard	Togekiss	Water,Ice,Rock,Electric,Poison	NONE	4 slots, levels 65-66. Offense covers 7 types. Shared weakness: Water, Ice, Rock, Electric, Poison. Speed spans 80-100 base, fastest Charizard, slowest Togekiss. LEVEL-SCALED: rescales to the player, excluded from scoring.	data.js:trainers[300].normal	Measured	derived: team analysis; strategy_notes Inferred
300	Bird Keeper Sebastian	NA	boss_candidate	Route 13	hardcore	9	Koga	68	TRUE	9|Route 13|Bird Keeper Sebastian	5	Landorus-Therian:66:101:UNK:Yache Berry:Jolly:31/31/31/31/31/31:0/0/0/0/0/0:U-turn,Earthquake,Stealth Rock,Stone Edge|Charizard:66:101:Solar Power:Charzardite X:Jolly:31/31/31/31/31/31:0/0/0/0/0/0:Dragon Dance,Flare Blitz,Draco Barrage,Earthquake|Togekiss:66:101:Super Luck:Scope Lens:Timid:31/31/31/31/31/31:0/0/0/0/0/0:Aeroblast,Fire Blast,Moonblast,Roost|Blaziken:66:101:Speed Boost:Fighting Gem:Adamant:31/31/31/31/31/31:0/0/0/0/0/0:Swords Dance,Flare Blitz,Close Combat,Thunder Punch|Tropius:66:101:Harvest:Focus Sash:Adamant:31/31/31/31/31/31:0/0/0/0/0/0:Growth,Giga Drain,Weather Ball,Dragon Pulse	Landorus-Therian,Charizard,Togekiss,Blaziken,Tropius	66	66	Normal,Fighting,Flying,Ground,Rock,Bug,Fire,Grass,Electric,Dragon,Fairy	86.4	Charizard	Togekiss	Water,Ice	NONE	5 slots, levels 66-66. Offense covers 11 types. Shared weakness: Water, Ice. Speed spans 80-100 base, fastest Charizard, slowest Togekiss. LEVEL-SCALED: rescales to the player, excluded from scoring.	data.js:trainers[300].hardcore	Measured	derived: team analysis; strategy_notes Inferred
301	Bird Keeper Perry	NA	boss_candidate	Route 13	normal	9	Koga	68	TRUE	9|Route 13|Bird Keeper Perry	4	Rhyperior:65:104:Lightning Rod:Rindo Berry:Careful:31/31/31/31/31/31:252/252/0/0/4/0:Stealth Rock,Stone Edge,Earthquake,Fire Punch|Gardevoir:65:104:Synchronize:Lum Berry:Timid:31/31/31/31/31/31:0/0/4/252/0/252:Calm Mind,Psychic,Moonblast,Mystical Fire|Rapidash:65:104:Blazing Soul:Charcoal:Jolly:31/31/31/31/31/31:0/252/4/0/0/252:Fire Lash,Solar Blade,Jump Kick,High Horsepower|Dragapult:65:104:Stalwart:Spell Tag:Naive:31/31/31/31/31/31:0/4/0/252/0/252:Shadow Ball,Dragon Darts,Fire Blast,U-turn	Rhyperior,Gardevoir,Rapidash,Dragapult	65	65	Fighting,Ground,Rock,Bug,Ghost,Fire,Grass,Psychic,Dragon,Fairy	96.8	Dragapult	Rhyperior	Ground,Steel,Water,Ice,Ghost	NONE	4 slots, levels 65-65. Offense covers 10 types. Shared weakness: Ground, Steel, Water, Ice, Ghost. Speed spans 40-142 base, fastest Dragapult, slowest Rhyperior. LEVEL-SCALED: rescales to the player, excluded from scoring.	data.js:trainers[301].normal	Measured	derived: team analysis; strategy_notes Inferred
301	Bird Keeper Perry	NA	boss_candidate	Route 13	hardcore	9	Koga	68	TRUE	9|Route 13|Bird Keeper Perry	5	Rhyperior:66:101:Lightning Rod:Rindo Berry:Careful:31/31/31/31/31/31:0/0/0/0/0/0:Stealth Rock,Stone Edge,Earthquake,Fire Punch|Sunflora:66:101:Chlorophyll:Assault Vest:Calm:31/31/31/31/31/31:0/0/0/0/0/0:Solar Beam,Fiery Dance,Earth Power,Sludge Bomb|Ogerpon-Hearthflame:66:101:UNK:Hearthflame Mask:Jolly:31/31/31/31/31/31:0/0/0/0/0/0:Ivy Cudgel,Power Whip,U-turn,Play Rough|Rapidash:66:101:Blazing Soul:Fire Gem:Jolly:31/31/31/31/31/31:0/0/0/0/0/0:Fire Lash,Solar Blade,Jump Kick,High Horsepower|Dragapult:66:101:Stalwart:Ghostium Z:Timid:31/31/31/31/31/31:0/0/0/0/0/0:Shadow Ball,Draco Barrage,Fire Blast,U-turn	Rhyperior,Sunflora,Ogerpon-Hearthflame,Rapidash,Dragapult	66	66	Fighting,Poison,Ground,Rock,Bug,Ghost,Fire,Grass,Dragon,Fairy	94.4	Dragapult	Rhyperior	Ice	NONE	5 slots, levels 66-66. Offense covers 10 types. Shared weakness: Ice. Speed spans 40-142 base, fastest Dragapult, slowest Rhyperior. LEVEL-SCALED: rescales to the player, excluded from scoring.	data.js:trainers[301].hardcore	Measured	derived: team analysis; strategy_notes Inferred
302	Bird Keeper Robert	NA	boss_candidate	Route 13	normal	9	Koga	68	TRUE	9|Route 13|Bird Keeper Robert	4	Exeggutor:65:104:Harvest:Focus Sash:Timid:31/31/31/31/31/31:0/0/4/252/0/252:Sleep Powder,Solar Beam,Psyshock,Weather Ball|Archeops:65:104:UNK:Sharp Beak:Jolly:31/31/31/31/31/31:0/252/4/0/0/252:Brave Bird,Head Smash,Earthquake,U-turn|Emboar:65:104:Bull Rush:Charcoal:Naive:31/31/31/31/31/31:0/252/4/0/0/252:Flare Blitz,Close Combat,Wild Charge,Solar Beam|Jolteon:65:104:Quick Feet:Life Orb:Timid:31/30/31/30/31/31:0/0/4/252/0/252:Volt Switch,Thunderbolt,Weather Ball,Hidden Power	Exeggutor,Archeops,Emboar,Jolteon	65	65	Normal,Fighting,Flying,Ground,Rock,Bug,Fire,Grass,Electric,Psychic	90.0	Jolteon	Exeggutor	Flying,Ice,Water,Ground	NONE	4 slots, levels 65-65. Offense covers 10 types. Shared weakness: Flying, Ice, Water, Ground. Speed spans 55-130 base, fastest Jolteon, slowest Exeggutor. LEVEL-SCALED: rescales to the player, excluded from scoring.	data.js:trainers[302].normal	Measured	derived: team analysis; strategy_notes Inferred
302	Bird Keeper Robert	NA	boss_candidate	Route 13	hardcore	9	Koga	68	TRUE	9|Route 13|Bird Keeper Robert	5	Exeggutor:66:101:Harvest:Focus Sash:Timid:31/31/31/31/31/31:0/0/0/0/0/0:Sleep Powder,Solar Beam,Psyshock,Weather Ball|Archeops:66:101:UNK:Sharp Beak:Jolly:31/31/31/31/31/31:0/0/0/0/0/0:Brave Bird,Head Smash,Earthquake,U-turn|Emboar:66:101:Bull Rush:Fire Gem:Naive:31/31/31/31/31/31:0/0/0/0/0/0:Flare Blitz,Close Combat,Wild Charge,Solar Beam|Jolteon:66:101:Quick Feet:Eevium Z:Timid:31/30/31/30/31/31:0/0/0/0/0/0:Last Resort,Thunderbolt,Weather Ball,Hidden Power|Druddigon:66:101:Mold Breaker:Rocky Helmet:Careful:31/31/31/31/31/31:0/0/0/0/0/0:Glare,Dragon Hammer,Gunk Shot,Fire Punch	Exeggutor,Archeops,Emboar,Jolteon,Druddigon	66	66	Normal,Fighting,Flying,Poison,Ground,Rock,Bug,Fire,Grass,Electric,Psychic,Dragon	80.2	Jolteon	Druddigon	Ice	NONE	5 slots, levels 66-66. Offense covers 12 types. Shared weakness: Ice. Speed spans 41-130 base, fastest Jolteon, slowest Druddigon. LEVEL-SCALED: rescales to the player, excluded from scoring.	data.js:trainers[302].hardcore	Measured	derived: team analysis; strategy_notes Inferred
303	Bird Keeper Donald	NA	route	Route 14	normal	9	Koga	68	FALSE	9|Route 14|Bird Keeper Donald	1	Farfetch’d:58:58:Sharpness:NONE:Hardy:10/10/10/10/10/10:0/0/0/0/0/0:Drill Peck,Swords Dance,Sacred Sword,False Swipe	Farfetch’d	58	58	Normal,Fighting,Flying	65.0	Farfetch’d	Farfetch’d	NONE	NONE	1 slots, levels 58-58. Offense covers 3 types. No weakness shared by half the team. Speed spans 65-65 base, fastest Farfetch’d, slowest Farfetch’d.	data.js:trainers[303].normal	Measured	derived: team analysis; strategy_notes Inferred
303	Bird Keeper Donald	NA	route	Route 14	hardcore	9	Koga	68	FALSE	9|Route 14|Bird Keeper Donald	1	Farfetch’d:58:58:Sharpness:NONE:Hardy:10/10/10/10/10/10:0/0/0/0/0/0:Drill Peck,Swords Dance,Sacred Sword,False Swipe	Farfetch’d	58	58	Normal,Fighting,Flying	65.0	Farfetch’d	Farfetch’d	NONE	NONE	1 slots, levels 58-58. Offense covers 3 types. No weakness shared by half the team. Speed spans 65-65 base, fastest Farfetch’d, slowest Farfetch’d.	data.js:trainers[303].hardcore	Measured	derived: team analysis; strategy_notes Inferred
304	Bird Keeper Benny	NA	route	Route 14	normal	9	Koga	68	FALSE	9|Route 14|Bird Keeper Benny	2	Empoleon:57:57:Competitive:NONE:Rash:10/10/10/10/10/10:0/0/0/0/0/0:Hydro Pump,Make It Rain,Drill Peck,Haze|Fearow:57:57:Frisk:NONE:Bashful:10/10/10/10/10/10:0/0/0/0/0/0:Brave Bird,Drill Peck,Roost,Dual Wingbeat	Empoleon,Fearow	57	57	Flying,Steel,Water	87.5	Fearow	Empoleon	Electric	NONE	2 slots, levels 57-57. Offense covers 3 types. Shared weakness: Electric. Speed spans 60-115 base, fastest Fearow, slowest Empoleon.	data.js:trainers[304].normal	Measured	derived: team analysis; strategy_notes Inferred
304	Bird Keeper Benny	NA	route	Route 14	hardcore	9	Koga	68	FALSE	9|Route 14|Bird Keeper Benny	2	Empoleon:57:57:Competitive:NONE:Rash:10/10/10/10/10/10:0/0/0/0/0/0:Hydro Pump,Make It Rain,Drill Peck,Haze|Fearow:57:57:Frisk:NONE:Bashful:10/10/10/10/10/10:0/0/0/0/0/0:Brave Bird,Drill Peck,Roost,Dual Wingbeat	Empoleon,Fearow	57	57	Flying,Steel,Water	87.5	Fearow	Empoleon	Electric	NONE	2 slots, levels 57-57. Offense covers 3 types. Shared weakness: Electric. Speed spans 60-115 base, fastest Fearow, slowest Empoleon.	data.js:trainers[304].hardcore	Measured	derived: team analysis; strategy_notes Inferred
305	Bird Keeper Edwin	NA	boss_candidate	Route 15	normal	9	Koga	68	FALSE	9|Route 15|Bird Keeper Edwin	4	Pidgeotto:57:57:No Guard:NONE:Relaxed:10/10/10/10/10/10:0/0/0/0/0/0:Hurricane,Tailwind,Mirror Move,Air Slash|Farfetch’d-Galar:59:59:Steadfast:NONE:Modest:10/10/10/10/10/10:0/0/0/0/0/0:Brave Bird,Final Gambit,Leaf Blade,Slam|Swoobat:58:58:Simple:NONE:Mild:10/10/10/10/10/10:0/0/0/0/0/0:Heat Wave,Endeavor,Calm Mind,Psychic|Pidgeot:57:57:Frisk:NONE:Bold:10/10/10/10/10/10:0/0/0/0/0/0:Tailwind,Mirror Move,Air Slash,Agility	Pidgeotto,Farfetch’d-Galar,Swoobat,Pidgeot	59	57	Normal,Fighting,Flying,Fire,Grass,Psychic	85.2	Swoobat	Farfetch’d-Galar	Rock,Electric,Ice	NONE	4 slots, levels 57-59. Offense covers 6 types. Shared weakness: Rock, Electric, Ice. Speed spans 55-114 base, fastest Swoobat, slowest Farfetch’d-Galar.	data.js:trainers[305].normal	Measured	derived: team analysis; strategy_notes Inferred
305	Bird Keeper Edwin	NA	boss_candidate	Route 15	hardcore	9	Koga	68	FALSE	9|Route 15|Bird Keeper Edwin	4	Pidgeotto:57:57:No Guard:NONE:Relaxed:10/10/10/10/10/10:0/0/0/0/0/0:Hurricane,Tailwind,Mirror Move,Air Slash|Farfetch’d-Galar:59:59:Steadfast:NONE:Modest:10/10/10/10/10/10:0/0/0/0/0/0:Brave Bird,Final Gambit,Leaf Blade,Slam|Swoobat:58:58:Simple:NONE:Mild:10/10/10/10/10/10:0/0/0/0/0/0:Heat Wave,Endeavor,Calm Mind,Psychic|Pidgeot:57:57:Frisk:NONE:Bold:10/10/10/10/10/10:0/0/0/0/0/0:Tailwind,Mirror Move,Air Slash,Agility	Pidgeotto,Farfetch’d-Galar,Swoobat,Pidgeot	59	57	Normal,Fighting,Flying,Fire,Grass,Psychic	85.2	Swoobat	Farfetch’d-Galar	Rock,Electric,Ice	NONE	4 slots, levels 57-59. Offense covers 6 types. Shared weakness: Rock, Electric, Ice. Speed spans 55-114 base, fastest Swoobat, slowest Farfetch’d-Galar.	data.js:trainers[305].hardcore	Measured	derived: team analysis; strategy_notes Inferred
306	Bird Keeper Chester	NA	route	Route 15	normal	9	Koga	68	FALSE	9|Route 15|Bird Keeper Chester	3	Dodrio:58:58:UNK:NONE:Quirky:10/10/10/10/10/10:0/0/0/0/0/0:Brave Bird,Thrash,Endeavor,Double-Edge|Doduo:57:57:Run Away:NONE:Quirky:10/10/10/10/10/10:0/0/0/0/0/0:Thrash,Endeavor,Drill Peck,Jump Kick|Togekiss:58:58:Super Luck:NONE:Naive:10/10/10/10/10/10:0/0/0/0/0/0:Aeroblast,Moonblast,Air Slash,Aura Sphere	Dodrio,Doduo,Togekiss	58	57	Normal,Fighting,Flying,Fairy	88.3	Dodrio	Doduo	Rock,Electric,Ice	NONE	3 slots, levels 57-58. Offense covers 4 types. Shared weakness: Rock, Electric, Ice. Speed spans 75-110 base, fastest Dodrio, slowest Doduo.	data.js:trainers[306].normal	Measured	derived: team analysis; strategy_notes Inferred
306	Bird Keeper Chester	NA	route	Route 15	hardcore	9	Koga	68	FALSE	9|Route 15|Bird Keeper Chester	3	Dodrio:58:58:UNK:NONE:Quirky:10/10/10/10/10/10:0/0/0/0/0/0:Brave Bird,Thrash,Endeavor,Double-Edge|Doduo:57:57:Run Away:NONE:Quirky:10/10/10/10/10/10:0/0/0/0/0/0:Thrash,Endeavor,Drill Peck,Jump Kick|Togekiss:58:58:Super Luck:NONE:Naive:10/10/10/10/10/10:0/0/0/0/0/0:Aeroblast,Moonblast,Air Slash,Aura Sphere	Dodrio,Doduo,Togekiss	58	57	Normal,Fighting,Flying,Fairy	88.3	Dodrio	Doduo	Rock,Electric,Ice	NONE	3 slots, levels 57-58. Offense covers 4 types. Shared weakness: Rock, Electric, Ice. Speed spans 75-110 base, fastest Dodrio, slowest Doduo.	data.js:trainers[306].hardcore	Measured	derived: team analysis; strategy_notes Inferred
307	Ace Trainer Wilton	NA	boss_candidate	Route 18	normal	9	Koga	68	TRUE	9|Route 18|Ace Trainer Wilton	4	Dragapult:65:104:Stalwart:Focus Sash:Timid:31/31/31/31/31/31:0/0/0/252/4/252:Shadow Ball,Thunder,Draco Meteor,U-turn|Kilowattrel:65:104:Static:Sharp Beak:Timid:31/31/31/31/31/31:0/0/4/252/0/252:Hurricane,Thunder,Weather Ball,Volt Switch|Pinsir:65:104:Moxie:Pinsirite:Jolly:31/31/31/31/31/31:0/252/4/0/0/252:X-Scissor,Double-Edge,Quick Attack,Close Combat|Omastar:65:104:Weak Armor:White Herb:Modest:31/31/31/31/31/31:0/0/4/252/0/252:Shell Smash,Hydro Pump,Ice Beam,Power Gem	Dragapult,Kilowattrel,Pinsir,Omastar	65	65	Normal,Fighting,Flying,Rock,Bug,Ghost,Water,Electric,Ice,Dragon	101.8	Dragapult	Omastar	Ice,Rock	NONE	4 slots, levels 65-65. Offense covers 10 types. Shared weakness: Ice, Rock. Speed spans 55-142 base, fastest Dragapult, slowest Omastar. LEVEL-SCALED: rescales to the player, excluded from scoring.	data.js:trainers[307].normal	Measured	derived: team analysis; strategy_notes Inferred
307	Ace Trainer Wilton	NA	boss_candidate	Route 18	hardcore	9	Koga	68	TRUE	9|Route 18|Ace Trainer Wilton	5	Dragapult:66:101:Stalwart:Ghostium Z:Timid:31/31/31/31/31/31:0/0/0/0/0/0:Shadow Ball,Thunder,Draco Barrage,U-turn|Kabutops:66:101:Swift Swim:Water Gem:Adamant:31/31/31/31/31/31:0/0/0/0/0/0:Waterfall,Stone Axe,Sacred Sword,Aqua Jet|Pinsir:66:101:Moxie:Pinsirite:Jolly:31/31/31/31/31/31:0/0/0/0/0/0:X-Scissor,Double-Edge,Quick Attack,Close Combat|Omastar:66:101:Weak Armor:Focus Sash:Modest:31/31/31/31/31/31:0/0/0/0/0/0:Shell Smash,Hydro Pump,Ice Beam,Power Gem|Kilowattrel:66:101:Static:Flying Gem:Timid:31/31/31/31/31/31:0/0/0/0/0/0:Thunder,Weather Ball,Hurricane,Volt Switch	Dragapult,Kabutops,Pinsir,Omastar,Kilowattrel	66	66	Normal,Fighting,Flying,Rock,Bug,Ghost,Water,Electric,Ice,Dragon	97.4	Dragapult	Omastar	NONE	NONE	5 slots, levels 66-66. Offense covers 10 types. No weakness shared by half the team. Speed spans 55-142 base, fastest Dragapult, slowest Omastar. LEVEL-SCALED: rescales to the player, excluded from scoring.	data.js:trainers[307].hardcore	Measured	derived: team analysis; strategy_notes Inferred
308	Dragon Tamer Ramiro	NA	boss_candidate	Route 18	normal	9	Koga	68	TRUE	9|Route 18|Dragon Tamer Ramiro	4	Pikachu-Surfing:66:101:Lightning Rod:Focus Sash:Timid:31/30/31/31/31/31:0/0/0/252/4/252:Bouncy Bubble,Thunder,Fake Out,Electroweb|Milotic:66:101:Marvel Scale:Sitrus Berry:Modest:31/30/31/30/31/31:252/0/4/252/0/0:Bouncy Bubble,Ice Beam,Mirror Coat,Hidden Power|Lapras:66:101:UNK:Laprasite:Modest:31/31/31/31/31/31:252/0/4/252/0/0:Boomburst,Dragon Pulse,Thunder,Freeze-Dry|Goodra-Hisui:65:104:Gooey:Assault Vest:Modest:31/31/31/31/31/31:252/0/4/0/0/0:Surf,Dragon Pulse,Flash Cannon,Thunder	Pikachu-Surfing,Milotic,Lapras,Goodra-Hisui	66	65	Normal,Steel,Water,Electric,Psychic,Ice,Dragon	74.0	Pikachu-Surfing	Lapras	Ground,Grass	NONE	4 slots, levels 65-66. Offense covers 7 types. Shared weakness: Ground, Grass. Speed spans 60-90 base, fastest Pikachu-Surfing, slowest Lapras. LEVEL-SCALED: rescales to the player, excluded from scoring.	data.js:trainers[308].normal	Measured	derived: team analysis; strategy_notes Inferred
308	Dragon Tamer Ramiro	NA	boss_candidate	Route 18	hardcore	9	Koga	68	TRUE	9|Route 18|Dragon Tamer Ramiro	5	Regice:66:101:Solid Rock:Assault Vest:Bold:31/31/31/31/31/31:0/0/0/0/0/0:Bulldoze,Thunder,Focus Blast,Freeze-Dry|Milotic:66:101:Marvel Scale:Sitrus Berry:Modest:31/30/31/30/31/31:0/0/0/0/0/0:Bouncy Bubble,Ice Beam,Mirror Coat,Hidden Power|Lapras:66:101:UNK:Laprasite:Modest:31/31/31/31/31/31:0/0/0/0/0/0:Boomburst,Draco Barrage,Thunder,Freeze-Dry|Latias:66:101:UNK:Soul Dew:Timid:31/31/31/31/31/31:0/0/0/0/0/0:Surf,Draco Barrage,Thunder Wave,Aura Sphere|Dragonite:66:101:Multiscale:Flying Gem:Modest:31/31/31/31/31/31:0/0/0/0/0/0:Hurricane,Thunder,Hydro Pump,Ice Beam	Regice,Milotic,Lapras,Latias,Dragonite	66	66	Normal,Fighting,Flying,Ground,Water,Electric,Psychic,Ice,Dragon	77.2	Latias	Regice	Dragon,Fairy	NONE	5 slots, levels 66-66. Offense covers 9 types. Shared weakness: Dragon, Fairy. Speed spans 50-110 base, fastest Latias, slowest Regice. LEVEL-SCALED: rescales to the player, excluded from scoring.	data.js:trainers[308].hardcore	Measured	derived: team analysis; strategy_notes Inferred
309	Bird Keeper Jacob	NA	boss_candidate	Route 18	normal	9	Koga	68	TRUE	9|Route 18|Bird Keeper Jacob	4	Cramorant:68:103:UNK:Focus Sash:Timid:31/31/31/31/31/31:0/0/4/252/0/252:Surf,Hurricane,Ice Beam,Roost|Decidueye:65:104:Tinted Lens:Spell Tag:Naive:31/31/31/31/31/31:0/252/4/0/0/252:U-turn,Hurricane,Spirit Shackle,Leaf Blade|Mantine:65:104:Water Veil:Sharp Beak:Modest:31/31/31/31/31/31:0/0/0/252/4/252:Hydro Pump,Ice Beam,Flip Turn,Hurricane|Nidoqueen:65:104:Sheer Force:Life Orb:Timid:31/31/31/31/31/31:252/0/0/252/4/0:Thunder,Earth Power,Sludge Wave,Bubble Beam	Cramorant,Decidueye,Mantine,Nidoqueen	68	65	Flying,Poison,Ground,Bug,Ghost,Water,Grass,Electric,Ice	87.8	Cramorant	Mantine	Rock,Electric,Ice	NONE	4 slots, levels 65-68. Offense covers 9 types. Shared weakness: Rock, Electric, Ice. Speed spans 70-105 base, fastest Cramorant, slowest Mantine. LEVEL-SCALED: rescales to the player, excluded from scoring.	data.js:trainers[309].normal	Measured	derived: team analysis; strategy_notes Inferred
309	Bird Keeper Jacob	NA	boss_candidate	Route 18	hardcore	9	Koga	68	TRUE	9|Route 18|Bird Keeper Jacob	5	Cramorant-Gorging:68:103:UNK:Focus Sash:Timid:31/31/31/31/31/31:0/0/0/0/0/0:Surf,Hurricane,Ice Beam,Roost|Ogerpon-Wellspring:66:101:UNK:Wellspring Mask:Jolly:31/31/31/31/31/31:0/0/0/0/0/0:Ivy Cudgel,Power Whip,Play Rough,U-turn|Porygon2:66:101:Analytic:Eviolite:Bold:31/31/31/31/31/31:0/0/0/0/0/0:Thunder,Ice Beam,Foul Play,Teleport|Raikou:66:101:Inner Focus:Air Balloon:Timid:31/30/30/31/31/31:0/0/0/0/0/0:Electro Shot,Scald,Hidden Power,Shadow Ball|Nidoqueen:66:101:Sheer Force:Life Orb:Timid:31/31/31/31/31/31:0/0/0/0/0/0:Thunder,Earth Power,Sludge Wave,Bubble Beam	Cramorant-Gorging,Ogerpon-Wellspring,Porygon2,Raikou,Nidoqueen	68	66	Normal,Flying,Poison,Ground,Bug,Ghost,Water,Grass,Electric,Ice,Dark,Fairy	93.2	Raikou	Porygon2	NONE	NONE	5 slots, levels 66-68. Offense covers 12 types. No weakness shared by half the team. Speed spans 60-115 base, fastest Raikou, slowest Porygon2. LEVEL-SCALED: rescales to the player, excluded from scoring.	data.js:trainers[309].hardcore	Measured	derived: team analysis; strategy_notes Inferred
310	Bird Keeper Roger	NA	route	Route 20	normal	10	May	73	FALSE	10|Route 20|Bird Keeper Roger	3	Pelipper:63:63:Drizzle:NONE:Quirky:10/10/10/10/10/10:0/0/0/0/0/0:Hurricane,Hydro Pump,Roost,Spit Up|Corviknight:63:63:Pressure:NONE:Impish:10/10/10/10/10/10:0/0/0/0/0/0:Iron Defense,Brave Bird,Swagger,Drill Peck|Kilowattrel:64:64:Competitive:NONE:Quirky:10/10/10/10/10/10:0/0/0/0/0/0:Hurricane,Discharge,Volt Switch,Agility	Pelipper,Corviknight,Kilowattrel	64	63	Normal,Flying,Water,Electric	85.7	Kilowattrel	Pelipper	Rock,Electric	NONE	3 slots, levels 63-64. Offense covers 4 types. Shared weakness: Rock, Electric. Speed spans 65-125 base, fastest Kilowattrel, slowest Pelipper.	data.js:trainers[310].normal	Measured	derived: team analysis; strategy_notes Inferred
310	Bird Keeper Roger	NA	route	Route 20	hardcore	10	May	73	FALSE	10|Route 20|Bird Keeper Roger	3	Pelipper:63:63:Drizzle:NONE:Quirky:10/10/10/10/10/10:0/0/0/0/0/0:Hurricane,Hydro Pump,Roost,Spit Up|Corviknight:63:63:Pressure:NONE:Impish:10/10/10/10/10/10:0/0/0/0/0/0:Iron Defense,Brave Bird,Swagger,Drill Peck|Kilowattrel:64:64:Competitive:NONE:Quirky:10/10/10/10/10/10:0/0/0/0/0/0:Hurricane,Discharge,Volt Switch,Agility	Pelipper,Corviknight,Kilowattrel	64	63	Normal,Flying,Water,Electric	85.7	Kilowattrel	Pelipper	Rock,Electric	NONE	3 slots, levels 63-64. Offense covers 4 types. Shared weakness: Rock, Electric. Speed spans 65-125 base, fastest Kilowattrel, slowest Pelipper.	data.js:trainers[310].hardcore	Measured	derived: team analysis; strategy_notes Inferred
313	Bird Keeper Carter	NA	route	Route 14	normal	9	Koga	68	FALSE	9|Route 14|Bird Keeper Carter	3	Vibrava:57:57:Tinted Lens:NONE:Modest:10/10/10/10/10/10:0/0/0/0/0/0:Boomburst,Hyper Beam,Wing Attack,Sandstorm|Cramorant:56:56:UNK:NONE:Mild:10/10/10/10/10/10:0/0/0/0/0/0:Hydro Pump,Surf,Amnesia,Drill Peck|Talonflame:57:57:Gale Wings:NONE:Modest:10/10/10/10/10/10:0/0/0/0/0/0:Steel Wing,Tailwind,Me First,Dual Wingbeat	Vibrava,Cramorant,Talonflame	57	56	Normal,Flying,Steel,Water	100.3	Talonflame	Vibrava	Rock,Electric	NONE	3 slots, levels 56-57. Offense covers 4 types. Shared weakness: Rock, Electric. Speed spans 70-126 base, fastest Talonflame, slowest Vibrava.	data.js:trainers[313].normal	Measured	derived: team analysis; strategy_notes Inferred
313	Bird Keeper Carter	NA	route	Route 14	hardcore	9	Koga	68	FALSE	9|Route 14|Bird Keeper Carter	3	Vibrava:57:57:Tinted Lens:NONE:Modest:10/10/10/10/10/10:0/0/0/0/0/0:Boomburst,Hyper Beam,Wing Attack,Sandstorm|Cramorant:56:56:UNK:NONE:Mild:10/10/10/10/10/10:0/0/0/0/0/0:Hydro Pump,Surf,Amnesia,Drill Peck|Talonflame:57:57:Gale Wings:NONE:Modest:10/10/10/10/10/10:0/0/0/0/0/0:Steel Wing,Tailwind,Me First,Dual Wingbeat	Vibrava,Cramorant,Talonflame	57	56	Normal,Flying,Steel,Water	100.3	Talonflame	Vibrava	Rock,Electric	NONE	3 slots, levels 56-57. Offense covers 4 types. Shared weakness: Rock, Electric. Speed spans 70-126 base, fastest Talonflame, slowest Vibrava.	data.js:trainers[313].hardcore	Measured	derived: team analysis; strategy_notes Inferred
314	Bird Keeper Mitch	NA	boss_candidate	Route 14	normal	9	Koga	68	FALSE	9|Route 14|Bird Keeper Mitch	4	Blaziken:56:56:Speed Boost:NONE:Serious:10/10/10/10/10/10:0/0/0/0/0/0:Flare Blitz,Sky Uppercut,Brave Bird,Triple Arrows|Braviary:56:56:Frisk:NONE:Docile:10/10/10/10/10/10:0/0/0/0/0/0:Double-Edge,Sky Drop,Crush Claw,Drill Peck|Altaria:55:55:Cloud Nine:NONE:Sassy:10/10/10/10/10/10:0/0/0/0/0/0:Dragon Dance,Outrage,Moonblast,Perish Song|Dartrix:55:55:Overgrow:NONE:Relaxed:10/10/10/10/10/10:0/0/0/0/0/0:Nasty Plot,Brave Bird,Feather Dance,Leaf Blade	Blaziken,Braviary,Altaria,Dartrix	56	55	Normal,Fighting,Flying,Fire,Grass,Dragon,Fairy	73.0	Blaziken	Dartrix	Flying,Rock,Ice	NONE	4 slots, levels 55-56. Offense covers 7 types. Shared weakness: Flying, Rock, Ice. Speed spans 52-80 base, fastest Blaziken, slowest Dartrix.	data.js:trainers[314].normal	Measured	derived: team analysis; strategy_notes Inferred
314	Bird Keeper Mitch	NA	boss_candidate	Route 14	hardcore	9	Koga	68	FALSE	9|Route 14|Bird Keeper Mitch	4	Blaziken:56:56:Speed Boost:NONE:Serious:10/10/10/10/10/10:0/0/0/0/0/0:Flare Blitz,Sky Uppercut,Brave Bird,Triple Arrows|Braviary:56:56:Frisk:NONE:Docile:10/10/10/10/10/10:0/0/0/0/0/0:Double-Edge,Sky Drop,Crush Claw,Drill Peck|Altaria:55:55:Cloud Nine:NONE:Sassy:10/10/10/10/10/10:0/0/0/0/0/0:Dragon Dance,Outrage,Moonblast,Perish Song|Dartrix:55:55:Overgrow:NONE:Relaxed:10/10/10/10/10/10:0/0/0/0/0/0:Nasty Plot,Brave Bird,Feather Dance,Leaf Blade	Blaziken,Braviary,Altaria,Dartrix	56	55	Normal,Fighting,Flying,Fire,Grass,Dragon,Fairy	73.0	Blaziken	Dartrix	Flying,Rock,Ice	NONE	4 slots, levels 55-56. Offense covers 7 types. Shared weakness: Flying, Rock, Ice. Speed spans 52-80 base, fastest Blaziken, slowest Dartrix.	data.js:trainers[314].hardcore	Measured	derived: team analysis; strategy_notes Inferred
315	Bird Keeper Beck	NA	route	Route 14	normal	9	Koga	68	FALSE	9|Route 14|Bird Keeper Beck	2	Pelipper:57:57:Drizzle:NONE:Lax:10/10/10/10/10/10:0/0/0/0/0/0:Hurricane,Hydro Pump,Roost,Spit Up|Staravia:56:56:Reckless:NONE:Impish:10/10/10/10/10/10:0/0/0/0/0/0:Final Gambit,Brave Bird,Agility,Take Down	Pelipper,Staravia	57	56	Normal,Fighting,Flying,Water	72.5	Staravia	Pelipper	Rock,Electric	NONE	2 slots, levels 56-57. Offense covers 4 types. Shared weakness: Rock, Electric. Speed spans 65-80 base, fastest Staravia, slowest Pelipper.	data.js:trainers[315].normal	Measured	derived: team analysis; strategy_notes Inferred
315	Bird Keeper Beck	NA	route	Route 14	hardcore	9	Koga	68	FALSE	9|Route 14|Bird Keeper Beck	2	Pelipper:57:57:Drizzle:NONE:Lax:10/10/10/10/10/10:0/0/0/0/0/0:Hurricane,Hydro Pump,Roost,Spit Up|Staravia:56:56:Reckless:NONE:Impish:10/10/10/10/10/10:0/0/0/0/0/0:Final Gambit,Brave Bird,Agility,Take Down	Pelipper,Staravia	57	56	Normal,Fighting,Flying,Water	72.5	Staravia	Pelipper	Rock,Electric	NONE	2 slots, levels 56-57. Offense covers 4 types. Shared weakness: Rock, Electric. Speed spans 65-80 base, fastest Staravia, slowest Pelipper.	data.js:trainers[315].hardcore	Measured	derived: team analysis; strategy_notes Inferred
316	Bird Keeper Marlon	NA	route	Route 14	normal	9	Koga	68	FALSE	9|Route 14|Bird Keeper Marlon	3	Dodrio:57:57:UNK:NONE:Docile:10/10/10/10/10/10:0/0/0/0/0/0:Brave Bird,Thrash,Endeavor,Double-Edge|Toucannon:57:57:Sheer Force:NONE:Naive:10/10/10/10/10/10:0/0/0/0/0/0:Hyper Voice,Feather Dance,Bullet Seed,Drill Peck|Murkrow:57:57:Prankster:NONE:Modest:10/10/10/10/10/10:0/0/0/0/0/0:Quash,Torment,Sucker Punch,Tailwind	Dodrio,Toucannon,Murkrow	57	57	Normal,Flying,Grass,Dark	87.0	Dodrio	Toucannon	Rock,Electric,Ice	NONE	3 slots, levels 57-57. Offense covers 4 types. Shared weakness: Rock, Electric, Ice. Speed spans 60-110 base, fastest Dodrio, slowest Toucannon.	data.js:trainers[316].normal	Measured	derived: team analysis; strategy_notes Inferred
316	Bird Keeper Marlon	NA	route	Route 14	hardcore	9	Koga	68	FALSE	9|Route 14|Bird Keeper Marlon	3	Dodrio:57:57:UNK:NONE:Docile:10/10/10/10/10/10:0/0/0/0/0/0:Brave Bird,Thrash,Endeavor,Double-Edge|Toucannon:57:57:Sheer Force:NONE:Naive:10/10/10/10/10/10:0/0/0/0/0/0:Hyper Voice,Feather Dance,Bullet Seed,Drill Peck|Murkrow:57:57:Prankster:NONE:Modest:10/10/10/10/10/10:0/0/0/0/0/0:Quash,Torment,Sucker Punch,Tailwind	Dodrio,Toucannon,Murkrow	57	57	Normal,Flying,Grass,Dark	87.0	Dodrio	Toucannon	Rock,Electric,Ice	NONE	3 slots, levels 57-57. Offense covers 4 types. Shared weakness: Rock, Electric, Ice. Speed spans 60-110 base, fastest Dodrio, slowest Toucannon.	data.js:trainers[316].hardcore	Measured	derived: team analysis; strategy_notes Inferred
317	Leader Chuck	NA	boss_candidate	Saffron City Fighting Dojo	normal	3	Surge	34	TRUE	3|Saffron City Fighting Dojo|Leader Chuck	6	Hitmontop:34:103:Intimidate:Focus Sash:Jolly:31/31/31/31/31/31:0/252/4/0/0/252:Triple Kick,Triple Axel,Fake Out,Brutal Swing|Sneasler:34:103:Poison Touch:Focus Sash:Jolly:31/31/31/31/31/31:0/252/4/0/0/252:Close Combat,Poison Jab,Knock Off,Stone Edge|Breloom:34:103:Effect Spore:Toxic Orb:Jolly:31/31/31/31/31/31:0/252/4/0/0/252:Spore,Substitute,Focus Punch,Rock Slide|Quaquaval:34:103:Moxie:Mystic Water:Jolly:31/31/31/0/31/31:0/252/4/0/0/252:Aqua Step,Close Combat,Bulk Up,Ice Spinner|Lucario:34:103:Steadfast:Air Balloon:Jolly:31/31/31/31/31/31:0/252/4/0/0/252:Nasty Plot,Aura Sphere,Flash Cannon,Vacuum Wave|Gallade:34:103:Steadfast:Galladite:Jolly:31/31/31/31/31/31:0/252/4/0/0/252:Bulk Up,Sacred Sword,Psycho Cut,Night Slash	Hitmontop,Sneasler,Breloom,Quaquaval,Lucario,Gallade	34	34	Normal,Fighting,Poison,Rock,Steel,Water,Psychic,Ice,Dark	85.8	Sneasler	Hitmontop	Flying,Psychic,Fairy	NONE	6 slots, levels 34-34. Offense covers 9 types. Shared weakness: Flying, Psychic, Fairy. Speed spans 70-120 base, fastest Sneasler, slowest Hitmontop. LEVEL-SCALED: rescales to the player, excluded from scoring.	data.js:trainers[317].normal	Measured	derived: team analysis; strategy_notes Inferred
317	Leader Chuck	NA	boss_candidate	Saffron City Fighting Dojo	hardcore	3	Surge	34	TRUE	3|Saffron City Fighting Dojo|Leader Chuck	6	Iron Crown:34:103:Sharpness:Rocky Helmet:Timid:31/31/31/31/31/31:0/0/0/0/0/0:Psychic Noise,Tachyon Cutter,Secret Sword,Volt Switch|Sneasler:34:103:Pressure:Liechi Berry:Jolly:31/31/31/31/31/31:0/0/0/0/0/0:Close Combat,Poison Jab,Knock Off,Earthquake|Kommo-o:34:103:Overcoat:Kommonium Z:Naive:31/31/31/31/31/31:0/0/0/0/0/0:Clanging Scales,Close Combat,Poison Jab,Flamethrower|Annihilape:34:103:Defiant:Salac Berry:Jolly:31/31/31/0/31/31:0/0/0/0/0/0:Bulk Up,Drain Punch,Rage Fist,Ice Punch|Zamazenta:34:103:UNK:Rusty Shield:Jolly:31/31/31/31/31/31:0/0/0/0/0/0:Bulk Up,Behemoth Bash,Body Press,Wild Charge|Gallade:34:103:Steadfast:Galladite:Jolly:31/31/31/31/31/31:0/0/0/0/0/0:Bulk Up,Drain Punch,Psycho Cut,Night Slash	Iron Crown,Sneasler,Kommo-o,Annihilape,Zamazenta,Gallade	34	34	Fighting,Poison,Ground,Ghost,Steel,Fire,Electric,Psychic,Ice,Dragon,Dark	101.8	Zamazenta	Gallade	Ghost,Flying,Psychic,Fairy	NONE	6 slots, levels 34-34. Offense covers 11 types. Shared weakness: Ghost, Flying, Psychic, Fairy. Speed spans 80-138 base, fastest Zamazenta, slowest Gallade. LEVEL-SCALED: rescales to the player, excluded from scoring.	data.js:trainers[317].hardcore	Measured	derived: team analysis; strategy_notes Inferred
318	Black Belt Mike	NA	route	Saffron City Fighting Dojo	normal	3	Surge	34	FALSE	3|Saffron City Fighting Dojo|Black Belt Mike	3	Hariyama:46:46:Sheer Force:Black Belt:Modest:31/31/31/31/31/31:6/0/0/252/252/0:Heavy Slam,Reversal,Close Combat,Endure|Poliwrath:46:46:Swift Swim:Black Belt:Modest:31/31/31/31/31/31:6/0/0/252/252/0:Surging Strikes,Jet Punch,Dynamic Punch,Double Slap|Flamigo:47:47:UNK:Black Belt:Modest:31/31/31/31/31/31:6/0/0/252/252/0:Brave Bird,Throat Chop,Wide Guard,Mega Kick	Hariyama,Poliwrath,Flamigo	47	46	Normal,Fighting,Flying,Steel,Water,Dark	70.0	Flamigo	Hariyama	Flying,Psychic,Fairy,Electric	NONE	3 slots, levels 46-47. Offense covers 6 types. Shared weakness: Flying, Psychic, Fairy, Electric. Speed spans 50-90 base, fastest Flamigo, slowest Hariyama.	data.js:trainers[318].normal	Measured	derived: team analysis; strategy_notes Inferred
318	Black Belt Mike	NA	route	Saffron City Fighting Dojo	hardcore	3	Surge	34	FALSE	3|Saffron City Fighting Dojo|Black Belt Mike	3	Hariyama:46:46:Sheer Force:Black Belt:Modest:31/31/31/31/31/31:0/0/0/0/0/0:Heavy Slam,Reversal,Close Combat,Endure|Poliwrath:46:46:Swift Swim:Black Belt:Modest:31/31/31/31/31/31:0/0/0/0/0/0:Surging Strikes,Jet Punch,Dynamic Punch,Double Slap|Flamigo:47:47:UNK:Black Belt:Modest:31/31/31/31/31/31:0/0/0/0/0/0:Brave Bird,Throat Chop,Wide Guard,Mega Kick	Hariyama,Poliwrath,Flamigo	47	46	Normal,Fighting,Flying,Steel,Water,Dark	70.0	Flamigo	Hariyama	Flying,Psychic,Fairy,Electric	NONE	3 slots, levels 46-47. Offense covers 6 types. Shared weakness: Flying, Psychic, Fairy, Electric. Speed spans 50-90 base, fastest Flamigo, slowest Hariyama.	data.js:trainers[318].hardcore	Measured	derived: team analysis; strategy_notes Inferred
319	Black Belt Hideki	NA	route	Saffron City Fighting Dojo	normal	3	Surge	34	FALSE	3|Saffron City Fighting Dojo|Black Belt Hideki	2	Conkeldurr:45:45:Iron Fist:Black Belt:Modest:31/31/31/31/31/31:6/0/0/252/252/0:Superpower,Focus Punch,Stone Edge,Hammer Arm|Breloom:45:45:Technician:Black Belt:Modest:31/31/31/31/31/31:6/0/0/252/252/0:Spore,Dynamic Punch,Seed Bomb,Sky Uppercut	Conkeldurr,Breloom	45	45	Fighting,Rock,Grass	57.5	Breloom	Conkeldurr	Flying,Psychic,Fairy	NONE	2 slots, levels 45-45. Offense covers 3 types. Shared weakness: Flying, Psychic, Fairy. Speed spans 45-70 base, fastest Breloom, slowest Conkeldurr.	data.js:trainers[319].normal	Measured	derived: team analysis; strategy_notes Inferred
319	Black Belt Hideki	NA	route	Saffron City Fighting Dojo	hardcore	3	Surge	34	FALSE	3|Saffron City Fighting Dojo|Black Belt Hideki	2	Conkeldurr:45:45:Iron Fist:Black Belt:Modest:31/31/31/31/31/31:0/0/0/0/0/0:Superpower,Focus Punch,Stone Edge,Hammer Arm|Breloom:45:45:Technician:Black Belt:Modest:31/31/31/31/31/31:0/0/0/0/0/0:Spore,Dynamic Punch,Seed Bomb,Sky Uppercut	Conkeldurr,Breloom	45	45	Fighting,Rock,Grass	57.5	Breloom	Conkeldurr	Flying,Psychic,Fairy	NONE	2 slots, levels 45-45. Offense covers 3 types. Shared weakness: Flying, Psychic, Fairy. Speed spans 45-70 base, fastest Breloom, slowest Conkeldurr.	data.js:trainers[319].hardcore	Measured	derived: team analysis; strategy_notes Inferred
320	Black Belt Aaron	NA	route	Saffron City Fighting Dojo	normal	3	Surge	34	FALSE	3|Saffron City Fighting Dojo|Black Belt Aaron	1	Sirfetch’d:46:46:Scrappy:Black Belt:Modest:31/31/31/31/31/31:6/0/0/252/252/0:Sacred Sword,Meteor Assault,Brave Bird,Final Gambit	Sirfetch’d	46	46	Fighting,Flying	65.0	Sirfetch’d	Sirfetch’d	NONE	NONE	1 slots, levels 46-46. Offense covers 2 types. No weakness shared by half the team. Speed spans 65-65 base, fastest Sirfetch’d, slowest Sirfetch’d.	data.js:trainers[320].normal	Measured	derived: team analysis; strategy_notes Inferred
320	Black Belt Aaron	NA	route	Saffron City Fighting Dojo	hardcore	3	Surge	34	FALSE	3|Saffron City Fighting Dojo|Black Belt Aaron	1	Sirfetch’d:46:46:Scrappy:Black Belt:Modest:31/31/31/31/31/31:0/0/0/0/0/0:Sacred Sword,Meteor Assault,Brave Bird,Final Gambit	Sirfetch’d	46	46	Fighting,Flying	65.0	Sirfetch’d	Sirfetch’d	NONE	NONE	1 slots, levels 46-46. Offense covers 2 types. No weakness shared by half the team. Speed spans 65-65 base, fastest Sirfetch’d, slowest Sirfetch’d.	data.js:trainers[320].hardcore	Measured	derived: team analysis; strategy_notes Inferred
321	Black Belt Hitoshi	NA	route	Saffron City Fighting Dojo	normal	3	Surge	34	FALSE	3|Saffron City Fighting Dojo|Black Belt Hitoshi	3	Sawk:45:45:Contrary:Black Belt:Modest:31/31/31/31/31/31:6/0/0/252/252/0:Close Combat,Hammer Arm,Bulk Up,Reversal|Throh:46:46:Mold Breaker:Black Belt:Modest:31/31/31/31/31/31:6/0/0/252/252/0:Bulk Up,Reversal,Superpower,Wide Guard|Annihilape:45:45:Defiant:Black Belt:Modest:31/31/31/31/31/31:6/0/0/252/252/0:Rage Fist,Close Combat,Cross Chop,Outrage	Sawk,Throh,Annihilape	46	45	Fighting,Ghost,Dragon	73.3	Annihilape	Throh	Flying,Psychic,Fairy	NONE	3 slots, levels 45-46. Offense covers 3 types. Shared weakness: Flying, Psychic, Fairy. Speed spans 45-90 base, fastest Annihilape, slowest Throh.	data.js:trainers[321].normal	Measured	derived: team analysis; strategy_notes Inferred
321	Black Belt Hitoshi	NA	route	Saffron City Fighting Dojo	hardcore	3	Surge	34	FALSE	3|Saffron City Fighting Dojo|Black Belt Hitoshi	3	Sawk:45:45:Contrary:Black Belt:Modest:31/31/31/31/31/31:0/0/0/0/0/0:Close Combat,Hammer Arm,Bulk Up,Reversal|Throh:46:46:Mold Breaker:Black Belt:Modest:31/31/31/31/31/31:0/0/0/0/0/0:Bulk Up,Reversal,Superpower,Wide Guard|Annihilape:45:45:Defiant:Black Belt:Modest:31/31/31/31/31/31:0/0/0/0/0/0:Rage Fist,Close Combat,Cross Chop,Outrage	Sawk,Throh,Annihilape	46	45	Fighting,Ghost,Dragon	73.3	Annihilape	Throh	Flying,Psychic,Fairy	NONE	3 slots, levels 45-46. Offense covers 3 types. Shared weakness: Flying, Psychic, Fairy. Speed spans 45-90 base, fastest Annihilape, slowest Throh.	data.js:trainers[321].hardcore	Measured	derived: team analysis; strategy_notes Inferred
325	Black Belt Daisuke	NA	route	Victory Road 2F	normal	16	Elite-4	85	FALSE	16|Victory Road 2F|Black Belt Daisuke	3	Machoke:80:80:Steadfast:Black Belt:Rash:15/15/15/15/15/15:0/0/0/0/0/0:Dynamic Punch,Scary Face,Cross Chop,Bulk Up|Conkeldurr:80:80:Guts:Black Belt:Adamant:15/15/15/15/15/15:0/0/0/0/0/0:Superpower,Focus Punch,Stone Edge,Hammer Arm|Passimian:81:81:Defiant:Black Belt:Bashful:15/15/15/15/15/15:0/0/0/0/0/0:Court Change,Sucker Punch,Reversal,Close Combat	Machoke,Conkeldurr,Passimian	81	80	Fighting,Rock,Dark	56.7	Passimian	Machoke	Flying,Psychic,Fairy	NONE	3 slots, levels 80-81. Offense covers 3 types. Shared weakness: Flying, Psychic, Fairy. Speed spans 45-80 base, fastest Passimian, slowest Machoke.	data.js:trainers[325].normal	Measured	derived: team analysis; strategy_notes Inferred
325	Black Belt Daisuke	NA	route	Victory Road 2F	hardcore	16	Elite-4	85	FALSE	16|Victory Road 2F|Black Belt Daisuke	3	Machoke:80:80:Steadfast:Black Belt:Rash:15/15/15/15/15/15:0/0/0/0/0/0:Dynamic Punch,Scary Face,Cross Chop,Bulk Up|Conkeldurr:80:80:Guts:Black Belt:Adamant:15/15/15/15/15/15:0/0/0/0/0/0:Superpower,Focus Punch,Stone Edge,Hammer Arm|Passimian:81:81:Defiant:Black Belt:Bashful:15/15/15/15/15/15:0/0/0/0/0/0:Court Change,Sucker Punch,Reversal,Close Combat	Machoke,Conkeldurr,Passimian	81	80	Fighting,Rock,Dark	56.7	Passimian	Machoke	Flying,Psychic,Fairy	NONE	3 slots, levels 80-81. Offense covers 3 types. Shared weakness: Flying, Psychic, Fairy. Speed spans 45-80 base, fastest Passimian, slowest Machoke.	data.js:trainers[325].hardcore	Measured	derived: team analysis; strategy_notes Inferred
326	Rival Blue	NA	route	Pallet Town Oak's Lab	normal	0	Brock	15	FALSE	0|Pallet Town Oak's Lab|Rival Blue	1	Squirtle:5:5:Rain Dish:NONE:Modest:25/25/25/25/25/25:0/0/0/0/0/0:Hydro Pump,Rain Dance,Iron Defense,Skull Bash	Squirtle	5	5	Normal,Water	43.0	Squirtle	Squirtle	NONE	NONE	1 slots, levels 5-5. Offense covers 2 types. No weakness shared by half the team. Speed spans 43-43 base, fastest Squirtle, slowest Squirtle.	data.js:trainers[326].normal	Measured	derived: team analysis; strategy_notes Inferred
326	Rival Blue	NA	route	Pallet Town Oak's Lab	hardcore	0	Brock	15	FALSE	0|Pallet Town Oak's Lab|Rival Blue	1	Squirtle:5:5:Rain Dish:NONE:Modest:25/25/25/25/25/25:0/0/0/0/0/0:Hydro Pump,Rain Dance,Iron Defense,Skull Bash	Squirtle	5	5	Normal,Water	43.0	Squirtle	Squirtle	NONE	NONE	1 slots, levels 5-5. Offense covers 2 types. No weakness shared by half the team. Speed spans 43-43 base, fastest Squirtle, slowest Squirtle.	data.js:trainers[326].hardcore	Measured	derived: team analysis; strategy_notes Inferred
327	Rival Blue	NA	route	Pallet Town Oak's Lab	normal	0	Brock	15	FALSE	0|Pallet Town Oak's Lab|Rival Blue	1	Bulbasaur:5:5:Chlorophyll:NONE:Bashful:25/25/25/25/25/25:0/0/0/0/0/0:Seed Bomb,Synthesis,Worry Seed,Double-Edge	Bulbasaur	5	5	Normal,Grass	45.0	Bulbasaur	Bulbasaur	NONE	Steel	1 slots, levels 5-5. Offense covers 2 types. No weakness shared by half the team. A pure Steel type resists everything it carries. Speed spans 45-45 base, fastest Bulbasaur, slowest Bulbasaur.	data.js:trainers[327].normal	Measured	derived: team analysis; strategy_notes Inferred
327	Rival Blue	NA	route	Pallet Town Oak's Lab	hardcore	0	Brock	15	FALSE	0|Pallet Town Oak's Lab|Rival Blue	1	Bulbasaur:5:5:Chlorophyll:NONE:Bashful:25/25/25/25/25/25:0/0/0/0/0/0:Seed Bomb,Synthesis,Worry Seed,Double-Edge	Bulbasaur	5	5	Normal,Grass	45.0	Bulbasaur	Bulbasaur	NONE	Steel	1 slots, levels 5-5. Offense covers 2 types. No weakness shared by half the team. A pure Steel type resists everything it carries. Speed spans 45-45 base, fastest Bulbasaur, slowest Bulbasaur.	data.js:trainers[327].hardcore	Measured	derived: team analysis; strategy_notes Inferred
328	Rival Blue	NA	route	Pallet Town Oak's Lab	normal	0	Brock	15	FALSE	0|Pallet Town Oak's Lab|Rival Blue	1	Charmander:5:5:Solar Power:NONE:Bashful:25/25/25/25/25/25:0/0/0/0/0/0:Inferno,Fire Spin,Flamethrower,Slash	Charmander	5	5	Normal,Fire	65.0	Charmander	Charmander	NONE	Rock	1 slots, levels 5-5. Offense covers 2 types. No weakness shared by half the team. A pure Rock type resists everything it carries. Speed spans 65-65 base, fastest Charmander, slowest Charmander.	data.js:trainers[328].normal	Measured	derived: team analysis; strategy_notes Inferred
328	Rival Blue	NA	route	Pallet Town Oak's Lab	hardcore	0	Brock	15	FALSE	0|Pallet Town Oak's Lab|Rival Blue	1	Charmander:5:5:Solar Power:NONE:Bashful:25/25/25/25/25/25:0/0/0/0/0/0:Inferno,Fire Spin,Flamethrower,Slash	Charmander	5	5	Normal,Fire	65.0	Charmander	Charmander	NONE	Rock	1 slots, levels 5-5. Offense covers 2 types. No weakness shared by half the team. A pure Rock type resists everything it carries. Speed spans 65-65 base, fastest Charmander, slowest Charmander.	data.js:trainers[328].hardcore	Measured	derived: team analysis; strategy_notes Inferred
329	Rival Blue	NA	route	Route 22	normal	0	Brock	15	FALSE	0|Route 22|Rival Blue	2	Starly:9:9:Reckless:NONE:Modest:25/25/25/25/25/25:0/0/0/0/0/0:Final Gambit,Brave Bird,Agility,Take Down|Squirtle:9:9:Rain Dish:NONE:Docile:25/25/25/25/25/25:0/0/0/0/0/0:Hydro Pump,Rain Dance,Iron Defense,Skull Bash	Starly,Squirtle	9	9	Normal,Fighting,Flying,Water	51.5	Starly	Squirtle	Electric	NONE	2 slots, levels 9-9. Offense covers 4 types. Shared weakness: Electric. Speed spans 43-60 base, fastest Starly, slowest Squirtle.	data.js:trainers[329].normal	Measured	derived: team analysis; strategy_notes Inferred
329	Rival Blue	NA	route	Route 22	hardcore	0	Brock	15	TRUE	0|Route 22|Rival Blue	3	Snubbull:14:102:Defiant:Muscle Band:Adamant:31/31/31/0/31/31:0/0/0/0/0/0:Power-Up Punch,Covet,Thunder Wave,Fire Fang|Litleo:14:102:Adaptability:Wise Glasses:Timid:31/30/31/30/31/31:0/0/0/0/0/0:Incinerate,Round,Hidden Power,Sleep Talk|Squirtle:15:103:Rain Dish:Oran Berry:Adamant:31/31/31/31/31/31:0/0/0/0/0/0:Power-Up Punch,Aqua Jet,Rock Tomb,Curse	Snubbull,Litleo,Squirtle	15	14	Normal,Fighting,Rock,Fire,Water,Fairy	48.3	Litleo	Snubbull	NONE	NONE	3 slots, levels 14-15. Offense covers 6 types. No weakness shared by half the team. Speed spans 30-72 base, fastest Litleo, slowest Snubbull. LEVEL-SCALED: rescales to the player, excluded from scoring.	data.js:trainers[329].hardcore	Measured	derived: team analysis; strategy_notes Inferred
330	Rival Blue	NA	route	Route 22	normal	0	Brock	15	FALSE	0|Route 22|Rival Blue	2	Starly:9:9:Reckless:NONE:Modest:25/25/25/25/25/25:0/0/0/0/0/0:Final Gambit,Brave Bird,Agility,Take Down|Bulbasaur:9:9:Chlorophyll:NONE:Lax:25/25/25/25/25/25:0/0/0/0/0/0:Seed Bomb,Synthesis,Worry Seed,Double-Edge	Starly,Bulbasaur	9	9	Normal,Fighting,Flying,Grass	52.5	Starly	Bulbasaur	Ice	NONE	2 slots, levels 9-9. Offense covers 4 types. Shared weakness: Ice. Speed spans 45-60 base, fastest Starly, slowest Bulbasaur.	data.js:trainers[330].normal	Measured	derived: team analysis; strategy_notes Inferred
330	Rival Blue	NA	route	Route 22	hardcore	0	Brock	15	TRUE	0|Route 22|Rival Blue	3	Snubbull:14:102:Defiant:Muscle Band:Adamant:31/31/31/0/31/31:0/0/0/0/0/0:Power-Up Punch,Covet,Thunder Wave,Fire Fang|Slowpoke:14:102:Regenerator:Leftovers:Bold:31/0/31/31/31/31:0/0/0/0/0/0:Thunder Wave,Water Pulse,Psybeam,Teleport|Bulbasaur:15:103:Chlorophyll:Oran Berry:Timid:31/31/31/31/31/31:0/0/0/0/0/0:Sleep Powder,Mega Drain,Sludge,Growth	Snubbull,Slowpoke,Bulbasaur	15	14	Fighting,Poison,Fire,Water,Grass,Psychic,Fairy	30.0	Bulbasaur	Slowpoke	NONE	NONE	3 slots, levels 14-15. Offense covers 7 types. No weakness shared by half the team. Speed spans 15-45 base, fastest Bulbasaur, slowest Slowpoke. LEVEL-SCALED: rescales to the player, excluded from scoring.	data.js:trainers[330].hardcore	Measured	derived: team analysis; strategy_notes Inferred
331	Rival Blue	NA	route	Route 22	normal	0	Brock	15	FALSE	0|Route 22|Rival Blue	2	Starly:9:9:Reckless:NONE:Modest:25/25/25/25/25/25:0/0/0/0/0/0:Final Gambit,Brave Bird,Agility,Take Down|Charmander:9:9:Solar Power:NONE:Lax:25/25/25/25/25/25:0/0/0/0/0/0:Inferno,Fire Spin,Flamethrower,Slash	Starly,Charmander	9	9	Normal,Fighting,Flying,Fire	62.5	Charmander	Starly	Rock	NONE	2 slots, levels 9-9. Offense covers 4 types. Shared weakness: Rock. Speed spans 60-65 base, fastest Charmander, slowest Starly.	data.js:trainers[331].normal	Measured	derived: team analysis; strategy_notes Inferred
331	Rival Blue	NA	route	Route 22	hardcore	0	Brock	15	TRUE	0|Route 22|Rival Blue	3	Snubbull:14:102:Defiant:Muscle Band:Adamant:31/31/31/0/31/31:0/0/0/0/0/0:Power-Up Punch,Covet,Thunder Wave,Fire Fang|Slowpoke:14:102:Regenerator:Leftovers:Bold:31/0/31/31/31/31:0/0/0/0/0/0:Thunder Wave,Water Pulse,Psybeam,Teleport|Charmander:15:103:Solar Power:Muscle Band:Jolly:31/31/31/0/31/31:0/0/0/0/0/0:Power-Up Punch,Fire Fang,Thunder Punch,Slash	Snubbull,Slowpoke,Charmander	15	14	Normal,Fighting,Fire,Water,Electric,Psychic,Fairy	36.7	Charmander	Slowpoke	NONE	NONE	3 slots, levels 14-15. Offense covers 7 types. No weakness shared by half the team. Speed spans 15-65 base, fastest Charmander, slowest Slowpoke. LEVEL-SCALED: rescales to the player, excluded from scoring.	data.js:trainers[331].hardcore	Measured	derived: team analysis; strategy_notes Inferred
332	Rival Blue	NA	boss_candidate	Cerulean City	normal	2	Misty	27	TRUE	2|Cerulean City|Rival Blue	4	Kirlia:26:102:Synchronize:Sitrus Berry:Modest:31/31/31/31/31/31:0/0/0/0/0/0:Psybeam,Drain Kiss,Magical Leaf|Staravia:25:101:Reckless:Muscle Band:Adamant:31/31/31/31/31/31:0/0/0/0/0/0:Pluck,Quick Attack,U-turn,Sleep Talk|Pawniard:27:103:Pressure:Chople Berry:Adamant:31/31/31/31/31/31:0/0/0/0/0/0:Knock Off,Sucker Punch,Cut,Low Sweep|Wartortle:26:102:Rain Dish:Eviolite:Modest:31/31/31/31/31/31:0/0/0/0/0/0:Water Pulse,Icy Wind,Seismic Toss,Counter	Kirlia,Staravia,Pawniard,Wartortle	27	25	Normal,Fighting,Flying,Bug,Steel,Water,Grass,Psychic,Ice,Dark,Fairy	62.0	Staravia	Kirlia	Electric	NONE	4 slots, levels 25-27. Offense covers 11 types. Shared weakness: Electric. Speed spans 50-80 base, fastest Staravia, slowest Kirlia. LEVEL-SCALED: rescales to the player, excluded from scoring.	data.js:trainers[332].normal	Measured	derived: team analysis; strategy_notes Inferred
332	Rival Blue	NA	boss_candidate	Cerulean City	hardcore	2	Misty	27	TRUE	2|Cerulean City|Rival Blue	6	Hitmonlee:26:102:Striker:Black Belt:Jolly:31/31/31/31/31/31:0/0/0/0/0/0:Bullet Punch,Knock Off,Fake Out,Low Sweep|Eevee:25:101:Run Away:Eevium Z:Rash:31/31/31/31/31/31:0/0/0/0/0/0:Last Resort,Round,Double Kick,Bite|Clefable:26:102:Cute Charm:Life Orb:Timid:31/31/31/31/31/31:0/0/0/0/0/0:Charge Beam,Drain Kiss,Icy Wind,Mystical Fire|Simisear:26:102:Sage Power:Charcoal:Timid:31/31/30/31/30/30:0/0/0/0/0/0:Incinerate,Grass Knot,Hidden Power,Sleep Talk|Arbok:27:103:Strong Jaw:Poison Barb:Jolly:31/31/31/31/31/31:0/0/0/0/0/0:Poison Jab,Sucker Punch,Crunch,Thunder Fang|Wartortle:27:103:Rain Dish:Eviolite:Modest:31/31/31/30/31/31:0/0/0/0/0/0:Shell Smash,Water Pulse,Icy Wind,Hidden Power	Hitmonlee,Eevee,Clefable,Simisear,Arbok,Wartortle	27	25	Normal,Fighting,Poison,Steel,Fire,Water,Grass,Electric,Ice,Dark,Fairy	73.5	Simisear	Eevee	NONE	NONE	6 slots, levels 25-27. Offense covers 11 types. No weakness shared by half the team. Speed spans 55-101 base, fastest Simisear, slowest Eevee. LEVEL-SCALED: rescales to the player, excluded from scoring.	data.js:trainers[332].hardcore	Measured	derived: team analysis; strategy_notes Inferred
333	Rival Blue	NA	boss_candidate	Cerulean City	normal	2	Misty	27	TRUE	2|Cerulean City|Rival Blue	4	Kirlia:26:102:Synchronize:Sitrus Berry:Modest:31/31/31/31/31/31:0/0/0/0/0/0:Psybeam,Drain Kiss,Magical Leaf|Staravia:25:101:Reckless:Muscle Band:Adamant:31/31/31/31/31/31:0/0/0/0/0/0:Pluck,Quick Attack,U-turn,Sleep Talk|Pawniard:27:103:Pressure:Chople Berry:Adamant:31/31/31/31/31/31:0/0/0/0/0/0:Knock Off,Sucker Punch,Cut,Low Sweep|Ivysaur:26:102:Chlorophyll:Eviolite:Modest:31/31/31/31/31/31:0/0/0/0/0/0:Leech Seed,Sludge,Mega Drain,Protect	Kirlia,Staravia,Pawniard,Ivysaur	27	25	Normal,Fighting,Flying,Poison,Bug,Steel,Grass,Psychic,Dark,Fairy	62.5	Staravia	Kirlia	Ice,Fire	NONE	4 slots, levels 25-27. Offense covers 10 types. Shared weakness: Ice, Fire. Speed spans 50-80 base, fastest Staravia, slowest Kirlia. LEVEL-SCALED: rescales to the player, excluded from scoring.	data.js:trainers[333].normal	Measured	derived: team analysis; strategy_notes Inferred
333	Rival Blue	NA	boss_candidate	Cerulean City	hardcore	2	Misty	27	TRUE	2|Cerulean City|Rival Blue	6	Hitmonchan:26:102:Frisk:Black Belt:Jolly:31/31/31/31/31/31:0/0/0/0/0/0:Drain Punch,Ice Punch,Mach Punch,Sucker Punch|Clefable:26:102:Cute Charm:Life Orb:Timid:31/31/31/31/31/31:0/0/0/0/0/0:Charge Beam,Drain Kiss,Icy Wind,Mystical Fire|Simipour:26:102:Sage Power:Mystic Water:Timid:31/31/31/30/31/31:0/0/0/0/0/0:Water Pulse,Icy Wind,Hidden Power,Grass Knot|Arbok:27:103:Strong Jaw:Poison Barb:Jolly:31/31/31/31/31/31:0/0/0/0/0/0:Poison Jab,Sucker Punch,Crunch,Thunder Fang|Eevee:25:101:Run Away:Eevium Z:Lonely:31/31/31/31/31/31:0/0/0/0/0/0:Last Resort,Round,Double Kick,Bite|Ivysaur:27:103:Chlorophyll:Eviolite:Timid:31/31/31/31/31/31:0/0/0/0/0/0:Leech Seed,Protect,Sludge,Giga Drain	Hitmonchan,Clefable,Simipour,Arbok,Eevee,Ivysaur	27	25	Normal,Fighting,Poison,Fire,Water,Grass,Electric,Ice,Dark,Fairy	72.0	Simipour	Eevee	NONE	NONE	6 slots, levels 25-27. Offense covers 10 types. No weakness shared by half the team. Speed spans 55-101 base, fastest Simipour, slowest Eevee. LEVEL-SCALED: rescales to the player, excluded from scoring.	data.js:trainers[333].hardcore	Measured	derived: team analysis; strategy_notes Inferred
334	Rival Blue	NA	boss_candidate	Cerulean City	normal	2	Misty	27	TRUE	2|Cerulean City|Rival Blue	4	Kirlia:26:102:Synchronize:Sitrus Berry:Modest:31/31/31/31/31/31:0/0/0/0/0/0:Psybeam,Drain Kiss,Magical Leaf|Staravia:25:101:Reckless:Muscle Band:Adamant:31/31/31/31/31/31:0/0/0/0/0/0:Pluck,Quick Attack,U-turn,Sleep Talk|Pawniard:27:103:Pressure:Chople Berry:Adamant:31/31/31/31/31/31:0/0/0/0/0/0:Knock Off,Sucker Punch,Cut,Low Sweep|Charmeleon:26:102:Solar Power:Eviolite:Rash:31/31/31/31/31/31:0/0/0/0/0/0:Flame Burst,Thunder Punch,Ancient Power,Bite	Kirlia,Staravia,Pawniard,Charmeleon	27	25	Normal,Fighting,Flying,Rock,Bug,Steel,Fire,Grass,Electric,Psychic,Dark,Fairy	67.5	Staravia	Kirlia	Rock,Ground	NONE	4 slots, levels 25-27. Offense covers 12 types. Shared weakness: Rock, Ground. Speed spans 50-80 base, fastest Staravia, slowest Kirlia. LEVEL-SCALED: rescales to the player, excluded from scoring.	data.js:trainers[334].normal	Measured	derived: team analysis; strategy_notes Inferred
334	Rival Blue	NA	boss_candidate	Cerulean City	hardcore	2	Misty	27	TRUE	2|Cerulean City|Rival Blue	6	Hitmontop:26:102:Intimidate:Black Belt:Jolly:31/31/31/31/31/31:0/0/0/0/0/0:Fake Out,Bullet Punch,Rock Smash,Thief|Clefable:26:102:Cute Charm:Life Orb:Timid:31/31/31/31/31/31:0/0/0/0/0/0:Charge Beam,Drain Kiss,Icy Wind,Mystical Fire|Simisage:26:102:Sage Power:Miracle Seed:Timid:31/30/31/30/31/30:0/0/0/0/0/0:Mega Drain,Hidden Power,Power Gem,Sleep Talk|Arbok:27:103:Strong Jaw:Poison Barb:Jolly:31/31/31/31/31/31:0/0/0/0/0/0:Poison Jab,Sucker Punch,Crunch,Thunder Fang|Eevee:25:101:Run Away:Eevium Z:Lonely:31/31/31/31/31/31:0/0/0/0/0/0:Last Resort,Round,Double Kick,Bite|Charmeleon:27:103:Solar Power:Eviolite:Jolly:31/31/31/31/31/31:0/0/0/0/0/0:Dragon Dance,Fire Punch,Thunder Punch,Brick Break	Hitmontop,Clefable,Simisage,Arbok,Eevee,Charmeleon	27	25	Normal,Fighting,Poison,Rock,Steel,Fire,Grass,Electric,Ice,Dark,Fairy	74.3	Simisage	Eevee	NONE	NONE	6 slots, levels 25-27. Offense covers 11 types. No weakness shared by half the team. Speed spans 55-101 base, fastest Simisage, slowest Eevee. LEVEL-SCALED: rescales to the player, excluded from scoring.	data.js:trainers[334].hardcore	Measured	derived: team analysis; strategy_notes Inferred
335	Scientist Ted	NA	route	Pokemon Mansion 1F	normal	11	Blaine	76	FALSE	11|Pokemon Mansion 1F|Scientist Ted	2	Electrode:67:67:Galvanize:NONE:Hasty:15/15/15/15/15/15:0/0/0/0/0/0:Court Change,Mirror Coat,Gyro Ball,Explosion|Porygon2:69:69:Trace:NONE:Relaxed:15/15/15/15/15/15:0/0/0/0/0/0:Hyper Beam,Tri Attack,Lock-On,Discharge	Electrode,Porygon2	69	67	Normal,Steel,Electric,Psychic	105.0	Electrode	Porygon2	NONE	NONE	2 slots, levels 67-69. Offense covers 4 types. No weakness shared by half the team. Speed spans 60-150 base, fastest Electrode, slowest Porygon2.	data.js:trainers[335].normal	Measured	derived: team analysis; strategy_notes Inferred
335	Scientist Ted	NA	boss_candidate	Pokemon Mansion 1F	hardcore	11	Blaine	76	TRUE	11|Pokemon Mansion 1F|Scientist Ted	6	Froslass:74:101:Stakeout:Focus Sash:Jolly:31/31/31/31/31/31:0/0/0/0/0/0:Spikes,Triple Axel,Poltergeist,Destiny Bond|Samurott-Hisui:75:102:Sharpness:Mystic Water:Jolly:31/31/31/31/31/31:0/0/0/0/0/0:Ceaseless Edge,Razor Shell,Aqua Jet,Sacred Sword|Pidgeot:76:103:No Guard:Pidgeotite:Timid:31/31/31/31/31/31:0/0/0/0/0/0:Hurricane,Focus Blast,Heat Wave,U-turn|Emboar:76:103:Bull Rush:Fighting Gem:Naive:31/31/31/31/31/31:0/0/0/0/0/0:Close Combat,Flare Blitz,Wild Charge,Grass Knot|Leafeon:76:103:Leaf Guard:Eevium Z:Jolly:31/31/31/31/31/31:0/0/0/0/0/0:Last Resort,Sappy Seed,Jump Kick,Knock Off|Flygon:76:103:Tinted Lens:Life Orb:Naive:31/31/31/31/31/31:0/0/0/0/0/0:Earthquake,Draco Barrage,U-turn,Stone Edge	Froslass,Samurott-Hisui,Pidgeot,Emboar,Leafeon,Flygon	76	74	Normal,Fighting,Flying,Ground,Rock,Bug,Ghost,Fire,Water,Grass,Electric,Ice,Dragon,Dark	93.5	Froslass	Emboar	Ice	NONE	6 slots, levels 74-76. Offense covers 14 types. Shared weakness: Ice. Speed spans 65-110 base, fastest Froslass, slowest Emboar. LEVEL-SCALED: rescales to the player, excluded from scoring.	data.js:trainers[335].hardcore	Measured	derived: team analysis; strategy_notes Inferred
336	Scientist Connor	NA	boss_candidate	Silph Co. 2F	normal	6	Archer-2	56	FALSE	6|Silph Co. 2F|Scientist Connor	4	Muk-Alola:45:45:Gluttony:NONE:Adamant:31/31/31/31/31/31:6/252/0/0/0/252:Crunch,Poison Jab,Shadow Sneak|Weezing:45:45:Neutralize Gas:NONE:Modest:31/31/31/31/31/31:6/0/0/252/0/252:Explosion,Sludge Bomb,Flamethrower|Klinklang:45:45:UNK:Metal Coat:Adamant:31/31/31/31/31/31:6/252/0/0/0/252:Shift Gear,Gear Grind|Beheeyem:46:46:Synchronize:NONE:Modest:31/31/31/31/31/31:6/0/0/252/0/252:Psychic,Shadow Ball	Muk-Alola,Weezing,Klinklang,Beheeyem	46	45	Normal,Poison,Ghost,Steel,Fire,Psychic,Dark	60.0	Klinklang	Beheeyem	Ground	NONE	4 slots, levels 45-46. Offense covers 7 types. Shared weakness: Ground. Speed spans 40-90 base, fastest Klinklang, slowest Beheeyem.	data.js:trainers[336].normal	Measured	derived: team analysis; strategy_notes Inferred
336	Scientist Connor	NA	boss_candidate	Silph Co. 2F	hardcore	6	Archer-2	56	FALSE	6|Silph Co. 2F|Scientist Connor	4	Muk-Alola:45:45:Gluttony:NONE:Adamant:31/31/31/31/31/31:0/0/0/0/0/0:Crunch,Poison Jab,Shadow Sneak|Weezing:45:45:Neutralize Gas:NONE:Modest:31/31/31/31/31/31:0/0/0/0/0/0:Explosion,Sludge Bomb,Flamethrower|Klinklang:45:45:UNK:Metal Coat:Adamant:31/31/31/31/31/31:0/0/0/0/0/0:Shift Gear,Gear Grind|Beheeyem:46:46:Synchronize:NONE:Modest:31/31/31/31/31/31:0/0/0/0/0/0:Psychic,Shadow Ball	Muk-Alola,Weezing,Klinklang,Beheeyem	46	45	Normal,Poison,Ghost,Steel,Fire,Psychic,Dark	60.0	Klinklang	Beheeyem	Ground	NONE	4 slots, levels 45-46. Offense covers 7 types. Shared weakness: Ground. Speed spans 40-90 base, fastest Klinklang, slowest Beheeyem.	data.js:trainers[336].hardcore	Measured	derived: team analysis; strategy_notes Inferred
337	Scientist Jerry	NA	route	Silph Co. 2F	normal	6	Archer-2	56	FALSE	6|Silph Co. 2F|Scientist Jerry	3	Magneton:46:46:Analytic:NONE:Naughty:15/15/15/15/15/15:0/0/0/0/0/0:Gyro Ball,Magnet Rise,Lock-On,Discharge|Electrode:47:47:Soundproof:NONE:Naughty:15/15/15/15/15/15:0/0/0/0/0/0:Court Change,Mirror Coat,Gyro Ball,Explosion|Porygon:48:48:Analytic:NONE:Gentle:15/15/15/15/15/15:0/0/0/0/0/0:Zap Cannon,Magic Coat,Tri Attack,Lock-On	Magneton,Electrode,Porygon	48	46	Normal,Steel,Electric,Psychic	86.7	Electrode	Porygon	Fighting,Ground	NONE	3 slots, levels 46-48. Offense covers 4 types. Shared weakness: Fighting, Ground. Speed spans 40-150 base, fastest Electrode, slowest Porygon.	data.js:trainers[337].normal	Measured	derived: team analysis; strategy_notes Inferred
337	Scientist Jerry	NA	route	Silph Co. 2F	hardcore	6	Archer-2	56	FALSE	6|Silph Co. 2F|Scientist Jerry	3	Magneton:46:46:Analytic:NONE:Naughty:15/15/15/15/15/15:0/0/0/0/0/0:Gyro Ball,Magnet Rise,Lock-On,Discharge|Electrode:47:47:Soundproof:NONE:Naughty:15/15/15/15/15/15:0/0/0/0/0/0:Court Change,Mirror Coat,Gyro Ball,Explosion|Porygon:48:48:Analytic:NONE:Gentle:15/15/15/15/15/15:0/0/0/0/0/0:Zap Cannon,Magic Coat,Tri Attack,Lock-On	Magneton,Electrode,Porygon	48	46	Normal,Steel,Electric,Psychic	86.7	Electrode	Porygon	Fighting,Ground	NONE	3 slots, levels 46-48. Offense covers 4 types. Shared weakness: Fighting, Ground. Speed spans 40-150 base, fastest Electrode, slowest Porygon.	data.js:trainers[337].hardcore	Measured	derived: team analysis; strategy_notes Inferred
338	Scientist Jose	NA	route	Silph Co. 3F	normal	6	Archer-2	56	FALSE	6|Silph Co. 3F|Scientist Jose	2	Eelektross:45:45:UNK:NONE:Modest:31/31/31/31/31/31:6/0/0/252/0/252:Thunderbolt,Flamethrower,Giga Drain|Porygon2:45:45:Download:NONE:Modest:31/31/31/31/31/31:252/0/0/252/0/6:Aeroblast,Tri Attack,Thunderbolt,Ice Beam	Eelektross,Porygon2	45	45	Normal,Flying,Fire,Grass,Electric,Ice	55.0	Porygon2	Eelektross	NONE	NONE	2 slots, levels 45-45. Offense covers 6 types. No weakness shared by half the team. Speed spans 50-60 base, fastest Porygon2, slowest Eelektross.	data.js:trainers[338].normal	Measured	derived: team analysis; strategy_notes Inferred
338	Scientist Jose	NA	route	Silph Co. 3F	hardcore	6	Archer-2	56	FALSE	6|Silph Co. 3F|Scientist Jose	2	Eelektross:45:45:UNK:NONE:Modest:31/31/31/31/31/31:0/0/0/0/0/0:Thunderbolt,Flamethrower,Giga Drain|Porygon2:45:45:Download:NONE:Modest:31/31/31/31/31/31:0/0/0/0/0/0:Aeroblast,Tri Attack,Thunderbolt,Ice Beam	Eelektross,Porygon2	45	45	Normal,Flying,Fire,Grass,Electric,Ice	55.0	Porygon2	Eelektross	NONE	NONE	2 slots, levels 45-45. Offense covers 6 types. No weakness shared by half the team. Speed spans 50-60 base, fastest Porygon2, slowest Eelektross.	data.js:trainers[338].hardcore	Measured	derived: team analysis; strategy_notes Inferred
339	Scientist Rodney	NA	route	Silph Co. 4F	normal	6	Archer-2	56	FALSE	6|Silph Co. 4F|Scientist Rodney	1	Armarouge:48:48:Mega Launcher:NONE:Quirky:15/15/15/15/15/15:0/0/0/0/0/0:Armor Cannon,Expanding Force,Flamethrower,Calm Mind	Armarouge	48	48	Fire,Psychic	75.0	Armarouge	Armarouge	NONE	NONE	1 slots, levels 48-48. Offense covers 2 types. No weakness shared by half the team. Speed spans 75-75 base, fastest Armarouge, slowest Armarouge.	data.js:trainers[339].normal	Measured	derived: team analysis; strategy_notes Inferred
339	Scientist Rodney	NA	route	Silph Co. 4F	hardcore	6	Archer-2	56	FALSE	6|Silph Co. 4F|Scientist Rodney	1	Armarouge:48:48:Mega Launcher:NONE:Quirky:15/15/15/15/15/15:0/0/0/0/0/0:Armor Cannon,Expanding Force,Flamethrower,Calm Mind	Armarouge	48	48	Fire,Psychic	75.0	Armarouge	Armarouge	NONE	NONE	1 slots, levels 48-48. Offense covers 2 types. No weakness shared by half the team. Speed spans 75-75 base, fastest Armarouge, slowest Armarouge.	data.js:trainers[339].hardcore	Measured	derived: team analysis; strategy_notes Inferred
340	Scientist Beau	NA	boss_candidate	Silph Co. 5F	normal	6	Archer-2	56	FALSE	6|Silph Co. 5F|Scientist Beau	4	Electabuzz:41:41:Insomnia:NONE:Mild:31/31/31/31/31/31:6/128/0/128/0/252:Thunderbolt,Volt Switch,Ice Punch,Fire Punch|Kecleon:41:41:UNK:NONE:Adamant:31/31/31/31/31/31:6/252/0/0/0/252:Drain Punch,Sucker Punch,Rock Slide|Gardevoir:41:41:Trace:NONE:Modest:31/31/31/31/31/31:6/0/0/252/0/252:Dazzling Gleam,Psychic,Signal Beam,Destiny Bond|Arcanine:41:41:Flash Fire:NONE:Mild:31/31/31/31/31/31:6/128/0/128/0/252:Flamethrower,Wild Charge,Extreme Speed,Play Rough	Electabuzz,Kecleon,Gardevoir,Arcanine	41	41	Normal,Fighting,Rock,Bug,Fire,Electric,Psychic,Ice,Dark,Fairy	80.0	Electabuzz	Kecleon	Ground	NONE	4 slots, levels 41-41. Offense covers 10 types. Shared weakness: Ground. Speed spans 40-105 base, fastest Electabuzz, slowest Kecleon.	data.js:trainers[340].normal	Measured	derived: team analysis; strategy_notes Inferred
340	Scientist Beau	NA	boss_candidate	Silph Co. 5F	hardcore	6	Archer-2	56	FALSE	6|Silph Co. 5F|Scientist Beau	4	Electabuzz:41:41:Insomnia:NONE:Mild:31/31/31/31/31/31:0/0/0/0/0/0:Thunderbolt,Volt Switch,Ice Punch,Fire Punch|Kecleon:41:41:UNK:NONE:Adamant:31/31/31/31/31/31:0/0/0/0/0/0:Drain Punch,Sucker Punch,Rock Slide|Gardevoir:41:41:Trace:NONE:Modest:31/31/31/31/31/31:0/0/0/0/0/0:Dazzling Gleam,Psychic,Signal Beam,Destiny Bond|Arcanine:41:41:Flash Fire:NONE:Mild:31/31/31/31/31/31:0/0/0/0/0/0:Flamethrower,Wild Charge,Extreme Speed,Play Rough	Electabuzz,Kecleon,Gardevoir,Arcanine	41	41	Normal,Fighting,Rock,Bug,Fire,Electric,Psychic,Ice,Dark,Fairy	80.0	Electabuzz	Kecleon	Ground	NONE	4 slots, levels 41-41. Offense covers 10 types. Shared weakness: Ground. Speed spans 40-105 base, fastest Electabuzz, slowest Kecleon.	data.js:trainers[340].hardcore	Measured	derived: team analysis; strategy_notes Inferred
341	Scientist Taylor	NA	boss_candidate	Silph Co. 6F	normal	6	Archer-2	56	FALSE	6|Silph Co. 6F|Scientist Taylor	5	Electrode:44:44:Galvanize:Choice Band:Adamant:31/31/31/31/31/31:6/252/0/0/0/252:Explosion|Weezing:45:45:Neutralize Gas:Stardust:Adamant:31/31/31/31/31/31:6/252/0/0/0/252:Explosion|Musharna:44:44:UNK:NONE:Modest:31/31/31/31/31/31:252/0/0/252/0/6:Psychic,Shadow Ball,Moonlight,Calm Mind|Amoonguss:44:44:UNK:NONE:Modest:31/31/31/31/31/31:252/0/0/252/0/6:Spore,Giga Drain,Sludge Bomb|Scolipede:44:44:Speed Boost:Prism Scale:Adamant:31/31/31/31/31/31:6/252/0/0/0/252:Poison Jab,X-Scissor,Swords Dance	Electrode,Weezing,Musharna,Amoonguss,Scolipede	45	44	Normal,Poison,Bug,Ghost,Grass,Psychic	76.2	Electrode	Musharna	Psychic	NONE	5 slots, levels 44-45. Offense covers 6 types. Shared weakness: Psychic. Speed spans 29-150 base, fastest Electrode, slowest Musharna.	data.js:trainers[341].normal	Measured	derived: team analysis; strategy_notes Inferred
341	Scientist Taylor	NA	boss_candidate	Silph Co. 6F	hardcore	6	Archer-2	56	FALSE	6|Silph Co. 6F|Scientist Taylor	5	Electrode:44:44:Galvanize:Choice Band:Adamant:31/31/31/31/31/31:0/0/0/0/0/0:Explosion|Weezing:45:45:Neutralize Gas:Stardust:Adamant:31/31/31/31/31/31:0/0/0/0/0/0:Explosion|Musharna:44:44:UNK:NONE:Modest:31/31/31/31/31/31:0/0/0/0/0/0:Psychic,Shadow Ball,Moonlight,Calm Mind|Amoonguss:44:44:UNK:NONE:Modest:31/31/31/31/31/31:0/0/0/0/0/0:Spore,Giga Drain,Sludge Bomb|Scolipede:44:44:Speed Boost:Prism Scale:Adamant:31/31/31/31/31/31:0/0/0/0/0/0:Poison Jab,X-Scissor,Swords Dance	Electrode,Weezing,Musharna,Amoonguss,Scolipede	45	44	Normal,Poison,Bug,Ghost,Grass,Psychic	76.2	Electrode	Musharna	Psychic	NONE	5 slots, levels 44-45. Offense covers 6 types. Shared weakness: Psychic. Speed spans 29-150 base, fastest Electrode, slowest Musharna.	data.js:trainers[341].hardcore	Measured	derived: team analysis; strategy_notes Inferred
342	Scientist Joshua	NA	route	Silph Co. 7F	normal	6	Archer-2	56	FALSE	6|Silph Co. 7F|Scientist Joshua	2	Electrode:45:45:Galvanize:NONE:Timid:15/15/15/15/15/15:0/0/0/0/0/0:Court Change,Mirror Coat,Gyro Ball,Explosion|Muk:46:46:Poison Touch:NONE:Timid:15/15/15/15/15/15:0/0/0/0/0/0:Memento,Belch,Acid Armor,Gunk Shot	Electrode,Muk	46	45	Normal,Poison,Steel,Psychic	100.0	Electrode	Muk	Ground	Steel	2 slots, levels 45-46. Offense covers 4 types. Shared weakness: Ground. A pure Steel type resists everything it carries. Speed spans 50-150 base, fastest Electrode, slowest Muk.	data.js:trainers[342].normal	Measured	derived: team analysis; strategy_notes Inferred
342	Scientist Joshua	NA	route	Silph Co. 7F	hardcore	6	Archer-2	56	FALSE	6|Silph Co. 7F|Scientist Joshua	2	Electrode:45:45:Galvanize:NONE:Timid:15/15/15/15/15/15:0/0/0/0/0/0:Court Change,Mirror Coat,Gyro Ball,Explosion|Muk:46:46:Poison Touch:NONE:Timid:15/15/15/15/15/15:0/0/0/0/0/0:Memento,Belch,Acid Armor,Gunk Shot	Electrode,Muk	46	45	Normal,Poison,Steel,Psychic	100.0	Electrode	Muk	Ground	Steel	2 slots, levels 45-46. Offense covers 4 types. Shared weakness: Ground. A pure Steel type resists everything it carries. Speed spans 50-150 base, fastest Electrode, slowest Muk.	data.js:trainers[342].hardcore	Measured	derived: team analysis; strategy_notes Inferred
343	Scientist Parkker	NA	route	Silph Co. 8F	normal	6	Archer-2	56	FALSE	6|Silph Co. 8F|Scientist Parkker	2	Cloyster:45:45:Overcoat:NONE:Quiet:15/15/15/15/15/15:0/0/0/0/0/0:Shell Smash,Icicle Crash,Spikes,Ice Shard|Lickilicky:45:45:Own Tempo:NONE:Lax:15/15/15/15/15/15:0/0/0/0/0/0:Gyro Ball,Screech,Refresh,Me First	Cloyster,Lickilicky	45	45	Steel,Ice	50.0	Cloyster	Lickilicky	Fighting	Steel,Fire,Water	2 slots, levels 45-45. Offense covers 2 types. Shared weakness: Fighting. A pure Steel type resists everything it carries. Speed spans 30-70 base, fastest Cloyster, slowest Lickilicky.	data.js:trainers[343].normal	Measured	derived: team analysis; strategy_notes Inferred
343	Scientist Parkker	NA	route	Silph Co. 8F	hardcore	6	Archer-2	56	FALSE	6|Silph Co. 8F|Scientist Parkker	2	Cloyster:45:45:Overcoat:NONE:Quiet:15/15/15/15/15/15:0/0/0/0/0/0:Shell Smash,Icicle Crash,Spikes,Ice Shard|Lickilicky:45:45:Own Tempo:NONE:Lax:15/15/15/15/15/15:0/0/0/0/0/0:Gyro Ball,Screech,Refresh,Me First	Cloyster,Lickilicky	45	45	Steel,Ice	50.0	Cloyster	Lickilicky	Fighting	Steel,Fire,Water	2 slots, levels 45-45. Offense covers 2 types. Shared weakness: Fighting. A pure Steel type resists everything it carries. Speed spans 30-70 base, fastest Cloyster, slowest Lickilicky.	data.js:trainers[343].hardcore	Measured	derived: team analysis; strategy_notes Inferred
344	Scientist Ed	NA	route	Silph Co. 9F	normal	6	Archer-2	56	FALSE	6|Silph Co. 9F|Scientist Ed	3	Accelgor:44:44:Hydration:NONE:Modest:31/31/31/31/31/31:6/0/0/252/0/252:Bug Buzz,Giga Drain,Sludge Bomb,U-turn|Heliolisk:45:45:Solar Power:Stardust:Modest:31/31/31/31/31/31:6/0/0/252/0/252:Thunderbolt,Hyper Voice,Grass Knot,Volt Switch|Archeops:44:44:UNK:NONE:Adamant:31/31/31/31/31/31:6/252/0/0/0/252:Acrobatics,Rock Slide,Supersonic,Zen Headbutt	Accelgor,Heliolisk,Archeops	45	44	Normal,Flying,Poison,Rock,Bug,Grass,Electric,Psychic	121.3	Accelgor	Heliolisk	Rock	NONE	3 slots, levels 44-45. Offense covers 8 types. Shared weakness: Rock. Speed spans 109-145 base, fastest Accelgor, slowest Heliolisk.	data.js:trainers[344].normal	Measured	derived: team analysis; strategy_notes Inferred
344	Scientist Ed	NA	route	Silph Co. 9F	hardcore	6	Archer-2	56	FALSE	6|Silph Co. 9F|Scientist Ed	3	Accelgor:44:44:Hydration:NONE:Modest:31/31/31/31/31/31:0/0/0/0/0/0:Bug Buzz,Giga Drain,Sludge Bomb,U-turn|Heliolisk:45:45:Solar Power:Stardust:Modest:31/31/31/31/31/31:0/0/0/0/0/0:Thunderbolt,Hyper Voice,Grass Knot,Volt Switch|Archeops:44:44:UNK:NONE:Adamant:31/31/31/31/31/31:0/0/0/0/0/0:Acrobatics,Rock Slide,Supersonic,Zen Headbutt	Accelgor,Heliolisk,Archeops	45	44	Normal,Flying,Poison,Rock,Bug,Grass,Electric,Psychic	121.3	Accelgor	Heliolisk	Rock	NONE	3 slots, levels 44-45. Offense covers 8 types. Shared weakness: Rock. Speed spans 109-145 base, fastest Accelgor, slowest Heliolisk.	data.js:trainers[344].hardcore	Measured	derived: team analysis; strategy_notes Inferred
345	Scientist Travis	NA	route	Silph Co. 10F	normal	6	Archer-2	56	FALSE	6|Silph Co. 10F|Scientist Travis	2	Kabutops:45:45:Swift Swim:NONE:Hasty:15/15/15/15/15/15:0/0/0/0/0/0:Sacred Sword,Stone Axe,Metal Sound,Mega Drain|Omastar:45:45:Weak Armor:NONE:Mild:15/15/15/15/15/15:0/0/0/0/0/0:Shell Smash,Tickle,Meteor Beam,Ancient Power	Kabutops,Omastar	45	45	Fighting,Rock,Grass	67.5	Kabutops	Omastar	Fighting,Ground,Grass,Electric	NONE	2 slots, levels 45-45. Offense covers 3 types. Shared weakness: Fighting, Ground, Grass, Electric. Speed spans 55-80 base, fastest Kabutops, slowest Omastar.	data.js:trainers[345].normal	Measured	derived: team analysis; strategy_notes Inferred
345	Scientist Travis	NA	route	Silph Co. 10F	hardcore	6	Archer-2	56	FALSE	6|Silph Co. 10F|Scientist Travis	2	Kabutops:45:45:Swift Swim:NONE:Hasty:15/15/15/15/15/15:0/0/0/0/0/0:Sacred Sword,Stone Axe,Metal Sound,Mega Drain|Omastar:45:45:Weak Armor:NONE:Mild:15/15/15/15/15/15:0/0/0/0/0/0:Shell Smash,Tickle,Meteor Beam,Ancient Power	Kabutops,Omastar	45	45	Fighting,Rock,Grass	67.5	Kabutops	Omastar	Fighting,Ground,Grass,Electric	NONE	2 slots, levels 45-45. Offense covers 3 types. Shared weakness: Fighting, Ground, Grass, Electric. Speed spans 55-80 base, fastest Kabutops, slowest Omastar.	data.js:trainers[345].hardcore	Measured	derived: team analysis; strategy_notes Inferred
346	Scientist Braydon	NA	route	Pokemon Mansion 3F	normal	11	Blaine	76	FALSE	11|Pokemon Mansion 3F|Scientist Braydon	3	Magneton:69:69:Analytic:NONE:Bashful:15/15/15/15/15/15:0/0/0/0/0/0:Gyro Ball,Magnet Rise,Lock-On,Discharge|Probopass:69:69:Sturdy:NONE:Lax:15/15/15/15/15/15:0/0/0/0/0/0:Zap Cannon,Lock-On,Stone Edge,Earth Power|Bellibolt:70:70:Damp:NONE:Docile:15/15/15/15/15/15:0/0/0/0/0/0:Parabolic Charge,Muddy Water,Zap Cannon,Sucker Punch	Magneton,Probopass,Bellibolt	70	69	Ground,Rock,Steel,Water,Electric,Dark	51.7	Magneton	Probopass	Fighting,Ground	NONE	3 slots, levels 69-70. Offense covers 6 types. Shared weakness: Fighting, Ground. Speed spans 40-70 base, fastest Magneton, slowest Probopass.	data.js:trainers[346].normal	Measured	derived: team analysis; strategy_notes Inferred
346	Scientist Braydon	NA	route	Pokemon Mansion 3F	hardcore	11	Blaine	76	FALSE	11|Pokemon Mansion 3F|Scientist Braydon	3	Magneton:69:69:Analytic:NONE:Bashful:15/15/15/15/15/15:0/0/0/0/0/0:Gyro Ball,Magnet Rise,Lock-On,Discharge|Probopass:69:69:Sturdy:NONE:Lax:15/15/15/15/15/15:0/0/0/0/0/0:Zap Cannon,Lock-On,Stone Edge,Earth Power|Bellibolt:70:70:Damp:NONE:Docile:15/15/15/15/15/15:0/0/0/0/0/0:Parabolic Charge,Muddy Water,Zap Cannon,Sucker Punch	Magneton,Probopass,Bellibolt	70	69	Ground,Rock,Steel,Water,Electric,Dark	51.7	Magneton	Probopass	Fighting,Ground	NONE	3 slots, levels 69-70. Offense covers 6 types. Shared weakness: Fighting, Ground. Speed spans 40-70 base, fastest Magneton, slowest Probopass.	data.js:trainers[346].hardcore	Measured	derived: team analysis; strategy_notes Inferred
347	Scientist Ivan	NA	route	Pokemon Mansion B1F	normal	11	Blaine	76	FALSE	11|Pokemon Mansion B1F|Scientist Ivan	2	Revavroom:71:71:Solid Rock:NONE:Careful:15/15/15/15/15/15:0/0/0/0/0/0:Shift Gear,Gunk Shot,Uproar,Poison Jab|Bronzong:70:70:Heavy Metal:NONE:Quiet:15/15/15/15/15/15:0/0/0/0/0/0:Spin Out,Heavy Slam,Heal Block,Payback	Revavroom,Bronzong	71	70	Normal,Poison,Steel,Dark	61.5	Revavroom	Bronzong	Ground,Fire	NONE	2 slots, levels 70-71. Offense covers 4 types. Shared weakness: Ground, Fire. Speed spans 33-90 base, fastest Revavroom, slowest Bronzong.	data.js:trainers[347].normal	Measured	derived: team analysis; strategy_notes Inferred
347	Scientist Ivan	NA	route	Pokemon Mansion B1F	hardcore	11	Blaine	76	FALSE	11|Pokemon Mansion B1F|Scientist Ivan	2	Revavroom:71:71:Solid Rock:NONE:Careful:15/15/15/15/15/15:0/0/0/0/0/0:Shift Gear,Gunk Shot,Uproar,Poison Jab|Bronzong:70:70:Heavy Metal:NONE:Quiet:15/15/15/15/15/15:0/0/0/0/0/0:Spin Out,Heavy Slam,Heal Block,Payback	Revavroom,Bronzong	71	70	Normal,Poison,Steel,Dark	61.5	Revavroom	Bronzong	Ground,Fire	NONE	2 slots, levels 70-71. Offense covers 4 types. Shared weakness: Ground, Fire. Speed spans 33-90 base, fastest Revavroom, slowest Bronzong.	data.js:trainers[347].hardcore	Measured	derived: team analysis; strategy_notes Inferred
348	Boss Giovanni	NA	boss_candidate	Rocket Hideout B4F	normal	5	Giovanni-1	47	FALSE	5|Rocket Hideout B4F|Boss Giovanni	6	Nidoking:45:45:Sheer Force:Life Orb:Timid:31/31/31/31/31/31:0/0/4/252/0/252:Earth Power,Ice Beam,Sludge Bomb,Thunderbolt|Honchkrow:45:45:Insomnia:Scope Lens:Jolly:31/31/31/31/31/31:0/252/4/0/0/252:Night Slash,Sucker Punch,Drill Peck,Heat Wave|Infernape:46:46:Iron Fist:Focus Sash:Jolly:31/31/31/31/31/31:0/252/4/0/0/252:Swords Dance,Pyro Ball,Close Combat,Thunder Punch|Kangaskhan:46:46:Inner Focus:Kangaskanite:Jolly:31/31/31/31/31/31:0/252/4/0/0/252:Fake Out,Body Slam,Crunch,Power-Up Punch|Orthworm:47:47:Sand Veil:Sitrus Berry:Impish:31/31/31/31/31/31:252/0/252/0/4/0:Shed Tail,Iron Head,Earthquake,Body Press|Veluza:46:46:Sharpness:Sitrus Berry:Jolly:31/31/31/31/31/31:0/252/4/0/0/252:Fillet Away,Aqua Cutter,Psycho Cut,Aqua Jet	Nidoking,Honchkrow,Infernape,Kangaskhan,Orthworm,Veluza	47	45	Normal,Fighting,Flying,Poison,Ground,Steel,Fire,Water,Electric,Psychic,Ice,Dark	86.5	Infernape	Orthworm	Ground	NONE	6 slots, levels 45-47. Offense covers 12 types. Shared weakness: Ground. Speed spans 65-113 base, fastest Infernape, slowest Orthworm.	data.js:trainers[348].normal	Measured	derived: team analysis; strategy_notes Inferred
348	Boss Giovanni	NA	boss_candidate	Rocket Hideout B4F	hardcore	5	Giovanni-1	47	FALSE	5|Rocket Hideout B4F|Boss Giovanni	6	Infernape:47:47:Iron Fist:Focus Sash:Jolly:31/31/31/31/31/31:0/0/0/0/0/0:Pyro Ball,Close Combat,Thunder Punch,Stealth Rock|Nidoking:47:47:Sheer Force:Life Orb:Timid:31/31/31/31/31/31:0/0/0/0/0/0:Earth Power,Sludge Wave,Fire Blast,Thunderbolt|Torterra:47:47:Rock Head:White Herb:Jolly:31/31/31/31/31/31:0/0/0/0/0/0:Shell Smash,Earthquake,Wood Hammer,Head Smash|Orthworm:47:47:Sand Veil:Sitrus Berry:Impish:31/31/31/31/31/31:0/0/0/0/0/0:Heavy Slam,Body Press,Shed Tail,Earthquake|Gyarados:47:47:Moxie:Flyinium Z:Jolly:31/31/31/31/31/31:0/0/0/0/0/0:Dragon Dance,Waterfall,Earthquake,Bounce|Kangaskhan:47:47:Inner Focus:Kangaskanite:Jolly:31/31/31/31/31/31:0/0/0/0/0/0:Power-Up Punch,Body Slam,Crunch,Rock Tomb	Infernape,Nidoking,Torterra,Orthworm,Gyarados,Kangaskhan	47	47	Normal,Fighting,Flying,Poison,Ground,Rock,Steel,Fire,Water,Grass,Electric,Dark	81.7	Infernape	Torterra	Ground	NONE	6 slots, levels 47-47. Offense covers 12 types. Shared weakness: Ground. Speed spans 56-113 base, fastest Infernape, slowest Torterra.	data.js:trainers[348].hardcore	Measured	derived: team analysis; strategy_notes Inferred
349	Boss Giovanni	NA	boss_candidate	Silph Co. 11F	normal	7	Giovanni-2	57	FALSE	7|Silph Co. 11F|Boss Giovanni	6	Hippowdon:56:56:Sand Force:Smooth Rock:Adamant:31/31/31/31/31/31:252/252/4/0/0/0:Stone Edge,Earthquake,Roar,Stealth Rock|Excadrill:57:57:Mold Breaker:Focus Sash:Adamant:31/31/31/31/31/31:0/252/4/0/0/252:Earthquake,Iron Head,Rock Slide,Swords Dance|Kangaskhan:57:57:Early Bird:Kangaskanite:Jolly:31/31/31/31/31/31:0/252/4/0/0/252:Power-Up Punch,Fake Out,Body Slam,Crunch|Garganacl:57:57:Sturdy:Leftovers:Impish:31/31/31/31/31/31:252/0/252/0/4/0:Protect,Body Press,Salt Cure,Recover|Garchomp:57:57:Iron Barbs:Yache Berry:Jolly:31/31/31/31/31/31:0/252/4/0/0/252:Swords Dance,Earthquake,Rock Slide,Scale Shot|Torterra:56:56:Rock Head:White Herb:Jolly:31/31/31/31/31/31:0/252/0/0/4/252:Shell Smash,Wood Hammer,Earthquake,Head Smash	Hippowdon,Excadrill,Kangaskhan,Garganacl,Garchomp,Torterra	57	56	Normal,Fighting,Ground,Rock,Steel,Grass,Dragon,Dark	69.7	Garchomp	Garganacl	Water,Ice,Fighting	NONE	6 slots, levels 56-57. Offense covers 8 types. Shared weakness: Water, Ice, Fighting. Speed spans 35-102 base, fastest Garchomp, slowest Garganacl.	data.js:trainers[349].normal	Measured	derived: team analysis; strategy_notes Inferred
349	Boss Giovanni	NA	boss_candidate	Silph Co. 11F	hardcore	7	Giovanni-2	57	FALSE	7|Silph Co. 11F|Boss Giovanni	6	Mamoswine:57:57:Thick Fat:Focus Sash:Jolly:31/31/31/31/31/31:0/0/0/0/0/0:Stone Edge,Ice Shard,Headlong Rush,Icicle Crash|Dracovish:57:57:Sand Rush:Water Gem:Adamant:31/31/31/31/31/31:0/0/0/0/0/0:Fishious Rend,Psychic Fangs,Crunch,Dragon Claw|Gyarados:57:57:Moxie:Flyinium Z:Jolly:31/31/31/31/31/31:0/0/0/0/0/0:Dragon Dance,Waterfall,Earthquake,Bounce|Garganacl:57:57:Sturdy:Leftovers:Careful:31/31/31/31/31/31:0/0/0/0/0/0:Iron Defense,Body Press,Salt Cure,Recover|Excadrill:57:57:Mold Breaker:Focus Sash:Jolly:31/31/31/31/31/31:0/0/0/0/0/0:Swords Dance,Earthquake,Iron Head,Rock Slide|Garchomp:57:57:Iron Barbs:Garchompite:Jolly:31/31/31/31/31/31:0/0/0/0/0/0:Swords Dance,Earthquake,Scale Shot,Stone Edge	Mamoswine,Dracovish,Gyarados,Garganacl,Excadrill,Garchomp	57	57	Fighting,Flying,Ground,Rock,Steel,Water,Psychic,Ice,Dragon,Dark	76.8	Garchomp	Garganacl	Fighting,Water	NONE	6 slots, levels 57-57. Offense covers 10 types. Shared weakness: Fighting, Water. Speed spans 35-102 base, fastest Garchomp, slowest Garganacl.	data.js:trainers[349].hardcore	Measured	derived: team analysis; strategy_notes Inferred
351	Team Rocket Grunt	NA	route	Mt. Moon B2F	normal	1	Archer-1	22	FALSE	1|Mt. Moon B2F|Team Rocket Grunt	2	Rattata:15:15:Hustle:NONE:Impish:15/15/15/15/15/15:0/0/0/0/0/0:Endeavor,Double-Edge,Super Fang,Return|Zubat:15:15:Infiltrator:NONE:Quiet:15/15/15/15/15/15:0/0/0/0/0/0:Quick Guard,Air Slash,Venoshock,Haze	Rattata,Zubat	15	15	Normal,Flying,Poison	63.5	Rattata	Zubat	NONE	Rock,Steel	2 slots, levels 15-15. Offense covers 3 types. No weakness shared by half the team. A pure Rock type resists everything it carries. Speed spans 55-72 base, fastest Rattata, slowest Zubat.	data.js:trainers[351].normal	Measured	derived: team analysis; strategy_notes Inferred
351	Team Rocket Grunt	NA	route	Mt. Moon B2F	hardcore	1	Archer-1	22	FALSE	1|Mt. Moon B2F|Team Rocket Grunt	2	Rattata:15:15:Hustle:NONE:Impish:15/15/15/15/15/15:0/0/0/0/0/0:Endeavor,Double-Edge,Super Fang,Return|Zubat:15:15:Infiltrator:NONE:Quiet:15/15/15/15/15/15:0/0/0/0/0/0:Quick Guard,Air Slash,Venoshock,Haze	Rattata,Zubat	15	15	Normal,Flying,Poison	63.5	Rattata	Zubat	NONE	Rock,Steel	2 slots, levels 15-15. Offense covers 3 types. No weakness shared by half the team. A pure Rock type resists everything it carries. Speed spans 55-72 base, fastest Rattata, slowest Zubat.	data.js:trainers[351].hardcore	Measured	derived: team analysis; strategy_notes Inferred
352	Team Rocket Grunt	NA	route	Mt. Moon B2F	normal	1	Archer-1	22	FALSE	1|Mt. Moon B2F|Team Rocket Grunt	3	Shroodle:15:15:Prankster:NONE:Calm:15/15/15/15/15/15:0/0/0/0/0/0:Gunk Shot,Knock Off,Substitute,Taunt|Rattata-Alola:15:15:Gluttony:NONE:Naive:15/15/15/15/15/15:0/0/0/0/0/0:Endeavor,Double-Edge,Super Fang,Sucker Punch|Zubat:16:16:Corrosion:NONE:Gentle:15/15/15/15/15/15:0/0/0/0/0/0:Quick Guard,Air Slash,Venoshock,Haze	Shroodle,Rattata-Alola,Zubat	16	15	Normal,Flying,Poison,Dark	67.3	Shroodle	Zubat	Psychic	NONE	3 slots, levels 15-16. Offense covers 4 types. Shared weakness: Psychic. Speed spans 55-75 base, fastest Shroodle, slowest Zubat.	data.js:trainers[352].normal	Measured	derived: team analysis; strategy_notes Inferred
352	Team Rocket Grunt	NA	route	Mt. Moon B2F	hardcore	1	Archer-1	22	FALSE	1|Mt. Moon B2F|Team Rocket Grunt	3	Shroodle:15:15:Prankster:NONE:Calm:15/15/15/15/15/15:0/0/0/0/0/0:Gunk Shot,Knock Off,Substitute,Taunt|Rattata-Alola:15:15:Gluttony:NONE:Naive:15/15/15/15/15/15:0/0/0/0/0/0:Endeavor,Double-Edge,Super Fang,Sucker Punch|Zubat:16:16:Corrosion:NONE:Gentle:15/15/15/15/15/15:0/0/0/0/0/0:Quick Guard,Air Slash,Venoshock,Haze	Shroodle,Rattata-Alola,Zubat	16	15	Normal,Flying,Poison,Dark	67.3	Shroodle	Zubat	Psychic	NONE	3 slots, levels 15-16. Offense covers 4 types. Shared weakness: Psychic. Speed spans 55-75 base, fastest Shroodle, slowest Zubat.	data.js:trainers[352].hardcore	Measured	derived: team analysis; strategy_notes Inferred
353	Team Rocket Grunt	NA	route	Mt. Moon B2F	normal	1	Archer-1	22	FALSE	1|Mt. Moon B2F|Team Rocket Grunt	2	Stunky:14:14:Frisk:NONE:Timid:15/15/15/15/15/15:0/0/0/0/0/0:Explosion,Belch,Sucker Punch,Venom Drench|Nickit:14:14:Run Away:NONE:Quiet:15/15/15/15/15/15:0/0/0/0/0/0:Foul Play,Dark Pulse,Night Slash,Sucker Punch	Stunky,Nickit	14	14	Normal,Poison,Dark	62.0	Stunky	Nickit	NONE	NONE	2 slots, levels 14-14. Offense covers 3 types. No weakness shared by half the team. Speed spans 50-74 base, fastest Stunky, slowest Nickit.	data.js:trainers[353].normal	Measured	derived: team analysis; strategy_notes Inferred
353	Team Rocket Grunt	NA	route	Mt. Moon B2F	hardcore	1	Archer-1	22	FALSE	1|Mt. Moon B2F|Team Rocket Grunt	2	Stunky:14:14:Frisk:NONE:Timid:15/15/15/15/15/15:0/0/0/0/0/0:Explosion,Belch,Sucker Punch,Venom Drench|Nickit:14:14:Run Away:NONE:Quiet:15/15/15/15/15/15:0/0/0/0/0/0:Foul Play,Dark Pulse,Night Slash,Sucker Punch	Stunky,Nickit	14	14	Normal,Poison,Dark	62.0	Stunky	Nickit	NONE	NONE	2 slots, levels 14-14. Offense covers 3 types. No weakness shared by half the team. Speed spans 50-74 base, fastest Stunky, slowest Nickit.	data.js:trainers[353].hardcore	Measured	derived: team analysis; strategy_notes Inferred
354	Team Rocket Grunt	NA	route	Mt. Moon B2F	normal	1	Archer-1	22	FALSE	1|Mt. Moon B2F|Team Rocket Grunt	2	Rattata-Alola:16:16:Thick Fat:NONE:Impish:15/15/15/15/15/15:0/0/0/0/0/0:Endeavor,Double-Edge,Super Fang,Sucker Punch|Capsakid:17:17:Chlorophyll:NONE:Sassy:15/15/15/15/15/15:0/0/0/0/0/0:Solar Beam,Seed Bomb,Crunch,Zen Headbutt	Rattata-Alola,Capsakid	17	16	Normal,Grass,Psychic,Dark	61.0	Rattata-Alola	Capsakid	Bug	NONE	2 slots, levels 16-17. Offense covers 4 types. Shared weakness: Bug. Speed spans 50-72 base, fastest Rattata-Alola, slowest Capsakid.	data.js:trainers[354].normal	Measured	derived: team analysis; strategy_notes Inferred
354	Team Rocket Grunt	NA	route	Mt. Moon B2F	hardcore	1	Archer-1	22	FALSE	1|Mt. Moon B2F|Team Rocket Grunt	2	Rattata-Alola:16:16:Thick Fat:NONE:Impish:15/15/15/15/15/15:0/0/0/0/0/0:Endeavor,Double-Edge,Super Fang,Sucker Punch|Capsakid:17:17:Chlorophyll:NONE:Sassy:15/15/15/15/15/15:0/0/0/0/0/0:Solar Beam,Seed Bomb,Crunch,Zen Headbutt	Rattata-Alola,Capsakid	17	16	Normal,Grass,Psychic,Dark	61.0	Rattata-Alola	Capsakid	Bug	NONE	2 slots, levels 16-17. Offense covers 4 types. Shared weakness: Bug. Speed spans 50-72 base, fastest Rattata-Alola, slowest Capsakid.	data.js:trainers[354].hardcore	Measured	derived: team analysis; strategy_notes Inferred
355	Team Rocket Grunt	NA	boss_candidate	Cerulean City	normal	2	Misty	27	TRUE	2|Cerulean City|Team Rocket Grunt	4	Persian-Alola:25:101:Feline Prowess:Black Glasses:Timid:31/31/31/31/31/31:0/0/0/0/0/0:Snarl,Water Pulse,Parting Shot,Shock Wave|Golbat:26:102:Infiltrator:Eviolite:Naive:31/30/31/30/31/30:0/0/0/0/0/0:Mega Drain,Cross Poison,Air Cutter,Hidden Power|Oinkologne-F:24:104:Aroma Veil:Figy Berry:Impish:31/31/31/31/31/31:0/0/0/0/0/0:Stockpile,Body Press,Bullet Seed,Headbutt|Octillery:26:102:Skill Link:Rindo Berry:Rash:31/31/31/31/31/31:0/0/0/0/0/0:Bullet Seed,Rock Blast,Water Pulse,Icy Wind	Persian-Alola,Golbat,Oinkologne-F,Octillery	26	24	Normal,Fighting,Flying,Poison,Rock,Water,Grass,Electric,Ice,Dark	86.2	Persian-Alola	Oinkologne-F	Fighting,Electric	NONE	4 slots, levels 24-26. Offense covers 10 types. Shared weakness: Fighting, Electric. Speed spans 65-115 base, fastest Persian-Alola, slowest Oinkologne-F. LEVEL-SCALED: rescales to the player, excluded from scoring.	data.js:trainers[355].normal	Measured	derived: team analysis; strategy_notes Inferred
355	Team Rocket Grunt	NA	boss_candidate	Cerulean City	hardcore	2	Misty	27	TRUE	2|Cerulean City|Team Rocket Grunt	4	Persian-Alola:25:101:Feline Prowess:Black Glasses:Timid:31/31/31/31/31/31:0/0/0/0/0/0:Dark Pulse,Water Pulse,Parting Shot,Shock Wave|Crobat:25:101:Infiltrator:Scope Lens:Naive:31/30/31/30/31/30:0/0/0/0/0/0:Mega Drain,Cross Poison,Air Cutter,Hidden Power|Raticate:26:102:Run Away:Flame Orb:Jolly:31/31/31/30/31/31:0/0/0/0/0/0:Facade,Stomping Tantrum,Sucker Punch,U-turn|Veluza:24:104:Sharpness:Expert Belt:Jolly:31/31/31/31/31/31:0/0/0/0/0/0:Aqua Cutter,Psycho Cut,Aqua Jet,Crunch	Persian-Alola,Crobat,Raticate,Veluza	26	24	Normal,Flying,Poison,Ground,Bug,Water,Grass,Electric,Psychic,Dark	103.0	Crobat	Veluza	Fighting,Bug,Electric	NONE	4 slots, levels 24-26. Offense covers 10 types. Shared weakness: Fighting, Bug, Electric. Speed spans 70-130 base, fastest Crobat, slowest Veluza. LEVEL-SCALED: rescales to the player, excluded from scoring.	data.js:trainers[355].hardcore	Measured	derived: team analysis; strategy_notes Inferred
356	Team Rocket Grunt	NA	boss_candidate	Route 24	normal	2	Misty	27	TRUE	2|Route 24|Team Rocket Grunt	4	Growlithe:27:103:Justified:Eviolite:Careful:31/31/31/31/31/31:0/0/0/0/0/0:Dragon Rage,Fire Fang,Thunder Fang,Bulldoze|Gabite:25:101:Iron Barbs:Eviolite:Impish:31/31/31/31/31/31:0/0/0/0/0/0:Body Slam,Rock Slide,Dual Chop,Bulldoze|Togedemaru:25:101:Sturdy:Rocky Helmet:Careful:31/31/31/31/31/31:0/0/0/0/0/0:U-turn,Zippy Zap,Iron Head,Nuzzle|Komala:25:101:UNK:Silk Scarf:Adamant:31/31/31/31/31/31:0/0/0/0/0/0:Protect,Last Resort	Growlithe,Gabite,Togedemaru,Komala	27	25	Normal,Ground,Rock,Bug,Steel,Fire,Electric,Dragon	75.8	Togedemaru	Growlithe	Ground,Fighting	NONE	4 slots, levels 25-27. Offense covers 8 types. Shared weakness: Ground, Fighting. Speed spans 60-96 base, fastest Togedemaru, slowest Growlithe. LEVEL-SCALED: rescales to the player, excluded from scoring.	data.js:trainers[356].normal	Measured	derived: team analysis; strategy_notes Inferred
356	Team Rocket Grunt	NA	boss_candidate	Route 24	hardcore	2	Misty	27	TRUE	2|Route 24|Team Rocket Grunt	4	Arcanine:25:101:Justified:Sitrus Berry:Jolly:31/31/31/31/31/31:0/0/0/0/0/0:Dragon Rage,Flame Wheel,Thunder Fang,Bulldoze|Druddigon:27:103:Mold Breaker:Leftovers:Impish:31/31/31/31/31/31:0/0/0/0/0/0:Toxic,Protect,Dragon Tail,Poison Tail|Togedemaru:26:102:Sturdy:Rocky Helmet:Careful:31/31/31/31/31/31:0/0/0/0/0/0:U-turn,Zippy Zap,Iron Head,Nuzzle|Komala:27:103:UNK:Silk Scarf:Adamant:31/31/31/31/31/31:0/0/0/0/0/0:Sleep Talk,Last Resort	Arcanine,Druddigon,Togedemaru,Komala	27	25	Normal,Poison,Ground,Bug,Steel,Fire,Electric,Dragon	74.2	Togedemaru	Druddigon	Ground,Fighting	NONE	4 slots, levels 25-27. Offense covers 8 types. Shared weakness: Ground, Fighting. Speed spans 41-96 base, fastest Togedemaru, slowest Druddigon. LEVEL-SCALED: rescales to the player, excluded from scoring.	data.js:trainers[356].hardcore	Measured	derived: team analysis; strategy_notes Inferred
357	Team Rocket Grunt	NA	boss_candidate	Celadon City Game Corner	normal	5	Giovanni-1	47	TRUE	5|Celadon City Game Corner|Team Rocket Grunt	4	Hypno:46:102:Insomnia:Colbur Berry:Calm:31/31/31/31/31/31:252/0/4/0/252/0:Dark Void,Psychic,Shadow Ball,Knock Off|Aerodactyl:46:102:Unnerve:Focus Sash:Jolly:31/31/31/31/31/31:0/252/4/0/0/252:Rock Slide,Dual Wingbeat,Aqua Tail,Iron Head|Granbull:45:101:Bull Rush:Lum Berry:Adamant:31/31/31/31/31/31:252/252/4/0/0/0:Drain Punch,Play Rough,Temper Flare,Psychic Fangs|Obstagoon:45:101:Reckless:Flame Orb:Jolly:31/31/31/31/31/31:0/252/4/0/0/252:Facade,Knock Off,Sucker Punch,Ice Punch	Hypno,Aerodactyl,Granbull,Obstagoon	46	45	Normal,Fighting,Flying,Rock,Ghost,Steel,Fire,Water,Psychic,Ice,Dark,Fairy	84.2	Aerodactyl	Granbull	Bug,Steel,Fairy	NONE	4 slots, levels 45-46. Offense covers 12 types. Shared weakness: Bug, Steel, Fairy. Speed spans 45-130 base, fastest Aerodactyl, slowest Granbull. LEVEL-SCALED: rescales to the player, excluded from scoring.	data.js:trainers[357].normal	Measured	derived: team analysis; strategy_notes Inferred
357	Team Rocket Grunt	NA	boss_candidate	Celadon City Game Corner	hardcore	5	Giovanni-1	47	TRUE	5|Celadon City Game Corner|Team Rocket Grunt	4	Hypno:47:103:Insomnia:Colbur Berry:Calm:31/31/31/31/31/31:0/0/0/0/0/0:Dark Void,Psychic,Knock Off,Shadow Ball|Aerodactyl:46:102:Unnerve:Focus Sash:Jolly:31/31/31/31/31/31:0/0/0/0/0/0:Rock Slide,Dual Wingbeat,Headlong Rush,Iron Head|Tinkaton:46:102:Mold Breaker:Steel Gem:Jolly:31/31/31/31/31/31:0/0/0/0/0/0:Gigaton Hammer,Play Rough,Knock Off,Ice Hammer|Inteleon:46:102:Sniper:Mystic Water:Timid:31/31/31/31/31/31:0/0/0/0/0/0:Snipe Shot,Ice Beam,Dark Pulse,Air Slash	Hypno,Aerodactyl,Tinkaton,Inteleon	47	46	Flying,Ground,Rock,Ghost,Steel,Water,Psychic,Ice,Dark,Fairy	102.8	Aerodactyl	Hypno	Electric	NONE	4 slots, levels 46-47. Offense covers 10 types. Shared weakness: Electric. Speed spans 67-130 base, fastest Aerodactyl, slowest Hypno. LEVEL-SCALED: rescales to the player, excluded from scoring.	data.js:trainers[357].hardcore	Measured	derived: team analysis; strategy_notes Inferred
358	Team Rocket Grunt	NA	route	Rocket Hideout B1F	normal	5	Giovanni-1	47	FALSE	5|Rocket Hideout B1F|Team Rocket Grunt	2	Drowzee:40:40:Psychic Surge:NONE:Careful:15/15/15/15/15/15:0/0/0/0/0/0:Future Sight,Psyshock,Nasty Plot,Psychic|Gurdurr:41:41:Guts:NONE:Careful:15/15/15/15/15/15:0/0/0/0/0/0:Superpower,Focus Punch,Stone Edge,Hammer Arm	Drowzee,Gurdurr	41	40	Fighting,Rock,Psychic	41.0	Drowzee	Gurdurr	NONE	NONE	2 slots, levels 40-41. Offense covers 3 types. No weakness shared by half the team. Speed spans 40-42 base, fastest Drowzee, slowest Gurdurr.	data.js:trainers[358].normal	Measured	derived: team analysis; strategy_notes Inferred
358	Team Rocket Grunt	NA	route	Rocket Hideout B1F	hardcore	5	Giovanni-1	47	FALSE	5|Rocket Hideout B1F|Team Rocket Grunt	2	Drowzee:40:40:Psychic Surge:NONE:Careful:15/15/15/15/15/15:0/0/0/0/0/0:Future Sight,Psyshock,Nasty Plot,Psychic|Gurdurr:41:41:Guts:NONE:Careful:15/15/15/15/15/15:0/0/0/0/0/0:Superpower,Focus Punch,Stone Edge,Hammer Arm	Drowzee,Gurdurr	41	40	Fighting,Rock,Psychic	41.0	Drowzee	Gurdurr	NONE	NONE	2 slots, levels 40-41. Offense covers 3 types. No weakness shared by half the team. Speed spans 40-42 base, fastest Drowzee, slowest Gurdurr.	data.js:trainers[358].hardcore	Measured	derived: team analysis; strategy_notes Inferred
359	Team Rocket Grunt	NA	route	Rocket Hideout B1F	normal	5	Giovanni-1	47	FALSE	5|Rocket Hideout B1F|Team Rocket Grunt	2	Raticate:40:40:Hustle:NONE:Docile:15/15/15/15/15/15:0/0/0/0/0/0:Endeavor,Double-Edge,Super Fang,Return|Raticate-Alola:40:40:Gluttony:NONE:Careful:15/15/15/15/15/15:0/0/0/0/0/0:Endeavor,Double-Edge,Super Fang,Sucker Punch	Raticate,Raticate-Alola	40	40	Normal,Dark	87.0	Raticate	Raticate-Alola	Fighting	NONE	2 slots, levels 40-40. Offense covers 2 types. Shared weakness: Fighting. Speed spans 77-97 base, fastest Raticate, slowest Raticate-Alola.	data.js:trainers[359].normal	Measured	derived: team analysis; strategy_notes Inferred
359	Team Rocket Grunt	NA	route	Rocket Hideout B1F	hardcore	5	Giovanni-1	47	FALSE	5|Rocket Hideout B1F|Team Rocket Grunt	2	Raticate:40:40:Hustle:NONE:Docile:15/15/15/15/15/15:0/0/0/0/0/0:Endeavor,Double-Edge,Super Fang,Return|Raticate-Alola:40:40:Gluttony:NONE:Careful:15/15/15/15/15/15:0/0/0/0/0/0:Endeavor,Double-Edge,Super Fang,Sucker Punch	Raticate,Raticate-Alola	40	40	Normal,Dark	87.0	Raticate	Raticate-Alola	Fighting	NONE	2 slots, levels 40-40. Offense covers 2 types. Shared weakness: Fighting. Speed spans 77-97 base, fastest Raticate, slowest Raticate-Alola.	data.js:trainers[359].hardcore	Measured	derived: team analysis; strategy_notes Inferred
360	Team Rocket Grunt	NA	route	Rocket Hideout B1F	normal	5	Giovanni-1	47	FALSE	5|Rocket Hideout B1F|Team Rocket Grunt	3	Ariados:40:40:Sniper:NONE:Quirky:15/15/15/15/15/15:0/0/0/0/0/0:Poison Jab,Night Shade,Leech Life,Fury Swipes|Weezing:42:42:Levitate:NONE:Mild:15/15/15/15/15/15:0/0/0/0/0/0:Self-Destruct,Sludge,Smokescreen,Haze|Centiskorch:40:40:Flame Body:NONE:Lax:15/15/15/15/15/15:0/0/0/0/0/0:Fire Lash,Lunge,Flame Charge	Ariados,Weezing,Centiskorch	42	40	Normal,Poison,Bug,Ghost,Fire	65.0	Ariados	Weezing	Flying,Rock,Psychic	NONE	3 slots, levels 40-42. Offense covers 5 types. Shared weakness: Flying, Rock, Psychic. Speed spans 60-70 base, fastest Ariados, slowest Weezing.	data.js:trainers[360].normal	Measured	derived: team analysis; strategy_notes Inferred
360	Team Rocket Grunt	NA	route	Rocket Hideout B1F	hardcore	5	Giovanni-1	47	FALSE	5|Rocket Hideout B1F|Team Rocket Grunt	3	Ariados:40:40:Sniper:NONE:Quirky:15/15/15/15/15/15:0/0/0/0/0/0:Poison Jab,Night Shade,Leech Life,Fury Swipes|Weezing:42:42:Levitate:NONE:Mild:15/15/15/15/15/15:0/0/0/0/0/0:Self-Destruct,Sludge,Smokescreen,Haze|Centiskorch:40:40:Flame Body:NONE:Lax:15/15/15/15/15/15:0/0/0/0/0/0:Fire Lash,Lunge,Flame Charge	Ariados,Weezing,Centiskorch	42	40	Normal,Poison,Bug,Ghost,Fire	65.0	Ariados	Weezing	Flying,Rock,Psychic	NONE	3 slots, levels 40-42. Offense covers 5 types. Shared weakness: Flying, Rock, Psychic. Speed spans 60-70 base, fastest Ariados, slowest Weezing.	data.js:trainers[360].hardcore	Measured	derived: team analysis; strategy_notes Inferred
361	Team Rocket Grunt	NA	boss_candidate	Rocket Hideout B1F	normal	5	Giovanni-1	47	FALSE	5|Rocket Hideout B1F|Team Rocket Grunt	4	Krokorok:41:41:Anger Point:NONE:Adamant:15/15/15/15/15/15:0/0/0/0/0/0:Thrash,Earthquake,Sandstorm,Foul Play|Mightyena:42:42:Intimidate:NONE:Quiet:15/15/15/15/15/15:0/0/0/0/0/0:Play Rough,Jaw Lock,Yawn,Embargo|Gumshoos:38:38:Adaptability:NONE:Sassy:15/15/15/15/15/15:0/0/0/0/0/0:Rest,Thrash,Yawn,Hyper Fang|Stunky:42:42:Stench:NONE:Bashful:15/15/15/15/15/15:0/0/0/0/0/0:Explosion,Belch,Sucker Punch,Venom Drench	Krokorok,Mightyena,Gumshoos,Stunky	42	38	Normal,Fighting,Poison,Ground,Dark,Fairy	65.8	Krokorok	Gumshoos	Fighting,Bug,Fairy	NONE	4 slots, levels 38-42. Offense covers 6 types. Shared weakness: Fighting, Bug, Fairy. Speed spans 45-74 base, fastest Krokorok, slowest Gumshoos.	data.js:trainers[361].normal	Measured	derived: team analysis; strategy_notes Inferred
361	Team Rocket Grunt	NA	boss_candidate	Rocket Hideout B1F	hardcore	5	Giovanni-1	47	FALSE	5|Rocket Hideout B1F|Team Rocket Grunt	4	Krokorok:41:41:Anger Point:NONE:Adamant:15/15/15/15/15/15:0/0/0/0/0/0:Thrash,Earthquake,Sandstorm,Foul Play|Mightyena:42:42:Intimidate:NONE:Quiet:15/15/15/15/15/15:0/0/0/0/0/0:Play Rough,Jaw Lock,Yawn,Embargo|Gumshoos:38:38:Adaptability:NONE:Sassy:15/15/15/15/15/15:0/0/0/0/0/0:Rest,Thrash,Yawn,Hyper Fang|Stunky:42:42:Stench:NONE:Bashful:15/15/15/15/15/15:0/0/0/0/0/0:Explosion,Belch,Sucker Punch,Venom Drench	Krokorok,Mightyena,Gumshoos,Stunky	42	38	Normal,Fighting,Poison,Ground,Dark,Fairy	65.8	Krokorok	Gumshoos	Fighting,Bug,Fairy	NONE	4 slots, levels 38-42. Offense covers 6 types. Shared weakness: Fighting, Bug, Fairy. Speed spans 45-74 base, fastest Krokorok, slowest Gumshoos.	data.js:trainers[361].hardcore	Measured	derived: team analysis; strategy_notes Inferred
362	Team Rocket Grunt	NA	route	Rocket Hideout B1F	normal	5	Giovanni-1	47	FALSE	5|Rocket Hideout B1F|Team Rocket Grunt	2	Muk-Alola:40:40:Receiver:NONE:Naughty:15/15/15/15/15/15:0/0/0/0/0/0:Minimize,Harden,Disable,Sludge|Weezing-Galar:42:42:Levitate:NONE:Gentle:15/15/15/15/15/15:0/0/0/0/0/0:Sludge,Smog,Tackle,Poison Gas	Muk-Alola,Weezing-Galar	42	40	Normal,Poison	55.0	Weezing-Galar	Muk-Alola	Ground	Rock,Ghost,Steel	2 slots, levels 40-42. Offense covers 2 types. Shared weakness: Ground. A pure Rock type resists everything it carries. Speed spans 50-60 base, fastest Weezing-Galar, slowest Muk-Alola.	data.js:trainers[362].normal	Measured	derived: team analysis; strategy_notes Inferred
362	Team Rocket Grunt	NA	route	Rocket Hideout B1F	hardcore	5	Giovanni-1	47	FALSE	5|Rocket Hideout B1F|Team Rocket Grunt	2	Muk-Alola:40:40:Receiver:NONE:Naughty:15/15/15/15/15/15:0/0/0/0/0/0:Minimize,Harden,Disable,Sludge|Weezing-Galar:42:42:Levitate:NONE:Gentle:15/15/15/15/15/15:0/0/0/0/0/0:Sludge,Smog,Tackle,Poison Gas	Muk-Alola,Weezing-Galar	42	40	Normal,Poison	55.0	Weezing-Galar	Muk-Alola	Ground	Rock,Ghost,Steel	2 slots, levels 40-42. Offense covers 2 types. Shared weakness: Ground. A pure Rock type resists everything it carries. Speed spans 50-60 base, fastest Weezing-Galar, slowest Muk-Alola.	data.js:trainers[362].hardcore	Measured	derived: team analysis; strategy_notes Inferred
363	Team Rocket Grunt	NA	boss_candidate	Rocket Hideout B2F	normal	5	Giovanni-1	47	FALSE	5|Rocket Hideout B2F|Team Rocket Grunt	5	Golbat:41:41:Corrosion:NONE:Quiet:15/15/15/15/15/15:0/0/0/0/0/0:Bite,Dual Wingbeat,Confuse Ray|Muk:41:41:Regenerator:NONE:Relaxed:15/15/15/15/15/15:0/0/0/0/0/0:Smog,Sludge,Sludge Bomb,Screech|Cacturne:40:40:Sand Rush:NONE:Calm:15/15/15/15/15/15:0/0/0/0/0/0:Sludge,Pin Missile,Giga Drain,Feint Attack|Bisharp:40:40:Defiant:NONE:Mild:15/15/15/15/15/15:0/0/0/0/0/0:Bite,Sucker Punch,Iron Head|Vullaby:40:40:Weak Armor:NONE:Quiet:15/15/15/15/15/15:0/0/0/0/0/0:Hyper Fang,Pluck,Foul Play,Roost	Golbat,Muk,Cacturne,Bisharp,Vullaby	41	40	Normal,Flying,Poison,Bug,Steel,Grass,Dark	65.0	Golbat	Muk	Ice	NONE	5 slots, levels 40-41. Offense covers 7 types. Shared weakness: Ice. Speed spans 50-90 base, fastest Golbat, slowest Muk.	data.js:trainers[363].normal	Measured	derived: team analysis; strategy_notes Inferred
363	Team Rocket Grunt	NA	boss_candidate	Rocket Hideout B2F	hardcore	5	Giovanni-1	47	FALSE	5|Rocket Hideout B2F|Team Rocket Grunt	5	Golbat:41:41:Corrosion:NONE:Quiet:15/15/15/15/15/15:0/0/0/0/0/0:Bite,Dual Wingbeat,Confuse Ray|Muk:41:41:Regenerator:NONE:Relaxed:15/15/15/15/15/15:0/0/0/0/0/0:Smog,Sludge,Sludge Bomb,Screech|Cacturne:40:40:Sand Rush:NONE:Calm:15/15/15/15/15/15:0/0/0/0/0/0:Sludge,Pin Missile,Giga Drain,Feint Attack|Bisharp:40:40:Defiant:NONE:Mild:15/15/15/15/15/15:0/0/0/0/0/0:Bite,Sucker Punch,Iron Head|Vullaby:40:40:Weak Armor:NONE:Quiet:15/15/15/15/15/15:0/0/0/0/0/0:Hyper Fang,Pluck,Foul Play,Roost	Golbat,Muk,Cacturne,Bisharp,Vullaby	41	40	Normal,Flying,Poison,Bug,Steel,Grass,Dark	65.0	Golbat	Muk	Ice	NONE	5 slots, levels 40-41. Offense covers 7 types. Shared weakness: Ice. Speed spans 50-90 base, fastest Golbat, slowest Muk.	data.js:trainers[363].hardcore	Measured	derived: team analysis; strategy_notes Inferred
364	Team Rocket Grunt	NA	route	Rocket Hideout B3F	normal	5	Giovanni-1	47	FALSE	5|Rocket Hideout B3F|Team Rocket Grunt	3	Fearow:41:41:Sniper:NONE:Impish:15/15/15/15/15/15:0/0/0/0/0/0:Brave Bird,Drill Peck,Roost,Dual Wingbeat|Obstagoon:43:43:Reckless:NONE:Impish:15/15/15/15/15/15:0/0/0/0/0/0:Sucker Punch,Double-Edge,Taunt,Counter|Runerigus:42:42:Multiscale:NONE:Hardy:15/15/15/15/15/15:0/0/0/0/0/0:Destiny Bond,Power Split,Guard Split,Earthquake	Fearow,Obstagoon,Runerigus	43	41	Normal,Fighting,Flying,Ground,Dark	80.0	Fearow	Runerigus	Ice	NONE	3 slots, levels 41-43. Offense covers 5 types. Shared weakness: Ice. Speed spans 30-115 base, fastest Fearow, slowest Runerigus.	data.js:trainers[364].normal	Measured	derived: team analysis; strategy_notes Inferred
364	Team Rocket Grunt	NA	route	Rocket Hideout B3F	hardcore	5	Giovanni-1	47	FALSE	5|Rocket Hideout B3F|Team Rocket Grunt	3	Fearow:41:41:Sniper:NONE:Impish:15/15/15/15/15/15:0/0/0/0/0/0:Brave Bird,Drill Peck,Roost,Dual Wingbeat|Obstagoon:43:43:Reckless:NONE:Impish:15/15/15/15/15/15:0/0/0/0/0/0:Sucker Punch,Double-Edge,Taunt,Counter|Runerigus:42:42:Multiscale:NONE:Hardy:15/15/15/15/15/15:0/0/0/0/0/0:Destiny Bond,Power Split,Guard Split,Earthquake	Fearow,Obstagoon,Runerigus	43	41	Normal,Fighting,Flying,Ground,Dark	80.0	Fearow	Runerigus	Ice	NONE	3 slots, levels 41-43. Offense covers 5 types. Shared weakness: Ice. Speed spans 30-115 base, fastest Fearow, slowest Runerigus.	data.js:trainers[364].hardcore	Measured	derived: team analysis; strategy_notes Inferred
365	Team Rocket Grunt	NA	route	Rocket Hideout B3F	normal	5	Giovanni-1	47	FALSE	5|Rocket Hideout B3F|Team Rocket Grunt	2	Machoke:42:42:Steadfast:NONE:Impish:15/15/15/15/15/15:0/0/0/0/0/0:Dynamic Punch,Scary Face,Cross Chop,Bulk Up|Perrserker:41:41:Battle Armor:NONE:Bold:15/15/15/15/15/15:0/0/0/0/0/0:Thrash,Metal Sound,Slash,Screech	Machoke,Perrserker	42	41	Normal,Fighting	47.5	Perrserker	Machoke	NONE	Ghost	2 slots, levels 41-42. Offense covers 2 types. No weakness shared by half the team. A pure Ghost type resists everything it carries. Speed spans 45-50 base, fastest Perrserker, slowest Machoke.	data.js:trainers[365].normal	Measured	derived: team analysis; strategy_notes Inferred
365	Team Rocket Grunt	NA	route	Rocket Hideout B3F	hardcore	5	Giovanni-1	47	FALSE	5|Rocket Hideout B3F|Team Rocket Grunt	2	Machoke:42:42:Steadfast:NONE:Impish:15/15/15/15/15/15:0/0/0/0/0/0:Dynamic Punch,Scary Face,Cross Chop,Bulk Up|Perrserker:41:41:Battle Armor:NONE:Bold:15/15/15/15/15/15:0/0/0/0/0/0:Thrash,Metal Sound,Slash,Screech	Machoke,Perrserker	42	41	Normal,Fighting	47.5	Perrserker	Machoke	NONE	Ghost	2 slots, levels 41-42. Offense covers 2 types. No weakness shared by half the team. A pure Ghost type resists everything it carries. Speed spans 45-50 base, fastest Perrserker, slowest Machoke.	data.js:trainers[365].hardcore	Measured	derived: team analysis; strategy_notes Inferred
366	Team Rocket Grunt	NA	boss_candidate	Rocket Hideout B4F	normal	5	Giovanni-1	47	TRUE	5|Rocket Hideout B4F|Team Rocket Grunt	4	Weezing-Galar:45:101:Levitate:Shuca Berry:Bold:31/31/31/31/31/31:252/0/252/4/0/0:Sludge Bomb,Strange Steam,Flamethrower,Will-O-Wisp|Slaking:45:101:UNK:Lum Berry:Jolly:31/31/31/31/31/31:0/252/4/0/0/252:Body Slam,Fire Punch,Knock Off,Ice Punch|Crobat:45:101:Infiltrator:Sitrus Berry:Timid:31/31/31/31/31/31:0/0/4/252/0/252:Air Slash,Sludge Bomb,Giga Drain,Shadow Ball|Dipplin:45:101:UNK:Eviolite:Bold:31/31/31/31/31/31:252/0/40/216/0/0:Dragon Pulse,Giga Drain,Pollen Puff,Recover	Weezing-Galar,Slaking,Crobat,Dipplin	45	45	Normal,Flying,Poison,Bug,Ghost,Fire,Grass,Ice,Dragon,Dark,Fairy	82.5	Crobat	Dipplin	Psychic,Ice	NONE	4 slots, levels 45-45. Offense covers 11 types. Shared weakness: Psychic, Ice. Speed spans 40-130 base, fastest Crobat, slowest Dipplin. LEVEL-SCALED: rescales to the player, excluded from scoring.	data.js:trainers[366].normal	Measured	derived: team analysis; strategy_notes Inferred
366	Team Rocket Grunt	NA	boss_candidate	Rocket Hideout B4F	hardcore	5	Giovanni-1	47	TRUE	5|Rocket Hideout B4F|Team Rocket Grunt	4	Weezing-Galar:47:103:Levitate:Shuca Berry:Bold:31/31/31/31/31/31:0/0/0/0/0/0:Sludge Bomb,Strange Steam,Flamethrower,Will-O-Wisp|Slaking:47:103:UNK:Normal Gem:Jolly:31/31/31/31/31/31:0/0/0/0/0/0:Double-Edge,Fire Punch,Knock Off,Ice Punch|Lilligant-Hisui:47:103:Chlorophyll:Miracle Seed:Jolly:31/31/31/31/31/31:0/0/0/0/0/0:Leaf Blade,Close Combat,Stone Edge,Knock Off|Rotom-Frost:47:103:UNK:Charti Berry:Timid:31/30/31/30/31/30:0/0/0/0/0/0:Thunderbolt,Frost Breath,Freeze-Dry,Hidden Power	Weezing-Galar,Slaking,Lilligant-Hisui,Rotom-Frost	47	47	Normal,Fighting,Poison,Rock,Fire,Grass,Electric,Ice,Dark,Fairy	87.8	Lilligant-Hisui	Weezing-Galar	Ground,Psychic,Fighting,Fire	NONE	4 slots, levels 47-47. Offense covers 10 types. Shared weakness: Ground, Psychic, Fighting, Fire. Speed spans 60-105 base, fastest Lilligant-Hisui, slowest Weezing-Galar. LEVEL-SCALED: rescales to the player, excluded from scoring.	data.js:trainers[366].hardcore	Measured	derived: team analysis; strategy_notes Inferred
367	Team Rocket Grunt	NA	boss_candidate	Rocket Hideout B4F	normal	5	Giovanni-1	47	TRUE	5|Rocket Hideout B4F|Team Rocket Grunt	4	Talonflame:46:102:Gale Wings:Wide Lens:Timid:31/31/31/31/31/31:0/0/4/252/0/252:Tailwind,Hurricane,Fire Blast,Will-O-Wisp|Shiftry:45:101:Chlorophyll:Focus Sash:Jolly:31/31/31/31/31/31:0/252/4/0/0/252:Ceaseless Edge,Leaf Blade,Low Kick,X-Scissor|Toxicroak:45:101:Poison Touch:Lum Berry:Jolly:31/31/31/31/31/31:0/252/4/0/0/252:Poison Jab,Drain Punch,Ice Punch,Knock Off|Eelektross:46:102:Fatal Precision:Expert Belt:Modest:31/31/31/31/31/31:252/0/0/252/0/4:Thunderbolt,Giga Drain,Flamethrower,Dragon Pulse	Talonflame,Shiftry,Toxicroak,Eelektross	46	45	Fighting,Flying,Poison,Bug,Fire,Grass,Electric,Ice,Dragon,Dark	85.2	Talonflame	Eelektross	Flying,Ground	NONE	4 slots, levels 45-46. Offense covers 10 types. Shared weakness: Flying, Ground. Speed spans 50-126 base, fastest Talonflame, slowest Eelektross. LEVEL-SCALED: rescales to the player, excluded from scoring.	data.js:trainers[367].normal	Measured	derived: team analysis; strategy_notes Inferred
367	Team Rocket Grunt	NA	boss_candidate	Rocket Hideout B4F	hardcore	5	Giovanni-1	47	TRUE	5|Rocket Hideout B4F|Team Rocket Grunt	4	Talonflame:47:103:Gale Wings:Wide Lens:Timid:31/31/31/31/31/31:0/0/0/0/0/0:Tailwind,Hurricane,Fire Blast,Will-O-Wisp|Shiftry:47:103:Chlorophyll:Focus Sash:Jolly:31/31/31/31/31/31:0/0/0/0/0/0:Ceaseless Edge,Leaf Blade,Low Kick,X-Scissor|Okidogi:47:103:Defiant:Fighting Gem:Jolly:31/31/31/31/31/31:0/0/0/0/0/0:Poison Jab,Drain Punch,Mach Punch,Knock Off|Rotom-Wash:47:103:UNK:Charti Berry:Timid:31/30/30/31/31/31:0/0/0/0/0/0:Thunderbolt,Hydro Pump,Shadow Ball,Hidden Power	Talonflame,Shiftry,Okidogi,Rotom-Wash	47	47	Normal,Fighting,Flying,Poison,Bug,Ghost,Fire,Water,Grass,Electric,Dark	93.0	Talonflame	Shiftry	Flying,Ground	NONE	4 slots, levels 47-47. Offense covers 11 types. Shared weakness: Flying, Ground. Speed spans 80-126 base, fastest Talonflame, slowest Shiftry. LEVEL-SCALED: rescales to the player, excluded from scoring.	data.js:trainers[367].hardcore	Measured	derived: team analysis; strategy_notes Inferred
368	Team Rocket Grunt	NA	route	Rocket Hideout B4F	normal	5	Giovanni-1	47	FALSE	5|Rocket Hideout B4F|Team Rocket Grunt	2	Weezing:38:38:Toxic Debris:NONE:Docile:15/15/15/15/15/15:0/0/0/0/0/0:Memento,Belch,Destiny Bond,Explosion|Ninjask:38:38:Speed Boost:NONE:Relaxed:15/15/15/15/15/15:0/0/0/0/0/0:Sonic Slash,X-Scissor,Swords Dance,First Impression	Weezing,Ninjask	38	38	Normal,Flying,Poison,Bug	110.0	Ninjask	Weezing	NONE	Steel	2 slots, levels 38-38. Offense covers 4 types. No weakness shared by half the team. A pure Steel type resists everything it carries. Speed spans 60-160 base, fastest Ninjask, slowest Weezing.	data.js:trainers[368].normal	Measured	derived: team analysis; strategy_notes Inferred
368	Team Rocket Grunt	NA	route	Rocket Hideout B4F	hardcore	5	Giovanni-1	47	FALSE	5|Rocket Hideout B4F|Team Rocket Grunt	2	Weezing:38:38:Toxic Debris:NONE:Docile:15/15/15/15/15/15:0/0/0/0/0/0:Memento,Belch,Destiny Bond,Explosion|Ninjask:38:38:Speed Boost:NONE:Relaxed:15/15/15/15/15/15:0/0/0/0/0/0:Sonic Slash,X-Scissor,Swords Dance,First Impression	Weezing,Ninjask	38	38	Normal,Flying,Poison,Bug	110.0	Ninjask	Weezing	NONE	Steel	2 slots, levels 38-38. Offense covers 4 types. No weakness shared by half the team. A pure Steel type resists everything it carries. Speed spans 60-160 base, fastest Ninjask, slowest Weezing.	data.js:trainers[368].hardcore	Measured	derived: team analysis; strategy_notes Inferred
369	Team Rocket Grunt	NA	route	Pokemon Tower 7F	normal	6	Archer-2	56	FALSE	6|Pokemon Tower 7F|Team Rocket Grunt	3	Golbat:42:42:Corrosion:NONE:Quiet:15/15/15/15/15/15:0/0/0/0/0/0:Quick Guard,Air Slash,Venoshock,Haze|Shiftry:42:42:Chlorophyll:NONE:Bold:15/15/15/15/15/15:0/0/0/0/0/0:Toxic Spikes,Leaf Storm,Nasty Plot,Hurricane|Luxray:42:42:Guts:NONE:Calm:15/15/15/15/15/15:0/0/0/0/0/0:Volt Tackle,Zing Zap,Sucker Punch,Crunch	Golbat,Shiftry,Luxray	42	42	Flying,Poison,Grass,Electric,Dark	80.0	Golbat	Luxray	Ice,Fighting,Bug,Fairy	NONE	3 slots, levels 42-42. Offense covers 5 types. Shared weakness: Ice, Fighting, Bug, Fairy. Speed spans 70-90 base, fastest Golbat, slowest Luxray.	data.js:trainers[369].normal	Measured	derived: team analysis; strategy_notes Inferred
369	Team Rocket Grunt	NA	boss_candidate	Pokemon Tower 7F	hardcore	6	Archer-2	56	TRUE	6|Pokemon Tower 7F|Team Rocket Grunt	5	Pelipper:55:102:Drizzle:Wacan Berry:Modest:31/31/31/31/31/31:0/0/0/0/0/0:Weather Ball,Hurricane,U-turn,Tailwind|Overqwil:56:103:Poison Touch:Life Orb:Adamant:31/31/31/31/31/31:0/0/0/0/0/0:Waterfall,Gunk Shot,Throat Chop,Destiny Bond|Ninetales-Alola:55:102:Serene Grace:Choice Specs:Timid:31/31/31/31/31/31:0/0/0/0/0/0:Moonblast,Blizzard,Freeze-Dry,Weather Ball|Mr. Rime:56:103:Ice Body:Wide Lens:Modest:31/31/31/31/31/31:0/0/0/0/0/0:Freeze-Dry,Thunder,Psychic,Hypnosis|Arctovish:56:103:Slush Rush:Water Gem:Jolly:31/31/31/31/31/31:0/0/0/0/0/0:Freeze-Dry,Psychic Fangs,Icicle Crash,Fishious Rend	Pelipper,Overqwil,Ninetales-Alola,Mr. Rime,Arctovish	56	55	Normal,Flying,Poison,Bug,Water,Electric,Psychic,Ice,Dark,Fairy	87.8	Ninetales-Alola	Pelipper	Rock	NONE	5 slots, levels 55-56. Offense covers 10 types. Shared weakness: Rock. Speed spans 65-109 base, fastest Ninetales-Alola, slowest Pelipper. LEVEL-SCALED: rescales to the player, excluded from scoring.	data.js:trainers[369].hardcore	Measured	derived: team analysis; strategy_notes Inferred
370	Team Rocket Grunt	NA	route	Pokemon Tower 7F	normal	6	Archer-2	56	FALSE	6|Pokemon Tower 7F|Team Rocket Grunt	2	Rhydon:42:42:Reckless:NONE:Naughty:15/15/15/15/15/15:0/0/0/0/0/0:Megahorn,Earthquake,Stone Edge,Take Down|Hypno:43:43:Insomnia:NONE:Hasty:15/15/15/15/15/15:0/0/0/0/0/0:Dark Void,Future Sight,Swagger,Psychic	Rhydon,Hypno	43	42	Normal,Ground,Rock,Bug,Psychic	53.5	Hypno	Rhydon	NONE	NONE	2 slots, levels 42-43. Offense covers 5 types. No weakness shared by half the team. Speed spans 40-67 base, fastest Hypno, slowest Rhydon.	data.js:trainers[370].normal	Measured	derived: team analysis; strategy_notes Inferred
370	Team Rocket Grunt	NA	boss_candidate	Pokemon Tower 7F	hardcore	6	Archer-2	56	TRUE	6|Pokemon Tower 7F|Team Rocket Grunt	5	Klefki:55:102:Magician:Focus Sash:Careful:31/31/31/31/31/31:0/0/0/0/0/0:Spikes,Thunder Wave,Foul Play,Play Rough|Obstagoon:56:103:Reckless:Flame Orb:Jolly:31/31/31/31/31/31:0/0/0/0/0/0:Knock Off,Facade,Parting Shot,Close Combat|Braviary:56:103:Defiant:Fighting Gem:Jolly:31/31/31/31/31/31:0/0/0/0/0/0:Bulk Up,Brave Bird,Close Combat,Roost|Dragalge:56:103:Adaptability:Black Sludge:Modest:31/31/31/31/31/31:0/0/0/0/0/0:Dragon Pulse,Sludge Wave,Flip Turn,Scald|Honchkrow:56:103:Insomnia:Scope Lens:Naive:31/31/31/31/31/31:0/0/0/0/0/0:Drill Peck,Night Slash,Heat Wave,Sucker Punch	Klefki,Obstagoon,Braviary,Dragalge,Honchkrow	56	55	Normal,Fighting,Flying,Poison,Fire,Water,Dragon,Dark,Fairy	78.0	Honchkrow	Dragalge	Ice	NONE	5 slots, levels 55-56. Offense covers 9 types. Shared weakness: Ice. Speed spans 44-96 base, fastest Honchkrow, slowest Dragalge. LEVEL-SCALED: rescales to the player, excluded from scoring.	data.js:trainers[370].hardcore	Measured	derived: team analysis; strategy_notes Inferred
371	Team Rocket Grunt	NA	boss_candidate	Pokemon Tower 7F	normal	6	Archer-2	56	FALSE	6|Pokemon Tower 7F|Team Rocket Grunt	4	Seviper:43:43:Fatal Precision:NONE:Hasty:15/15/15/15/15/15:0/0/0/0/0/0:Hypnosis,Gunk Shot,Wring Out,Coil|Gumshoos:43:43:Stakeout:NONE:Bashful:15/15/15/15/15/15:0/0/0/0/0/0:Rest,Thrash,Yawn,Hyper Fang|Scolipede:43:43:Speed Boost:NONE:Gentle:15/15/15/15/15/15:0/0/0/0/0/0:Double-Edge,Rock Climb,Venom Drench,Toxic|Meowstic:44:44:Prankster:NONE:Bashful:15/15/15/15/15/15:0/0/0/0/0/0:Misty Terrain,Sucker Punch,Imprison,Role Play	Seviper,Gumshoos,Scolipede,Meowstic	44	43	Normal,Poison,Dark	86.5	Scolipede	Gumshoos	Psychic	NONE	4 slots, levels 43-44. Offense covers 3 types. Shared weakness: Psychic. Speed spans 45-112 base, fastest Scolipede, slowest Gumshoos.	data.js:trainers[371].normal	Measured	derived: team analysis; strategy_notes Inferred
371	Team Rocket Grunt	NA	boss_candidate	Pokemon Tower 7F	hardcore	6	Archer-2	56	TRUE	6|Pokemon Tower 7F|Team Rocket Grunt	5	Slurpuff:55:102:Unburden:Focus Sash:Timid:31/31/31/31/31/31:0/0/0/0/0/0:Dazzling Gleam,Misty Explosion,Fire Blast,Thunderbolt|Hydreigon:56:103:UNK:Life Orb:Timid:31/31/31/31/31/31:0/0/0/0/0/0:Dark Pulse,Fickle Beam,Fire Blast,U-turn|Magnezone:56:103:Analytic:Focus Sash:Timid:31/30/31/30/31/30:0/0/0/0/0/0:Volt Switch,Flash Cannon,Thunderbolt,Hidden Power|Golurk:56:103:No Guard:Assault Vest:Jolly:31/31/31/31/31/31:0/0/0/0/0/0:Earthquake,Shadow Punch,Heat Crash,Ice Punch|Primarina:56:103:Liquid Voice:Leftovers:Timid:31/31/31/31/31/31:0/0/0/0/0/0:Calm Mind,Drain Kiss,Hyper Voice,Psychic	Slurpuff,Hydreigon,Magnezone,Golurk,Primarina	56	55	Normal,Ground,Bug,Ghost,Steel,Fire,Electric,Psychic,Ice,Dragon,Dark,Fairy	69.0	Hydreigon	Golurk	NONE	NONE	5 slots, levels 55-56. Offense covers 12 types. No weakness shared by half the team. Speed spans 55-98 base, fastest Hydreigon, slowest Golurk. LEVEL-SCALED: rescales to the player, excluded from scoring.	data.js:trainers[371].hardcore	Measured	derived: team analysis; strategy_notes Inferred
373	Team Rocket Grunt	NA	route	Silph Co. 2F	normal	6	Archer-2	56	FALSE	6|Silph Co. 2F|Team Rocket Grunt	2	Marowak:46:46:Bone Zone :NONE:Naive:15/15/15/15/15/15:0/0/0/0/0/0:Bone Rush,Retaliate,Double-Edge,Endeavor|Grapploct:47:47:Limber:NONE:Naive:15/15/15/15/15/15:0/0/0/0/0/0:Jet Punch,Arm Thrust,Brutal Swing,Topsy-Turvy	Marowak,Grapploct	47	46	Normal,Fighting,Ground,Water,Dark	43.5	Marowak	Grapploct	Grass	NONE	2 slots, levels 46-47. Offense covers 5 types. Shared weakness: Grass. Speed spans 42-45 base, fastest Marowak, slowest Grapploct.	data.js:trainers[373].normal	Measured	derived: team analysis; strategy_notes Inferred
373	Team Rocket Grunt	NA	route	Silph Co. 2F	hardcore	6	Archer-2	56	FALSE	6|Silph Co. 2F|Team Rocket Grunt	2	Marowak:46:46:Bone Zone :NONE:Naive:15/15/15/15/15/15:0/0/0/0/0/0:Bone Rush,Retaliate,Double-Edge,Endeavor|Grapploct:47:47:Limber:NONE:Naive:15/15/15/15/15/15:0/0/0/0/0/0:Jet Punch,Arm Thrust,Brutal Swing,Topsy-Turvy	Marowak,Grapploct	47	46	Normal,Fighting,Ground,Water,Dark	43.5	Marowak	Grapploct	Grass	NONE	2 slots, levels 46-47. Offense covers 5 types. Shared weakness: Grass. Speed spans 42-45 base, fastest Marowak, slowest Grapploct.	data.js:trainers[373].hardcore	Measured	derived: team analysis; strategy_notes Inferred
374	Team Rocket Grunt	NA	boss_candidate	Silph Co. 2F	normal	6	Archer-2	56	FALSE	6|Silph Co. 2F|Team Rocket Grunt	5	Golbat:46:46:Corrosion:NONE:Quiet:15/15/15/15/15/15:0/0/0/0/0/0:Quick Guard,Air Slash,Venoshock,Haze|Purugly:46:46:Thick Fat:NONE:Calm:15/15/15/15/15/15:0/0/0/0/0/0:Hone Claws,Attract,Double-Edge,Sucker Punch|Grafaiai:46:46:Prankster:NONE:Timid:15/15/15/15/15/15:0/0/0/0/0/0:Sketch,Encore,Double-Edge,Gunk Shot|Stonjourner:46:46:Rocky Payload:NONE:Sassy:15/15/15/15/15/15:0/0/0/0/0/0:Mega Kick,Stone Edge,Heavy Slam,Wide Guard|Bruxish:47:47:Wonder Skin:NONE:Lax:15/15/15/15/15/15:0/0/0/0/0/0:Aqua Fang,Wave Crash,Psychic Fangs,Screech	Golbat,Purugly,Grafaiai,Stonjourner,Bruxish	47	46	Normal,Flying,Poison,Rock,Steel,Water,Psychic,Dark	96.8	Purugly	Stonjourner	NONE	NONE	5 slots, levels 46-47. Offense covers 8 types. No weakness shared by half the team. Speed spans 80-112 base, fastest Purugly, slowest Stonjourner.	data.js:trainers[374].normal	Measured	derived: team analysis; strategy_notes Inferred
374	Team Rocket Grunt	NA	boss_candidate	Silph Co. 2F	hardcore	6	Archer-2	56	FALSE	6|Silph Co. 2F|Team Rocket Grunt	5	Golbat:46:46:Corrosion:NONE:Quiet:15/15/15/15/15/15:0/0/0/0/0/0:Quick Guard,Air Slash,Venoshock,Haze|Purugly:46:46:Thick Fat:NONE:Calm:15/15/15/15/15/15:0/0/0/0/0/0:Hone Claws,Attract,Double-Edge,Sucker Punch|Grafaiai:46:46:Prankster:NONE:Timid:15/15/15/15/15/15:0/0/0/0/0/0:Sketch,Encore,Double-Edge,Gunk Shot|Stonjourner:46:46:Rocky Payload:NONE:Sassy:15/15/15/15/15/15:0/0/0/0/0/0:Mega Kick,Stone Edge,Heavy Slam,Wide Guard|Bruxish:47:47:Wonder Skin:NONE:Lax:15/15/15/15/15/15:0/0/0/0/0/0:Aqua Fang,Wave Crash,Psychic Fangs,Screech	Golbat,Purugly,Grafaiai,Stonjourner,Bruxish	47	46	Normal,Flying,Poison,Rock,Steel,Water,Psychic,Dark	96.8	Purugly	Stonjourner	NONE	NONE	5 slots, levels 46-47. Offense covers 8 types. No weakness shared by half the team. Speed spans 80-112 base, fastest Purugly, slowest Stonjourner.	data.js:trainers[374].hardcore	Measured	derived: team analysis; strategy_notes Inferred
375	Team Rocket Grunt	NA	route	Silph Co. 3F	normal	6	Archer-2	56	FALSE	6|Silph Co. 3F|Team Rocket Grunt	3	Cacturne:46:46:Sand Rush:NONE:Naughty:15/15/15/15/15/15:0/0/0/0/0/0:Sandstorm,Cotton Spore,Lunge,Needle Arm|Hypno:45:45:Insomnia:NONE:Hasty:15/15/15/15/15/15:0/0/0/0/0/0:Dark Void,Future Sight,Swagger,Psychic|Bisharp:45:45:Pressure:NONE:Bold:15/15/15/15/15/15:0/0/0/0/0/0:Sucker Punch,Night Slash,Iron Defense,Embargo	Cacturne,Hypno,Bisharp	46	45	Bug,Grass,Psychic,Dark	64.0	Bisharp	Cacturne	Fighting,Bug,Fire	NONE	3 slots, levels 45-46. Offense covers 4 types. Shared weakness: Fighting, Bug, Fire. Speed spans 55-70 base, fastest Bisharp, slowest Cacturne.	data.js:trainers[375].normal	Measured	derived: team analysis; strategy_notes Inferred
375	Team Rocket Grunt	NA	route	Silph Co. 3F	hardcore	6	Archer-2	56	FALSE	6|Silph Co. 3F|Team Rocket Grunt	3	Cacturne:46:46:Sand Rush:NONE:Naughty:15/15/15/15/15/15:0/0/0/0/0/0:Sandstorm,Cotton Spore,Lunge,Needle Arm|Hypno:45:45:Insomnia:NONE:Hasty:15/15/15/15/15/15:0/0/0/0/0/0:Dark Void,Future Sight,Swagger,Psychic|Bisharp:45:45:Pressure:NONE:Bold:15/15/15/15/15/15:0/0/0/0/0/0:Sucker Punch,Night Slash,Iron Defense,Embargo	Cacturne,Hypno,Bisharp	46	45	Bug,Grass,Psychic,Dark	64.0	Bisharp	Cacturne	Fighting,Bug,Fire	NONE	3 slots, levels 45-46. Offense covers 4 types. Shared weakness: Fighting, Bug, Fire. Speed spans 55-70 base, fastest Bisharp, slowest Cacturne.	data.js:trainers[375].hardcore	Measured	derived: team analysis; strategy_notes Inferred
376	Team Rocket Grunt	NA	route	Silph Co. 4F	normal	6	Archer-2	56	FALSE	6|Silph Co. 4F|Team Rocket Grunt	2	Machamp:47:47:Steadfast:NONE:Brave:15/15/15/15/15/15:0/0/0/0/0/0:Close Combat,Dynamic Punch,Scary Face,Cross Chop|Weavile:46:46:Pressure:NONE:Sassy:15/15/15/15/15/15:0/0/0/0/0/0:Dark Pulse,Punishment,Snatch,Night Slash	Machamp,Weavile	47	46	Fighting,Dark	90.0	Weavile	Machamp	Fairy	Fairy	2 slots, levels 46-47. Offense covers 2 types. Shared weakness: Fairy. A pure Fairy type resists everything it carries. Speed spans 55-125 base, fastest Weavile, slowest Machamp.	data.js:trainers[376].normal	Measured	derived: team analysis; strategy_notes Inferred
376	Team Rocket Grunt	NA	route	Silph Co. 4F	hardcore	6	Archer-2	56	FALSE	6|Silph Co. 4F|Team Rocket Grunt	2	Machamp:47:47:Steadfast:NONE:Brave:15/15/15/15/15/15:0/0/0/0/0/0:Close Combat,Dynamic Punch,Scary Face,Cross Chop|Weavile:46:46:Pressure:NONE:Sassy:15/15/15/15/15/15:0/0/0/0/0/0:Dark Pulse,Punishment,Snatch,Night Slash	Machamp,Weavile	47	46	Fighting,Dark	90.0	Weavile	Machamp	Fairy	Fairy	2 slots, levels 46-47. Offense covers 2 types. Shared weakness: Fairy. A pure Fairy type resists everything it carries. Speed spans 55-125 base, fastest Weavile, slowest Machamp.	data.js:trainers[376].hardcore	Measured	derived: team analysis; strategy_notes Inferred
377	Team Rocket Grunt	NA	route	Silph Co. 4F	normal	6	Archer-2	56	FALSE	6|Silph Co. 4F|Team Rocket Grunt	3	Skuntank:47:47:Frisk:NONE:Timid:15/15/15/15/15/15:0/0/0/0/0/0:Explosion,Belch,Sucker Punch,Venom Drench|Crobat:46:46:Infiltrator:NONE:Hardy:15/15/15/15/15/15:0/0/0/0/0/0:Quick Guard,Air Slash,Venoshock,Haze|Stoutland:47:47:Scrappy:NONE:Docile:15/15/15/15/15/15:0/0/0/0/0/0:Play Rough,Giga Impact,Last Resort,Reversal	Skuntank,Crobat,Stoutland	47	46	Normal,Fighting,Flying,Poison,Dark,Fairy	98.0	Crobat	Stoutland	NONE	NONE	3 slots, levels 46-47. Offense covers 6 types. No weakness shared by half the team. Speed spans 80-130 base, fastest Crobat, slowest Stoutland.	data.js:trainers[377].normal	Measured	derived: team analysis; strategy_notes Inferred
377	Team Rocket Grunt	NA	route	Silph Co. 4F	hardcore	6	Archer-2	56	FALSE	6|Silph Co. 4F|Team Rocket Grunt	3	Skuntank:47:47:Frisk:NONE:Timid:15/15/15/15/15/15:0/0/0/0/0/0:Explosion,Belch,Sucker Punch,Venom Drench|Crobat:46:46:Infiltrator:NONE:Hardy:15/15/15/15/15/15:0/0/0/0/0/0:Quick Guard,Air Slash,Venoshock,Haze|Stoutland:47:47:Scrappy:NONE:Docile:15/15/15/15/15/15:0/0/0/0/0/0:Play Rough,Giga Impact,Last Resort,Reversal	Skuntank,Crobat,Stoutland	47	46	Normal,Fighting,Flying,Poison,Dark,Fairy	98.0	Crobat	Stoutland	NONE	NONE	3 slots, levels 46-47. Offense covers 6 types. No weakness shared by half the team. Speed spans 80-130 base, fastest Crobat, slowest Stoutland.	data.js:trainers[377].hardcore	Measured	derived: team analysis; strategy_notes Inferred
378	Team Rocket Grunt	NA	route	Silph Co. 5F	normal	6	Archer-2	56	FALSE	6|Silph Co. 5F|Team Rocket Grunt	1	Houndstone:47:47:Fluffy:NONE:Careful:15/15/15/15/15/15:0/0/0/0/0/0:Last Respects,Double-Edge,Charm,Body Press	Houndstone	47	47	Normal,Fighting,Ghost	68.0	Houndstone	Houndstone	NONE	NONE	1 slots, levels 47-47. Offense covers 3 types. No weakness shared by half the team. Speed spans 68-68 base, fastest Houndstone, slowest Houndstone.	data.js:trainers[378].normal	Measured	derived: team analysis; strategy_notes Inferred
378	Team Rocket Grunt	NA	route	Silph Co. 5F	hardcore	6	Archer-2	56	FALSE	6|Silph Co. 5F|Team Rocket Grunt	1	Houndstone:47:47:Fluffy:NONE:Careful:15/15/15/15/15/15:0/0/0/0/0/0:Last Respects,Double-Edge,Charm,Body Press	Houndstone	47	47	Normal,Fighting,Ghost	68.0	Houndstone	Houndstone	NONE	NONE	1 slots, levels 47-47. Offense covers 3 types. No weakness shared by half the team. Speed spans 68-68 base, fastest Houndstone, slowest Houndstone.	data.js:trainers[378].hardcore	Measured	derived: team analysis; strategy_notes Inferred
379	Team Rocket Grunt	NA	route	Silph Co. 5F	normal	6	Archer-2	56	FALSE	6|Silph Co. 5F|Team Rocket Grunt	1	Hypno:48:48:Psychic Surge:NONE:Gentle:15/15/15/15/15/15:0/0/0/0/0/0:Dark Void,Future Sight,Swagger,Psychic	Hypno	48	48	Psychic	67.0	Hypno	Hypno	NONE	Steel,Psychic,Dark	1 slots, levels 48-48. Offense covers 1 types. No weakness shared by half the team. A pure Steel type resists everything it carries. Speed spans 67-67 base, fastest Hypno, slowest Hypno.	data.js:trainers[379].normal	Measured	derived: team analysis; strategy_notes Inferred
379	Team Rocket Grunt	NA	route	Silph Co. 5F	hardcore	6	Archer-2	56	FALSE	6|Silph Co. 5F|Team Rocket Grunt	1	Hypno:48:48:Psychic Surge:NONE:Gentle:15/15/15/15/15/15:0/0/0/0/0/0:Dark Void,Future Sight,Swagger,Psychic	Hypno	48	48	Psychic	67.0	Hypno	Hypno	NONE	Steel,Psychic,Dark	1 slots, levels 48-48. Offense covers 1 types. No weakness shared by half the team. A pure Steel type resists everything it carries. Speed spans 67-67 base, fastest Hypno, slowest Hypno.	data.js:trainers[379].hardcore	Measured	derived: team analysis; strategy_notes Inferred
380	Team Rocket Grunt	NA	route	Silph Co. 6F	normal	6	Archer-2	56	FALSE	6|Silph Co. 6F|Team Rocket Grunt	2	Conkeldurr:47:47:Iron Fist:NONE:Naive:15/15/15/15/15/15:0/0/0/0/0/0:Superpower,Focus Punch,Stone Edge,Hammer Arm|Toxicroak:46:46:Dry Skin:NONE:Serious:15/15/15/15/15/15:0/0/0/0/0/0:Close Combat,Belch,Sludge Bomb,Poison Jab	Conkeldurr,Toxicroak	47	46	Fighting,Poison,Rock	65.0	Toxicroak	Conkeldurr	Flying,Psychic	NONE	2 slots, levels 46-47. Offense covers 3 types. Shared weakness: Flying, Psychic. Speed spans 45-85 base, fastest Toxicroak, slowest Conkeldurr.	data.js:trainers[380].normal	Measured	derived: team analysis; strategy_notes Inferred
380	Team Rocket Grunt	NA	route	Silph Co. 6F	hardcore	6	Archer-2	56	FALSE	6|Silph Co. 6F|Team Rocket Grunt	2	Conkeldurr:47:47:Iron Fist:NONE:Naive:15/15/15/15/15/15:0/0/0/0/0/0:Superpower,Focus Punch,Stone Edge,Hammer Arm|Toxicroak:46:46:Dry Skin:NONE:Serious:15/15/15/15/15/15:0/0/0/0/0/0:Close Combat,Belch,Sludge Bomb,Poison Jab	Conkeldurr,Toxicroak	47	46	Fighting,Poison,Rock	65.0	Toxicroak	Conkeldurr	Flying,Psychic	NONE	2 slots, levels 46-47. Offense covers 3 types. Shared weakness: Flying, Psychic. Speed spans 45-85 base, fastest Toxicroak, slowest Conkeldurr.	data.js:trainers[380].hardcore	Measured	derived: team analysis; strategy_notes Inferred
381	Team Rocket Grunt	NA	route	Silph Co. 6F	normal	6	Archer-2	56	FALSE	6|Silph Co. 6F|Team Rocket Grunt	3	Corviknight:49:49:UNK:NONE:Hardy:15/15/15/15/15/15:0/0/0/0/0/0:Iron Defense,Brave Bird,Swagger,Drill Peck|Golbat:48:48:Infiltrator:NONE:Adamant:15/15/15/15/15/15:0/0/0/0/0/0:Quick Guard,Air Slash,Venoshock,Haze|Crobat:48:48:Corrosion:NONE:Mild:15/15/15/15/15/15:0/0/0/0/0/0:Quick Guard,Air Slash,Venoshock,Haze	Corviknight,Golbat,Crobat	49	48	Flying,Poison	95.7	Crobat	Corviknight	Electric,Rock,Psychic,Ice	Rock,Steel	3 slots, levels 48-49. Offense covers 2 types. Shared weakness: Electric, Rock, Psychic, Ice. A pure Rock type resists everything it carries. Speed spans 67-130 base, fastest Crobat, slowest Corviknight.	data.js:trainers[381].normal	Measured	derived: team analysis; strategy_notes Inferred
381	Team Rocket Grunt	NA	route	Silph Co. 6F	hardcore	6	Archer-2	56	FALSE	6|Silph Co. 6F|Team Rocket Grunt	3	Corviknight:49:49:UNK:NONE:Hardy:15/15/15/15/15/15:0/0/0/0/0/0:Iron Defense,Brave Bird,Swagger,Drill Peck|Golbat:48:48:Infiltrator:NONE:Adamant:15/15/15/15/15/15:0/0/0/0/0/0:Quick Guard,Air Slash,Venoshock,Haze|Crobat:48:48:Corrosion:NONE:Mild:15/15/15/15/15/15:0/0/0/0/0/0:Quick Guard,Air Slash,Venoshock,Haze	Corviknight,Golbat,Crobat	49	48	Flying,Poison	95.7	Crobat	Corviknight	Electric,Rock,Psychic,Ice	Rock,Steel	3 slots, levels 48-49. Offense covers 2 types. Shared weakness: Electric, Rock, Psychic, Ice. A pure Rock type resists everything it carries. Speed spans 67-130 base, fastest Crobat, slowest Corviknight.	data.js:trainers[381].hardcore	Measured	derived: team analysis; strategy_notes Inferred
382	Team Rocket Grunt	NA	boss_candidate	Silph Co. 8F	normal	6	Archer-2	56	FALSE	6|Silph Co. 8F|Team Rocket Grunt	4	Crawdaunt:47:47:Adaptability:NONE:Gentle:15/15/15/15/15/15:0/0/0/0/0/0:Scary Face,Crabhammer,Crunch,Aqua Jet|Zangoose:47:47:Tough Claws:NONE:Jolly:15/15/15/15/15/15:0/0/0/0/0/0:Glare,Facade,Quick Attack,Close Combat|Mightyena:46:46:Moxie:NONE:Hardy:15/15/15/15/15/15:0/0/0/0/0/0:Smokescreen,Crunch,Ice Fang,Fire Fang|Drapion:47:47:Battle Armor:NONE:Calm:15/15/15/15/15/15:0/0/0/0/0/0:Wing Attack,Crunch,Poison Jab,Aqua Tail	Crawdaunt,Zangoose,Mightyena,Drapion	47	46	Normal,Fighting,Flying,Poison,Fire,Water,Ice,Dark	80.0	Zangoose	Crawdaunt	Fighting,Bug,Fairy	NONE	4 slots, levels 46-47. Offense covers 8 types. Shared weakness: Fighting, Bug, Fairy. Speed spans 55-100 base, fastest Zangoose, slowest Crawdaunt.	data.js:trainers[382].normal	Measured	derived: team analysis; strategy_notes Inferred
382	Team Rocket Grunt	NA	boss_candidate	Silph Co. 8F	hardcore	6	Archer-2	56	FALSE	6|Silph Co. 8F|Team Rocket Grunt	4	Crawdaunt:47:47:Adaptability:NONE:Gentle:15/15/15/15/15/15:0/0/0/0/0/0:Scary Face,Crabhammer,Crunch,Aqua Jet|Zangoose:47:47:Tough Claws:NONE:Jolly:15/15/15/15/15/15:0/0/0/0/0/0:Glare,Facade,Quick Attack,Close Combat|Mightyena:46:46:Moxie:NONE:Hardy:15/15/15/15/15/15:0/0/0/0/0/0:Smokescreen,Crunch,Ice Fang,Fire Fang|Drapion:47:47:Battle Armor:NONE:Calm:15/15/15/15/15/15:0/0/0/0/0/0:Wing Attack,Crunch,Poison Jab,Aqua Tail	Crawdaunt,Zangoose,Mightyena,Drapion	47	46	Normal,Fighting,Flying,Poison,Fire,Water,Ice,Dark	80.0	Zangoose	Crawdaunt	Fighting,Bug,Fairy	NONE	4 slots, levels 46-47. Offense covers 8 types. Shared weakness: Fighting, Bug, Fairy. Speed spans 55-100 base, fastest Zangoose, slowest Crawdaunt.	data.js:trainers[382].hardcore	Measured	derived: team analysis; strategy_notes Inferred
383	Team Rocket Grunt	NA	route	Silph Co. 7F	normal	6	Archer-2	56	FALSE	6|Silph Co. 7F|Team Rocket Grunt	2	Marowak-Alola:46:46:Bone Zone :NONE:Naive:15/15/15/15/15/15:0/0/0/0/0/0:Bone Rush,Retaliate,Flare Blitz,Endeavor|Gliscor:45:45:Hyper Cutter:NONE:Calm:15/15/15/15/15/15:0/0/0/0/0/0:Toxic Spikes,Spikes,Earthquake,Crabhammer	Marowak-Alola,Gliscor	46	45	Normal,Ground,Fire,Water	70.0	Gliscor	Marowak-Alola	Water	NONE	2 slots, levels 45-46. Offense covers 4 types. Shared weakness: Water. Speed spans 45-95 base, fastest Gliscor, slowest Marowak-Alola.	data.js:trainers[383].normal	Measured	derived: team analysis; strategy_notes Inferred
383	Team Rocket Grunt	NA	route	Silph Co. 7F	hardcore	6	Archer-2	56	FALSE	6|Silph Co. 7F|Team Rocket Grunt	2	Marowak-Alola:46:46:Bone Zone :NONE:Naive:15/15/15/15/15/15:0/0/0/0/0/0:Bone Rush,Retaliate,Flare Blitz,Endeavor|Gliscor:45:45:Hyper Cutter:NONE:Calm:15/15/15/15/15/15:0/0/0/0/0/0:Toxic Spikes,Spikes,Earthquake,Crabhammer	Marowak-Alola,Gliscor	46	45	Normal,Ground,Fire,Water	70.0	Gliscor	Marowak-Alola	Water	NONE	2 slots, levels 45-46. Offense covers 4 types. Shared weakness: Water. Speed spans 45-95 base, fastest Gliscor, slowest Marowak-Alola.	data.js:trainers[383].hardcore	Measured	derived: team analysis; strategy_notes Inferred
384	Team Rocket Grunt	NA	route	Silph Co. 7F	normal	6	Archer-2	56	FALSE	6|Silph Co. 7F|Team Rocket Grunt	2	Sandslash:47:47:Sand Rush:NONE:Careful:15/15/15/15/15/15:0/0/0/0/0/0:Earthquake,Sandstorm,Swords Dance,Gyro Ball|Donphan:48:48:Sturdy:NONE:Jolly:15/15/15/15/15/15:0/0/0/0/0/0:Bonemerang,Head Smash,Giga Impact,Earthquake	Sandslash,Donphan	48	47	Normal,Ground,Rock,Steel	57.5	Sandslash	Donphan	Water,Grass,Ice	NONE	2 slots, levels 47-48. Offense covers 4 types. Shared weakness: Water, Grass, Ice. Speed spans 50-65 base, fastest Sandslash, slowest Donphan.	data.js:trainers[384].normal	Measured	derived: team analysis; strategy_notes Inferred
384	Team Rocket Grunt	NA	route	Silph Co. 7F	hardcore	6	Archer-2	56	FALSE	6|Silph Co. 7F|Team Rocket Grunt	2	Sandslash:47:47:Sand Rush:NONE:Careful:15/15/15/15/15/15:0/0/0/0/0/0:Earthquake,Sandstorm,Swords Dance,Gyro Ball|Donphan:48:48:Sturdy:NONE:Jolly:15/15/15/15/15/15:0/0/0/0/0/0:Bonemerang,Head Smash,Giga Impact,Earthquake	Sandslash,Donphan	48	47	Normal,Ground,Rock,Steel	57.5	Sandslash	Donphan	Water,Grass,Ice	NONE	2 slots, levels 47-48. Offense covers 4 types. Shared weakness: Water, Grass, Ice. Speed spans 50-65 base, fastest Sandslash, slowest Donphan.	data.js:trainers[384].hardcore	Measured	derived: team analysis; strategy_notes Inferred
385	Team Rocket Grunt	NA	boss_candidate	Silph Co. 7F	normal	6	Archer-2	56	FALSE	6|Silph Co. 7F|Team Rocket Grunt	4	Perrserker:48:48:Steely Spirit:NONE:Hasty:15/15/15/15/15/15:0/0/0/0/0/0:Thrash,Metal Sound,Slash,Screech|Golbat:48:48:Infiltrator:NONE:Naive:15/15/15/15/15/15:0/0/0/0/0/0:Quick Guard,Air Slash,Venoshock,Haze|Thievul:49:49:Stakeout:NONE:Brave:15/15/15/15/15/15:0/0/0/0/0/0:Parting Shot,Foul Play,Mystical Fire,Night Slash|Raticate-Alola:47:47:Gluttony:NONE:Rash:15/15/15/15/15/15:0/0/0/0/0/0:Endeavor,Double-Edge,Super Fang,Sucker Punch	Perrserker,Golbat,Thievul,Raticate-Alola	49	47	Normal,Flying,Poison,Fire,Dark	81.8	Thievul	Perrserker	Fighting,Bug,Fairy	NONE	4 slots, levels 47-49. Offense covers 5 types. Shared weakness: Fighting, Bug, Fairy. Speed spans 50-110 base, fastest Thievul, slowest Perrserker.	data.js:trainers[385].normal	Measured	derived: team analysis; strategy_notes Inferred
385	Team Rocket Grunt	NA	boss_candidate	Silph Co. 7F	hardcore	6	Archer-2	56	FALSE	6|Silph Co. 7F|Team Rocket Grunt	4	Perrserker:48:48:Steely Spirit:NONE:Hasty:15/15/15/15/15/15:0/0/0/0/0/0:Thrash,Metal Sound,Slash,Screech|Golbat:48:48:Infiltrator:NONE:Naive:15/15/15/15/15/15:0/0/0/0/0/0:Quick Guard,Air Slash,Venoshock,Haze|Thievul:49:49:Stakeout:NONE:Brave:15/15/15/15/15/15:0/0/0/0/0/0:Parting Shot,Foul Play,Mystical Fire,Night Slash|Raticate-Alola:47:47:Gluttony:NONE:Rash:15/15/15/15/15/15:0/0/0/0/0/0:Endeavor,Double-Edge,Super Fang,Sucker Punch	Perrserker,Golbat,Thievul,Raticate-Alola	49	47	Normal,Flying,Poison,Fire,Dark	81.8	Thievul	Perrserker	Fighting,Bug,Fairy	NONE	4 slots, levels 47-49. Offense covers 5 types. Shared weakness: Fighting, Bug, Fairy. Speed spans 50-110 base, fastest Thievul, slowest Perrserker.	data.js:trainers[385].hardcore	Measured	derived: team analysis; strategy_notes Inferred
386	Team Rocket Grunt	NA	route	Silph Co. 8F	normal	6	Archer-2	56	FALSE	6|Silph Co. 8F|Team Rocket Grunt	3	Seviper:45:45:Fatal Precision:NONE:Hasty:15/15/15/15/15/15:0/0/0/0/0/0:Hypnosis,Gunk Shot,Wring Out,Coil|Aggron:47:47:Sturdy:NONE:Rash:15/15/15/15/15/15:0/0/0/0/0/0:Metal Burst,Heavy Slam,Autotomize,Double-Edge|Skuntank:46:46:Frisk:NONE:Jolly:15/15/15/15/15/15:0/0/0/0/0/0:Explosion,Belch,Sucker Punch,Venom Drench	Seviper,Aggron,Skuntank	47	45	Normal,Poison,Steel,Dark	73.0	Seviper	Aggron	Ground	NONE	3 slots, levels 45-47. Offense covers 4 types. Shared weakness: Ground. Speed spans 50-85 base, fastest Seviper, slowest Aggron.	data.js:trainers[386].normal	Measured	derived: team analysis; strategy_notes Inferred
386	Team Rocket Grunt	NA	route	Silph Co. 8F	hardcore	6	Archer-2	56	FALSE	6|Silph Co. 8F|Team Rocket Grunt	3	Seviper:45:45:Fatal Precision:NONE:Hasty:15/15/15/15/15/15:0/0/0/0/0/0:Hypnosis,Gunk Shot,Wring Out,Coil|Aggron:47:47:Sturdy:NONE:Rash:15/15/15/15/15/15:0/0/0/0/0/0:Metal Burst,Heavy Slam,Autotomize,Double-Edge|Skuntank:46:46:Frisk:NONE:Jolly:15/15/15/15/15/15:0/0/0/0/0/0:Explosion,Belch,Sucker Punch,Venom Drench	Seviper,Aggron,Skuntank	47	45	Normal,Poison,Steel,Dark	73.0	Seviper	Aggron	Ground	NONE	3 slots, levels 45-47. Offense covers 4 types. Shared weakness: Ground. Speed spans 50-85 base, fastest Seviper, slowest Aggron.	data.js:trainers[386].hardcore	Measured	derived: team analysis; strategy_notes Inferred
387	Team Rocket Grunt	NA	route	Silph Co. 9F	normal	6	Archer-2	56	FALSE	6|Silph Co. 9F|Team Rocket Grunt	3	Sandaconda:47:47:Sand Veil:NONE:Rash:15/15/15/15/15/15:0/0/0/0/0/0:Last Resort,Double-Edge,Earthquake,Sand Tomb|Liepard:46:46:Moxie:NONE:Quiet:15/15/15/15/15/15:0/0/0/0/0/0:Play Rough,Nasty Plot,Snatch,Night Slash|Machoke:46:46:Steadfast:NONE:Lax:15/15/15/15/15/15:0/0/0/0/0/0:Dynamic Punch,Scary Face,Cross Chop,Bulk Up	Sandaconda,Liepard,Machoke	47	46	Normal,Fighting,Ground,Dark,Fairy	74.0	Liepard	Machoke	Fairy	NONE	3 slots, levels 46-47. Offense covers 5 types. Shared weakness: Fairy. Speed spans 45-106 base, fastest Liepard, slowest Machoke.	data.js:trainers[387].normal	Measured	derived: team analysis; strategy_notes Inferred
387	Team Rocket Grunt	NA	route	Silph Co. 9F	hardcore	6	Archer-2	56	FALSE	6|Silph Co. 9F|Team Rocket Grunt	3	Sandaconda:47:47:Sand Veil:NONE:Rash:15/15/15/15/15/15:0/0/0/0/0/0:Last Resort,Double-Edge,Earthquake,Sand Tomb|Liepard:46:46:Moxie:NONE:Quiet:15/15/15/15/15/15:0/0/0/0/0/0:Play Rough,Nasty Plot,Snatch,Night Slash|Machoke:46:46:Steadfast:NONE:Lax:15/15/15/15/15/15:0/0/0/0/0/0:Dynamic Punch,Scary Face,Cross Chop,Bulk Up	Sandaconda,Liepard,Machoke	47	46	Normal,Fighting,Ground,Dark,Fairy	74.0	Liepard	Machoke	Fairy	NONE	3 slots, levels 46-47. Offense covers 5 types. Shared weakness: Fairy. Speed spans 45-106 base, fastest Liepard, slowest Machoke.	data.js:trainers[387].hardcore	Measured	derived: team analysis; strategy_notes Inferred
388	Team Rocket Grunt	NA	route	Silph Co. 9F	normal	6	Archer-2	56	FALSE	6|Silph Co. 9F|Team Rocket Grunt	3	Golbat:45:45:Corrosion:NONE:Quiet:15/15/15/15/15/15:0/0/0/0/0/0:Quick Guard,Air Slash,Venoshock,Haze|Sharpedo:47:47:Iron Barbs:NONE:Jolly:15/15/15/15/15/15:0/0/0/0/0/0:Aqua Fang,Taunt,Skull Bash,Agility|Hypno:46:46:Psychic Surge:NONE:Bashful:15/15/15/15/15/15:0/0/0/0/0/0:Dark Void,Future Sight,Swagger,Psychic	Golbat,Sharpedo,Hypno	47	45	Normal,Flying,Poison,Water,Psychic	84.0	Sharpedo	Hypno	Electric,Bug	NONE	3 slots, levels 45-47. Offense covers 5 types. Shared weakness: Electric, Bug. Speed spans 67-95 base, fastest Sharpedo, slowest Hypno.	data.js:trainers[388].normal	Measured	derived: team analysis; strategy_notes Inferred
388	Team Rocket Grunt	NA	route	Silph Co. 9F	hardcore	6	Archer-2	56	FALSE	6|Silph Co. 9F|Team Rocket Grunt	3	Golbat:45:45:Corrosion:NONE:Quiet:15/15/15/15/15/15:0/0/0/0/0/0:Quick Guard,Air Slash,Venoshock,Haze|Sharpedo:47:47:Iron Barbs:NONE:Jolly:15/15/15/15/15/15:0/0/0/0/0/0:Aqua Fang,Taunt,Skull Bash,Agility|Hypno:46:46:Psychic Surge:NONE:Bashful:15/15/15/15/15/15:0/0/0/0/0/0:Dark Void,Future Sight,Swagger,Psychic	Golbat,Sharpedo,Hypno	47	45	Normal,Flying,Poison,Water,Psychic	84.0	Sharpedo	Hypno	Electric,Bug	NONE	3 slots, levels 45-47. Offense covers 5 types. Shared weakness: Electric, Bug. Speed spans 67-95 base, fastest Sharpedo, slowest Hypno.	data.js:trainers[388].hardcore	Measured	derived: team analysis; strategy_notes Inferred
389	Team Rocket Grunt	NA	route	Silph Co. 10F	normal	6	Archer-2	56	FALSE	6|Silph Co. 10F|Team Rocket Grunt	1	Machamp:47:47:Steadfast:NONE:Brave:15/15/15/15/15/15:0/0/0/0/0/0:Close Combat,Dynamic Punch,Scary Face,Cross Chop	Machamp	47	47	Fighting	55.0	Machamp	Machamp	NONE	Flying,Poison,Bug,Ghost,Psychic,Fairy	1 slots, levels 47-47. Offense covers 1 types. No weakness shared by half the team. A pure Flying type resists everything it carries. Speed spans 55-55 base, fastest Machamp, slowest Machamp.	data.js:trainers[389].normal	Measured	derived: team analysis; strategy_notes Inferred
389	Team Rocket Grunt	NA	route	Silph Co. 10F	hardcore	6	Archer-2	56	FALSE	6|Silph Co. 10F|Team Rocket Grunt	1	Machamp:47:47:Steadfast:NONE:Brave:15/15/15/15/15/15:0/0/0/0/0/0:Close Combat,Dynamic Punch,Scary Face,Cross Chop	Machamp	47	47	Fighting	55.0	Machamp	Machamp	NONE	Flying,Poison,Bug,Ghost,Psychic,Fairy	1 slots, levels 47-47. Offense covers 1 types. No weakness shared by half the team. A pure Flying type resists everything it carries. Speed spans 55-55 base, fastest Machamp, slowest Machamp.	data.js:trainers[389].hardcore	Measured	derived: team analysis; strategy_notes Inferred
390	Team Rocket Grunt	NA	boss_candidate	Silph Co. 11F	normal	6	Archer-2	56	FALSE	6|Silph Co. 11F|Team Rocket Grunt	5	Copperajah:46:46:UNK:NONE:Gentle:15/15/15/15/15/15:0/0/0/0/0/0:Double Iron Bash,Superpower,High Horsepower,Play Rough|Swoobat:46:46:Unaware:NONE:Quirky:15/15/15/15/15/15:0/0/0/0/0/0:Heat Wave,Endeavor,Calm Mind,Psychic|Purugly:46:46:Defiant:NONE:Hardy:15/15/15/15/15/15:0/0/0/0/0/0:Hone Claws,Attract,Double-Edge,Sucker Punch|Nidoqueen:47:47:Poison Touch:NONE:Lonely:15/15/15/15/15/15:0/0/0/0/0/0:Earth Power,Body Slam,Chip Away,Sludge|Arbok:47:47:Strong Jaw:NONE:Calm:15/15/15/15/15/15:0/0/0/0/0/0:Shed Tail,Gunk Shot,Haze,Belch	Copperajah,Swoobat,Purugly,Nidoqueen,Arbok	47	46	Normal,Fighting,Poison,Ground,Steel,Fire,Psychic,Dark,Fairy	82.4	Swoobat	Copperajah	Ground	NONE	5 slots, levels 46-47. Offense covers 9 types. Shared weakness: Ground. Speed spans 30-114 base, fastest Swoobat, slowest Copperajah.	data.js:trainers[390].normal	Measured	derived: team analysis; strategy_notes Inferred
390	Team Rocket Grunt	NA	boss_candidate	Silph Co. 11F	hardcore	6	Archer-2	56	FALSE	6|Silph Co. 11F|Team Rocket Grunt	5	Copperajah:46:46:UNK:NONE:Gentle:15/15/15/15/15/15:0/0/0/0/0/0:Double Iron Bash,Superpower,High Horsepower,Play Rough|Swoobat:46:46:Unaware:NONE:Quirky:15/15/15/15/15/15:0/0/0/0/0/0:Heat Wave,Endeavor,Calm Mind,Psychic|Purugly:46:46:Defiant:NONE:Hardy:15/15/15/15/15/15:0/0/0/0/0/0:Hone Claws,Attract,Double-Edge,Sucker Punch|Nidoqueen:47:47:Poison Touch:NONE:Lonely:15/15/15/15/15/15:0/0/0/0/0/0:Earth Power,Body Slam,Chip Away,Sludge|Arbok:47:47:Strong Jaw:NONE:Calm:15/15/15/15/15/15:0/0/0/0/0/0:Shed Tail,Gunk Shot,Haze,Belch	Copperajah,Swoobat,Purugly,Nidoqueen,Arbok	47	46	Normal,Fighting,Poison,Ground,Steel,Fire,Psychic,Dark,Fairy	82.4	Swoobat	Copperajah	Ground	NONE	5 slots, levels 46-47. Offense covers 9 types. Shared weakness: Ground. Speed spans 30-114 base, fastest Swoobat, slowest Copperajah.	data.js:trainers[390].hardcore	Measured	derived: team analysis; strategy_notes Inferred
391	Team Rocket Grunt	NA	route	Silph Co. 11F	normal	6	Archer-2	56	FALSE	6|Silph Co. 11F|Team Rocket Grunt	3	Shedinja:48:48:UNK:NONE:Naive:15/15/15/15/15/15:0/0/0/0/0/0:Phantom Force,Heal Block,Grudge,Pounce|Ninjask:48:48:Speed Boost:NONE:Modest:15/15/15/15/15/15:0/0/0/0/0/0:Sonic Slash,X-Scissor,Swords Dance,First Impression|Raticate-Alola:49:49:Thick Fat:NONE:Bold:15/15/15/15/15/15:0/0/0/0/0/0:Endeavor,Double-Edge,Super Fang,Sucker Punch	Shedinja,Ninjask,Raticate-Alola	49	48	Normal,Flying,Bug,Ghost,Dark	92.3	Ninjask	Shedinja	Flying,Rock,Fire	NONE	3 slots, levels 48-49. Offense covers 5 types. Shared weakness: Flying, Rock, Fire. Speed spans 40-160 base, fastest Ninjask, slowest Shedinja.	data.js:trainers[391].normal	Measured	derived: team analysis; strategy_notes Inferred
391	Team Rocket Grunt	NA	route	Silph Co. 11F	hardcore	6	Archer-2	56	FALSE	6|Silph Co. 11F|Team Rocket Grunt	3	Shedinja:48:48:UNK:NONE:Naive:15/15/15/15/15/15:0/0/0/0/0/0:Phantom Force,Heal Block,Grudge,Pounce|Ninjask:48:48:Speed Boost:NONE:Modest:15/15/15/15/15/15:0/0/0/0/0/0:Sonic Slash,X-Scissor,Swords Dance,First Impression|Raticate-Alola:49:49:Thick Fat:NONE:Bold:15/15/15/15/15/15:0/0/0/0/0/0:Endeavor,Double-Edge,Super Fang,Sucker Punch	Shedinja,Ninjask,Raticate-Alola	49	48	Normal,Flying,Bug,Ghost,Dark	92.3	Ninjask	Shedinja	Flying,Rock,Fire	NONE	3 slots, levels 48-49. Offense covers 5 types. Shared weakness: Flying, Rock, Fire. Speed spans 40-160 base, fastest Ninjask, slowest Shedinja.	data.js:trainers[391].hardcore	Measured	derived: team analysis; strategy_notes Inferred
393	Ace Trainer George	NA	boss_candidate	Victory Road 3F	normal	16	Elite-4	85	FALSE	16|Victory Road 3F|Ace Trainer George	5	Exeggutor-Alola:83:83:UNK:Miracle Seed:Modest:31/31/31/31/31/31:252/0/0/252/0/6:Sleep Powder,Giga Drain,Dragon Pulse,Flamethrower|Donphan:84:84:Technician:Leftovers:Adamant:31/31/31/31/31/31:252/252/0/0/0/6:Bonemerang,Ice Shard,Rock Blast,Knock Off|Cloyster:84:84:Battle Armor:White Herb:Jolly:31/31/31/31/31/31:6/252/0/0/0/252:Rock Blast,Icicle Spear,Liquidation,Shell Smash|Mienshao:84:84:Inner Focus:Life Orb:Jolly:31/31/31/31/31/31:6/252/0/0/0/252:Fake Out,Close Combat,U-turn,Knock Off|Pinsir:84:84:Mold Breaker:Pinsirite:Jolly:31/31/31/31/31/31:6/252/0/0/0/252:Quick Attack,X-Scissor,Double-Edge,Close Combat	Exeggutor-Alola,Donphan,Cloyster,Mienshao,Pinsir	84	83	Normal,Fighting,Ground,Rock,Bug,Fire,Water,Grass,Ice,Dragon,Dark	71.0	Mienshao	Exeggutor-Alola	Flying	NONE	5 slots, levels 83-84. Offense covers 11 types. Shared weakness: Flying. Speed spans 45-105 base, fastest Mienshao, slowest Exeggutor-Alola.	data.js:trainers[393].normal	Measured	derived: team analysis; strategy_notes Inferred
393	Ace Trainer George	NA	boss_candidate	Victory Road 3F	hardcore	16	Elite-4	85	TRUE	16|Victory Road 3F|Ace Trainer George	6	Metagross:85:103:Tough Claws:Focus Sash:Jolly:31/31/31/31/31/31:0/0/0/0/0/0:Stealth Rock,Explosion,Meteor Mash,Earthquake|Starmie:85:103:Natural Cure:Life Orb:Timid:31/31/31/31/31/31:0/0/0/0/0/0:Thunder,Hydro Pump,Blizzard,Psyshock|Pangoro:85:103:Scrappy:Black Glasses:Adamant:31/31/31/31/31/31:0/0/0/0/0/0:Bullet Punch,Drain Punch,Wicked Blow,Sucker Punch|Espeon:85:103:Magic Bounce:Eevium Z:Timid:31/31/31/31/31/31:0/0/0/0/0/0:Last Resort,Stored Power,Fiery Dance,Dazzling Gleam|Tauros:85:103:Sheer Force:Life Orb:Naive:31/31/31/31/31/31:0/0/0/0/0/0:Head Charge,Close Combat,Ice Beam,Flamethrower|Pinsir:85:103:Moxie:Pinsirite:Jolly:31/31/31/31/31/31:0/0/0/0/0/0:Return,Quick Attack,Close Combat,Swords Dance	Metagross,Starmie,Pangoro,Espeon,Tauros,Pinsir	85	85	Normal,Fighting,Ground,Steel,Fire,Water,Electric,Psychic,Ice,Dark,Fairy	91.3	Starmie	Pangoro	Ghost,Dark	NONE	6 slots, levels 85-85. Offense covers 11 types. Shared weakness: Ghost, Dark. Speed spans 58-115 base, fastest Starmie, slowest Pangoro. LEVEL-SCALED: rescales to the player, excluded from scoring.	data.js:trainers[393].hardcore	Measured	derived: team analysis; strategy_notes Inferred
394	Ace Trainer Colby	NA	boss_candidate	Victory Road 3F	normal	16	Elite-4	85	FALSE	16|Victory Road 3F|Ace Trainer Colby	5	Feraligatr:83:83:Strong Jaw:Focus Sash:Jolly:31/31/31/31/31/31:6/252/0/0/0/252:Dragon Dance,Aqua Fang,Ice Fang,Jaw Lock|Swanna:83:83:No Guard:Life Orb:Timid:31/31/31/31/31/31:6/0/0/252/0/252:Hurricane,Hydro Pump,Ice Beam|Walrein:83:83:Fur Coat:Leftovers:Calm:31/31/31/31/31/31:252/0/128/0/128/4:Surf,Toxic,Protect,Ice Beam|Sharpedo:84:84:Speed Boost:Sharpedonite:Jolly:31/31/31/31/31/31:6/252/0/0/0/252:Crunch,Ice Fang,Aqua Jet,Aqua Fang|Empoleon:84:84:Competitive:Leftovers:Bold:31/31/31/31/31/31:252/0/252/0/0/0:Calm Mind,Scald,Rest,Sleep Talk	Feraligatr,Swanna,Walrein,Sharpedo,Empoleon	84	83	Fighting,Flying,Water,Ice,Dark	81.2	Swanna	Empoleon	Grass,Electric,Fighting	NONE	5 slots, levels 83-84. Offense covers 5 types. Shared weakness: Grass, Electric, Fighting. Speed spans 60-108 base, fastest Swanna, slowest Empoleon.	data.js:trainers[394].normal	Measured	derived: team analysis; strategy_notes Inferred
394	Ace Trainer Colby	NA	boss_candidate	Victory Road 3F	hardcore	16	Elite-4	85	TRUE	16|Victory Road 3F|Ace Trainer Colby	6	Arcanine:85:103:Justified:Leftovers:Adamant:31/31/31/31/31/31:0/0/0/0/0/0:Will-O-Wisp,Extreme Speed,Flare Blitz,Teleport|Diancie:85:103:UNK:Diancite:Timid:31/31/31/31/31/31:0/0/0/0/0/0:Moonblast,Diamond Storm,Earth Power,Misty Explosion|Iron Leaves:85:103:Sharpness:Scope Lens:Jolly:31/31/31/31/31/31:0/0/0/0/0/0:Swords Dance,Leaf Blade,Sacred Sword,Psycho Cut|Muk-Alola:85:103:Receiver:Assault Vest:Adamant:31/31/31/31/31/31:0/0/0/0/0/0:Pursuit,Knock Off,Poison Jab,Fire Punch|Mismagius:85:103:UNK:Ghostium Z:Timid:31/31/31/31/31/31:0/0/0/0/0/0:Nasty Plot,Moonblast,Shadow Ball,Mystical Fire|Grapploct:85:103:Technician:Leftovers:Adamant:31/31/31/31/31/31:0/0/0/0/0/0:Arm Thrust,Aqua Jet,Mach Punch,Ice Punch	Arcanine,Diancie,Iron Leaves,Muk-Alola,Mismagius,Grapploct	85	85	Normal,Fighting,Poison,Ground,Rock,Ghost,Fire,Water,Grass,Psychic,Ice,Dark,Fairy	74.3	Mismagius	Grapploct	Ground	NONE	6 slots, levels 85-85. Offense covers 13 types. Shared weakness: Ground. Speed spans 42-105 base, fastest Mismagius, slowest Grapploct. LEVEL-SCALED: rescales to the player, excluded from scoring.	data.js:trainers[394].hardcore	Measured	derived: team analysis; strategy_notes Inferred
396	Ace Trainer Rolando	NA	boss_candidate	Victory Road 1F	normal	16	Elite-4	85	TRUE	16|Victory Road 1F|Ace Trainer Rolando	5	Cyclizar:83:101:Regenerator:Sitrus Berry:Jolly:31/31/31/31/31/31:252/0/4/0/0/252:Shed Tail,Knock Off,Body Slam,Dragon Claw|Flygon:83:101:Tinted Lens:Life Orb:Jolly:31/31/31/31/31/31:0/252/4/0/0/252:Dragon Dance,Earthquake,Dragon Claw,Fire Punch|Crobat:83:101:Infiltrator:Sitrus Berry:Timid:31/31/31/31/31/31:0/0/4/252/0/252:Nasty Plot,Hurricane,Heat Wave,Giga Drain|Kingler:83:101:Sheer Force:Kinglerite:Jolly:31/31/31/31/31/31:0/252/4/0/0/252:Crabhammer,Close Combat,Ice Hammer,Swords Dance|Hatterene:83:101:UNK:Leftovers:Modest:31/31/31/31/31/31:252/0/4/252/0/0:Calm Mind,Drain Kiss,Psyshock,Mystical Fire	Cyclizar,Flygon,Crobat,Kingler,Hatterene	83	83	Normal,Fighting,Flying,Ground,Fire,Water,Grass,Psychic,Ice,Dragon,Dark,Fairy	91.0	Crobat	Hatterene	Ice	NONE	5 slots, levels 83-83. Offense covers 12 types. Shared weakness: Ice. Speed spans 29-130 base, fastest Crobat, slowest Hatterene. LEVEL-SCALED: rescales to the player, excluded from scoring.	data.js:trainers[396].normal	Measured	derived: team analysis; strategy_notes Inferred
396	Ace Trainer Rolando	NA	boss_candidate	Victory Road 1F	hardcore	16	Elite-4	85	TRUE	16|Victory Road 1F|Ace Trainer Rolando	6	Cyclizar:85:103:Regenerator:Sitrus Berry:Jolly:31/31/31/31/31/31:0/0/0/0/0/0:Shed Tail,Knock Off,Body Slam,Dragon Claw|Volcanion:85:103:UNK:Waterium Z:Timid:31/31/31/31/31/31:0/0/0/0/0/0:Steam Eruption,Flamethrower,Sludge Bomb,Earth Power|Flygon:85:103:Tinted Lens:Life Orb:Jolly:31/31/31/31/31/31:0/0/0/0/0/0:Dragon Dance,Earthquake,Dragon Claw,Fire Punch|Crobat:85:103:Infiltrator:Sitrus Berry:Timid:31/31/31/31/31/31:0/0/0/0/0/0:Nasty Plot,Hurricane,Heat Wave,Giga Drain|Kingler:85:103:Sheer Force:Kinglerite:Jolly:31/31/31/31/31/31:0/0/0/0/0/0:Crabhammer,Close Combat,Ice Hammer,Aqua Jet|Hatterene:85:103:UNK:Leftovers:Modest:31/31/31/31/31/31:0/0/0/0/0/0:Calm Mind,Drain Kiss,Psyshock,Mystical Fire	Cyclizar,Volcanion,Flygon,Crobat,Kingler,Hatterene	85	85	Normal,Fighting,Flying,Poison,Ground,Fire,Water,Grass,Psychic,Ice,Dragon,Dark,Fairy	87.5	Crobat	Hatterene	Ice,Electric	NONE	6 slots, levels 85-85. Offense covers 13 types. Shared weakness: Ice, Electric. Speed spans 29-130 base, fastest Crobat, slowest Hatterene. LEVEL-SCALED: rescales to the player, excluded from scoring.	data.js:trainers[396].hardcore	Measured	derived: team analysis; strategy_notes Inferred
402	Ace Trainer Mary	NA	boss_candidate	Celadon City Gym	normal	4	Erika	44	FALSE	4|Celadon City Gym|Ace Trainer Mary	5	Grotle:35:35:Rock Head:NONE:Modest:31/31/31/31/31/31:6/0/0/252/252/0:Leaf Storm,Giga Drain,Crunch,Synthesis|Graveler:35:35:Sand Veil:NONE:Modest:31/31/31/31/31/31:6/0/0/252/252/0:Stone Edge,Double-Edge,Explosion,Earthquake|Ferroseed:36:36:UNK:NONE:Modest:31/31/31/31/31/31:6/0/0/252/252/0:Explosion,Flash Cannon,Payback,Iron Head|Tentacruel:37:37:Rain Dish:NONE:Modest:31/31/31/31/31/31:6/0/0/252/252/0:Hydro Pump,Sludge Wave,Hex,Screech|Lombre:38:38:Own Tempo:NONE:Modest:31/31/31/31/31/31:6/0/0/252/252/0:Hydro Pump,Zen Headbutt,Knock Off,Uproar	Grotle,Graveler,Ferroseed,Tentacruel,Lombre	38	35	Normal,Poison,Ground,Rock,Ghost,Steel,Water,Grass,Psychic,Dark	46.2	Tentacruel	Ferroseed	NONE	NONE	5 slots, levels 35-38. Offense covers 10 types. No weakness shared by half the team. Speed spans 10-100 base, fastest Tentacruel, slowest Ferroseed.	data.js:trainers[402].normal	Measured	derived: team analysis; strategy_notes Inferred
402	Ace Trainer Mary	NA	boss_candidate	Celadon City Gym	hardcore	4	Erika	44	TRUE	4|Celadon City Gym|Ace Trainer Mary	4	Weavile:43:102:Infiltrator:Focus Sash:Jolly:31/31/31/0/31/31:0/0/0/0/0/0:Surf,Knock Off,Icicle Crash,Reflect|Coalossal:44:103:Flash Fire:Weakness Policy:Hasty:31/31/31/31/31/31:0/0/0/0/0/0:Heat Wave,Rock Slide,Earth Power,Scald|Maractus:43:102:Grassy Surge:Life Orb:Adamant:31/31/31/31/31/31:0/0/0/0/0/0:Grassy Glide,Drain Punch,Spiky Shield,Sucker Punch|Copperajah:44:103:UNK:Grassy Seed:Adamant:31/31/31/31/31/31:0/0/0/0/0/0:Heavy Slam,Body Press,Heat Crash,Power Whip	Weavile,Coalossal,Maractus,Copperajah	44	43	Fighting,Ground,Rock,Steel,Fire,Water,Grass,Ice,Dark	61.2	Weavile	Coalossal	Fighting,Rock,Bug,Fire,Ground	NONE	4 slots, levels 43-44. Offense covers 9 types. Shared weakness: Fighting, Rock, Bug, Fire, Ground. Speed spans 30-125 base, fastest Weavile, slowest Coalossal. LEVEL-SCALED: rescales to the player, excluded from scoring.	data.js:trainers[402].hardcore	Measured	derived: team analysis; strategy_notes Inferred
403	Ace Trainer Caroline	NA	boss_candidate	Victory Road 3F	normal	16	Elite-4	85	FALSE	16|Victory Road 3F|Ace Trainer Caroline	5	Bellossom:83:83:UNK:Leftovers:Timid:31/31/31/31/31/31:252/0/0/4/0/252:Sleep Powder,Quiver Dance,Strength Sap,Moonblast|Parasect:83:83:Effect Spore:Focus Sash:Adamant:31/31/31/31/31/31:252/252/0/0/0/6:Spore,Leaf Blade,Leech Life,Crabhammer|Vileplume:83:83:Chlorophyll:Black Sludge:Calm:31/31/31/31/31/31:252/0/128/0/128/4:Sludge Bomb,Giga Drain,Sleep Powder,Strength Sap|Amoonguss:83:83:Regenerator:Black Sludge:Impish:31/31/31/31/31/31:252/0/128/0/128/4:Spore,Foul Play,Giga Drain,Clear Smog|Lopunny:84:84:UNK:Lopunnite:Jolly:31/31/31/31/31/31:6/252/0/0/0/252:Close Combat,Fake Out,Frustration,Quick Attack	Bellossom,Parasect,Vileplume,Amoonguss,Lopunny	84	83	Normal,Fighting,Poison,Bug,Water,Grass,Dark,Fairy	53.0	Lopunny	Parasect	Flying,Fire,Ice,Psychic	NONE	5 slots, levels 83-84. Offense covers 8 types. Shared weakness: Flying, Fire, Ice, Psychic. Speed spans 30-105 base, fastest Lopunny, slowest Parasect.	data.js:trainers[403].normal	Measured	derived: team analysis; strategy_notes Inferred
403	Ace Trainer Caroline	NA	boss_candidate	Victory Road 3F	hardcore	16	Elite-4	85	TRUE	16|Victory Road 3F|Ace Trainer Caroline	6	Lopunny:85:103:Limber:Lopunnite:Jolly:31/31/31/31/31/31:0/0/0/0/0/0:Fake Out,Return,Close Combat,U-turn|Bellossom:85:103:UNK:Leftovers:Timid:31/31/31/31/31/31:0/0/0/0/0/0:Quiver Dance,Sleep Powder,Giga Drain,Fiery Dance|Stakataka:85:103:UNK:Assault Vest:Sassy:31/31/31/31/31/0:0/0/0/0/0/0:Body Press,Gyro Ball,Rock Blast,Earthquake|Morpeko:85:103:UNK:Life Orb:Jolly:31/31/31/31/31/31:0/0/0/0/0/0:Aura Wheel,Seed Bomb,Zippy Zap,Parting Shot|Latias:85:103:UNK:Dragonium Z:Timid:31/31/31/31/31/31:0/0/0/0/0/0:Calm Mind,Draco Barrage,Psyshock,Mystical Fire|Simisear:85:103:Sage Power:Choice Scarf:Modest:31/30/30/31/31/31:0/0/0/0/0/0:Flamethrower,Focus Blast,Grass Knot,Hidden Power	Lopunny,Bellossom,Stakataka,Morpeko,Latias,Simisear	85	85	Normal,Fighting,Ground,Rock,Bug,Steel,Fire,Grass,Electric,Psychic,Dragon	79.3	Latias	Stakataka	Fighting,Fairy,Ground	NONE	6 slots, levels 85-85. Offense covers 11 types. Shared weakness: Fighting, Fairy, Ground. Speed spans 13-110 base, fastest Latias, slowest Stakataka. LEVEL-SCALED: rescales to the player, excluded from scoring.	data.js:trainers[403].hardcore	Measured	derived: team analysis; strategy_notes Inferred
404	Ace Trainer Alexa	NA	boss_candidate	Victory Road 3F	normal	16	Elite-4	85	FALSE	16|Victory Road 3F|Ace Trainer Alexa	5	Clefable:83:83:Cute Charm:Life Orb:Modest:31/31/31/31/31/31:252/0/0/252/0/6:Moonblast,Fire Blast,Thunderbolt,Stealth Rock|Wigglytuff:83:83:Competitive:Life Orb:Bashful:31/31/31/31/31/31:4/0/0/0/0/40:Moonblast,Flamethrower,Thunderbolt,Hyper Voice|Chansey:83:83:UNK:Eviolite:Bold:31/31/31/31/31/31:252/0/252/0/0/0:Wish,Toxic,Seismic Toss,Protect|Komala:83:83:UNK:Choice Band:Adamant:31/31/31/31/31/31:252/252/0/0/0/6:Frustration,Knock Off,U-turn,Earthquake|Audino:84:84:UNK:Audinite:Bold:31/31/31/31/31/31:252/0/252/0/0/0:Moonblast,Wish,Protect,Toxic	Clefable,Wigglytuff,Chansey,Komala,Audino	84	83	Normal,Fighting,Ground,Bug,Fire,Electric,Dark,Fairy	54.0	Komala	Wigglytuff	Fighting	NONE	5 slots, levels 83-84. Offense covers 8 types. Shared weakness: Fighting. Speed spans 45-65 base, fastest Komala, slowest Wigglytuff.	data.js:trainers[404].normal	Measured	derived: team analysis; strategy_notes Inferred
404	Ace Trainer Alexa	NA	boss_candidate	Victory Road 3F	hardcore	16	Elite-4	85	TRUE	16|Victory Road 3F|Ace Trainer Alexa	6	Clefable:85:103:Cute Charm:Life Orb:Modest:31/31/31/31/31/31:0/0/0/0/0/0:Moonblast,Fire Blast,Thunderbolt,Stealth Rock|Dondozo:85:103:Water Veil:Leftovers:Careful:31/31/31/31/31/31:0/0/0/0/0/0:Body Press,Liquidation,Earthquake,Toxic|Mew:85:103:UNK:Leftovers:Jolly:31/31/31/31/31/31:0/0/0/0/0/0:Dragon Dance,Drain Punch,Psycho Cut,Knock Off|Mienshao:85:103:Inner Focus:Life Orb:Jolly:31/31/31/31/31/31:0/0/0/0/0/0:Fake Out,Knock Off,Close Combat,U-turn|Iron Treads:85:103:UNK:Booster Energy:Jolly:31/31/31/31/31/31:0/0/0/0/0/0:Earthquake,Iron Head,Knock Off,Wild Charge|Infernape:85:103:Iron Fist:Focus Sash:Timid:31/31/31/31/31/31:0/0/0/0/0/0:Nasty Plot,Fire Blast,Aura Sphere,Vacuum Wave	Clefable,Dondozo,Mew,Mienshao,Iron Treads,Infernape	85	85	Normal,Fighting,Ground,Bug,Steel,Fire,Water,Electric,Psychic,Dark,Fairy	86.5	Infernape	Dondozo	NONE	NONE	6 slots, levels 85-85. Offense covers 11 types. No weakness shared by half the team. Speed spans 35-113 base, fastest Infernape, slowest Dondozo. LEVEL-SCALED: rescales to the player, excluded from scoring.	data.js:trainers[404].hardcore	Measured	derived: team analysis; strategy_notes Inferred
406	Ace Trainer Naomi	NA	boss_candidate	Victory Road 1F	normal	16	Elite-4	85	TRUE	16|Victory Road 1F|Ace Trainer Naomi	5	Maushold:83:101:Technician:Wide Lens:Jolly:31/31/31/31/31/31:0/252/4/0/0/252:Population Bomb,Bullet Seed,U-turn,Beat Up|Veluza:83:101:Sharpness:Sitrus Berry:Jolly:31/31/31/31/31/31:0/252/4/0/0/252:Fillet Away,Aqua Cutter,Psycho Cut,Aqua Jet|Shedinja:83:101:UNK:Focus Sash:Adamant:31/31/31/31/31/31:0/252/4/0/0/252:Will-O-Wisp,Poltergeist,Shadow Sneak,X-Scissor|Absol:83:101:Pressure:Absolite:Naive:31/31/31/31/31/31:0/252/4/0/0/252:Night Slash,Sucker Punch,Play Rough,Psycho Cut|Galvantula:83:101:Swarm:Focus Sash:Timid:31/31/31/31/31/31:0/0/4/252/0/252:Volt Switch,Energy Ball,Bug Buzz,Thunder	Maushold,Veluza,Shedinja,Absol,Galvantula	83	83	Normal,Bug,Ghost,Water,Grass,Electric,Psychic,Dark,Fairy	80.8	Maushold	Shedinja	NONE	NONE	5 slots, levels 83-83. Offense covers 9 types. No weakness shared by half the team. Speed spans 40-111 base, fastest Maushold, slowest Shedinja. LEVEL-SCALED: rescales to the player, excluded from scoring.	data.js:trainers[406].normal	Measured	derived: team analysis; strategy_notes Inferred
406	Ace Trainer Naomi	NA	boss_candidate	Victory Road 1F	hardcore	16	Elite-4	85	TRUE	16|Victory Road 1F|Ace Trainer Naomi	6	Maushold:85:103:Technician:Wide Lens:Jolly:31/31/31/31/31/31:0/0/0/0/0/0:Population Bomb,Bullet Seed,U-turn,Beat Up|Veluza:85:103:Sharpness:Sitrus Berry:Jolly:31/31/31/31/31/31:0/0/0/0/0/0:Fillet Away,Aqua Cutter,Psycho Cut,Aqua Jet|Shedinja:85:103:UNK:Focus Sash:Adamant:31/31/31/31/31/31:0/0/0/0/0/0:Will-O-Wisp,Poltergeist,Shadow Sneak,X-Scissor|Absol:85:103:Pressure:Absolite:Naive:31/31/31/31/31/31:0/0/0/0/0/0:Night Slash,Sucker Punch,Play Rough,Psycho Cut|Galvantula:85:103:Swarm:Focus Sash:Timid:31/31/31/31/31/31:0/0/0/0/0/0:Volt Switch,Energy Ball,Bug Buzz,Thunder|Blacephalon:85:103:UNK:Ghostium Z:Timid:31/31/31/31/31/31:0/0/0/0/0/0:Calm Mind,Shadow Ball,Flamethrower,Psyshock	Maushold,Veluza,Shedinja,Absol,Galvantula,Blacephalon	85	85	Normal,Bug,Ghost,Fire,Water,Grass,Electric,Psychic,Dark,Fairy	85.2	Maushold	Shedinja	Ghost,Dark,Rock	NONE	6 slots, levels 85-85. Offense covers 10 types. Shared weakness: Ghost, Dark, Rock. Speed spans 40-111 base, fastest Maushold, slowest Shedinja. LEVEL-SCALED: rescales to the player, excluded from scoring.	data.js:trainers[406].hardcore	Measured	derived: team analysis; strategy_notes Inferred
414	Leader Brock	NA	boss_candidate	Pewter City Gym	normal	0	Brock	15	FALSE	0|Pewter City Gym|Leader Brock	4	Geodude-Alola:13:13:Rock Head:Custap Berry:Adamant:31/31/31/0/31/31:0/0/0/0/0/0:Bulldoze,Rock Tomb,Spark,Self-Destruct|Varoom:13:13:Solid Rock:Air Balloon:Brave:31/31/31/31/31/0:0/0/0/0/0/0:Gyro Ball,Bulldoze,Toxic,Protect|Onix:14:14:Rock Head:Berry Juice:Bashful:31/31/31/31/31/31:0/0/0/0/0/0:Rock Tomb,Bulldoze,Sleep Talk|Archen:12:12:UNK:Berry Juice:Jolly:31/31/31/31/31/31:0/0/0/0/0/0:Pluck,Rock Tomb,Bulldoze,Facade	Geodude-Alola,Varoom,Onix,Archen	14	12	Normal,Flying,Ground,Rock,Steel,Electric	50.5	Archen	Geodude-Alola	Fighting,Ground,Water,Grass,Steel,Ice	NONE	4 slots, levels 12-14. Offense covers 6 types. Shared weakness: Fighting, Ground, Water, Grass, Steel, Ice. Speed spans 20-70 base, fastest Archen, slowest Geodude-Alola.	data.js:trainers[414].normal	Measured	derived: team analysis; strategy_notes Inferred
414	Leader Brock	NA	boss_candidate	Pewter City Gym	hardcore	0	Brock	15	FALSE	0|Pewter City Gym|Leader Brock	6	Hippopotas:13:13:Sand Force:Berry Juice:Careful:31/31/31/0/31/31:0/0/0/0/0/0:Bulldoze,Rock Tomb,Toxic,Slack Off|Cacnea:15:15:Sand Rush:Eviolite:Bashful:31/31/31/31/31/31:0/0/0/0/0/0:Power-Up Punch,Bullet Seed,Thunder Punch,Pin Missile|Lunatone:14:14:UNK:Lum Berry:Bashful:31/31/31/30/30/31:0/0/0/0/0/0:Ancient Power,Psybeam,Hidden Power,Icy Wind|Lileep:16:16:Storm Drain:Oran Berry:Bold:31/30/30/31/30/30:0/0/0/0/0/0:Stockpile,Recover,Hidden Power,Mega Drain|Archen:14:14:UNK:Iapapa Berry:Bashful:31/31/31/31/31/31:0/0/0/0/0/0:Wing Attack,Rock Tomb,Bulldoze,Facade|Varoom:15:15:Solid Rock:Air Balloon:Careful:31/31/31/31/31/0:0/0/0/0/0/0:Bulldoze,Gyro Ball,Toxic,Protect	Hippopotas,Cacnea,Lunatone,Lileep,Archen,Varoom	16	13	Normal,Fighting,Flying,Ground,Rock,Bug,Steel,Grass,Electric,Psychic,Ice	49.5	Lunatone	Lileep	Water,Ice,Bug,Steel	NONE	6 slots, levels 13-16. Offense covers 11 types. Shared weakness: Water, Ice, Bug, Steel. Speed spans 23-90 base, fastest Lunatone, slowest Lileep.	data.js:trainers[414].hardcore	Measured	derived: team analysis; strategy_notes Inferred
415	Leader Misty	NA	boss_candidate	Cerulean City Gym	normal	2	Misty	27	FALSE	2|Cerulean City Gym|Leader Misty	4	Frogadier:25:25:Protean:Eviolite:Lonely:31/31/31/31/31/31:100/40/0/40/0/0:Ice Punch,Rock Tomb,Flip Turn,Grass Knot|Floatzel:25:25:Technician:Mystic Water:Timid:31/30/31/30/31/31:0/0/0/0/0/0:Water Pulse,Flip Turn,Icy Wind,Hidden Power|Starmie:27:27:Analytic:Sitrus Berry:Timid:31/31/31/31/31/31:0/0/0/0/0/0:Psyshock,Water Pulse,Recover,Aurora Beam|Clodsire:26:26:Poison Touch:Iapapa Berry:Bold:31/31/31/31/31/31:0/0/0/0/0/0:Poison Jab,Bulldoze,Rock Tomb,Recover	Frogadier,Floatzel,Starmie,Clodsire	27	25	Normal,Poison,Ground,Rock,Water,Grass,Psychic,Ice	86.8	Floatzel	Clodsire	Grass,Electric	NONE	4 slots, levels 25-27. Offense covers 8 types. Shared weakness: Grass, Electric. Speed spans 20-115 base, fastest Floatzel, slowest Clodsire.	data.js:trainers[415].normal	Measured	derived: team analysis; strategy_notes Inferred
415	Leader Misty	NA	boss_candidate	Cerulean City Gym	hardcore	2	Misty	27	FALSE	2|Cerulean City Gym|Leader Misty	6	Politoed:27:27:Drizzle:Iapapa Berry:Sassy:31/31/31/31/31/31:0/0/0/0/0/0:Flip Turn,Scald,Earthquake,Toxic|Ludicolo:28:28:Own Tempo:Sitrus Berry:Mild:31/31/31/31/31/31:0/0/0/0/0/0:Giga Drain,Scald,Aurora Beam,Thunder Punch|Mantine:27:27:Water Veil:Wacan Berry:Modest:31/30/31/30/31/31:0/0/0/0/0/0:Scald,Hurricane,Roost,Hidden Power|Clodsire:28:28:Poison Touch:Black Sludge:Careful:31/31/31/31/31/31:0/0/0/0/0/0:Poison Jab,Bulldoze,Recover,Toxic|Starmie:28:28:Analytic:Mystic Water:Modest:31/31/31/31/31/31:0/0/0/0/0/0:Scald,Thunderbolt,Psyshock,Aurora Beam|Toxicroak:27:27:Dry Skin:Life Orb:Jolly:31/31/31/31/31/31:0/0/0/0/0/0:Swords Dance,Drain Punch,Poison Jab,Sucker Punch	Politoed,Ludicolo,Mantine,Clodsire,Starmie,Toxicroak	28	27	Normal,Fighting,Flying,Poison,Ground,Water,Grass,Electric,Psychic,Ice,Dark	71.7	Starmie	Clodsire	Electric	NONE	6 slots, levels 27-28. Offense covers 11 types. Shared weakness: Electric. Speed spans 20-115 base, fastest Starmie, slowest Clodsire.	data.js:trainers[415].hardcore	Measured	derived: team analysis; strategy_notes Inferred
416	Leader Lt. Surge	NA	boss_candidate	Vermilion City Gym	normal	3	Surge	34	FALSE	3|Vermilion City Gym|Leader Lt. Surge	5	Pincurchin:32:32:Electric Surge:Terrain Extender:Bold:31/30/30/31/31/31:0/0/0/0/0/0:Volt Switch,Scald,Discharge,Hidden Power|Vikavolt:33:33:UNK:Occa Berry:Calm:31/31/31/31/31/31:100/0/0/0/0/0:Volt Switch,Bug Buzz,Roost,Mud Shot|Bellibolt:33:33:Damp:Shuca Berry:Bold:31/30/31/30/31/31:100/0/0/0/0/0:Parabolic Charge,Muddy Water,Thunder Wave,Hidden Power|Pawmot:33:33:Iron Fist:Focus Sash:Jolly:31/31/31/31/31/31:0/0/0/0/0/0:Drain Punch,Thunder Punch,Ice Punch,Mach Punch|Manectric:34:34:Intimidate:Manectite:Timid:31/30/31/30/31/31:0/0/0/0/0/0:Charge Beam,Volt Switch,Flame Burst,Hidden Power	Pincurchin,Vikavolt,Bellibolt,Pawmot,Manectric	34	32	Normal,Fighting,Ground,Bug,Fire,Water,Electric,Ice	62.6	Pawmot	Pincurchin	Ground	NONE	5 slots, levels 32-34. Offense covers 8 types. Shared weakness: Ground. Speed spans 15-105 base, fastest Pawmot, slowest Pincurchin.	data.js:trainers[416].normal	Measured	derived: team analysis; strategy_notes Inferred
416	Leader Lt. Surge	NA	boss_candidate	Vermilion City Gym	hardcore	3	Surge	34	FALSE	3|Vermilion City Gym|Leader Lt. Surge	6	Rotom-Frost:35:35:UNK:Icium Z:Timid:31/0/31/31/31/31:0/0/0/0/0/0:Thunderbolt,Blizzard,Freeze-Dry,Nasty Plot|Electrode-Hisui:36:36:Reckless:Life Orb:Naive:31/30/30/31/31/31:0/0/0/0/0/0:Chloroblast,Volt Switch,Hidden Power,Explosion|Raichu-Alola:36:36:UNK:Focus Sash:Modest:31/31/31/31/31/31:0/0/0/0/0/0:Rising Voltage,Psyshock,Nasty Plot,Surf|Hitmonlee:36:36:Striker:Electric Seed:Adamant:31/31/31/31/31/31:0/0/0/0/0/0:Knock Off,Close Combat,Rock Slide,Bulk Up|Pawmot:36:36:Iron Fist:Punching Glove:Jolly:31/31/31/31/31/31:0/0/0/0/0/0:Plasma Fists,Mach Punch,Ice Punch,Close Combat|Ampharos:36:36:Plus:Ampharosite:Modest:31/30/31/30/31/31:0/0/0/0/0/0:Volt Switch,Dragon Pulse,Focus Blast,Hidden Power	Rotom-Frost,Electrode-Hisui,Raichu-Alola,Hitmonlee,Pawmot,Ampharos	36	35	Normal,Fighting,Rock,Water,Grass,Electric,Psychic,Ice,Dragon,Dark	98.8	Electrode-Hisui	Ampharos	Ground	NONE	6 slots, levels 35-36. Offense covers 10 types. Shared weakness: Ground. Speed spans 55-150 base, fastest Electrode-Hisui, slowest Ampharos.	data.js:trainers[416].hardcore	Measured	derived: team analysis; strategy_notes Inferred
417	Leader Erika	NA	boss_candidate	Celadon City Gym	normal	4	Erika	44	FALSE	4|Celadon City Gym|Leader Erika	5	Rillaboom:43:43:Grassy Surge:Terrain Extender:Jolly:31/31/31/31/31/31:0/252/4/0/0/252:Grassy Glide,U-turn,High Horsepower,Drain Punch|Meowscarada:43:43:Protean:Focus Sash:Jolly:31/31/31/31/31/31:0/252/4/0/0/252:Flower Trick,Knock Off,U-turn,Triple Axel|Venusaur:44:44:Chlorophyll:Venusaurite:Modest:31/31/31/31/31/31:252/0/4/252/0/0:Giga Drain,Sludge Bomb,Sleep Powder,Earth Power|Meganium:44:44:Triage:Grassy Seed:Modest:31/30/31/30/31/30:252/0/4/252/0/0:Ancient Power,Giga Drain,Dazzling Gleam,Hidden Power|Electrode-Hisui:44:44:Reckless:Life Orb:Naive:31/30/30/31/31/31:0/4/0/252/0/252:Thunderbolt,Chloroblast,Hidden Power,Explosion	Rillaboom,Meowscarada,Venusaur,Meganium,Electrode-Hisui	44	43	Normal,Fighting,Poison,Ground,Rock,Bug,Grass,Electric,Ice,Dark,Fairy	103.6	Electrode-Hisui	Venusaur	Flying,Poison,Bug,Fire,Ice	NONE	5 slots, levels 43-44. Offense covers 11 types. Shared weakness: Flying, Poison, Bug, Fire, Ice. Speed spans 80-150 base, fastest Electrode-Hisui, slowest Venusaur.	data.js:trainers[417].normal	Measured	derived: team analysis; strategy_notes Inferred
417	Leader Erika	NA	boss_candidate	Celadon City Gym	hardcore	4	Erika	44	FALSE	4|Celadon City Gym|Leader Erika	6	Ogerpon-Cornerstone:44:44:UNK:Cornerstone Mask:Jolly:31/31/31/31/31/31:0/0/0/0/0/0:Ivy Cudgel,U-turn,Power Whip,Knock Off|Hawlucha:44:44:Limber:Grassy Seed:Adamant:31/31/31/31/31/31:0/0/0/0/0/0:Swords Dance,Acrobatics,Close Combat,Stone Edge|Sceptile:44:44:Unburden:Sceptilite:Jolly:31/31/31/31/31/31:0/0/0/0/0/0:Swords Dance,Bullet Seed,Draco Barrage,High Horsepower|Toxtricity:44:44:Technician:Life Orb:Timid:31/30/31/30/31/31:0/0/0/0/0/0:Boomburst,Volt Switch,Overdrive,Hidden Power|Slowbro-Galar:44:44:Regenerator:Black Sludge:Bold:31/31/31/31/31/31:0/0/0/0/0/0:Thunder Wave,Sludge Bomb,Flamethrower,Teleport|Kartana:44:44:UNK:Life Orb:Jolly:31/31/31/31/31/31:0/0/0/0/0/0:Swords Dance,Grassy Glide,Cut,Sacred Sword	Ogerpon-Cornerstone,Hawlucha,Sceptile,Toxtricity,Slowbro-Galar,Kartana	44	44	Normal,Fighting,Flying,Poison,Ground,Rock,Bug,Steel,Fire,Grass,Electric,Dragon,Dark	93.7	Sceptile	Slowbro-Galar	Ice	NONE	6 slots, levels 44-44. Offense covers 13 types. Shared weakness: Ice. Speed spans 30-120 base, fastest Sceptile, slowest Slowbro-Galar.	data.js:trainers[417].hardcore	Measured	derived: team analysis; strategy_notes Inferred
418	Leader Koga	NA	boss_candidate	Fuchsia City Gym	normal	9	Koga	68	FALSE	9|Fuchsia City Gym|Leader Koga	6	Swellow:67:67:Aerilate:Choice Specs:Timid:31/30/31/31/31/31:0/0/0/252/4/252:Boomburst,U-turn|Accelgor:68:68:Sheer Force:Life Orb:Timid:31/31/31/31/31/31:0/0/0/252/4/252:Bug Buzz,U-turn,Focus Blast,Sludge Bomb|Greninja:68:68:Torrent:Life Orb:Timid:31/31/31/31/31/31:0/0/0/252/4/252:Hydro Pump,Water Shuriken,Dark Pulse,Ice Beam|Drapion:68:68:Battle Armor:Choice Scarf:Adamant:31/31/31/31/31/31:0/252/0/0/4/252:Wicked Blow,Cross Poison|Iron Valiant:68:68:UNK:Booster Energy:Timid:31/31/31/31/31/31:0/252/4/0/0/252:Close Combat,Spirit Break,Knock Off,Liquidation|Toxtricity:68:68:Technician:Toxtricitite:Timid:31/30/31/30/31/31:0/0/0/252/4/252:Boomburst,Overdrive,Sludge Bomb,Hidden Power	Swellow,Accelgor,Greninja,Drapion,Iron Valiant,Toxtricity	68	67	Normal,Fighting,Poison,Bug,Water,Electric,Ice,Dark,Fairy	113.0	Accelgor	Toxtricity	NONE	NONE	6 slots, levels 67-68. Offense covers 9 types. No weakness shared by half the team. Speed spans 75-145 base, fastest Accelgor, slowest Toxtricity.	data.js:trainers[418].normal	Measured	derived: team analysis; strategy_notes Inferred
418	Leader Koga	NA	boss_candidate	Fuchsia City Gym	hardcore	9	Koga	68	FALSE	9|Fuchsia City Gym|Leader Koga	6	Tapu Lele:68:68:Telepathy:Twisted Spoon:Modest:31/30/31/30/31/30:0/0/0/0/0/0:Psyshock,Moonblast,Focus Blast,Hidden Power|Hoopa-Unbound:68:68:UNK:Darkinium Z:Modest:31/31/31/31/31/31:0/0/0/0/0/0:Dark Pulse,Expanding Force,Thunderbolt,Focus Blast|Krookodile:68:68:Intimidate:Black Glasses:Adamant:31/31/31/31/31/31:0/0/0/0/0/0:Wicked Blow,Earthquake,Close Combat,Stone Edge|Chi-Yu:68:68:UNK:Focus Sash:Modest:31/30/31/30/31/31:0/0/0/0/0/0:Dark Pulse,Flamethrower,Psychic,Hidden Power|Nidoking:68:68:Sheer Force:Life Orb:Rash:31/31/31/31/31/31:0/0/0/0/0/0:Earth Power,Poison Jab,Ice Beam,Thunderbolt|Toxtricity:68:68:Technician:Toxtricitite:Rash:31/30/31/30/31/31:0/0/0/0/0/0:Boomburst,Overdrive,Drain Punch,Hidden Power	Tapu Lele,Hoopa-Unbound,Krookodile,Chi-Yu,Nidoking,Toxtricity	68	68	Normal,Fighting,Poison,Ground,Rock,Fire,Electric,Psychic,Ice,Dark,Fairy	87.8	Chi-Yu	Toxtricity	Water,Ground	NONE	6 slots, levels 68-68. Offense covers 11 types. Shared weakness: Water, Ground. Speed spans 75-100 base, fastest Chi-Yu, slowest Toxtricity.	data.js:trainers[418].hardcore	Measured	derived: team analysis; strategy_notes Inferred
419	Leader Blaine	NA	boss_candidate	Cinnabar Island Gym	normal	11	Blaine	76	FALSE	11|Cinnabar Island Gym|Leader Blaine	6	Armarouge:75:75:Mega Launcher:Focus Sash:Timid:31/31/31/31/31/31:0/0/4/252/0/252:Armor Cannon,Psyshock,Aura Sphere,Energy Ball|Slither Wing:76:76:Multiscale:Life Orb:Jolly:31/31/31/31/31/31:0/252/4/0/0/252:First Impression,U-turn,Close Combat,Flare Blitz|Exeggutor:76:76:Harvest:Lum Berry:Timid:31/31/31/31/31/31:0/0/4/252/0/252:Growth,Giga Drain,Psyshock,Weather Ball|Typhlosion:76:76:Blazing Soul:Heavy-Duty Boots:Modest:31/30/31/30/31/31:0/0/4/252/0/252:Eruption,Flamethrower,Hidden Power,Focus Blast|Ogerpon-Hearthflame:76:76:UNK:Hearthflame Mask:Jolly:31/31/31/31/31/31:0/252/4/0/0/252:Ivy Cudgel,Horn Leech,Knock Off,U-turn|Charizard:76:76:Solar Power:Charzardite Y:Timid:31/31/31/31/31/31:0/0/4/252/0/252:Flamethrower,Air Slash,Solar Beam,Dragon Pulse	Armarouge,Slither Wing,Exeggutor,Typhlosion,Ogerpon-Hearthflame,Charizard	76	75	Normal,Fighting,Flying,Bug,Fire,Grass,Psychic,Dragon,Dark	86.8	Ogerpon-Hearthflame	Exeggutor	Rock,Water,Flying	NONE	6 slots, levels 75-76. Offense covers 9 types. Shared weakness: Rock, Water, Flying. Speed spans 55-110 base, fastest Ogerpon-Hearthflame, slowest Exeggutor.	data.js:trainers[419].normal	Measured	derived: team analysis; strategy_notes Inferred
419	Leader Blaine	NA	boss_candidate	Cinnabar Island Gym	hardcore	11	Blaine	76	FALSE	11|Cinnabar Island Gym|Leader Blaine	6	Sandy Shocks:76:76:WaterCompaction:Shuca Berry:Timid:31/31/31/31/31/31:0/0/0/0/0/0:Earth Power,Volt Switch,Thunderbolt,Hidden Power|Great Tusk:76:76:UNK:Fighting Gem:Jolly:31/31/31/31/31/31:0/0/0/0/0/0:Ice Spinner,Knock Off,Headlong Rush,Close Combat|Walking Wake:76:76:UNK:Water Gem:Timid:31/31/31/31/31/31:0/0/0/0/0/0:Draco Barrage,Hydro Steam,Flamethrower,Sleep Talk|Venusaur:76:76:Chlorophyll:Focus Sash:Modest:31/31/31/31/31/31:0/0/0/0/0/0:Growth,Solar Beam,Sludge Bomb,Weather Ball|Ho-Oh:76:76:Phoenix Down:Flyinium Z:Jolly:31/31/31/31/31/31:0/0/0/0/0/0:Sacred Fire,Brave Bird,Earthquake,Solar Beam|Charizard:76:76:Solar Power:Charzardite X:Jolly:31/31/31/31/31/31:0/0/0/0/0/0:Dragon Dance,Flare Blitz,Dragon Claw,Earthquake	Sandy Shocks,Great Tusk,Walking Wake,Venusaur,Ho-Oh,Charizard	76	76	Normal,Fighting,Flying,Poison,Ground,Fire,Water,Grass,Electric,Ice,Dragon,Dark	94.5	Walking Wake	Venusaur	Water,Ice	NONE	6 slots, levels 76-76. Offense covers 12 types. Shared weakness: Water, Ice. Speed spans 80-109 base, fastest Walking Wake, slowest Venusaur.	data.js:trainers[419].hardcore	Measured	derived: team analysis; strategy_notes Inferred
420	Leader Sabrina	NA	boss_candidate	Saffron City Gym	normal	8	Sabrina	59	FALSE	8|Saffron City Gym|Leader Sabrina	6	Hatterene:57:57:UNK:Psychic Seed:Quiet:31/0/31/31/31/0:252/0/4/252/0/0:Trick Room,Expanding Force,Drain Kiss,Mystical Fire|Indeedee-F:57:57:Psychic Surge:Terrain Extender:Quiet:31/0/31/31/31/0:252/0/4/252/0/0:Expanding Force,Hyper Voice,Mystical Fire,Shadow Ball|Brute Bonnet:58:58:Poison Heal:Booster Energy:Brave:31/31/31/31/31/0:252/252/4/0/0/0:Knock Off,Leaf Blade,Close Combat,Spore|Porygon2:58:58:Analytic:Eviolite:Relaxed:31/0/31/31/31/0:252/0/252/0/4/0:Trick Room,Teleport,Ice Beam,Thunderbolt|Ursaluna:59:59:Unnerve:Flame Orb:Brave:31/31/31/31/31/0:252/252/4/0/0/0:Protect,High Horsepower,Facade,Crunch|Gardevoir:59:59:Synchronize:Gardevoirite:Quiet:31/0/31/31/31/0:252/0/4/252/0/0:Hyper Voice,Expanding Force,Shadow Ball,Trick Room	Hatterene,Indeedee-F,Brute Bonnet,Porygon2,Ursaluna,Gardevoir	59	57	Normal,Fighting,Ground,Ghost,Fire,Grass,Electric,Psychic,Ice,Dark,Fairy	59.8	Indeedee-F	Hatterene	Poison,Fighting	NONE	6 slots, levels 57-59. Offense covers 11 types. Shared weakness: Poison, Fighting. Speed spans 29-85 base, fastest Indeedee-F, slowest Hatterene.	data.js:trainers[420].normal	Measured	derived: team analysis; strategy_notes Inferred
420	Leader Sabrina	NA	boss_candidate	Saffron City Gym	hardcore	8	Sabrina	59	FALSE	8|Saffron City Gym|Leader Sabrina	6	Tapu Fini:59:59:Telepathy:Focus Sash:Quiet:31/0/31/31/31/0:0/0/0/0/0/0:Misty Explosion,Muddy Water,Moonblast,Flip Turn|Camerupt:59:59:Magma Armor:Cameruptite:Quiet:31/0/31/31/31/0:0/0/0/0/0/0:Flamethrower,Earth Power,Steam Eruption,Slack Off|Glastrier:59:59:UNK:Iapapa Berry:Brave:31/31/31/31/31/0:0/0/0/0/0/0:Swords Dance,Ice Hammer,Close Combat,High Horsepower|Magearna:59:59:UNK:Fightinium Z:Quiet:31/0/31/31/31/0:0/0/0/0/0/0:Moonblast,Flash Cannon,Focus Blast,Thunderbolt|Iron Hands:59:59:UNK:Booster Energy:Brave:31/31/31/31/31/0:0/0/0/0/0/0:Drain Punch,Plasma Fists,Knock Off,Ice Punch|Jellicent:59:59:Water Bubble:Mystic Water:Quiet:31/0/31/31/31/0:0/0/0/0/0/0:Water Spout,Shadow Ball,Strength Sap,Hydro Pump	Tapu Fini,Camerupt,Glastrier,Magearna,Iron Hands,Jellicent	59	59	Fighting,Ground,Ghost,Steel,Fire,Water,Electric,Ice,Dark,Fairy	55.0	Tapu Fini	Glastrier	Ground	NONE	6 slots, levels 59-59. Offense covers 10 types. Shared weakness: Ground. Speed spans 30-85 base, fastest Tapu Fini, slowest Glastrier.	data.js:trainers[420].hardcore	Measured	derived: team analysis; strategy_notes Inferred
421	Gentleman Thomas	NA	route	S.S. Anne 1F Room 7	normal	2	Misty	27	FALSE	2|S.S. Anne 1F Room 7|Gentleman Thomas	2	Growlithe:26:26:Justified:NONE:Brave:15/15/15/15/15/15:0/0/0/0/0/0:Flare Blitz,Outrage,Heat Wave,Crunch|Litleo:26:26:Adaptability:NONE:Careful:15/15/15/15/15/15:0/0/0/0/0/0:Overheat,Incinerate,Hyper Voice,Crunch	Growlithe,Litleo	26	26	Normal,Fire,Dragon,Dark	66.0	Litleo	Growlithe	Ground,Rock,Water	NONE	2 slots, levels 26-26. Offense covers 4 types. Shared weakness: Ground, Rock, Water. Speed spans 60-72 base, fastest Litleo, slowest Growlithe.	data.js:trainers[421].normal	Measured	derived: team analysis; strategy_notes Inferred
421	Gentleman Thomas	NA	route	S.S. Anne 1F Room 7	hardcore	2	Misty	27	FALSE	2|S.S. Anne 1F Room 7|Gentleman Thomas	2	Growlithe:26:26:Justified:NONE:Brave:15/15/15/15/15/15:0/0/0/0/0/0:Flare Blitz,Outrage,Heat Wave,Crunch|Litleo:26:26:Adaptability:NONE:Careful:15/15/15/15/15/15:0/0/0/0/0/0:Overheat,Incinerate,Hyper Voice,Crunch	Growlithe,Litleo	26	26	Normal,Fire,Dragon,Dark	66.0	Litleo	Growlithe	Ground,Rock,Water	NONE	2 slots, levels 26-26. Offense covers 4 types. Shared weakness: Ground, Rock, Water. Speed spans 60-72 base, fastest Litleo, slowest Growlithe.	data.js:trainers[421].hardcore	Measured	derived: team analysis; strategy_notes Inferred
422	Gentleman Arthur	NA	route	S.S. Anne 1F Room 5	normal	2	Misty	27	FALSE	2|S.S. Anne 1F Room 5|Gentleman Arthur	2	Mabosstiff:26:26:Stakeout:NONE:Quiet:15/15/15/15/15/15:0/0/0/0/0/0:Double-Edge,Jaw Lock,Reversal,Swagger|Zangoose:25:25:Toxic Boost:NONE:Mild:15/15/15/15/15/15:0/0/0/0/0/0:Close Combat,Swords Dance,Agility,Taunt	Mabosstiff,Zangoose	26	25	Normal,Fighting	92.5	Zangoose	Mabosstiff	Fighting	Ghost	2 slots, levels 25-26. Offense covers 2 types. Shared weakness: Fighting. A pure Ghost type resists everything it carries. Speed spans 85-100 base, fastest Zangoose, slowest Mabosstiff.	data.js:trainers[422].normal	Measured	derived: team analysis; strategy_notes Inferred
422	Gentleman Arthur	NA	route	S.S. Anne 1F Room 5	hardcore	2	Misty	27	FALSE	2|S.S. Anne 1F Room 5|Gentleman Arthur	2	Mabosstiff:26:26:Stakeout:NONE:Quiet:15/15/15/15/15/15:0/0/0/0/0/0:Double-Edge,Jaw Lock,Reversal,Swagger|Zangoose:25:25:Toxic Boost:NONE:Mild:15/15/15/15/15/15:0/0/0/0/0/0:Close Combat,Swords Dance,Agility,Taunt	Mabosstiff,Zangoose	26	25	Normal,Fighting	92.5	Zangoose	Mabosstiff	Fighting	Ghost	2 slots, levels 25-26. Offense covers 2 types. Shared weakness: Fighting. A pure Ghost type resists everything it carries. Speed spans 85-100 base, fastest Zangoose, slowest Mabosstiff.	data.js:trainers[422].hardcore	Measured	derived: team analysis; strategy_notes Inferred
423	Gentleman Tucker	NA	route	Vermilion City Gym	normal	3	Surge	34	FALSE	3|Vermilion City Gym|Gentleman Tucker	1	Electabuzz:29:29:Iron Fist:NONE:Timid:15/15/15/15/15/15:0/0/0/0/0/0:Thunder,Thunderbolt,Screech,Discharge	Electabuzz	29	29	Electric	105.0	Electabuzz	Electabuzz	NONE	Ground,Grass,Electric,Dragon	1 slots, levels 29-29. Offense covers 1 types. No weakness shared by half the team. A pure Ground type resists everything it carries. Speed spans 105-105 base, fastest Electabuzz, slowest Electabuzz.	data.js:trainers[423].normal	Measured	derived: team analysis; strategy_notes Inferred
423	Gentleman Tucker	NA	boss_candidate	Vermilion City Gym	hardcore	3	Surge	34	TRUE	3|Vermilion City Gym|Gentleman Tucker	5	Alakazam:32:101:Magic Guard:Focus Sash:Timid:31/31/30/30/30/30:0/0/0/0/0/0:Psyshock,Shadow Ball,Energy Ball,Hidden Power|Farfetch’d:34:103:Sharpness:Leek Stick:Jolly:31/31/31/31/31/31:0/0/0/0/0/0:Sacred Sword,Night Slash,Cut,Brave Bird|Swanna:33:102:No Guard:Sharp Beak:Timid:31/31/31/31/31/31:0/0/0/0/0/0:Hurricane,Hydro Pump,Ice Beam|Pikachu-Surfing:33:102:Lightning Rod:Light Ball:Naive:31/31/31/31/31/31:0/0/0/0/0/0:Bouncy Bubble,Zippy Zap,Extreme Speed,Knock Off|Dugtrio:34:103:Sand Veil:Life Orb:Jolly:31/31/31/31/31/31:0/0/0/0/0/0:Earthquake,Rock Slide,Night Slash,Aerial Ace	Alakazam,Farfetch’d,Swanna,Pikachu-Surfing,Dugtrio	34	32	Normal,Fighting,Flying,Ground,Rock,Ghost,Steel,Water,Grass,Electric,Psychic,Ice,Dark	100.6	Alakazam	Farfetch’d	NONE	NONE	5 slots, levels 32-34. Offense covers 13 types. No weakness shared by half the team. Speed spans 65-120 base, fastest Alakazam, slowest Farfetch’d. LEVEL-SCALED: rescales to the player, excluded from scoring.	data.js:trainers[423].hardcore	Measured	derived: team analysis; strategy_notes Inferred
432	Rival Blue	NA	boss_candidate	Silph Co. 7F	normal	6	Archer-2	56	TRUE	6|Silph Co. 7F|Rival Blue	5	Staraptor:54:101:Reckless:Sharp Beak:Jolly:31/31/31/31/31/31:0/252/4/0/0/252:U-turn,Brave Bird,Quick Attack,Close Combat|Kingambit:55:102:Defiant:Chople Berry:Jolly:31/31/31/31/31/31:252/252/0/0/0/4:Swords Dance,Iron Head,Knock Off,Sucker Punch|Jumpluff:55:102:Aerilate:Sharp Beak:Jolly:31/31/31/31/31/31:0/252/4/0/0/252:Sleep Powder,Double-Edge,Leaf Blade,Swords Dance|Darmanitan:55:102:Zen Mode:Life Orb:Jolly:31/31/31/31/31/31:0/252/4/0/0/252:Flare Blitz,Rock Slide,U-turn,Earthquake|Blastoise:56:103:Rain Dish:Blastoisnite:Modest:31/31/31/31/31/31:0/0/0/252/4/252:Shell Smash,Water Pulse,Dark Pulse,Aura Sphere	Staraptor,Kingambit,Jumpluff,Darmanitan,Blastoise	56	54	Normal,Fighting,Flying,Ground,Rock,Bug,Steel,Fire,Water,Grass,Dark	86.6	Jumpluff	Kingambit	Rock	NONE	5 slots, levels 54-56. Offense covers 11 types. Shared weakness: Rock. Speed spans 50-110 base, fastest Jumpluff, slowest Kingambit. LEVEL-SCALED: rescales to the player, excluded from scoring.	data.js:trainers[432].normal	Measured	derived: team analysis; strategy_notes Inferred
432	Rival Blue	NA	boss_candidate	Silph Co. 7F	hardcore	6	Archer-2	56	TRUE	6|Silph Co. 7F|Rival Blue	6	Azelf:56:103:UNK:Focus Sash:Naive:31/31/31/31/31/31:0/0/0/0/0/0:Stealth Rock,Explosion,Flamethrower,Psychic|Celesteela:56:103:UNK:Weakness Policy:Modest:31/31/31/31/31/31:0/0/0/0/0/0:Autotomize,Air Slash,Flamethrower,Giga Drain|Electivire:56:103:Iron Fist:Electirizer:Jolly:31/31/31/31/31/31:0/0/0/0/0/0:Mach Punch,Plasma Fists,Close Combat,Ice Punch|Jumpluff:56:103:Aerilate:Sharp Beak:Jolly:31/31/31/31/31/31:0/0/0/0/0/0:Spore,Double-Edge,Leaf Blade,Swords Dance|Darmanitan:56:103:Zen Mode:Life Orb:Jolly:31/31/31/31/31/31:0/0/0/0/0/0:Flare Blitz,Rock Slide,U-turn,Earthquake|Blastoise:56:103:Rain Dish:Blastoisnite:Modest:31/31/31/31/31/31:0/0/0/0/0/0:Shell Smash,Water Pulse,Dark Pulse,Aura Sphere	Azelf,Celesteela,Electivire,Jumpluff,Darmanitan,Blastoise	56	56	Normal,Fighting,Flying,Ground,Rock,Bug,Fire,Water,Grass,Electric,Psychic,Ice,Dark	92.3	Azelf	Celesteela	NONE	NONE	6 slots, levels 56-56. Offense covers 13 types. No weakness shared by half the team. Speed spans 61-115 base, fastest Azelf, slowest Celesteela. LEVEL-SCALED: rescales to the player, excluded from scoring.	data.js:trainers[432].hardcore	Measured	derived: team analysis; strategy_notes Inferred
433	Rival Blue	NA	boss_candidate	Silph Co. 7F	normal	6	Archer-2	56	TRUE	6|Silph Co. 7F|Rival Blue	5	Staraptor:54:101:Reckless:Sharp Beak:Jolly:31/31/31/31/31/31:0/252/4/0/0/252:U-turn,Brave Bird,Quick Attack,Close Combat|Kingambit:55:102:Defiant:Chople Berry:Jolly:31/31/31/31/31/31:252/252/0/0/0/4:Swords Dance,Iron Head,Knock Off,Sucker Punch|Azumarill:55:102:Thick Fat:Mystic Water:Adamant:31/31/31/31/31/31:252/252/4/0/0/0:Liquidation,Play Rough,Aqua Jet,Ice Punch|Darmanitan:55:102:Zen Mode:Life Orb:Jolly:31/31/31/31/31/31:0/252/4/0/0/252:Flare Blitz,Rock Slide,U-turn,Earthquake|Venusaur:56:103:Chlorophyll:Venusaurite:Timid:31/31/31/31/31/31:252/0/4/252/0/0:Sleep Powder,Giga Drain,Sludge Bomb,Earth Power	Staraptor,Kingambit,Azumarill,Darmanitan,Venusaur	56	54	Normal,Fighting,Flying,Poison,Ground,Rock,Bug,Steel,Fire,Water,Grass,Ice,Dark,Fairy	75.0	Staraptor	Kingambit	NONE	NONE	5 slots, levels 54-56. Offense covers 14 types. No weakness shared by half the team. Speed spans 50-100 base, fastest Staraptor, slowest Kingambit. LEVEL-SCALED: rescales to the player, excluded from scoring.	data.js:trainers[433].normal	Measured	derived: team analysis; strategy_notes Inferred
433	Rival Blue	NA	boss_candidate	Silph Co. 7F	hardcore	6	Archer-2	56	TRUE	6|Silph Co. 7F|Rival Blue	6	Azelf:56:103:UNK:Focus Sash:Naive:31/31/31/31/31/31:0/0/0/0/0/0:Stealth Rock,Explosion,Flamethrower,Psychic|Celesteela:56:103:UNK:Weakness Policy:Modest:31/31/31/31/31/31:0/0/0/0/0/0:Autotomize,Air Slash,Flamethrower,Giga Drain|Electivire:56:103:Iron Fist:Electirizer:Jolly:31/31/31/31/31/31:0/0/0/0/0/0:Mach Punch,Plasma Fists,Close Combat,Ice Punch|Gorebyss:56:103:Regenerator:White Herb:Timid:31/31/31/31/31/31:0/0/0/0/0/0:Shell Smash,Surf,Moonblast,Psychic|Darmanitan:56:103:Zen Mode:Life Orb:Jolly:31/31/31/31/31/31:0/0/0/0/0/0:Flare Blitz,Rock Slide,U-turn,Earthquake|Venusaur:56:103:Chlorophyll:Venusaurite:Timid:31/31/31/31/31/31:0/0/0/0/0/0:Sleep Powder,Giga Drain,Sludge Bomb,Earth Power	Azelf,Celesteela,Electivire,Gorebyss,Darmanitan,Venusaur	56	56	Normal,Fighting,Flying,Poison,Ground,Rock,Bug,Fire,Water,Grass,Electric,Psychic,Ice,Fairy	83.0	Azelf	Gorebyss	NONE	NONE	6 slots, levels 56-56. Offense covers 14 types. No weakness shared by half the team. Speed spans 52-115 base, fastest Azelf, slowest Gorebyss. LEVEL-SCALED: rescales to the player, excluded from scoring.	data.js:trainers[433].hardcore	Measured	derived: team analysis; strategy_notes Inferred
434	Rival Blue	NA	boss_candidate	Silph Co. 7F	normal	6	Archer-2	56	TRUE	6|Silph Co. 7F|Rival Blue	5	Staraptor:54:101:Reckless:Sharp Beak:Jolly:31/31/31/31/31/31:0/252/4/0/0/252:U-turn,Brave Bird,Quick Attack,Close Combat|Kingambit:55:102:Defiant:Chople Berry:Jolly:31/31/31/31/31/31:252/252/0/0/0/4:Swords Dance,Iron Head,Knock Off,Sucker Punch|Jumpluff:55:102:Aerilate:Sharp Beak:Jolly:31/31/31/31/31/31:0/252/4/0/0/252:Sleep Powder,Double-Edge,Leaf Blade,Swords Dance|Azumarill:55:102:Thick Fat:Mystic Water:Adamant:31/31/31/31/31/31:252/252/4/0/0/0:Liquidation,Play Rough,Aqua Jet,Ice Punch|Charizard:56:103:Solar Power:Charzardite Y:Timid:31/31/31/31/31/31:0/0/4/252/0/252:Flamethrower,Air Slash,Solar Beam,Focus Blast	Staraptor,Kingambit,Jumpluff,Azumarill,Charizard	56	54	Normal,Fighting,Flying,Bug,Steel,Fire,Water,Grass,Ice,Dark,Fairy	82.0	Jumpluff	Kingambit	Rock,Electric	NONE	5 slots, levels 54-56. Offense covers 11 types. Shared weakness: Rock, Electric. Speed spans 50-110 base, fastest Jumpluff, slowest Kingambit. LEVEL-SCALED: rescales to the player, excluded from scoring.	data.js:trainers[434].normal	Measured	derived: team analysis; strategy_notes Inferred
434	Rival Blue	NA	boss_candidate	Silph Co. 7F	hardcore	6	Archer-2	56	TRUE	6|Silph Co. 7F|Rival Blue	6	Azelf:56:103:UNK:Focus Sash:Naive:31/31/31/31/31/31:0/0/0/0/0/0:Stealth Rock,Explosion,Flamethrower,Psychic|Jumpluff:56:103:Aerilate:Sharp Beak:Jolly:31/31/31/31/31/31:0/0/0/0/0/0:Spore,Double-Edge,Leaf Blade,Swords Dance|Celesteela:56:103:UNK:Weakness Policy:Modest:31/31/31/31/31/31:0/0/0/0/0/0:Autotomize,Air Slash,Flamethrower,Giga Drain|Electivire:56:103:Iron Fist:Electirizer:Jolly:31/31/31/31/31/31:0/0/0/0/0/0:Mach Punch,Plasma Fists,Close Combat,Ice Punch|Gorebyss:56:103:Regenerator:White Herb:Timid:31/31/31/31/31/31:0/0/0/0/0/0:Shell Smash,Surf,Moonblast,Psychic|Charizard:56:103:Solar Power:Charzardite X:Jolly:31/31/31/31/31/31:0/0/0/0/0/0:Dragon Dance,Dragon Claw,Flare Blitz,Earthquake	Azelf,Jumpluff,Celesteela,Electivire,Gorebyss,Charizard	56	56	Normal,Fighting,Flying,Ground,Fire,Water,Grass,Electric,Psychic,Ice,Dragon,Fairy	88.8	Azelf	Gorebyss	Electric	NONE	6 slots, levels 56-56. Offense covers 12 types. Shared weakness: Electric. Speed spans 52-115 base, fastest Azelf, slowest Gorebyss. LEVEL-SCALED: rescales to the player, excluded from scoring.	data.js:trainers[434].hardcore	Measured	derived: team analysis; strategy_notes Inferred
435	Rival Blue	NA	boss_candidate	Route 22	normal	15	Brendan	82	TRUE	15|Route 22|Rival Blue	6	Staraptor:82:103:Reckless:Sharp Beak:Jolly:31/31/31/31/31/31:0/252/4/0/0/252:Brave Bird,U-turn,Close Combat,Quick Attack|Kingambit:80:101:Defiant:Chople Berry:Adamant:31/31/31/31/31/31:252/252/0/0/4/0:Swords Dance,Iron Head,Knock Off,Sucker Punch|Azumarill:82:103:Thick Fat:Mystic Water:Adamant:31/31/31/31/31/31:252/252/0/0/4/0:Liquidation,Waterfall,Play Rough,Ice Punch|Iron Moth:81:102:UNK:Booster Energy:Timid:31/31/31/31/31/31:0/0/4/252/0/252:Fiery Dance,Sludge Wave,Energy Ball,Dazzling Gleam|Sneasler:82:103:Pressure:Focus Sash:Jolly:31/31/31/31/31/31:0/252/4/0/0/252:Dire Claw,Close Combat,U-turn,Fire Punch|Blastoise:82:103:Rain Dish:Blastoisnite:Timid:31/31/31/31/31/31:0/0/4/252/0/252:Shell Smash,Dark Pulse,Hydro Pump,Ice Beam	Staraptor,Kingambit,Azumarill,Iron Moth,Sneasler,Blastoise	82	80	Normal,Fighting,Flying,Poison,Bug,Steel,Fire,Water,Grass,Ice,Dark,Fairy	84.7	Sneasler	Kingambit	Electric,Ground	NONE	6 slots, levels 80-82. Offense covers 12 types. Shared weakness: Electric, Ground. Speed spans 50-120 base, fastest Sneasler, slowest Kingambit. LEVEL-SCALED: rescales to the player, excluded from scoring.	data.js:trainers[435].normal	Measured	derived: team analysis; strategy_notes Inferred
435	Rival Blue	NA	boss_candidate	Route 22	hardcore	15	Brendan	82	TRUE	15|Route 22|Rival Blue	6	Zapdos:82:103:Static:Flyinium Z:Timid:31/31/31/31/31/31:0/0/0/0/0/0:Hurricane,Thunder,Weather Ball,Roost|Ferrothorn:82:103:UNK:Rocky Helmet:Relaxed:31/31/31/31/31/0:0/0/0/0/0/0:Leech Seed,Power Whip,Gyro Ball,Thunder|Celesteela:82:103:UNK:Weakness Policy:Naive:31/31/31/31/31/31:0/0/0/0/0/0:Autotomize,Iron Head,Air Slash,Giga Drain|Basculegion:82:103:Mold Breaker:Mystic Water:Jolly:31/31/31/31/31/31:0/0/0/0/0/0:Wave Crash,Last Respects,Flip Turn,Zen Headbutt|Goodra:82:103:Sap Sipper:Leftovers:Modest:31/31/31/31/31/31:0/0/0/0/0/0:Thunder,Hydro Pump,Ice Beam,Rest|Blastoise:82:103:Rain Dish:Blastoisnite:Timid:31/31/31/31/31/31:0/0/0/0/0/0:Shell Smash,Dark Pulse,Hydro Pump,Ice Beam	Zapdos,Ferrothorn,Celesteela,Basculegion,Goodra,Blastoise	82	82	Normal,Flying,Ghost,Steel,Water,Grass,Electric,Psychic,Ice,Dark	69.5	Zapdos	Ferrothorn	Electric	NONE	6 slots, levels 82-82. Offense covers 10 types. Shared weakness: Electric. Speed spans 20-100 base, fastest Zapdos, slowest Ferrothorn. LEVEL-SCALED: rescales to the player, excluded from scoring.	data.js:trainers[435].hardcore	Measured	derived: team analysis; strategy_notes Inferred
436	Rival Blue	NA	boss_candidate	Route 22	normal	15	Brendan	82	TRUE	15|Route 22|Rival Blue	6	Staraptor:82:103:Reckless:Sharp Beak:Jolly:31/31/31/31/31/31:0/252/4/0/0/252:Brave Bird,U-turn,Close Combat,Quick Attack|Kingambit:80:101:Defiant:Chople Berry:Adamant:31/31/31/31/31/31:252/252/0/0/4/0:Swords Dance,Iron Head,Knock Off,Sucker Punch|Darmanitan:82:103:Zen Mode:Life Orb:Jolly:31/31/31/31/31/31:0/252/0/0/4/252:Flare Blitz,Rock Slide,U-turn,Earthquake|Iron Bundle:81:102:UNK:Booster Energy:Timid:31/31/31/31/31/31:0/0/4/252/0/252:Hydro Pump,Freeze-Dry,Flip Turn,Ice Beam|Sneasler:82:103:Pressure:Focus Sash:Jolly:31/31/31/31/31/31:0/252/4/0/0/252:Dire Claw,Close Combat,U-turn,Fire Punch|Venusaur:82:103:Chlorophyll:Venusaurite:Timid:31/31/31/31/31/31:252/0/4/252/0/0:Chloroblast,Sludge Bomb,Earth Power,Sleep Powder	Staraptor,Kingambit,Darmanitan,Iron Bundle,Sneasler,Venusaur	82	80	Normal,Fighting,Flying,Poison,Ground,Rock,Bug,Steel,Fire,Water,Grass,Ice,Dark	96.8	Iron Bundle	Kingambit	Rock,Ground	NONE	6 slots, levels 80-82. Offense covers 13 types. Shared weakness: Rock, Ground. Speed spans 50-136 base, fastest Iron Bundle, slowest Kingambit. LEVEL-SCALED: rescales to the player, excluded from scoring.	data.js:trainers[436].normal	Measured	derived: team analysis; strategy_notes Inferred
436	Rival Blue	NA	boss_candidate	Route 22	hardcore	15	Brendan	82	TRUE	15|Route 22|Rival Blue	6	Iron Hands:82:103:UNK:Assault Vest:Jolly:31/31/31/31/31/31:0/0/0/0/0/0:Drain Punch,Plasma Fists,Knock Off,Ice Punch|Kingambit:82:103:Defiant:Chople Berry:Adamant:31/31/31/31/31/31:0/0/0/0/0/0:Swords Dance,Iron Head,Knock Off,Brick Break|Primarina:82:103:Liquid Voice:Leftovers:Modest:31/31/31/31/31/31:0/0/0/0/0/0:Calm Mind,Drain Kiss,Hyper Voice,Ice Beam|Chandelure:82:103:Shadow Tag:Life Orb:Timid:31/31/31/31/31/31:0/0/0/0/0/0:Flamethrower,Shadow Ball,Energy Ball,Calm Mind|Hydreigon:82:103:UNK:Darkinium Z:Timid:31/31/31/31/31/31:0/0/0/0/0/0:Nasty Plot,Dark Pulse,Flash Cannon,Flamethrower|Venusaur:82:103:Chlorophyll:Venusaurite:Timid:31/31/31/31/31/31:0/0/0/0/0/0:Chloroblast,Sludge Bomb,Earth Power,Sleep Powder	Iron Hands,Kingambit,Primarina,Chandelure,Hydreigon,Venusaur	82	82	Normal,Fighting,Poison,Ground,Ghost,Steel,Fire,Grass,Electric,Ice,Dark,Fairy	69.7	Hydreigon	Iron Hands	Ground	NONE	6 slots, levels 82-82. Offense covers 12 types. Shared weakness: Ground. Speed spans 50-98 base, fastest Hydreigon, slowest Iron Hands. LEVEL-SCALED: rescales to the player, excluded from scoring.	data.js:trainers[436].hardcore	Measured	derived: team analysis; strategy_notes Inferred
437	Rival Blue	NA	boss_candidate	Route 22	normal	15	Brendan	82	TRUE	15|Route 22|Rival Blue	6	Staraptor:82:103:Reckless:Sharp Beak:Jolly:31/31/31/31/31/31:0/252/4/0/0/252:Brave Bird,U-turn,Close Combat,Quick Attack|Kingambit:80:101:Defiant:Chople Berry:Adamant:31/31/31/31/31/31:252/252/0/0/4/0:Swords Dance,Iron Head,Knock Off,Sucker Punch|Sandy Shocks:82:103:WaterCompaction:Booster Energy:Timid:31/30/30/31/31/31:0/0/0/252/4/252:Thunderbolt,Earth Power,Hidden Power,Volt Switch|Azumarill:81:102:Thick Fat:Mystic Water:Adamant:31/31/31/31/31/31:252/252/4/0/0/0:Liquidation,Play Rough,Aqua Jet,Superpower|Sneasler:82:103:Pressure:Focus Sash:Jolly:31/31/31/31/31/31:0/252/4/0/0/252:Dire Claw,Close Combat,U-turn,Fire Punch|Charizard:82:103:Solar Power:Charzardite X:Jolly:31/31/31/31/31/31:0/252/0/0/4/252:Dragon Dance,Flare Blitz,Earthquake,Dragon Claw	Staraptor,Kingambit,Sandy Shocks,Azumarill,Sneasler,Charizard	82	80	Normal,Fighting,Flying,Poison,Ground,Bug,Steel,Fire,Water,Electric,Dragon,Dark,Fairy	86.8	Sneasler	Kingambit	Electric,Ground	NONE	6 slots, levels 80-82. Offense covers 13 types. Shared weakness: Electric, Ground. Speed spans 50-120 base, fastest Sneasler, slowest Kingambit. LEVEL-SCALED: rescales to the player, excluded from scoring.	data.js:trainers[437].normal	Measured	derived: team analysis; strategy_notes Inferred
437	Rival Blue	NA	boss_candidate	Route 22	hardcore	15	Brendan	82	TRUE	15|Route 22|Rival Blue	6	Charizard:82:103:Solar Power:Charzardite Y:Timid:31/31/31/31/31/31:0/0/0/0/0/0:Weather Ball,Solar Beam,Focus Blast,Protect|Garchomp:82:103:Iron Barbs:Yache Berry:Jolly:31/31/31/31/31/31:0/0/0/0/0/0:Swords Dance,Scale Shot,Earthquake,Stone Edge|Sunflora:82:103:Early Bird:Focus Sash:Timid:31/31/30/31/30/30:0/0/0/0/0/0:Growth,Solar Beam,Fiery Dance,Hidden Power|Zamazenta:82:103:UNK:Rusty Shield:Jolly:31/31/31/31/31/31:0/0/0/0/0/0:Body Press,Bulk Up,Wild Charge,Behemoth Bash|Gliscor:82:103:Poison Heal:Toxic Orb:Jolly:31/31/31/31/31/31:0/0/0/0/0/0:Swords Dance,Protect,Earthquake,Facade|Latias:82:103:UNK:Leftovers:Timid:31/31/31/31/31/31:0/0/0/0/0/0:Calm Mind,Roost,Mist Ball,Mystical Fire	Charizard,Garchomp,Sunflora,Zamazenta,Gliscor,Latias	82	82	Normal,Fighting,Ground,Rock,Steel,Fire,Grass,Electric,Psychic,Dragon	100.0	Zamazenta	Sunflora	Ice,Fairy	NONE	6 slots, levels 82-82. Offense covers 10 types. Shared weakness: Ice, Fairy. Speed spans 55-138 base, fastest Zamazenta, slowest Sunflora. LEVEL-SCALED: rescales to the player, excluded from scoring.	data.js:trainers[437].hardcore	Measured	derived: team analysis; strategy_notes Inferred
438	Champion Blue	NA	boss_candidate	Pokemon League	normal	16	Elite-4	85	FALSE	16|Pokemon League|Champion Blue	6	Pheromosa:85:85:UNK:Focus Sash:Jolly:31/31/31/31/31/31:0/252/4/0/0/252:Close Combat,U-turn,Triple Axel,Poison Jab|Metagross:85:85:Tough Claws:Metagrossite:Jolly:31/31/31/31/31/31:0/252/4/0/0/252:Meteor Mash,Bullet Punch,Zen Headbutt,Fire Punch|Koraidon:85:85:UNK:Lum Berry:Jolly:31/31/31/31/31/31:0/252/4/0/0/252:Swords Dance,Collision Course,Dragon Claw,Flare Blitz|Yveltal:85:85:UNK:Assault Vest:Modest:31/31/31/31/31/31:252/0/4/252/0/0:Oblivion Wing,Dark Hole,Heat Wave,Sucker Punch|Eternatus:85:85:UNK:Power Herb:Timid:31/31/31/31/31/31:0/0/4/252/0/252:Meteor Beam,Sludge Wave,Dynamax Cannon,Flamethrower|Ditto:85:85:Imposter:Choice Scarf:Timid:31/31/31/31/31/31:252/0/4/0/0/252:Transform	Pheromosa,Metagross,Koraidon,Yveltal,Eternatus,Ditto	85	85	Fighting,Flying,Poison,Rock,Bug,Steel,Fire,Psychic,Ice,Dragon,Dark	105.5	Pheromosa	Ditto	Psychic,Fairy,Ice	NONE	6 slots, levels 85-85. Offense covers 11 types. Shared weakness: Psychic, Fairy, Ice. Speed spans 48-151 base, fastest Pheromosa, slowest Ditto.	data.js:trainers[438].normal	Measured	derived: team analysis; strategy_notes Inferred
438	Champion Blue	NA	boss_candidate	Pokemon League	hardcore	16	Elite-4	85	TRUE	16|Pokemon League|Champion Blue	6	Kyogre:85:103:UNK:Blue Orb:Timid:31/31/31/31/31/31:0/0/0/0/0/0:Origin Pulse,Ice Beam,Thunder,Liquidation|Swampert:85:103:Damp:Swampertite:Adamant:31/31/31/31/31/31:0/0/0/0/0/0:Waterfall,Earthquake,Ice Punch,Stone Edge|Eternatus:85:103:UNK:Eternamax Orb:Timid:31/31/31/31/31/31:0/0/0/0/0/0:Draco Barrage,Sludge Wave,Thunder,Recover|Necrozma-Dawn-Wings:85:103:UNK:Necrozium Z:Jolly:31/31/31/31/31/31:0/0/0/0/0/0:Dragon Dance,Photon Geyser,Earthquake,Stone Edge|Arceus:85:103:UNK:Normalium Z:Jolly:31/31/31/31/31/31:0/0/0/0/0/0:Swords Dance,Extreme Speed,Shadow Claw,Recover|Walking Wake:85:103:UNK:Booster Energy:Timid:31/31/31/31/31/31:0/0/0/0/0/0:Hydro Pump,Draco Barrage,Flamethrower,Hurricane	Kyogre,Swampert,Eternatus,Necrozma-Dawn-Wings,Arceus,Walking Wake	85	85	Normal,Flying,Poison,Ground,Rock,Ghost,Fire,Water,Electric,Psychic,Ice,Dragon	97.7	Eternatus	Swampert	NONE	NONE	6 slots, levels 85-85. Offense covers 12 types. No weakness shared by half the team. Speed spans 60-130 base, fastest Eternatus, slowest Swampert. LEVEL-SCALED: rescales to the player, excluded from scoring.	data.js:trainers[438].hardcore	Measured	derived: team analysis; strategy_notes Inferred
439	Champion Blue	NA	boss_candidate	Pokemon League	normal	16	Elite-4	85	FALSE	16|Pokemon League|Champion Blue	6	Pheromosa:85:85:UNK:Focus Sash:Jolly:31/31/31/31/31/31:0/252/4/0/0/252:Close Combat,U-turn,Triple Axel,Poison Jab|Metagross:85:85:Tough Claws:Metagrossite:Jolly:31/31/31/31/31/31:0/252/4/0/0/252:Meteor Mash,Bullet Punch,Zen Headbutt,Fire Punch|Miraidon:85:85:UNK:Leftovers:Timid:31/30/31/30/31/30:0/0/4/252/0/252:Calm Mind,Electro Drift,Dragon Pulse,Hidden Power|Yveltal:85:85:UNK:Assault Vest:Modest:31/31/31/31/31/31:252/0/4/252/0/0:Oblivion Wing,Dark Hole,Heat Wave,Sucker Punch|Eternatus:85:85:UNK:Power Herb:Timid:31/31/31/31/31/31:0/0/4/252/0/252:Meteor Beam,Sludge Wave,Dynamax Cannon,Flamethrower|Ditto:85:85:Imposter:Choice Scarf:Timid:31/31/31/31/31/31:252/0/4/0/0/252:Transform	Pheromosa,Metagross,Miraidon,Yveltal,Eternatus,Ditto	85	85	Normal,Fighting,Flying,Poison,Rock,Bug,Steel,Fire,Electric,Psychic,Ice,Dragon,Dark	105.5	Pheromosa	Ditto	Fairy,Ground,Ice	NONE	6 slots, levels 85-85. Offense covers 13 types. Shared weakness: Fairy, Ground, Ice. Speed spans 48-151 base, fastest Pheromosa, slowest Ditto.	data.js:trainers[439].normal	Measured	derived: team analysis; strategy_notes Inferred
439	Champion Blue	NA	boss_candidate	Pokemon League	hardcore	16	Elite-4	85	TRUE	16|Pokemon League|Champion Blue	6	Kyogre:85:103:UNK:Blue Orb:Timid:31/31/31/31/31/31:0/0/0/0/0/0:Origin Pulse,Ice Beam,Thunder,Liquidation|Swampert:85:103:Damp:Swampertite:Adamant:31/31/31/31/31/31:0/0/0/0/0/0:Waterfall,Earthquake,Ice Punch,Stone Edge|Walking Wake:85:103:UNK:Booster Energy:Timid:31/31/31/31/31/31:0/0/0/0/0/0:Hydro Pump,Draco Barrage,Scald,Hurricane|Eternatus:85:103:UNK:Eternamax Orb:Timid:31/31/31/31/31/31:0/0/0/0/0/0:Draco Barrage,Sludge Wave,Thunder,Recover|Xerneas:85:103:UNK:Power Herb:Timid:31/31/31/31/31/31:0/0/0/0/0/0:Geomancy,Moonblast,Thunderbolt,Focus Blast|Arceus:85:103:UNK:Steelium Z:Jolly:31/31/31/31/31/31:0/0/0/0/0/0:Swords Dance,Iron Head,Earthquake,Stone Edge	Kyogre,Swampert,Walking Wake,Eternatus,Xerneas,Arceus	85	85	Fighting,Flying,Poison,Ground,Rock,Steel,Water,Electric,Ice,Dragon,Fairy	101.3	Eternatus	Swampert	NONE	NONE	6 slots, levels 85-85. Offense covers 11 types. No weakness shared by half the team. Speed spans 60-130 base, fastest Eternatus, slowest Swampert. LEVEL-SCALED: rescales to the player, excluded from scoring.	data.js:trainers[439].hardcore	Measured	derived: team analysis; strategy_notes Inferred
440	Champion Blue	NA	boss_candidate	Pokemon League	normal	16	Elite-4	85	FALSE	16|Pokemon League|Champion Blue	6	Pheromosa:85:85:UNK:Focus Sash:Jolly:31/31/31/31/31/31:0/252/4/0/0/252:Close Combat,U-turn,Triple Axel,Poison Jab|Metagross:85:85:Tough Claws:Metagrossite:Jolly:31/31/31/31/31/31:0/252/4/0/0/252:Meteor Mash,Bullet Punch,Zen Headbutt,Fire Punch|Miraidon:85:85:UNK:Leftovers:Timid:31/30/31/30/31/30:0/0/4/252/0/252:Calm Mind,Parabolic Charge,Dragon Pulse,Hidden Power|Yveltal:85:85:UNK:Assault Vest:Modest:31/31/31/31/31/31:252/0/0/252/4/0:Oblivion Wing,Dark Hole,Heat Wave,Sucker Punch|Eternatus:85:85:UNK:Power Herb:Timid:31/31/31/31/31/31:0/0/4/252/0/252:Meteor Beam,Sludge Wave,Dynamax Cannon,Flamethrower|Ditto:85:85:Imposter:Choice Scarf:Timid:31/31/31/31/31/31:252/0/4/0/0/252:Transform	Pheromosa,Metagross,Miraidon,Yveltal,Eternatus,Ditto	85	85	Normal,Fighting,Flying,Poison,Rock,Bug,Steel,Fire,Electric,Psychic,Ice,Dragon,Dark	105.5	Pheromosa	Ditto	Fairy,Ground,Ice	NONE	6 slots, levels 85-85. Offense covers 13 types. Shared weakness: Fairy, Ground, Ice. Speed spans 48-151 base, fastest Pheromosa, slowest Ditto.	data.js:trainers[440].normal	Measured	derived: team analysis; strategy_notes Inferred
440	Champion Blue	NA	boss_candidate	Pokemon League	hardcore	16	Elite-4	85	TRUE	16|Pokemon League|Champion Blue	6	Groudon:85:103:UNK:Red Orb:Jolly:31/31/31/31/31/31:0/0/0/0/0/0:Stealth Rock,Precipice Blades,Heat Crash,Rock Tomb|Gouging Fire:85:103:UNK:Leftovers:Jolly:31/31/31/31/31/31:0/0/0/0/0/0:Dragon Dance,Flare Blitz,Draco Barrage,Morning Sun|Koraidon:85:103:UNK:Roseli Berry:Jolly:31/31/31/31/31/31:0/0/0/0/0/0:Swords Dance,Flare Blitz,Collision Course,Draco Barrage|Arceus:85:103:UNK:Groundium Z:Timid:31/31/31/31/31/31:0/0/0/0/0/0:Calm Mind,Earth Power,Ice Beam,Recover|Xerneas:85:103:UNK:Power Herb:Timid:31/31/31/31/31/31:0/0/0/0/0/0:Geomancy,Moonblast,Thunderbolt,Focus Blast|Eternatus:85:103:UNK:Eternamax Orb:Timid:31/31/31/31/31/31:0/0/0/0/0/0:Draco Barrage,Sludge Wave,Flamethrower,Recover	Groudon,Gouging Fire,Koraidon,Arceus,Xerneas,Eternatus	85	85	Fighting,Poison,Ground,Rock,Fire,Electric,Ice,Dragon,Fairy	110.8	Koraidon	Groudon	Ice,Dragon	NONE	6 slots, levels 85-85. Offense covers 9 types. Shared weakness: Ice, Dragon. Speed spans 90-135 base, fastest Koraidon, slowest Groudon. LEVEL-SCALED: rescales to the player, excluded from scoring.	data.js:trainers[440].hardcore	Measured	derived: team analysis; strategy_notes Inferred
441	Channeler Patricia	NA	route	Pokemon Tower 3F	normal	3	Surge	34	FALSE	3|Pokemon Tower 3F|Channeler Patricia	1	Haunter:35:35:UNK:NONE:Naive:10/10/10/10/10/10:0/0/0/0/0/0:Nightmare,Hex,Destiny Bond,Dark Pulse	Haunter	35	35	Ghost,Dark	95.0	Haunter	Haunter	NONE	Dark	1 slots, levels 35-35. Offense covers 2 types. No weakness shared by half the team. A pure Dark type resists everything it carries. Speed spans 95-95 base, fastest Haunter, slowest Haunter.	data.js:trainers[441].normal	Measured	derived: team analysis; strategy_notes Inferred
441	Channeler Patricia	NA	route	Pokemon Tower 3F	hardcore	3	Surge	34	FALSE	3|Pokemon Tower 3F|Channeler Patricia	1	Haunter:35:35:UNK:NONE:Naive:10/10/10/10/10/10:0/0/0/0/0/0:Nightmare,Hex,Destiny Bond,Dark Pulse	Haunter	35	35	Ghost,Dark	95.0	Haunter	Haunter	NONE	Dark	1 slots, levels 35-35. Offense covers 2 types. No weakness shared by half the team. A pure Dark type resists everything it carries. Speed spans 95-95 base, fastest Haunter, slowest Haunter.	data.js:trainers[441].hardcore	Measured	derived: team analysis; strategy_notes Inferred
442	Channeler Carly	NA	route	Pokemon Tower 3F	normal	3	Surge	34	FALSE	3|Pokemon Tower 3F|Channeler Carly	1	Ceruledge:39:39:Sharpness:NONE:Calm:10/10/10/10/10/10:0/0/0/0/0/0:Swords Dance,Bitter Blade,Psycho Cut,Flare Blitz	Ceruledge	39	39	Fire,Psychic	85.0	Ceruledge	Ceruledge	NONE	NONE	1 slots, levels 39-39. Offense covers 2 types. No weakness shared by half the team. Speed spans 85-85 base, fastest Ceruledge, slowest Ceruledge.	data.js:trainers[442].normal	Measured	derived: team analysis; strategy_notes Inferred
442	Channeler Carly	NA	route	Pokemon Tower 3F	hardcore	3	Surge	34	FALSE	3|Pokemon Tower 3F|Channeler Carly	1	Ceruledge:39:39:Sharpness:NONE:Calm:10/10/10/10/10/10:0/0/0/0/0/0:Swords Dance,Bitter Blade,Psycho Cut,Flare Blitz	Ceruledge	39	39	Fire,Psychic	85.0	Ceruledge	Ceruledge	NONE	NONE	1 slots, levels 39-39. Offense covers 2 types. No weakness shared by half the team. Speed spans 85-85 base, fastest Ceruledge, slowest Ceruledge.	data.js:trainers[442].hardcore	Measured	derived: team analysis; strategy_notes Inferred
443	Channeler Hope	NA	route	Pokemon Tower 3F	normal	3	Surge	34	FALSE	3|Pokemon Tower 3F|Channeler Hope	1	Banette:36:36:Wandering Soul:NONE:Calm:10/10/10/10/10/10:0/0/0/0/0/0:Double-Edge,Poltergeist,Taunt,Grudge	Banette	36	36	Normal,Ghost	65.0	Banette	Banette	NONE	NONE	1 slots, levels 36-36. Offense covers 2 types. No weakness shared by half the team. Speed spans 65-65 base, fastest Banette, slowest Banette.	data.js:trainers[443].normal	Measured	derived: team analysis; strategy_notes Inferred
443	Channeler Hope	NA	route	Pokemon Tower 3F	hardcore	3	Surge	34	FALSE	3|Pokemon Tower 3F|Channeler Hope	1	Banette:36:36:Wandering Soul:NONE:Calm:10/10/10/10/10/10:0/0/0/0/0/0:Double-Edge,Poltergeist,Taunt,Grudge	Banette	36	36	Normal,Ghost	65.0	Banette	Banette	NONE	NONE	1 slots, levels 36-36. Offense covers 2 types. No weakness shared by half the team. Speed spans 65-65 base, fastest Banette, slowest Banette.	data.js:trainers[443].hardcore	Measured	derived: team analysis; strategy_notes Inferred
444	Channeler Paula	NA	route	Pokemon Tower 4F	normal	3	Surge	34	FALSE	3|Pokemon Tower 4F|Channeler Paula	1	Brambleghast:36:36:Wind Rider:NONE:Lax:10/10/10/10/10/10:0/0/0/0/0/0:Poltergeist,Power Whip,Pain Split,Curse	Brambleghast	36	36	Normal,Ghost,Grass	90.0	Brambleghast	Brambleghast	NONE	NONE	1 slots, levels 36-36. Offense covers 3 types. No weakness shared by half the team. Speed spans 90-90 base, fastest Brambleghast, slowest Brambleghast.	data.js:trainers[444].normal	Measured	derived: team analysis; strategy_notes Inferred
444	Channeler Paula	NA	route	Pokemon Tower 4F	hardcore	3	Surge	34	FALSE	3|Pokemon Tower 4F|Channeler Paula	1	Brambleghast:36:36:Wind Rider:NONE:Lax:10/10/10/10/10/10:0/0/0/0/0/0:Poltergeist,Power Whip,Pain Split,Curse	Brambleghast	36	36	Normal,Ghost,Grass	90.0	Brambleghast	Brambleghast	NONE	NONE	1 slots, levels 36-36. Offense covers 3 types. No weakness shared by half the team. Speed spans 90-90 base, fastest Brambleghast, slowest Brambleghast.	data.js:trainers[444].hardcore	Measured	derived: team analysis; strategy_notes Inferred
445	Channeler Laurel	NA	route	Pokemon Tower 4F	normal	3	Surge	34	FALSE	3|Pokemon Tower 4F|Channeler Laurel	2	Haunter:36:36:UNK:NONE:Hasty:10/10/10/10/10/10:0/0/0/0/0/0:Nightmare,Hex,Destiny Bond,Dark Pulse|Misdreavus:37:37:UNK:NONE:Lonely:10/10/10/10/10/10:0/0/0/0/0/0:Power Gem,Grudge,Perish Song,Shadow Ball	Haunter,Misdreavus	37	36	Rock,Ghost,Dark	90.0	Haunter	Misdreavus	Ghost,Dark	NONE	2 slots, levels 36-37. Offense covers 3 types. Shared weakness: Ghost, Dark. Speed spans 85-95 base, fastest Haunter, slowest Misdreavus.	data.js:trainers[445].normal	Measured	derived: team analysis; strategy_notes Inferred
445	Channeler Laurel	NA	route	Pokemon Tower 4F	hardcore	3	Surge	34	FALSE	3|Pokemon Tower 4F|Channeler Laurel	2	Haunter:36:36:UNK:NONE:Hasty:10/10/10/10/10/10:0/0/0/0/0/0:Nightmare,Hex,Destiny Bond,Dark Pulse|Misdreavus:37:37:UNK:NONE:Lonely:10/10/10/10/10/10:0/0/0/0/0/0:Power Gem,Grudge,Perish Song,Shadow Ball	Haunter,Misdreavus	37	36	Rock,Ghost,Dark	90.0	Haunter	Misdreavus	Ghost,Dark	NONE	2 slots, levels 36-37. Offense covers 3 types. Shared weakness: Ghost, Dark. Speed spans 85-95 base, fastest Haunter, slowest Misdreavus.	data.js:trainers[445].hardcore	Measured	derived: team analysis; strategy_notes Inferred
446	Channeler Jody	NA	route	Pokemon Tower 4F	normal	3	Surge	34	FALSE	3|Pokemon Tower 4F|Channeler Jody	1	Dusclops:37:37:Frisk:NONE:Naughty:10/10/10/10/10/10:0/0/0/0/0/0:Payback,Mean Look,Shadow Ball,Hex	Dusclops	37	37	Ghost,Dark	25.0	Dusclops	Dusclops	NONE	Dark	1 slots, levels 37-37. Offense covers 2 types. No weakness shared by half the team. A pure Dark type resists everything it carries. Speed spans 25-25 base, fastest Dusclops, slowest Dusclops.	data.js:trainers[446].normal	Measured	derived: team analysis; strategy_notes Inferred
446	Channeler Jody	NA	route	Pokemon Tower 4F	hardcore	3	Surge	34	FALSE	3|Pokemon Tower 4F|Channeler Jody	1	Dusclops:37:37:Frisk:NONE:Naughty:10/10/10/10/10/10:0/0/0/0/0/0:Payback,Mean Look,Shadow Ball,Hex	Dusclops	37	37	Ghost,Dark	25.0	Dusclops	Dusclops	NONE	Dark	1 slots, levels 37-37. Offense covers 2 types. No weakness shared by half the team. A pure Dark type resists everything it carries. Speed spans 25-25 base, fastest Dusclops, slowest Dusclops.	data.js:trainers[446].hardcore	Measured	derived: team analysis; strategy_notes Inferred
447	Channeler Tammy	NA	route	Route 12	normal	9	Koga	68	FALSE	9|Route 12|Channeler Tammy	1	Mimikyu:36:36:UNK:NONE:Bold:10/10/10/10/10/10:0/0/0/0/0/0:Wood Hammer,Pain Split,Play Rough,Hone Claws	Mimikyu	36	36	Normal,Grass,Fairy	96.0	Mimikyu	Mimikyu	NONE	Steel	1 slots, levels 36-36. Offense covers 3 types. No weakness shared by half the team. A pure Steel type resists everything it carries. Speed spans 96-96 base, fastest Mimikyu, slowest Mimikyu.	data.js:trainers[447].normal	Measured	derived: team analysis; strategy_notes Inferred
447	Channeler Tammy	NA	route	Route 12	hardcore	9	Koga	68	FALSE	9|Route 12|Channeler Tammy	1	Mimikyu:36:36:UNK:NONE:Bold:10/10/10/10/10/10:0/0/0/0/0/0:Wood Hammer,Pain Split,Play Rough,Hone Claws	Mimikyu	36	36	Normal,Grass,Fairy	96.0	Mimikyu	Mimikyu	NONE	Steel	1 slots, levels 36-36. Offense covers 3 types. No weakness shared by half the team. A pure Steel type resists everything it carries. Speed spans 96-96 base, fastest Mimikyu, slowest Mimikyu.	data.js:trainers[447].hardcore	Measured	derived: team analysis; strategy_notes Inferred
448	Channeler Ruth	NA	route	Pokemon Tower 5F	normal	3	Surge	34	FALSE	3|Pokemon Tower 5F|Channeler Ruth	1	Doublade:38:38:UNK:NONE:Serious:10/10/10/10/10/10:0/0/0/0/0/0:Sacred Sword,Iron Head,Power Trick,Night Slash	Doublade	38	38	Fighting,Steel,Dark	35.0	Doublade	Doublade	NONE	NONE	1 slots, levels 38-38. Offense covers 3 types. No weakness shared by half the team. Speed spans 35-35 base, fastest Doublade, slowest Doublade.	data.js:trainers[448].normal	Measured	derived: team analysis; strategy_notes Inferred
448	Channeler Ruth	NA	boss_candidate	Pokemon Tower 5F	hardcore	3	Surge	34	TRUE	3|Pokemon Tower 5F|Channeler Ruth	5	Pincurchin:33:102:Electric Surge:Sitrus Berry:Modest:31/31/31/31/31/31:0/0/0/0/0/0:Rising Voltage,Bouncy Bubble,Volt Switch,Spikes|Grimmsnarl:34:103:Infiltrator:Light Clay:Careful:31/31/31/31/31/31:0/0/0/0/0/0:Spirit Break,Light Screen,Reflect,Darkest Lariat|Drifblim:34:103:Aftermath:Electric Seed:Modest:31/31/31/31/31/31:0/0/0/0/0/0:Calm Mind,Shadow Ball,Air Slash,Strength Sap|Cresselia:34:103:UNK:Electric Seed:Timid:31/31/31/31/31/31:0/0/0/0/0/0:Calm Mind,Psyshock,Moonblast,Moonlight|Polteageist:34:103:Heatproof:White Herb:Timid:31/31/30/30/30/30:0/0/0/0/0/0:Shell Smash,Shadow Ball,Stored Power,Hidden Power	Pincurchin,Grimmsnarl,Drifblim,Cresselia,Polteageist	34	33	Normal,Flying,Ghost,Water,Electric,Psychic,Dark,Fairy	62.0	Cresselia	Pincurchin	Ghost,Dark	NONE	5 slots, levels 33-34. Offense covers 8 types. Shared weakness: Ghost, Dark. Speed spans 15-85 base, fastest Cresselia, slowest Pincurchin. LEVEL-SCALED: rescales to the player, excluded from scoring.	data.js:trainers[448].hardcore	Measured	derived: team analysis; strategy_notes Inferred
449	Channeler Karina	NA	route	Pokemon Tower 5F	normal	3	Surge	34	FALSE	3|Pokemon Tower 5F|Channeler Karina	1	Jellicent:37:37:Water Bubble:NONE:Impish:10/10/10/10/10/10:0/0/0/0/0/0:Hydro Pump,Hex,Rain Dance,Brine	Jellicent	37	37	Ghost,Water	60.0	Jellicent	Jellicent	NONE	NONE	1 slots, levels 37-37. Offense covers 2 types. No weakness shared by half the team. Speed spans 60-60 base, fastest Jellicent, slowest Jellicent.	data.js:trainers[449].normal	Measured	derived: team analysis; strategy_notes Inferred
449	Channeler Karina	NA	route	Pokemon Tower 5F	hardcore	3	Surge	34	FALSE	3|Pokemon Tower 5F|Channeler Karina	1	Jellicent:37:37:Water Bubble:NONE:Impish:10/10/10/10/10/10:0/0/0/0/0/0:Hydro Pump,Hex,Rain Dance,Brine	Jellicent	37	37	Ghost,Water	60.0	Jellicent	Jellicent	NONE	NONE	1 slots, levels 37-37. Offense covers 2 types. No weakness shared by half the team. Speed spans 60-60 base, fastest Jellicent, slowest Jellicent.	data.js:trainers[449].hardcore	Measured	derived: team analysis; strategy_notes Inferred
450	Channeler Janae	NA	route	Pokemon Tower 5F	normal	3	Surge	34	FALSE	3|Pokemon Tower 5F|Channeler Janae	1	Golett:38:38:No Guard:NONE:Bold:10/10/10/10/10/10:0/0/0/0/0/0:Focus Punch,Hammer Arm,Earthquake,Curse	Golett	38	38	Fighting,Ground	35.0	Golett	Golett	NONE	Flying,Bug	1 slots, levels 38-38. Offense covers 2 types. No weakness shared by half the team. A pure Flying type resists everything it carries. Speed spans 35-35 base, fastest Golett, slowest Golett.	data.js:trainers[450].normal	Measured	derived: team analysis; strategy_notes Inferred
450	Channeler Janae	NA	route	Pokemon Tower 5F	hardcore	3	Surge	34	FALSE	3|Pokemon Tower 5F|Channeler Janae	1	Golett:38:38:No Guard:NONE:Bold:10/10/10/10/10/10:0/0/0/0/0/0:Focus Punch,Hammer Arm,Earthquake,Curse	Golett	38	38	Fighting,Ground	35.0	Golett	Golett	NONE	Flying,Bug	1 slots, levels 38-38. Offense covers 2 types. No weakness shared by half the team. A pure Flying type resists everything it carries. Speed spans 35-35 base, fastest Golett, slowest Golett.	data.js:trainers[450].hardcore	Measured	derived: team analysis; strategy_notes Inferred
451	Channeler Angelica	NA	route	Pokemon Tower 6F	normal	3	Surge	34	FALSE	3|Pokemon Tower 6F|Channeler Angelica	3	Haunter:37:37:UNK:NONE:Naive:10/10/10/10/10/10:0/0/0/0/0/0:Nightmare,Hex,Destiny Bond,Dark Pulse|Lampent:39:39:Shadow Tag:NONE:Bold:10/10/10/10/10/10:0/0/0/0/0/0:Overheat,Pain Split,Shadow Ball,Curse|Shedinja:37:37:UNK:NONE:Brave:10/10/10/10/10/10:0/0/0/0/0/0:Phantom Force,Heal Block,Grudge,Pounce	Haunter,Lampent,Shedinja	39	37	Normal,Bug,Ghost,Fire,Dark	63.3	Haunter	Shedinja	Ground,Ghost,Dark,Rock	NONE	3 slots, levels 37-39. Offense covers 5 types. Shared weakness: Ground, Ghost, Dark, Rock. Speed spans 40-95 base, fastest Haunter, slowest Shedinja.	data.js:trainers[451].normal	Measured	derived: team analysis; strategy_notes Inferred
451	Channeler Angelica	NA	route	Pokemon Tower 6F	hardcore	3	Surge	34	FALSE	3|Pokemon Tower 6F|Channeler Angelica	3	Haunter:37:37:UNK:NONE:Naive:10/10/10/10/10/10:0/0/0/0/0/0:Nightmare,Hex,Destiny Bond,Dark Pulse|Lampent:39:39:Shadow Tag:NONE:Bold:10/10/10/10/10/10:0/0/0/0/0/0:Overheat,Pain Split,Shadow Ball,Curse|Shedinja:37:37:UNK:NONE:Brave:10/10/10/10/10/10:0/0/0/0/0/0:Phantom Force,Heal Block,Grudge,Pounce	Haunter,Lampent,Shedinja	39	37	Normal,Bug,Ghost,Fire,Dark	63.3	Haunter	Shedinja	Ground,Ghost,Dark,Rock	NONE	3 slots, levels 37-39. Offense covers 5 types. Shared weakness: Ground, Ghost, Dark, Rock. Speed spans 40-95 base, fastest Haunter, slowest Shedinja.	data.js:trainers[451].hardcore	Measured	derived: team analysis; strategy_notes Inferred
452	Channeler Emilia	NA	route	Pokemon Tower 6F	normal	3	Surge	34	FALSE	3|Pokemon Tower 6F|Channeler Emilia	1	Xatu:37:37:Magic Bounce:NONE:Quirky:10/10/10/10/10/10:0/0/0/0/0/0:Me First,Guard Swap,Power Swap,Future Sight	Xatu	37	37	Psychic	105.0	Xatu	Xatu	NONE	Steel,Psychic,Dark	1 slots, levels 37-37. Offense covers 1 types. No weakness shared by half the team. A pure Steel type resists everything it carries. Speed spans 105-105 base, fastest Xatu, slowest Xatu.	data.js:trainers[452].normal	Measured	derived: team analysis; strategy_notes Inferred
452	Channeler Emilia	NA	route	Pokemon Tower 6F	hardcore	3	Surge	34	FALSE	3|Pokemon Tower 6F|Channeler Emilia	1	Xatu:37:37:Magic Bounce:NONE:Quirky:10/10/10/10/10/10:0/0/0/0/0/0:Me First,Guard Swap,Power Swap,Future Sight	Xatu	37	37	Psychic	105.0	Xatu	Xatu	NONE	Steel,Psychic,Dark	1 slots, levels 37-37. Offense covers 1 types. No weakness shared by half the team. A pure Steel type resists everything it carries. Speed spans 105-105 base, fastest Xatu, slowest Xatu.	data.js:trainers[452].hardcore	Measured	derived: team analysis; strategy_notes Inferred
453	Channeler Jennifer	NA	route	Pokemon Tower 6F	normal	3	Surge	34	FALSE	3|Pokemon Tower 6F|Channeler Jennifer	1	Chimecho:39:39:UNK:NONE:Sassy:10/10/10/10/10/10:0/0/0/0/0/0:Forbidden Spell,Heal Pulse,Double-Edge,Safeguard	Chimecho	39	39	Normal	80.0	Chimecho	Chimecho	NONE	Rock,Ghost,Steel	1 slots, levels 39-39. Offense covers 1 types. No weakness shared by half the team. A pure Rock type resists everything it carries. Speed spans 80-80 base, fastest Chimecho, slowest Chimecho.	data.js:trainers[453].normal	Measured	derived: team analysis; strategy_notes Inferred
453	Channeler Jennifer	NA	route	Pokemon Tower 6F	hardcore	3	Surge	34	FALSE	3|Pokemon Tower 6F|Channeler Jennifer	1	Chimecho:39:39:UNK:NONE:Sassy:10/10/10/10/10/10:0/0/0/0/0/0:Forbidden Spell,Heal Pulse,Double-Edge,Safeguard	Chimecho	39	39	Normal	80.0	Chimecho	Chimecho	NONE	Rock,Ghost,Steel	1 slots, levels 39-39. Offense covers 1 types. No weakness shared by half the team. A pure Rock type resists everything it carries. Speed spans 80-80 base, fastest Chimecho, slowest Chimecho.	data.js:trainers[453].hardcore	Measured	derived: team analysis; strategy_notes Inferred
454	Burglar Max	NA	boss_candidate	Pokemon Mansion 4F	normal	15	Brendan	82	TRUE	15|Pokemon Mansion 4F|Burglar Max	5	Qwilfish-Hisui:80:101:Intimidate:Eviolite:Jolly:31/31/31/31/31/31:0/252/4/0/0/252:Toxic Spikes,Throat Chop,Liquidation,Thunder Wave|Wugtrio:80:101:Gooey:Mystic Water:Jolly:31/31/31/31/31/31:0/252/4/0/0/252:Triple Dive,Earthquake,Aqua Jet,Ice Spinner|Magcargo:80:101:Weak Armor:Focus Sash:Timid:31/31/31/31/31/31:0/0/4/252/0/252:No Retreat,Fire Blast,Power Gem,Earth Power|Hydrapple:80:101:Sticky Hold:Assault Vest:Modest:31/31/31/31/31/31:252/0/0/252/4/0:Giga Drain,Fickle Beam,Body Press,Earth Power|Fezandipiti:80:101:Technician:Life Orb:Timid:31/31/31/31/31/31:0/0/4/252/0/252:Drain Kiss,Heat Wave,Sludge Bomb,U-turn	Qwilfish-Hisui,Wugtrio,Magcargo,Hydrapple,Fezandipiti	80	80	Fighting,Poison,Ground,Rock,Bug,Fire,Water,Grass,Ice,Dragon,Dark,Fairy	75.6	Wugtrio	Magcargo	Ground	NONE	5 slots, levels 80-80. Offense covers 12 types. Shared weakness: Ground. Speed spans 30-120 base, fastest Wugtrio, slowest Magcargo. LEVEL-SCALED: rescales to the player, excluded from scoring.	data.js:trainers[454].normal	Measured	derived: team analysis; strategy_notes Inferred
454	Burglar Max	NA	boss_candidate	Pokemon Mansion 4F	hardcore	15	Brendan	82	TRUE	15|Pokemon Mansion 4F|Burglar Max	5	Qwilfish-Hisui:80:101:Intimidate:Eviolite:Jolly:31/31/31/31/31/31:0/0/0/0/0/0:Toxic Spikes,Throat Chop,Liquidation,Thunder Wave|Wugtrio:80:101:Gooey:Mystic Water:Jolly:31/31/31/31/31/31:0/0/0/0/0/0:Triple Dive,Earthquake,Aqua Jet,Ice Spinner|Magcargo:80:101:Weak Armor:Focus Sash:Timid:31/31/31/31/31/31:0/0/0/0/0/0:No Retreat,Fire Blast,Power Gem,Earth Power|Hydrapple:80:101:Sticky Hold:Assault Vest:Modest:31/31/31/31/31/31:0/0/0/0/0/0:Giga Drain,Fickle Beam,Body Press,Earth Power|Fezandipiti:80:101:Technician:Life Orb:Timid:31/31/31/31/31/31:0/0/0/0/0/0:Drain Kiss,Heat Wave,Sludge Bomb,U-turn	Qwilfish-Hisui,Wugtrio,Magcargo,Hydrapple,Fezandipiti	80	80	Fighting,Poison,Ground,Rock,Bug,Fire,Water,Grass,Ice,Dragon,Dark,Fairy	75.6	Wugtrio	Magcargo	Ground	NONE	5 slots, levels 80-80. Offense covers 12 types. Shared weakness: Ground. Speed spans 30-120 base, fastest Wugtrio, slowest Magcargo. LEVEL-SCALED: rescales to the player, excluded from scoring.	data.js:trainers[454].hardcore	Measured	derived: team analysis; strategy_notes Inferred
455	Burglar Anson	NA	boss_candidate	Pokemon Mansion 4F	normal	15	Brendan	82	TRUE	15|Pokemon Mansion 4F|Burglar Anson	5	Shiftry:80:101:Chlorophyll:Focus Sash:Jolly:31/30/31/30/31/31:0/252/4/0/0/252:Tailwind,Leaf Blade,Knock Off,Low Kick|Okidogi:80:101:Defiant:Lum Berry:Jolly:31/31/31/31/31/31:0/252/4/0/0/252:Drain Punch,Poison Jab,Psychic Fangs,Knock Off|Munkidori:80:101:Frisk:Air Balloon:Timid:31/31/31/31/31/31:0/0/4/252/0/252:Psychic,Sludge Bomb,Nasty Plot,Focus Blast|Screamtail:80:101:Gooey:Leftovers:Bold:31/31/31/31/31/31:252/0/252/0/0/0:Thunder Wave,Moonblast,Teleport,Psychic|Persian:80:101:Feline Prowess:Life Orb:Timid:31/31/31/31/31/31:0/0/4/252/0/252:Hyper Voice,Thunderbolt,Shadow Ball,U-turn	Shiftry,Okidogi,Munkidori,Screamtail,Persian	80	80	Normal,Fighting,Poison,Bug,Ghost,Grass,Electric,Psychic,Dark,Fairy	98.4	Persian	Shiftry	NONE	NONE	5 slots, levels 80-80. Offense covers 10 types. No weakness shared by half the team. Speed spans 80-115 base, fastest Persian, slowest Shiftry. LEVEL-SCALED: rescales to the player, excluded from scoring.	data.js:trainers[455].normal	Measured	derived: team analysis; strategy_notes Inferred
455	Burglar Anson	NA	boss_candidate	Pokemon Mansion 4F	hardcore	15	Brendan	82	TRUE	15|Pokemon Mansion 4F|Burglar Anson	5	Shiftry:80:101:Chlorophyll:Focus Sash:Jolly:31/30/31/30/31/31:0/0/0/0/0/0:Tailwind,Leaf Blade,Knock Off,Low Kick|Okidogi:80:101:Defiant:Lum Berry:Jolly:31/31/31/31/31/31:0/0/0/0/0/0:Drain Punch,Poison Jab,Psychic Fangs,Knock Off|Munkidori:80:101:Frisk:Air Balloon:Timid:31/31/31/31/31/31:0/0/0/0/0/0:Psychic,Sludge Bomb,Nasty Plot,Focus Blast|Screamtail:80:101:Gooey:Leftovers:Bold:31/31/31/31/31/31:0/0/0/0/0/0:Thunder Wave,Moonblast,Teleport,Psychic|Persian:80:101:Feline Prowess:Life Orb:Timid:31/31/31/31/31/31:0/0/0/0/0/0:Hyper Voice,Thunderbolt,Shadow Ball,U-turn	Shiftry,Okidogi,Munkidori,Screamtail,Persian	80	80	Normal,Fighting,Poison,Bug,Ghost,Grass,Electric,Psychic,Dark,Fairy	98.4	Persian	Shiftry	NONE	NONE	5 slots, levels 80-80. Offense covers 10 types. No weakness shared by half the team. Speed spans 80-115 base, fastest Persian, slowest Shiftry. LEVEL-SCALED: rescales to the player, excluded from scoring.	data.js:trainers[455].hardcore	Measured	derived: team analysis; strategy_notes Inferred
462	Channeler Amanda	NA	route	Saffron City Gym	normal	8	Sabrina	59	FALSE	8|Saffron City Gym|Channeler Amanda	2	Dusclops:54:54:Frisk:NONE:Bold:10/10/10/10/10/10:0/0/0/0/0/0:Payback,Mean Look,Shadow Ball,Hex|Cofagrigus:55:55:Multiscale:NONE:Timid:10/10/10/10/10/10:0/0/0/0/0/0:Destiny Bond,Mean Look,Grudge,Shadow Ball	Dusclops,Cofagrigus	55	54	Ghost,Dark	27.5	Cofagrigus	Dusclops	Ghost,Dark	Dark	2 slots, levels 54-55. Offense covers 2 types. Shared weakness: Ghost, Dark. A pure Dark type resists everything it carries. Speed spans 25-30 base, fastest Cofagrigus, slowest Dusclops.	data.js:trainers[462].normal	Measured	derived: team analysis; strategy_notes Inferred
462	Channeler Amanda	NA	route	Saffron City Gym	hardcore	8	Sabrina	59	FALSE	8|Saffron City Gym|Channeler Amanda	2	Dusclops:54:54:Frisk:NONE:Bold:10/10/10/10/10/10:0/0/0/0/0/0:Payback,Mean Look,Shadow Ball,Hex|Cofagrigus:55:55:Multiscale:NONE:Timid:10/10/10/10/10/10:0/0/0/0/0/0:Destiny Bond,Mean Look,Grudge,Shadow Ball	Dusclops,Cofagrigus	55	54	Ghost,Dark	27.5	Cofagrigus	Dusclops	Ghost,Dark	Dark	2 slots, levels 54-55. Offense covers 2 types. Shared weakness: Ghost, Dark. A pure Dark type resists everything it carries. Speed spans 25-30 base, fastest Cofagrigus, slowest Dusclops.	data.js:trainers[462].hardcore	Measured	derived: team analysis; strategy_notes Inferred
463	Channeler Stacy	NA	route	Saffron City Gym	normal	8	Sabrina	59	FALSE	8|Saffron City Gym|Channeler Stacy	1	Armarouge:54:54:Mega Launcher:NONE:Jolly:10/10/10/10/10/10:0/0/0/0/0/0:Armor Cannon,Expanding Force,Flamethrower,Calm Mind	Armarouge	54	54	Fire,Psychic	75.0	Armarouge	Armarouge	NONE	NONE	1 slots, levels 54-54. Offense covers 2 types. No weakness shared by half the team. Speed spans 75-75 base, fastest Armarouge, slowest Armarouge.	data.js:trainers[463].normal	Measured	derived: team analysis; strategy_notes Inferred
463	Channeler Stacy	NA	route	Saffron City Gym	hardcore	8	Sabrina	59	FALSE	8|Saffron City Gym|Channeler Stacy	1	Armarouge:54:54:Mega Launcher:NONE:Jolly:10/10/10/10/10/10:0/0/0/0/0/0:Armor Cannon,Expanding Force,Flamethrower,Calm Mind	Armarouge	54	54	Fire,Psychic	75.0	Armarouge	Armarouge	NONE	NONE	1 slots, levels 54-54. Offense covers 2 types. No weakness shared by half the team. Speed spans 75-75 base, fastest Armarouge, slowest Armarouge.	data.js:trainers[463].hardcore	Measured	derived: team analysis; strategy_notes Inferred
464	Channeler Tasha	NA	route	Saffron City Gym	normal	8	Sabrina	59	FALSE	8|Saffron City Gym|Channeler Tasha	3	Gengar:55:55:UNK:NONE:Lonely:10/10/10/10/10/10:0/0/0/0/0/0:Nightmare,Hex,Destiny Bond,Dark Pulse|Xatu:54:54:Synchronize:NONE:Adamant:10/10/10/10/10/10:0/0/0/0/0/0:Me First,Guard Swap,Power Swap,Future Sight|Froslass:53:53:Stakeout:NONE:Quirky:10/10/10/10/10/10:0/0/0/0/0/0:Freeze-Dry,Snowscape,Blizzard,Frost Breath	Gengar,Xatu,Froslass	55	53	Ghost,Psychic,Ice,Dark	108.3	Gengar	Xatu	Ghost,Dark,Rock	NONE	3 slots, levels 53-55. Offense covers 4 types. Shared weakness: Ghost, Dark, Rock. Speed spans 105-110 base, fastest Gengar, slowest Xatu.	data.js:trainers[464].normal	Measured	derived: team analysis; strategy_notes Inferred
464	Channeler Tasha	NA	route	Saffron City Gym	hardcore	8	Sabrina	59	FALSE	8|Saffron City Gym|Channeler Tasha	3	Gengar:55:55:UNK:NONE:Lonely:10/10/10/10/10/10:0/0/0/0/0/0:Nightmare,Hex,Destiny Bond,Dark Pulse|Xatu:54:54:Synchronize:NONE:Adamant:10/10/10/10/10/10:0/0/0/0/0/0:Me First,Guard Swap,Power Swap,Future Sight|Froslass:53:53:Stakeout:NONE:Quirky:10/10/10/10/10/10:0/0/0/0/0/0:Freeze-Dry,Snowscape,Blizzard,Frost Breath	Gengar,Xatu,Froslass	55	53	Ghost,Psychic,Ice,Dark	108.3	Gengar	Xatu	Ghost,Dark,Rock	NONE	3 slots, levels 53-55. Offense covers 4 types. Shared weakness: Ghost, Dark, Rock. Speed spans 105-110 base, fastest Gengar, slowest Xatu.	data.js:trainers[464].hardcore	Measured	derived: team analysis; strategy_notes Inferred
465	Hiker Jeremy	NA	route	Route 9	normal	3	Surge	34	FALSE	3|Route 9|Hiker Jeremy	2	Machop:30:30:Steadfast:NONE:Calm:10/10/10/10/10/10:0/0/0/0/0/0:Dynamic Punch,Scary Face,Cross Chop,Bulk Up|Stunfisk:30:30:Sand Veil:NONE:Hasty:10/10/10/10/10/10:0/0/0/0/0/0:Earth Power,Thunderbolt,Muddy Water,Bounce	Machop,Stunfisk	30	30	Fighting,Flying,Ground,Water,Electric	33.5	Machop	Stunfisk	NONE	NONE	2 slots, levels 30-30. Offense covers 5 types. No weakness shared by half the team. Speed spans 32-35 base, fastest Machop, slowest Stunfisk.	data.js:trainers[465].normal	Measured	derived: team analysis; strategy_notes Inferred
465	Hiker Jeremy	NA	route	Route 9	hardcore	3	Surge	34	FALSE	3|Route 9|Hiker Jeremy	2	Machop:30:30:Steadfast:NONE:Calm:10/10/10/10/10/10:0/0/0/0/0/0:Dynamic Punch,Scary Face,Cross Chop,Bulk Up|Stunfisk:30:30:Sand Veil:NONE:Hasty:10/10/10/10/10/10:0/0/0/0/0/0:Earth Power,Thunderbolt,Muddy Water,Bounce	Machop,Stunfisk	30	30	Fighting,Flying,Ground,Water,Electric	33.5	Machop	Stunfisk	NONE	NONE	2 slots, levels 30-30. Offense covers 5 types. No weakness shared by half the team. Speed spans 32-35 base, fastest Machop, slowest Stunfisk.	data.js:trainers[465].hardcore	Measured	derived: team analysis; strategy_notes Inferred
466	Picnicker Alma	NA	boss_candidate	Route 13	normal	9	Koga	68	TRUE	9|Route 13|Picnicker Alma	4	Tangrowth:65:104:Regenerator:Assault Vest:Timid:31/30/31/30/31/30:0/0/0/252/0/252:Solar Beam,Hidden Power,Sludge Bomb,Knock Off|Chansey:65:104:UNK:Eviolite:Bold:31/31/31/31/31/31:252/0/252/0/4/0:Thunder Wave,Seismic Toss,Teleport,Soft-Boiled|Chandelure:65:104:Shadow Tag:Choice Scarf:Timid:31/31/31/31/31/31:0/0/4/252/0/252:Fire Blast,Solar Beam,Shadow Ball,Trick|Altaria:65:104:Cloud Nine:Altarianite:Bold:31/31/31/31/31/31:252/0/252/4/0/0:Fire Blast,Hyper Voice,Roost,Earthquake	Tangrowth,Chansey,Chandelure,Altaria	65	65	Normal,Fighting,Poison,Ground,Ghost,Fire,Grass,Dark	65.0	Chandelure	Tangrowth	Ice,Rock	NONE	4 slots, levels 65-65. Offense covers 8 types. Shared weakness: Ice, Rock. Speed spans 50-80 base, fastest Chandelure, slowest Tangrowth. LEVEL-SCALED: rescales to the player, excluded from scoring.	data.js:trainers[466].normal	Measured	derived: team analysis; strategy_notes Inferred
466	Picnicker Alma	NA	boss_candidate	Route 13	hardcore	9	Koga	68	TRUE	9|Route 13|Picnicker Alma	5	Krookodile:66:101:Anger Point:Focus Sash:Jolly:31/31/31/31/31/31:0/0/0/0/0/0:Stealth Rock,Wicked Blow,Earthquake,Rock Slide|Tangrowth:66:101:Regenerator:Assault Vest:Timid:31/30/31/30/31/30:0/0/0/0/0/0:Solar Beam,Hidden Power,Sludge Bomb,Knock Off|Chansey:66:101:UNK:Eviolite:Bold:31/31/31/31/31/31:0/0/0/0/0/0:Thunder Wave,Seismic Toss,Teleport,Soft-Boiled|Chandelure:66:101:Shadow Tag:Choice Scarf:Timid:31/31/31/31/31/31:0/0/0/0/0/0:Fire Blast,Solar Beam,Shadow Ball,Trick|Altaria:66:101:Cloud Nine:Altarianite:Bold:31/31/31/31/31/31:0/0/0/0/0/0:Fire Blast,Hyper Voice,Roost,Earthquake	Krookodile,Tangrowth,Chansey,Chandelure,Altaria	66	66	Normal,Fighting,Poison,Ground,Rock,Ghost,Fire,Grass,Dark	70.4	Krookodile	Tangrowth	Ice	NONE	5 slots, levels 66-66. Offense covers 9 types. Shared weakness: Ice. Speed spans 50-92 base, fastest Krookodile, slowest Tangrowth. LEVEL-SCALED: rescales to the player, excluded from scoring.	data.js:trainers[466].hardcore	Measured	derived: team analysis; strategy_notes Inferred
467	Picnicker Susie	NA	boss_candidate	Route 13	normal	9	Koga	68	TRUE	9|Route 13|Picnicker Susie	5	Shiftry:65:104:Infiltrator:Life Orb:Adamant:31/31/31/31/31/31:0/252/4/0/0/252:Fake Out,Solar Blade,Knock Off,Parting Shot|Goodra:65:104:Gooey:Assault Vest:Modest:31/31/31/31/31/31:252/0/0/252/4/0:Fire Blast,Draco Barrage,Sludge Bomb,Thunderbolt|Espeon:65:104:Magic Bounce:Twisted Spoon:Timid:31/31/31/31/31/31:0/0/4/252/0/252:Calm Mind,Psychic,Weather Ball,Shadow Ball|Arcanine-Hisui:65:104:Rock Head:Air Balloon:Adamant:31/31/31/31/31/31:0/252/4/0/0/252:Head Smash,Solar Beam,Flare Blitz,Accelerock|Alcremie:65:104:Aroma Veil:Alcremite:Bold:31/31/31/31/31/31:252/0/252/4/0/0:Moonblast,Mystical Fire,Misty Explosion,Recover	Shiftry,Goodra,Espeon,Arcanine-Hisui,Alcremie	65	65	Normal,Poison,Rock,Ghost,Fire,Grass,Electric,Psychic,Dragon,Dark,Fairy	84.8	Espeon	Alcremie	NONE	NONE	5 slots, levels 65-65. Offense covers 11 types. No weakness shared by half the team. Speed spans 64-110 base, fastest Espeon, slowest Alcremie. LEVEL-SCALED: rescales to the player, excluded from scoring.	data.js:trainers[467].normal	Measured	derived: team analysis; strategy_notes Inferred
467	Picnicker Susie	NA	boss_candidate	Route 13	hardcore	9	Koga	68	TRUE	9|Route 13|Picnicker Susie	5	Shiftry:66:101:Infiltrator:Life Orb:Adamant:31/31/31/31/31/31:0/0/0/0/0/0:Fake Out,Solar Blade,Knock Off,Parting Shot|Goodra:66:101:Gooey:Assault Vest:Modest:31/31/31/31/31/31:0/0/0/0/0/0:Fire Blast,Draco Barrage,Sludge Bomb,Thunderbolt|Sylveon:66:101:Pixilate:Eevium Z:Timid:31/31/31/31/31/31:0/0/0/0/0/0:Last Resort,Hyper Voice,Weather Ball,Stored Power|Heatran:66:101:Flame Body:Air Balloon:Timid:31/31/31/31/31/31:0/0/0/0/0/0:Magma Storm,Solar Beam,Earth Power,Protect|Alcremie:66:101:Aroma Veil:Alcremite:Bold:31/31/31/31/31/31:0/0/0/0/0/0:Moonblast,Mystical Fire,Misty Explosion,Recover	Shiftry,Goodra,Sylveon,Heatran,Alcremie	66	66	Normal,Poison,Ground,Fire,Grass,Electric,Psychic,Dragon,Dark,Fairy	72.2	Shiftry	Sylveon	Poison	NONE	5 slots, levels 66-66. Offense covers 10 types. Shared weakness: Poison. Speed spans 60-80 base, fastest Shiftry, slowest Sylveon. LEVEL-SCALED: rescales to the player, excluded from scoring.	data.js:trainers[467].hardcore	Measured	derived: team analysis; strategy_notes Inferred
468	Picnicker Valerie	NA	route	Route 13	normal	9	Koga	68	FALSE	9|Route 13|Picnicker Valerie	2	Weepinbell:56:56:Gluttony:NONE:Naughty:5/5/5/5/5/5:0/0/0/0/0/0:Wring Out,Slam,Poison Jab,Razor Leaf|Ursaring:57:57:Guts:NONE:Sassy:5/5/5/5/5/5:0/0/0/0/0/0:Close Combat,Thrash,Rest,Scary Face	Weepinbell,Ursaring	57	56	Normal,Fighting,Poison,Grass	55.0	Weepinbell	Weepinbell	NONE	NONE	2 slots, levels 56-57. Offense covers 4 types. No weakness shared by half the team. Speed spans 55-55 base, fastest Weepinbell, slowest Weepinbell.	data.js:trainers[468].normal	Measured	derived: team analysis; strategy_notes Inferred
468	Picnicker Valerie	NA	route	Route 13	hardcore	9	Koga	68	FALSE	9|Route 13|Picnicker Valerie	2	Weepinbell:56:56:Gluttony:NONE:Naughty:5/5/5/5/5/5:0/0/0/0/0/0:Wring Out,Slam,Poison Jab,Razor Leaf|Ursaring:57:57:Guts:NONE:Sassy:5/5/5/5/5/5:0/0/0/0/0/0:Close Combat,Thrash,Rest,Scary Face	Weepinbell,Ursaring	57	56	Normal,Fighting,Poison,Grass	55.0	Weepinbell	Weepinbell	NONE	NONE	2 slots, levels 56-57. Offense covers 4 types. No weakness shared by half the team. Speed spans 55-55 base, fastest Weepinbell, slowest Weepinbell.	data.js:trainers[468].hardcore	Measured	derived: team analysis; strategy_notes Inferred
469	Picnicker Gwen	NA	boss_candidate	Route 13	normal	9	Koga	68	FALSE	9|Route 13|Picnicker Gwen	4	Nidorina:57:57:Hustle:NONE:Quirky:5/5/5/5/5/5:0/0/0/0/0/0:Poison Fang,Captivate,Crunch,Flatter|Eevee:57:57:UNK:NONE:Docile:5/5/5/5/5/5:0/0/0/0/0/0:Trump Card,Last Resort,Double-Edge,Charm|Prinplup:57:57:Competitive:NONE:Lax:5/5/5/5/5/5:0/0/0/0/0/0:Hydro Pump,Drill Peck,Mist,Whirlpool|Riolu:57:57:Prankster:NONE:Naive:5/5/5/5/5/5:0/0/0/0/0/0:Final Gambit,Reversal,Screech,Copycat	Nidorina,Eevee,Prinplup,Riolu	57	57	Normal,Fighting,Flying,Poison,Water,Dark	55.2	Riolu	Prinplup	Psychic	NONE	4 slots, levels 57-57. Offense covers 6 types. Shared weakness: Psychic. Speed spans 50-60 base, fastest Riolu, slowest Prinplup.	data.js:trainers[469].normal	Measured	derived: team analysis; strategy_notes Inferred
469	Picnicker Gwen	NA	boss_candidate	Route 13	hardcore	9	Koga	68	FALSE	9|Route 13|Picnicker Gwen	4	Nidorina:57:57:Hustle:NONE:Quirky:5/5/5/5/5/5:0/0/0/0/0/0:Poison Fang,Captivate,Crunch,Flatter|Eevee:57:57:UNK:NONE:Docile:5/5/5/5/5/5:0/0/0/0/0/0:Trump Card,Last Resort,Double-Edge,Charm|Prinplup:57:57:Competitive:NONE:Lax:5/5/5/5/5/5:0/0/0/0/0/0:Hydro Pump,Drill Peck,Mist,Whirlpool|Riolu:57:57:Prankster:NONE:Naive:5/5/5/5/5/5:0/0/0/0/0/0:Final Gambit,Reversal,Screech,Copycat	Nidorina,Eevee,Prinplup,Riolu	57	57	Normal,Fighting,Flying,Poison,Water,Dark	55.2	Riolu	Prinplup	Psychic	NONE	4 slots, levels 57-57. Offense covers 6 types. Shared weakness: Psychic. Speed spans 50-60 base, fastest Riolu, slowest Prinplup.	data.js:trainers[469].hardcore	Measured	derived: team analysis; strategy_notes Inferred
470	Biker Virgil	NA	route	Route 17	normal	9	Koga	68	FALSE	9|Route 17|Biker Virgil	3	Klinklang:54:54:Steely Spirit:NONE:Brave:10/10/10/10/10/10:0/0/0/0/0/0:Smokescreen,Gear Grind,Wild Charge,Shift Gear|Seismitoad:54:54:Water Absorb:NONE:Jolly:10/10/10/10/10/10:0/0/0/0/0/0:Smokescreen,Scald,Earth Power,Sludge Bomb|Bouffalant:55:55:Bull Rush:NONE:Adamant:10/10/10/10/10/10:0/0/0/0/0/0:Smokescreen,Head Charge,Earthquake	Klinklang,Seismitoad,Bouffalant	55	54	Normal,Poison,Ground,Steel,Water,Electric	76.3	Klinklang	Bouffalant	Fighting	NONE	3 slots, levels 54-55. Offense covers 6 types. Shared weakness: Fighting. Speed spans 65-90 base, fastest Klinklang, slowest Bouffalant.	data.js:trainers[470].normal	Measured	derived: team analysis; strategy_notes Inferred
470	Biker Virgil	NA	route	Route 17	hardcore	9	Koga	68	FALSE	9|Route 17|Biker Virgil	3	Klinklang:54:54:Steely Spirit:NONE:Brave:10/10/10/10/10/10:0/0/0/0/0/0:Smokescreen,Gear Grind,Wild Charge,Shift Gear|Seismitoad:54:54:Water Absorb:NONE:Jolly:10/10/10/10/10/10:0/0/0/0/0/0:Smokescreen,Scald,Earth Power,Sludge Bomb|Bouffalant:55:55:Bull Rush:NONE:Adamant:10/10/10/10/10/10:0/0/0/0/0/0:Smokescreen,Head Charge,Earthquake	Klinklang,Seismitoad,Bouffalant	55	54	Normal,Poison,Ground,Steel,Water,Electric	76.3	Klinklang	Bouffalant	Fighting	NONE	3 slots, levels 54-55. Offense covers 6 types. Shared weakness: Fighting. Speed spans 65-90 base, fastest Klinklang, slowest Bouffalant.	data.js:trainers[470].hardcore	Measured	derived: team analysis; strategy_notes Inferred
471	Camper Flint	NA	route	Route 25	normal	2	Misty	27	FALSE	2|Route 25|Camper Flint	2	Farfetch’d-Galar:18:18:Scrappy:NONE:Impish:5/5/5/5/5/5:0/0/0/0/0/0:Brave Bird,Final Gambit,Leaf Blade,Slam|Skwovet:20:20:Cheek Pouch:NONE:Quiet:5/5/5/5/5/5:0/0/0/0/0/0:Belch,Super Fang,Counter,Rest	Farfetch’d-Galar,Skwovet	20	18	Normal,Fighting,Flying,Poison,Grass	40.0	Farfetch’d-Galar	Skwovet	NONE	NONE	2 slots, levels 18-20. Offense covers 5 types. No weakness shared by half the team. Speed spans 25-55 base, fastest Farfetch’d-Galar, slowest Skwovet.	data.js:trainers[471].normal	Measured	derived: team analysis; strategy_notes Inferred
471	Camper Flint	NA	route	Route 25	hardcore	2	Misty	27	FALSE	2|Route 25|Camper Flint	2	Farfetch’d-Galar:18:18:Scrappy:NONE:Impish:5/5/5/5/5/5:0/0/0/0/0/0:Brave Bird,Final Gambit,Leaf Blade,Slam|Skwovet:20:20:Cheek Pouch:NONE:Quiet:5/5/5/5/5/5:0/0/0/0/0/0:Belch,Super Fang,Counter,Rest	Farfetch’d-Galar,Skwovet	20	18	Normal,Fighting,Flying,Poison,Grass	40.0	Farfetch’d-Galar	Skwovet	NONE	NONE	2 slots, levels 18-20. Offense covers 5 types. No weakness shared by half the team. Speed spans 25-55 base, fastest Farfetch’d-Galar, slowest Skwovet.	data.js:trainers[471].hardcore	Measured	derived: team analysis; strategy_notes Inferred
472	Picnicker Missy	NA	route	Route 20	normal	10	May	73	FALSE	10|Route 20|Picnicker Missy	2	Clodsire:64:64:Unaware:NONE:Lax:5/5/5/5/5/5:0/0/0/0/0/0:Earthquake,Toxic,Megahorn,Sludge Wave|Gastrodon:64:64:Sticky Hold:NONE:Rash:5/5/5/5/5/5:0/0/0/0/0/0:Recover,Muddy Water,Body Slam,Rain Dance	Clodsire,Gastrodon	64	64	Normal,Poison,Ground,Bug,Water	29.5	Gastrodon	Clodsire	NONE	NONE	2 slots, levels 64-64. Offense covers 5 types. No weakness shared by half the team. Speed spans 20-39 base, fastest Gastrodon, slowest Clodsire.	data.js:trainers[472].normal	Measured	derived: team analysis; strategy_notes Inferred
472	Picnicker Missy	NA	route	Route 20	hardcore	10	May	73	FALSE	10|Route 20|Picnicker Missy	2	Clodsire:64:64:Unaware:NONE:Lax:5/5/5/5/5/5:0/0/0/0/0/0:Earthquake,Toxic,Megahorn,Sludge Wave|Gastrodon:64:64:Sticky Hold:NONE:Rash:5/5/5/5/5/5:0/0/0/0/0/0:Recover,Muddy Water,Body Slam,Rain Dance	Clodsire,Gastrodon	64	64	Normal,Poison,Ground,Bug,Water	29.5	Gastrodon	Clodsire	NONE	NONE	2 slots, levels 64-64. Offense covers 5 types. No weakness shared by half the team. Speed spans 20-39 base, fastest Gastrodon, slowest Clodsire.	data.js:trainers[472].hardcore	Measured	derived: team analysis; strategy_notes Inferred
473	Picnicker Irene	NA	route	Route 20	normal	10	May	73	FALSE	10|Route 20|Picnicker Irene	3	Tentacruel:62:62:Rain Dish:NONE:Adamant:5/5/5/5/5/5:0/0/0/0/0/0:Hydro Pump,Sludge Wave,Hex,Screech|Swanna:63:63:Frisk:NONE:Sassy:5/5/5/5/5/5:0/0/0/0/0/0:Hurricane,Hydro Pump,Tailwind,Rain Dance|Dewgong:63:63:Ice Body:NONE:Naughty:5/5/5/5/5/5:0/0/0/0/0/0:Snowscape,Safeguard,Aqua Tail,Dive	Tentacruel,Swanna,Dewgong	63	62	Flying,Poison,Ghost,Water	92.7	Swanna	Dewgong	Electric,Rock	NONE	3 slots, levels 62-63. Offense covers 4 types. Shared weakness: Electric, Rock. Speed spans 70-108 base, fastest Swanna, slowest Dewgong.	data.js:trainers[473].normal	Measured	derived: team analysis; strategy_notes Inferred
473	Picnicker Irene	NA	route	Route 20	hardcore	10	May	73	FALSE	10|Route 20|Picnicker Irene	3	Tentacruel:62:62:Rain Dish:NONE:Adamant:5/5/5/5/5/5:0/0/0/0/0/0:Hydro Pump,Sludge Wave,Hex,Screech|Swanna:63:63:Frisk:NONE:Sassy:5/5/5/5/5/5:0/0/0/0/0/0:Hurricane,Hydro Pump,Tailwind,Rain Dance|Dewgong:63:63:Ice Body:NONE:Naughty:5/5/5/5/5/5:0/0/0/0/0/0:Snowscape,Safeguard,Aqua Tail,Dive	Tentacruel,Swanna,Dewgong	63	62	Flying,Poison,Ghost,Water	92.7	Swanna	Dewgong	Electric,Rock	NONE	3 slots, levels 62-63. Offense covers 4 types. Shared weakness: Electric, Rock. Speed spans 70-108 base, fastest Swanna, slowest Dewgong.	data.js:trainers[473].hardcore	Measured	derived: team analysis; strategy_notes Inferred
474	Picnicker Dana	NA	route	Rock Tunnel 1F	normal	3	Surge	34	FALSE	3|Rock Tunnel 1F|Picnicker Dana	3	Zorua:34:34:UNK:NONE:Mild:5/5/5/5/5/5:0/0/0/0/0/0:Night Daze,Imprison,Nasty Plot,Punishment|Clobbopus:35:35:Technician:NONE:Modest:5/5/5/5/5/5:0/0/0/0/0/0:Brutal Swing,Superpower,Reversal,Taunt|Golduck:35:35:Neuroforce:NONE:Adamant:5/5/5/5/5/5:0/0/0/0/0/0:Wonder Room,Hydro Pump,Nasty Plot,Psych Up	Zorua,Clobbopus,Golduck	35	34	Fighting,Water,Dark	65.7	Golduck	Clobbopus	Bug,Fairy,Grass,Electric	NONE	3 slots, levels 34-35. Offense covers 3 types. Shared weakness: Bug, Fairy, Grass, Electric. Speed spans 32-100 base, fastest Golduck, slowest Clobbopus.	data.js:trainers[474].normal	Measured	derived: team analysis; strategy_notes Inferred
474	Picnicker Dana	NA	boss_candidate	Rock Tunnel 1F	hardcore	3	Surge	34	TRUE	3|Rock Tunnel 1F|Picnicker Dana	5	Ribombee:32:101:Swarm:Focus Sash:Naive:31/31/31/31/31/31:0/0/0/0/0/0:Sticky Web,U-turn,Moonblast,Stun Spore|Bouffalant:33:102:Bull Rush:Silk Scarf:Jolly:31/31/31/31/31/31:0/0/0/0/0/0:Head Charge,Throat Chop,Earthquake,Rock Slide|Clawitzer:34:103:UNK:Expert Belt:Timid:31/31/31/31/31/31:0/0/0/0/0/0:Water Pulse,Dark Pulse,Aura Sphere,Ice Beam|Rampardos:34:103:Sheer Force:Hard Stone:Jolly:31/31/31/31/31/31:0/0/0/0/0/0:Power-Up Punch,Accelerock,Earthquake,Head Smash|Magmortar:34:103:Mega Launcher:Magmarizer:Timid:31/31/31/31/31/31:0/0/0/0/0/0:Flamethrower,Aura Sphere,Thunderbolt,Dark Pulse	Ribombee,Bouffalant,Clawitzer,Rampardos,Magmortar	34	32	Normal,Fighting,Ground,Rock,Bug,Fire,Water,Electric,Ice,Dark,Fairy	83.4	Ribombee	Rampardos	NONE	NONE	5 slots, levels 32-34. Offense covers 11 types. No weakness shared by half the team. Speed spans 58-124 base, fastest Ribombee, slowest Rampardos. LEVEL-SCALED: rescales to the player, excluded from scoring.	data.js:trainers[474].hardcore	Measured	derived: team analysis; strategy_notes Inferred
475	Picnicker Ariana	NA	boss_candidate	Rock Tunnel 1F	normal	3	Surge	34	FALSE	3|Rock Tunnel 1F|Picnicker Ariana	4	Gloom:33:33:Stench:NONE:Quiet:5/5/5/5/5/5:0/0/0/0/0/0:Apple Acid,Strength Sap,Petal Dance,Grassy Terrain|Chatot:33:33:Frisk:NONE:Timid:5/5/5/5/5/5:0/0/0/0/0/0:Boomburst,Feather Dance,Synchronoise,Hyper Voice|Luxio:31:31:Guts:NONE:Modest:5/5/5/5/5/5:0/0/0/0/0/0:Wild Charge,Discharge,Scary Face,Crunch|Roselia:35:35:Leaf Guard:NONE:Brave:5/5/5/5/5/5:0/0/0/0/0/0:Leaf Storm,Petal Dance,Synthesis,Aromatherapy	Gloom,Chatot,Luxio,Roselia	35	31	Normal,Grass,Electric,Psychic,Dark	66.5	Chatot	Gloom	Flying,Fire,Psychic,Ice	NONE	4 slots, levels 31-35. Offense covers 5 types. Shared weakness: Flying, Fire, Psychic, Ice. Speed spans 40-101 base, fastest Chatot, slowest Gloom.	data.js:trainers[475].normal	Measured	derived: team analysis; strategy_notes Inferred
475	Picnicker Ariana	NA	boss_candidate	Rock Tunnel 1F	hardcore	3	Surge	34	FALSE	3|Rock Tunnel 1F|Picnicker Ariana	4	Gloom:33:33:Stench:NONE:Quiet:5/5/5/5/5/5:0/0/0/0/0/0:Apple Acid,Strength Sap,Petal Dance,Grassy Terrain|Chatot:33:33:Frisk:NONE:Timid:5/5/5/5/5/5:0/0/0/0/0/0:Boomburst,Feather Dance,Synchronoise,Hyper Voice|Luxio:31:31:Guts:NONE:Modest:5/5/5/5/5/5:0/0/0/0/0/0:Wild Charge,Discharge,Scary Face,Crunch|Roselia:35:35:Leaf Guard:NONE:Brave:5/5/5/5/5/5:0/0/0/0/0/0:Leaf Storm,Petal Dance,Synthesis,Aromatherapy	Gloom,Chatot,Luxio,Roselia	35	31	Normal,Grass,Electric,Psychic,Dark	66.5	Chatot	Gloom	Flying,Fire,Psychic,Ice	NONE	4 slots, levels 31-35. Offense covers 5 types. Shared weakness: Flying, Fire, Psychic, Ice. Speed spans 40-101 base, fastest Chatot, slowest Gloom.	data.js:trainers[475].hardcore	Measured	derived: team analysis; strategy_notes Inferred
476	Picnicker Leah	NA	route	Rock Tunnel 1F	normal	3	Surge	34	FALSE	3|Rock Tunnel 1F|Picnicker Leah	2	Doduo:34:34:UNK:NONE:Calm:5/5/5/5/5/5:0/0/0/0/0/0:Thrash,Endeavor,Drill Peck,Jump Kick|Poliwhirl:35:35:Swift Swim:NONE:Relaxed:5/5/5/5/5/5:0/0/0/0/0/0:Mud Bomb,Hydro Pump,Wake-Up Slap,Belly Drum	Doduo,Poliwhirl	35	34	Normal,Fighting,Flying,Ground,Water	82.5	Poliwhirl	Doduo	Electric	NONE	2 slots, levels 34-35. Offense covers 5 types. Shared weakness: Electric. Speed spans 75-90 base, fastest Poliwhirl, slowest Doduo.	data.js:trainers[476].normal	Measured	derived: team analysis; strategy_notes Inferred
476	Picnicker Leah	NA	route	Rock Tunnel 1F	hardcore	3	Surge	34	FALSE	3|Rock Tunnel 1F|Picnicker Leah	2	Doduo:34:34:UNK:NONE:Calm:5/5/5/5/5/5:0/0/0/0/0/0:Thrash,Endeavor,Drill Peck,Jump Kick|Poliwhirl:35:35:Swift Swim:NONE:Relaxed:5/5/5/5/5/5:0/0/0/0/0/0:Mud Bomb,Hydro Pump,Wake-Up Slap,Belly Drum	Doduo,Poliwhirl	35	34	Normal,Fighting,Flying,Ground,Water	82.5	Poliwhirl	Doduo	Electric	NONE	2 slots, levels 34-35. Offense covers 5 types. Shared weakness: Electric. Speed spans 75-90 base, fastest Poliwhirl, slowest Doduo.	data.js:trainers[476].hardcore	Measured	derived: team analysis; strategy_notes Inferred
477	Camper Justin	NA	route	Route 12	normal	3	Surge	34	TRUE	3|Route 12|Camper Justin	3	Darmanitan-Galar:31:104:Zen Mode:Choice Scarf:Jolly:31/31/31/31/31/31:0/252/0/0/4/252:U-turn,Flare Blitz,Icicle Crash,Earthquake|Sandslash-Alola:31:104:Ice Scales:Focus Sash:Jolly:31/31/31/31/31/31:0/252/0/0/4/252:Swords Dance,Earthquake,Iron Head,Icicle Crash|Conkeldurr:31:104:Iron Fist:Assault Vest:Careful:31/31/31/31/31/31:252/4/0/0/252/0:Drain Punch,Mach Punch,Knock Off,Thunder Punch	Darmanitan-Galar,Sandslash-Alola,Conkeldurr	31	31	Fighting,Ground,Bug,Steel,Fire,Electric,Ice,Dark	68.3	Darmanitan-Galar	Conkeldurr	Fighting,Fire	NONE	3 slots, levels 31-31. Offense covers 8 types. Shared weakness: Fighting, Fire. Speed spans 45-95 base, fastest Darmanitan-Galar, slowest Conkeldurr. LEVEL-SCALED: rescales to the player, excluded from scoring.	data.js:trainers[477].normal	Measured	derived: team analysis; strategy_notes Inferred
477	Camper Justin	NA	boss_candidate	Route 12	hardcore	3	Surge	34	TRUE	3|Route 12|Camper Justin	4	Darmanitan-Galar:32:101:Zen Mode:Charti Berry:Jolly:31/31/31/31/31/31:0/0/0/0/0/0:U-turn,Flare Blitz,Icicle Crash,Earthquake|Cetitan:32:101:Thick Fat:Sitrus Berry:Jolly:31/31/31/31/31/31:0/0/0/0/0/0:Belly Drum,Icicle Crash,Earthquake,Play Rough|Conkeldurr:32:101:Iron Fist:Assault Vest:Careful:31/31/31/31/31/31:0/0/0/0/0/0:Drain Punch,Mach Punch,Knock Off,Thunder Punch|Gengar:32:101:UNK:Ghostium Z:Timid:31/31/31/31/31/31:0/0/0/0/0/0:Nasty Plot,Shadow Ball,Focus Blast,Sludge Wave	Darmanitan-Galar,Cetitan,Conkeldurr,Gengar	32	32	Fighting,Poison,Ground,Bug,Ghost,Fire,Electric,Ice,Dark,Fairy	80.8	Gengar	Conkeldurr	Fighting,Rock,Steel,Fire,Psychic	NONE	4 slots, levels 32-32. Offense covers 10 types. Shared weakness: Fighting, Rock, Steel, Fire, Psychic. Speed spans 45-110 base, fastest Gengar, slowest Conkeldurr. LEVEL-SCALED: rescales to the player, excluded from scoring.	data.js:trainers[477].hardcore	Measured	derived: team analysis; strategy_notes Inferred
478	Picnicker Yazmin	NA	route	Route 15	normal	9	Koga	68	FALSE	9|Route 15|Picnicker Yazmin	3	Weepinbell:57:57:Gluttony:NONE:Serious:5/5/5/5/5/5:0/0/0/0/0/0:Wring Out,Slam,Poison Jab,Razor Leaf|Leavanny:57:57:Sharpness:NONE:Hardy:5/5/5/5/5/5:0/0/0/0/0/0:Victory Dance,Sacred Sword,Leaf Storm,Swords Dance|Alcremie:58:58:Aroma Veil:NONE:Calm:5/5/5/5/5/5:0/0/0/0/0/0:Moonblast,Entrainment,Misty Terrain,Recover	Weepinbell,Leavanny,Alcremie	58	57	Normal,Fighting,Poison,Grass,Fairy	70.3	Leavanny	Weepinbell	Flying,Fire,Ice,Poison	NONE	3 slots, levels 57-58. Offense covers 5 types. Shared weakness: Flying, Fire, Ice, Poison. Speed spans 55-92 base, fastest Leavanny, slowest Weepinbell.	data.js:trainers[478].normal	Measured	derived: team analysis; strategy_notes Inferred
478	Picnicker Yazmin	NA	route	Route 15	hardcore	9	Koga	68	FALSE	9|Route 15|Picnicker Yazmin	3	Weepinbell:57:57:Gluttony:NONE:Serious:5/5/5/5/5/5:0/0/0/0/0/0:Wring Out,Slam,Poison Jab,Razor Leaf|Leavanny:57:57:Sharpness:NONE:Hardy:5/5/5/5/5/5:0/0/0/0/0/0:Victory Dance,Sacred Sword,Leaf Storm,Swords Dance|Alcremie:58:58:Aroma Veil:NONE:Calm:5/5/5/5/5/5:0/0/0/0/0/0:Moonblast,Entrainment,Misty Terrain,Recover	Weepinbell,Leavanny,Alcremie	58	57	Normal,Fighting,Poison,Grass,Fairy	70.3	Leavanny	Weepinbell	Flying,Fire,Ice,Poison	NONE	3 slots, levels 57-58. Offense covers 5 types. Shared weakness: Flying, Fire, Ice, Poison. Speed spans 55-92 base, fastest Leavanny, slowest Weepinbell.	data.js:trainers[478].hardcore	Measured	derived: team analysis; strategy_notes Inferred
479	Picnicker Kindra	NA	route	Route 15	normal	9	Koga	68	FALSE	9|Route 15|Picnicker Kindra	3	Eldegoss:57:57:Effect Spore:NONE:Bold:5/5/5/5/5/5:0/0/0/0/0/0:Cotton Guard,Leaf Storm,Aromatherapy,Hyper Voice|Flapple:58:58:Hustle:NONE:Naughty:5/5/5/5/5/5:0/0/0/0/0/0:Dragon Energy,Scale Shot,Outrage,Dragon Dance|Venomoth:56:56:Wonder Skin:NONE:Naive:5/5/5/5/5/5:0/0/0/0/0/0:Quiver Dance,Psychic,Poison Fang,Zen Headbutt	Eldegoss,Flapple,Venomoth	58	56	Normal,Poison,Grass,Psychic,Dragon	73.3	Venomoth	Eldegoss	Flying,Poison,Bug,Fire,Ice	Steel	3 slots, levels 56-58. Offense covers 5 types. Shared weakness: Flying, Poison, Bug, Fire, Ice. A pure Steel type resists everything it carries. Speed spans 60-90 base, fastest Venomoth, slowest Eldegoss.	data.js:trainers[479].normal	Measured	derived: team analysis; strategy_notes Inferred
479	Picnicker Kindra	NA	route	Route 15	hardcore	9	Koga	68	FALSE	9|Route 15|Picnicker Kindra	3	Eldegoss:57:57:Effect Spore:NONE:Bold:5/5/5/5/5/5:0/0/0/0/0/0:Cotton Guard,Leaf Storm,Aromatherapy,Hyper Voice|Flapple:58:58:Hustle:NONE:Naughty:5/5/5/5/5/5:0/0/0/0/0/0:Dragon Energy,Scale Shot,Outrage,Dragon Dance|Venomoth:56:56:Wonder Skin:NONE:Naive:5/5/5/5/5/5:0/0/0/0/0/0:Quiver Dance,Psychic,Poison Fang,Zen Headbutt	Eldegoss,Flapple,Venomoth	58	56	Normal,Poison,Grass,Psychic,Dragon	73.3	Venomoth	Eldegoss	Flying,Poison,Bug,Fire,Ice	Steel	3 slots, levels 56-58. Offense covers 5 types. Shared weakness: Flying, Poison, Bug, Fire, Ice. A pure Steel type resists everything it carries. Speed spans 60-90 base, fastest Venomoth, slowest Eldegoss.	data.js:trainers[479].hardcore	Measured	derived: team analysis; strategy_notes Inferred
480	Picnicker Becky	NA	route	Route 15	normal	9	Koga	68	FALSE	9|Route 15|Picnicker Becky	2	Raichu:57:57:Lightning Rod:NONE:Docile:5/5/5/5/5/5:0/0/0/0/0/0:Zippy Zap,Extreme Speed,Thunderbolt,Quick Attack|Raichu-Alola:58:58:Surge Surfer:NONE:Careful:5/5/5/5/5/5:0/0/0/0/0/0:Thunderbolt,Quick Attack,Thunder Shock,Speed Swap	Raichu,Raichu-Alola	58	57	Normal,Electric	110.0	Raichu	Raichu	Ground	NONE	2 slots, levels 57-58. Offense covers 2 types. Shared weakness: Ground. Speed spans 110-110 base, fastest Raichu, slowest Raichu.	data.js:trainers[480].normal	Measured	derived: team analysis; strategy_notes Inferred
480	Picnicker Becky	NA	route	Route 15	hardcore	9	Koga	68	FALSE	9|Route 15|Picnicker Becky	2	Raichu:57:57:Lightning Rod:NONE:Docile:5/5/5/5/5/5:0/0/0/0/0/0:Zippy Zap,Extreme Speed,Thunderbolt,Quick Attack|Raichu-Alola:58:58:Surge Surfer:NONE:Careful:5/5/5/5/5/5:0/0/0/0/0/0:Thunderbolt,Quick Attack,Thunder Shock,Speed Swap	Raichu,Raichu-Alola	58	57	Normal,Electric	110.0	Raichu	Raichu	Ground	NONE	2 slots, levels 57-58. Offense covers 2 types. Shared weakness: Ground. Speed spans 110-110 base, fastest Raichu, slowest Raichu.	data.js:trainers[480].hardcore	Measured	derived: team analysis; strategy_notes Inferred
481	Picnicker Celia	NA	route	Route 15	normal	9	Koga	68	FALSE	9|Route 15|Picnicker Celia	1	Delcatty:58:58:Feline Prowess:NONE:Lax:5/5/5/5/5/5:0/0/0/0/0/0:Hyper Voice,Round,Attract,Sing	Delcatty	58	58	Normal	90.0	Delcatty	Delcatty	NONE	Rock,Ghost,Steel	1 slots, levels 58-58. Offense covers 1 types. No weakness shared by half the team. A pure Rock type resists everything it carries. Speed spans 90-90 base, fastest Delcatty, slowest Delcatty.	data.js:trainers[481].normal	Measured	derived: team analysis; strategy_notes Inferred
481	Picnicker Celia	NA	route	Route 15	hardcore	9	Koga	68	FALSE	9|Route 15|Picnicker Celia	1	Delcatty:58:58:Feline Prowess:NONE:Lax:5/5/5/5/5/5:0/0/0/0/0/0:Hyper Voice,Round,Attract,Sing	Delcatty	58	58	Normal	90.0	Delcatty	Delcatty	NONE	Rock,Ghost,Steel	1 slots, levels 58-58. Offense covers 1 types. No weakness shared by half the team. A pure Rock type resists everything it carries. Speed spans 90-90 base, fastest Delcatty, slowest Delcatty.	data.js:trainers[481].hardcore	Measured	derived: team analysis; strategy_notes Inferred
482	Gentleman Brooks	NA	route	S.S. Anne 1F	normal	2	Misty	27	TRUE	2|S.S. Anne 1F|Gentleman Brooks	3	Dartrix:25:101:Tinted Lens:Miracle Seed:Modest:31/30/31/30/31/30:0/0/0/0/0/0:Shadow Sneak,Grass Pledge,Air Slash,Hidden Power|Simisage:25:101:Sage Power:Miracle Seed:Timid:31/30/31/30/31/30:0/0/0/0/0/0:Grass Pledge,Focus Blast,Hidden Power,Power Gem|Wigglytuff:25:101:Frisk:Life Orb:Modest:31/31/31/31/31/31:0/0/0/0/0/0:Drain Kiss,Shock Wave,Round,Incinerate	Dartrix,Simisage,Wigglytuff	25	25	Normal,Fighting,Flying,Rock,Ghost,Fire,Grass,Electric,Fairy	66.0	Simisage	Wigglytuff	Flying,Poison,Fire,Ice	NONE	3 slots, levels 25-25. Offense covers 9 types. Shared weakness: Flying, Poison, Fire, Ice. Speed spans 45-101 base, fastest Simisage, slowest Wigglytuff. LEVEL-SCALED: rescales to the player, excluded from scoring.	data.js:trainers[482].normal	Measured	derived: team analysis; strategy_notes Inferred
482	Gentleman Brooks	NA	route	S.S. Anne 1F	hardcore	2	Misty	27	TRUE	2|S.S. Anne 1F|Gentleman Brooks	3	Decidueye:27:103:Tinted Lens:Miracle Seed:Bashful:31/30/31/30/31/30:0/0/0/0/0/0:Spirit Shackle,Grass Pledge,Air Slash,Hidden Power|Simisage:27:103:Sage Power:Choice Scarf:Timid:31/30/31/30/31/30:0/0/0/0/0/0:Grass Pledge,Focus Blast,Hidden Power,Power Gem|Wigglytuff:27:103:Frisk:Life Orb:Modest:31/31/31/31/31/31:0/0/0/0/0/0:Moonblast,Thunderbolt,Flamethrower,Ice Beam	Decidueye,Simisage,Wigglytuff	27	27	Normal,Fighting,Flying,Rock,Ghost,Fire,Grass,Electric,Ice,Fairy	82.0	Simisage	Wigglytuff	Flying,Fire,Ice,Poison	NONE	3 slots, levels 27-27. Offense covers 10 types. Shared weakness: Flying, Fire, Ice, Poison. Speed spans 45-101 base, fastest Simisage, slowest Wigglytuff. LEVEL-SCALED: rescales to the player, excluded from scoring.	data.js:trainers[482].hardcore	Measured	derived: team analysis; strategy_notes Inferred
483	Gentleman Lamar	NA	route	S.S. Anne 2F Room 4	normal	2	Misty	27	FALSE	2|S.S. Anne 2F Room 4|Gentleman Lamar	2	Ponyta:27:27:Flame Body:NONE:Hasty:15/15/15/15/15/15:0/0/0/0/0/0:Flare Blitz,Bounce,Fire Blast,Agility|Herdier:26:26:Intimidate:NONE:Hasty:15/15/15/15/15/15:0/0/0/0/0/0:Play Rough,Giga Impact,Last Resort,Reversal	Ponyta,Herdier	27	26	Normal,Fighting,Flying,Fire,Fairy	75.0	Ponyta	Herdier	NONE	NONE	2 slots, levels 26-27. Offense covers 5 types. No weakness shared by half the team. Speed spans 60-90 base, fastest Ponyta, slowest Herdier.	data.js:trainers[483].normal	Measured	derived: team analysis; strategy_notes Inferred
483	Gentleman Lamar	NA	route	S.S. Anne 2F Room 4	hardcore	2	Misty	27	FALSE	2|S.S. Anne 2F Room 4|Gentleman Lamar	2	Ponyta:27:27:Flame Body:NONE:Hasty:15/15/15/15/15/15:0/0/0/0/0/0:Flare Blitz,Bounce,Fire Blast,Agility|Herdier:26:26:Intimidate:NONE:Hasty:15/15/15/15/15/15:0/0/0/0/0/0:Play Rough,Giga Impact,Last Resort,Reversal	Ponyta,Herdier	27	26	Normal,Fighting,Flying,Fire,Fairy	75.0	Ponyta	Herdier	NONE	NONE	2 slots, levels 26-27. Offense covers 5 types. No weakness shared by half the team. Speed spans 60-90 base, fastest Ponyta, slowest Herdier.	data.js:trainers[483].hardcore	Measured	derived: team analysis; strategy_notes Inferred
484	Twins Eli & Anne	NA	route	Route 8	normal	3	Surge	34	FALSE	3|Route 8|Twins Eli & Anne	2	Swinub:36:36:Thick Fat:NONE:Modest:5/5/5/5/5/5:0/0/0/0/0/0:Amnesia,Icicle Crash,Flail,Earthquake|Espurr:37:37:Infiltrator:NONE:Calm:5/5/5/5/5/5:0/0/0/0/0/0:Psyshock,Disarm Cry,Fake Out,Psybeam	Swinub,Espurr	37	36	Normal,Ground,Psychic,Ice,Fairy	59.0	Espurr	Swinub	NONE	NONE	2 slots, levels 36-37. Offense covers 5 types. No weakness shared by half the team. Speed spans 50-68 base, fastest Espurr, slowest Swinub.	data.js:trainers[484].normal	Measured	derived: team analysis; strategy_notes Inferred
484	Twins Eli & Anne	NA	route	Route 8	hardcore	3	Surge	34	FALSE	3|Route 8|Twins Eli & Anne	2	Swinub:36:36:Thick Fat:NONE:Modest:5/5/5/5/5/5:0/0/0/0/0/0:Amnesia,Icicle Crash,Flail,Earthquake|Espurr:37:37:Infiltrator:NONE:Calm:5/5/5/5/5/5:0/0/0/0/0/0:Psyshock,Disarm Cry,Fake Out,Psybeam	Swinub,Espurr	37	36	Normal,Ground,Psychic,Ice,Fairy	59.0	Espurr	Swinub	NONE	NONE	2 slots, levels 36-37. Offense covers 5 types. No weakness shared by half the team. Speed spans 50-68 base, fastest Espurr, slowest Swinub.	data.js:trainers[484].hardcore	Measured	derived: team analysis; strategy_notes Inferred
485	Cool Couple Ray & Tyra	NA	route	Victory Road 3F	normal	16	Elite-4	85	FALSE	16|Victory Road 3F|Cool Couple Ray & Tyra	2	Nidoqueen:85:85:Sheer Force:Life Orb:Modest:31/31/31/31/31/31:252/0/0/252/0/6:Ice Beam,Earth Power,Sludge Bomb,Flamethrower|Nidoking:85:85:Sheer Force:Life Orb:Timid:31/31/31/31/31/31:6/0/0/252/0/252:Ice Beam,Earth Power,Sludge Bomb,Flamethrower	Nidoqueen,Nidoking	85	85	Poison,Ground,Fire,Ice	80.5	Nidoking	Nidoqueen	Ground,Water,Psychic,Ice	NONE	2 slots, levels 85-85. Offense covers 4 types. Shared weakness: Ground, Water, Psychic, Ice. Speed spans 76-85 base, fastest Nidoking, slowest Nidoqueen.	data.js:trainers[485].normal	Measured	derived: team analysis; strategy_notes Inferred
485	Cool Couple Ray & Tyra	NA	boss_candidate	Victory Road 3F	hardcore	16	Elite-4	85	TRUE	16|Victory Road 3F|Cool Couple Ray & Tyra	6	Darmanitan:85:103:Zen Mode:Iapapa Berry:Quiet:31/31/31/31/31/0:0/0/0/0/0/0:Trick Room,Flamethrower,Psychic,Focus Blast|Scrafty:85:103:Shed Skin:Assault Vest:Brave:31/31/31/31/31/0:0/0/0/0/0/0:Fake Out,Knock Off,Drain Punch,Ice Punch|Copperajah:85:103:UNK:Copperajite:Brave:31/31/31/31/31/0:0/0/0/0/0/0:Double Iron Bash,Close Combat,Heat Crash,Power Whip|Runerigus:85:103:Multiscale:Iapapa Berry:Relaxed:31/31/31/31/31/0:0/0/0/0/0/0:Will-O-Wisp,Trick Room,Earthquake,Poltergeist|Dragalge:85:103:Adaptability:Poison Barb:Quiet:31/31/31/31/31/0:0/0/0/0/0/0:Sludge Wave,Flamethrower,Draco Barrage,Scald|Vikavolt:85:103:UNK:Magnet:Quiet:31/31/31/31/31/0:0/0/0/0/0/0:Thunderbolt,Bug Buzz,Energy Ball,Volt Switch	Darmanitan,Scrafty,Copperajah,Runerigus,Dragalge,Vikavolt	85	85	Normal,Fighting,Poison,Ground,Bug,Ghost,Steel,Fire,Water,Grass,Electric,Psychic,Ice,Dragon,Dark	50.0	Darmanitan	Copperajah	Ground	NONE	6 slots, levels 85-85. Offense covers 15 types. Shared weakness: Ground. Speed spans 30-95 base, fastest Darmanitan, slowest Copperajah. LEVEL-SCALED: rescales to the player, excluded from scoring.	data.js:trainers[485].hardcore	Measured	derived: team analysis; strategy_notes Inferred
486	Young Couple Gia & Jes	NA	route	Route 12	normal	3	Surge	34	FALSE	3|Route 12|Young Couple Gia & Jes	2	Toxtricity:38:38:Technician:NONE:Mild:15/15/15/15/15/15:0/0/0/0/0/0:Shift Gear,Boomburst,Overdrive,Poison Jab|Toxtricity-Low-Key:38:38:Punk Rock:NONE:Bold:15/15/15/15/15/15:0/0/0/0/0/0:Magnetic Flux,Boomburst,Overdrive,Poison Jab	Toxtricity,Toxtricity-Low-Key	38	38	Normal,Poison,Electric	75.0	Toxtricity	Toxtricity	Ground,Psychic	NONE	2 slots, levels 38-38. Offense covers 3 types. Shared weakness: Ground, Psychic. Speed spans 75-75 base, fastest Toxtricity, slowest Toxtricity.	data.js:trainers[486].normal	Measured	derived: team analysis; strategy_notes Inferred
486	Young Couple Gia & Jes	NA	route	Route 12	hardcore	3	Surge	34	FALSE	3|Route 12|Young Couple Gia & Jes	2	Toxtricity:38:38:Technician:NONE:Mild:15/15/15/15/15/15:0/0/0/0/0/0:Shift Gear,Boomburst,Overdrive,Poison Jab|Toxtricity-Low-Key:38:38:Punk Rock:NONE:Bold:15/15/15/15/15/15:0/0/0/0/0/0:Magnetic Flux,Boomburst,Overdrive,Poison Jab	Toxtricity,Toxtricity-Low-Key	38	38	Normal,Poison,Electric	75.0	Toxtricity	Toxtricity	Ground,Psychic	NONE	2 slots, levels 38-38. Offense covers 3 types. Shared weakness: Ground, Psychic. Speed spans 75-75 base, fastest Toxtricity, slowest Toxtricity.	data.js:trainers[486].hardcore	Measured	derived: team analysis; strategy_notes Inferred
487	Twins Kiri & Jan	NA	route	Route 14	normal	9	Koga	68	FALSE	9|Route 14|Twins Kiri & Jan	2	Cinderace:56:56:Protean:NONE:Sassy:5/5/5/5/5/5:0/0/0/0/0/0:Court Change,Double-Edge,Bounce,Counter|Inteleon:56:56:Sniper:NONE:Hardy:5/5/5/5/5/5:0/0/0/0/0/0:Hydro Pump,Rain Dance,Soak,Liquidation	Cinderace,Inteleon	56	56	Normal,Fighting,Flying,Water	119.5	Inteleon	Cinderace	NONE	NONE	2 slots, levels 56-56. Offense covers 4 types. No weakness shared by half the team. Speed spans 119-120 base, fastest Inteleon, slowest Cinderace.	data.js:trainers[487].normal	Measured	derived: team analysis; strategy_notes Inferred
487	Twins Kiri & Jan	NA	route	Route 14	hardcore	9	Koga	68	FALSE	9|Route 14|Twins Kiri & Jan	2	Cinderace:56:56:Protean:NONE:Sassy:5/5/5/5/5/5:0/0/0/0/0/0:Court Change,Double-Edge,Bounce,Counter|Inteleon:56:56:Sniper:NONE:Hardy:5/5/5/5/5/5:0/0/0/0/0/0:Hydro Pump,Rain Dance,Soak,Liquidation	Cinderace,Inteleon	56	56	Normal,Fighting,Flying,Water	119.5	Inteleon	Cinderace	NONE	NONE	2 slots, levels 56-56. Offense covers 4 types. No weakness shared by half the team. Speed spans 119-120 base, fastest Inteleon, slowest Cinderace.	data.js:trainers[487].hardcore	Measured	derived: team analysis; strategy_notes Inferred
488	Crush Kin Ron & Mya	NA	route	Route 15	normal	9	Koga	68	FALSE	9|Route 15|Crush Kin Ron & Mya	2	Grapploct:58:58:Technician:Black Belt:Naive:31/31/31/31/31/31:0/128/0/132/0/252:Jet Punch,Arm Thrust,Brutal Swing,Topsy-Turvy|Sirfetch’d:58:58:Scrappy:Black Belt:Naive:31/31/31/31/31/31:0/128/0/132/0/252:Sacred Sword,Meteor Assault,Brave Bird,Final Gambit	Grapploct,Sirfetch’d	58	58	Fighting,Flying,Water,Dark	53.5	Sirfetch’d	Grapploct	Flying,Psychic,Fairy	NONE	2 slots, levels 58-58. Offense covers 4 types. Shared weakness: Flying, Psychic, Fairy. Speed spans 42-65 base, fastest Sirfetch’d, slowest Grapploct.	data.js:trainers[488].normal	Measured	derived: team analysis; strategy_notes Inferred
488	Crush Kin Ron & Mya	NA	route	Route 15	hardcore	9	Koga	68	FALSE	9|Route 15|Crush Kin Ron & Mya	2	Grapploct:58:58:Technician:Black Belt:Naive:31/31/31/31/31/31:0/0/0/0/0/0:Jet Punch,Arm Thrust,Brutal Swing,Topsy-Turvy|Sirfetch’d:58:58:Scrappy:Black Belt:Naive:31/31/31/31/31/31:0/0/0/0/0/0:Sacred Sword,Meteor Assault,Brave Bird,Final Gambit	Grapploct,Sirfetch’d	58	58	Fighting,Flying,Water,Dark	53.5	Sirfetch’d	Grapploct	Flying,Psychic,Fairy	NONE	2 slots, levels 58-58. Offense covers 4 types. Shared weakness: Flying, Psychic, Fairy. Speed spans 42-65 base, fastest Sirfetch’d, slowest Grapploct.	data.js:trainers[488].hardcore	Measured	derived: team analysis; strategy_notes Inferred
489	Young Couple Lea & Jed	NA	route	Route 16	normal	3	Surge	34	FALSE	3|Route 16|Young Couple Lea & Jed	2	Rapidash:40:40:Blazing Soul:NONE:Mild:15/15/15/15/15/15:0/0/0/0/0/0:Jump Kick,Flare Blitz,Bounce,Fire Blast|Ninetales:40:40:Flash Fire:NONE:Modest:15/15/15/15/15/15:0/0/0/0/0/0:Healing Wish,Safeguard,Confuse Ray,Quick Attack	Rapidash,Ninetales	40	40	Normal,Fighting,Flying,Fire	112.5	Rapidash	Ninetales	Ground,Rock,Water	NONE	2 slots, levels 40-40. Offense covers 4 types. Shared weakness: Ground, Rock, Water. Speed spans 100-125 base, fastest Rapidash, slowest Ninetales.	data.js:trainers[489].normal	Measured	derived: team analysis; strategy_notes Inferred
489	Young Couple Lea & Jed	NA	route	Route 16	hardcore	3	Surge	34	FALSE	3|Route 16|Young Couple Lea & Jed	2	Rapidash:40:40:Blazing Soul:NONE:Mild:15/15/15/15/15/15:0/0/0/0/0/0:Jump Kick,Flare Blitz,Bounce,Fire Blast|Ninetales:40:40:Flash Fire:NONE:Modest:15/15/15/15/15/15:0/0/0/0/0/0:Healing Wish,Safeguard,Confuse Ray,Quick Attack	Rapidash,Ninetales	40	40	Normal,Fighting,Flying,Fire	112.5	Rapidash	Ninetales	Ground,Rock,Water	NONE	2 slots, levels 40-40. Offense covers 4 types. Shared weakness: Ground, Rock, Water. Speed spans 100-125 base, fastest Rapidash, slowest Ninetales.	data.js:trainers[489].hardcore	Measured	derived: team analysis; strategy_notes Inferred
490	Sis And Bro Lia & Luc	NA	route	Route 19	normal	10	May	73	FALSE	10|Route 19|Sis And Bro Lia & Luc	2	Vaporeon:64:64:Hydration:NONE:Sassy:10/10/10/10/10/10:0/0/0/0/0/0:Hydro Pump,Last Resort,Muddy Water,Haze|Mantine:64:64:Swift Swim:NONE:Modest:10/10/10/10/10/10:0/0/0/0/0/0:Hydro Pump,Bounce,Aqua Ring,Air Slash	Vaporeon,Mantine	64	64	Normal,Flying,Water	67.5	Mantine	Vaporeon	Electric	NONE	2 slots, levels 64-64. Offense covers 3 types. Shared weakness: Electric. Speed spans 65-70 base, fastest Mantine, slowest Vaporeon.	data.js:trainers[490].normal	Measured	derived: team analysis; strategy_notes Inferred
490	Sis And Bro Lia & Luc	NA	route	Route 19	hardcore	10	May	73	FALSE	10|Route 19|Sis And Bro Lia & Luc	2	Vaporeon:64:64:Hydration:NONE:Sassy:10/10/10/10/10/10:0/0/0/0/0/0:Hydro Pump,Last Resort,Muddy Water,Haze|Mantine:64:64:Swift Swim:NONE:Modest:10/10/10/10/10/10:0/0/0/0/0/0:Hydro Pump,Bounce,Aqua Ring,Air Slash	Vaporeon,Mantine	64	64	Normal,Flying,Water	67.5	Mantine	Vaporeon	Electric	NONE	2 slots, levels 64-64. Offense covers 3 types. Shared weakness: Electric. Speed spans 65-70 base, fastest Mantine, slowest Vaporeon.	data.js:trainers[490].hardcore	Measured	derived: team analysis; strategy_notes Inferred
491	Sis And Bro Lil & Ian	NA	route	Route 21 North	normal	10	May	73	FALSE	10|Route 21 North|Sis And Bro Lil & Ian	2	Crawdaunt:64:64:Adaptability:NONE:Relaxed:10/10/10/10/10/10:0/0/0/0/0/0:Dragon Dance,Slash,Crabhammer,Crunch|Sharpedo:65:65:Iron Barbs:NONE:Lonely:10/10/10/10/10/10:0/0/0/0/0/0:Aqua Fang,Taunt,Skull Bash,Agility	Crawdaunt,Sharpedo	65	64	Normal,Water,Dark	75.0	Sharpedo	Crawdaunt	Fighting,Bug,Grass,Electric,Fairy	NONE	2 slots, levels 64-65. Offense covers 3 types. Shared weakness: Fighting, Bug, Grass, Electric, Fairy. Speed spans 55-95 base, fastest Sharpedo, slowest Crawdaunt.	data.js:trainers[491].normal	Measured	derived: team analysis; strategy_notes Inferred
491	Sis And Bro Lil & Ian	NA	route	Route 21 North	hardcore	10	May	73	FALSE	10|Route 21 North|Sis And Bro Lil & Ian	2	Crawdaunt:64:64:Adaptability:NONE:Relaxed:10/10/10/10/10/10:0/0/0/0/0/0:Dragon Dance,Slash,Crabhammer,Crunch|Sharpedo:65:65:Iron Barbs:NONE:Lonely:10/10/10/10/10/10:0/0/0/0/0/0:Aqua Fang,Taunt,Skull Bash,Agility	Crawdaunt,Sharpedo	65	64	Normal,Water,Dark	75.0	Sharpedo	Crawdaunt	Fighting,Bug,Grass,Electric,Fairy	NONE	2 slots, levels 64-65. Offense covers 3 types. Shared weakness: Fighting, Bug, Grass, Electric, Fairy. Speed spans 55-95 base, fastest Sharpedo, slowest Crawdaunt.	data.js:trainers[491].hardcore	Measured	derived: team analysis; strategy_notes Inferred
518	Crush Girl Sharon	NA	boss_candidate	Kindle Road	normal	17	Post-Game	100	TRUE	17|Kindle Road|Crush Girl Sharon	4	Grapploct:100:103:Technician:Assault Vest:Adamant:31/31/31/31/31/31:252/252/0/0/4/0:Brutal Swing,Aqua Jet,Mach Punch,Drain Punch|Gallade:100:103:Justified:Galladite:Jolly:31/31/31/31/31/31:4/252/0/0/0/252:Psycho Cut,Sacred Sword,Swords Dance,Night Slash|Darmanitan-Galar:100:103:Zen Mode:Charcoal:Jolly:31/31/31/31/31/31:0/252/4/0/0/252:Flare Blitz,Icicle Crash,U-turn,Earthquake|Nidoking:100:103:Sheer Force:Life Orb:Timid:31/31/31/31/31/31:0/0/4/252/0/252:Earth Power,Sludge Wave,Ice Beam,Flamethrower	Grapploct,Gallade,Darmanitan-Galar,Nidoking	100	100	Fighting,Poison,Ground,Bug,Fire,Water,Psychic,Ice,Dark	75.5	Darmanitan-Galar	Grapploct	Flying,Psychic,Fairy	NONE	4 slots, levels 100-100. Offense covers 9 types. Shared weakness: Flying, Psychic, Fairy. Speed spans 42-95 base, fastest Darmanitan-Galar, slowest Grapploct. LEVEL-SCALED: rescales to the player, excluded from scoring.	data.js:trainers[518].normal	Measured	derived: team analysis; strategy_notes Inferred
518	Crush Girl Sharon	NA	boss_candidate	Kindle Road	hardcore	17	Post-Game	100	TRUE	17|Kindle Road|Crush Girl Sharon	4	Grapploct:100:103:Technician:Assault Vest:Adamant:31/31/31/31/31/31:0/0/0/0/0/0:Brutal Swing,Aqua Jet,Mach Punch,Drain Punch|Gallade:100:103:Justified:Galladite:Jolly:31/31/31/31/31/31:0/0/0/0/0/0:Psycho Cut,Sacred Sword,Swords Dance,Night Slash|Darmanitan-Galar:100:103:Zen Mode:Charcoal:Jolly:31/31/31/31/31/31:0/0/0/0/0/0:Flare Blitz,Icicle Crash,U-turn,Earthquake|Nidoking:100:103:Sheer Force:Life Orb:Timid:31/31/31/31/31/31:0/0/0/0/0/0:Earth Power,Sludge Wave,Ice Beam,Flamethrower	Grapploct,Gallade,Darmanitan-Galar,Nidoking	100	100	Fighting,Poison,Ground,Bug,Fire,Water,Psychic,Ice,Dark	75.5	Darmanitan-Galar	Grapploct	Flying,Psychic,Fairy	NONE	4 slots, levels 100-100. Offense covers 9 types. Shared weakness: Flying, Psychic, Fairy. Speed spans 42-95 base, fastest Darmanitan-Galar, slowest Grapploct. LEVEL-SCALED: rescales to the player, excluded from scoring.	data.js:trainers[518].hardcore	Measured	derived: team analysis; strategy_notes Inferred
519	Tuber Amira	NA	boss_candidate	Bond Bridge	normal	17	Post-Game	100	TRUE	17|Bond Bridge|Tuber Amira	5	Palossand:100:103:Sand Veil:Leftovers:Bold:31/31/31/30/31/31:248/0/252/8/0/0:Scorching Sands,Shadow Ball,Shore Up,Stealth Rock|Crawdaunt:100:103:Adaptability:Focus Sash:Jolly:31/31/31/31/31/31:0/252/0/0/4/252:Dragon Dance,Crabhammer,Knock Off,Close Combat|Mantine-Sevii:100:103:Hydration:Poisonium Z:Timid:31/0/31/31/31/31:0/0/0/252/4/252:Thunderbolt,Sludge Wave,Ice Beam,Scald|Swanna:100:103:No Guard:Flying Gem:Naive:31/31/31/31/31/31:0/0/4/252/0/252:Hydro Pump,Hurricane,Blizzard,Aqua Jet|Whiscash:100:103:Water Bubble:Rindo Berry:Jolly:31/31/31/31/31/31:0/252/0/0/4/252:Dragon Dance,Waterfall,Earthquake,Zen Headbutt	Palossand,Crawdaunt,Mantine-Sevii,Swanna,Whiscash	100	100	Fighting,Flying,Poison,Ground,Ghost,Water,Electric,Psychic,Ice,Dark	70.6	Swanna	Palossand	Grass	NONE	5 slots, levels 100-100. Offense covers 10 types. Shared weakness: Grass. Speed spans 35-108 base, fastest Swanna, slowest Palossand. LEVEL-SCALED: rescales to the player, excluded from scoring.	data.js:trainers[519].normal	Measured	derived: team analysis; strategy_notes Inferred
519	Tuber Amira	NA	boss_candidate	Bond Bridge	hardcore	17	Post-Game	100	TRUE	17|Bond Bridge|Tuber Amira	5	Palossand:100:103:Sand Veil:Leftovers:Bold:31/31/31/30/31/31:0/0/0/0/0/0:Scorching Sands,Shadow Ball,Shore Up,Stealth Rock|Crawdaunt:100:103:Adaptability:Focus Sash:Jolly:31/31/31/31/31/31:0/0/0/0/0/0:Dragon Dance,Crabhammer,Knock Off,Close Combat|Mantine-Sevii:100:103:Hydration:Poisonium Z:Timid:31/0/31/31/31/31:0/0/0/0/0/0:Thunderbolt,Sludge Wave,Ice Beam,Scald|Swanna:100:103:No Guard:Flying Gem:Naive:31/31/31/31/31/31:0/0/0/0/0/0:Hydro Pump,Hurricane,Blizzard,Aqua Jet|Whiscash:100:103:Water Bubble:Rindo Berry:Jolly:31/31/31/31/31/31:0/0/0/0/0/0:Dragon Dance,Waterfall,Earthquake,Zen Headbutt	Palossand,Crawdaunt,Mantine-Sevii,Swanna,Whiscash	100	100	Fighting,Flying,Poison,Ground,Ghost,Water,Electric,Psychic,Ice,Dark	70.6	Swanna	Palossand	Grass	NONE	5 slots, levels 100-100. Offense covers 10 types. Shared weakness: Grass. Speed spans 35-108 base, fastest Swanna, slowest Palossand. LEVEL-SCALED: rescales to the player, excluded from scoring.	data.js:trainers[519].hardcore	Measured	derived: team analysis; strategy_notes Inferred
523	Aroma Lady Nikki	NA	boss_candidate	Bond Bridge	normal	17	Post-Game	100	TRUE	17|Bond Bridge|Aroma Lady Nikki	6	Sableye:100:103:Prankster:Sablenite:Calm:31/31/31/30/31/31:248/0/8/0/252/0:Recover,Toxic,Foul Play,Will-O-Wisp|Tangrowth:100:103:Regenerator:Assault Vest:Timid:31/31/31/31/31/31:252/0/252/0/4/0:Giga Drain,Earthquake,Knock Off,Focus Blast|Blissey:100:103:UNK:Leftovers:Bold:31/0/31/31/31/31:252/0/252/0/4/0:Teleport,Soft-Boiled,Seismic Toss,Thunder Wave|Toxapex:100:103:Regenerator:Black Sludge:Impish:31/31/31/31/31/31:252/0/252/0/4/0:Toxic Spikes,Scald,Knock Off,Recover|Reuniclus:100:103:Regenerator:Leftovers:Modest:31/31/31/31/31/31:252/0/4/252/0/0:Future Sight,Psyshock,Focus Blast,Teleport|Drapion:100:103:Battle Armor:Choice Band:Jolly:31/31/31/31/31/31:0/252/4/0/0/252:Wicked Blow,Poison Jab,Earthquake,Leech Life	Sableye,Tangrowth,Blissey,Toxapex,Reuniclus,Drapion	100	100	Fighting,Poison,Ground,Bug,Water,Grass,Psychic,Dark	52.5	Drapion	Reuniclus	NONE	NONE	6 slots, levels 100-100. Offense covers 8 types. No weakness shared by half the team. Speed spans 30-95 base, fastest Drapion, slowest Reuniclus. LEVEL-SCALED: rescales to the player, excluded from scoring.	data.js:trainers[523].normal	Measured	derived: team analysis; strategy_notes Inferred
523	Aroma Lady Nikki	NA	boss_candidate	Bond Bridge	hardcore	17	Post-Game	100	TRUE	17|Bond Bridge|Aroma Lady Nikki	6	Sableye:100:103:Prankster:Sablenite:Calm:31/31/31/30/31/31:0/0/0/0/0/0:Recover,Toxic,Foul Play,Will-O-Wisp|Tangrowth:100:103:Regenerator:Assault Vest:Timid:31/31/31/31/31/31:0/0/0/0/0/0:Giga Drain,Earthquake,Knock Off,Focus Blast|Blissey:100:103:UNK:Leftovers:Bold:31/0/31/31/31/31:0/0/0/0/0/0:Teleport,Soft-Boiled,Seismic Toss,Thunder Wave|Toxapex:100:103:Regenerator:Black Sludge:Impish:31/31/31/31/31/31:0/0/0/0/0/0:Toxic Spikes,Scald,Knock Off,Recover|Reuniclus:100:103:Regenerator:Leftovers:Modest:31/31/31/31/31/31:0/0/0/0/0/0:Future Sight,Psyshock,Focus Blast,Teleport|Drapion:100:103:Battle Armor:Choice Band:Jolly:31/31/31/31/31/31:0/0/0/0/0/0:Wicked Blow,Poison Jab,Earthquake,Leech Life	Sableye,Tangrowth,Blissey,Toxapex,Reuniclus,Drapion	100	100	Fighting,Poison,Ground,Bug,Water,Grass,Psychic,Dark	52.5	Drapion	Reuniclus	NONE	NONE	6 slots, levels 100-100. Offense covers 8 types. No weakness shared by half the team. Speed spans 30-95 base, fastest Drapion, slowest Reuniclus. LEVEL-SCALED: rescales to the player, excluded from scoring.	data.js:trainers[523].hardcore	Measured	derived: team analysis; strategy_notes Inferred
527	Biker Goon	NA	route	Three Island	normal	17	Post-Game	100	TRUE	17|Three Island|Biker Goon	2	Overqwil:99:102:Intimidate:Dark Gem:Jolly:31/31/31/31/31/31:252/252/4/0/0/0:Knock Off,Gunk Shot,Waterfall,Thunder Wave|Dusknoir:100:103:Hustle:Reaper Cloth:Adamant:31/31/31/31/31/31:252/252/4/0/0/0:Shadow Punch,Dynamic Punch,Shadow Sneak,Ice Punch	Overqwil,Dusknoir	100	99	Fighting,Poison,Ghost,Water,Ice,Dark	65.0	Overqwil	Dusknoir	NONE	NONE	2 slots, levels 99-100. Offense covers 6 types. No weakness shared by half the team. Speed spans 45-85 base, fastest Overqwil, slowest Dusknoir. LEVEL-SCALED: rescales to the player, excluded from scoring.	data.js:trainers[527].normal	Measured	derived: team analysis; strategy_notes Inferred
527	Biker Goon	NA	route	Three Island	hardcore	17	Post-Game	100	TRUE	17|Three Island|Biker Goon	2	Overqwil:99:102:Intimidate:Dark Gem:Jolly:31/31/31/31/31/31:0/0/0/0/0/0:Knock Off,Gunk Shot,Waterfall,Thunder Wave|Dusknoir:100:103:Hustle:Reaper Cloth:Adamant:31/31/31/31/31/31:0/0/0/0/0/0:Shadow Punch,Dynamic Punch,Shadow Sneak,Ice Punch	Overqwil,Dusknoir	100	99	Fighting,Poison,Ghost,Water,Ice,Dark	65.0	Overqwil	Dusknoir	NONE	NONE	2 slots, levels 99-100. Offense covers 6 types. No weakness shared by half the team. Speed spans 45-85 base, fastest Overqwil, slowest Dusknoir. LEVEL-SCALED: rescales to the player, excluded from scoring.	data.js:trainers[527].hardcore	Measured	derived: team analysis; strategy_notes Inferred
528	Biker Goon	NA	route	Three Island	normal	17	Post-Game	100	TRUE	17|Three Island|Biker Goon	3	Grimmsnarl:98:101:Infiltrator:Light Clay:Impish:31/31/31/31/31/31:252/0/252/0/0/4:Reflect,Light Screen,Thunder Wave,Spirit Break|Flygon:100:103:Tinted Lens:Groundium Z:Jolly:31/31/31/31/31/31:0/252/4/0/0/252:Headlong Rush,Dragon Claw,U-turn,Fire Punch|Kleavor:98:101:Sheer Force:Rock Gem:Jolly:31/31/31/31/31/31:0/252/4/0/0/252:Accelerock,U-turn,Close Combat,Stone Edge	Grimmsnarl,Flygon,Kleavor	100	98	Fighting,Ground,Rock,Bug,Fire,Dragon,Fairy	81.7	Flygon	Grimmsnarl	Steel,Fairy	NONE	3 slots, levels 98-100. Offense covers 7 types. Shared weakness: Steel, Fairy. Speed spans 60-100 base, fastest Flygon, slowest Grimmsnarl. LEVEL-SCALED: rescales to the player, excluded from scoring.	data.js:trainers[528].normal	Measured	derived: team analysis; strategy_notes Inferred
528	Biker Goon	NA	route	Three Island	hardcore	17	Post-Game	100	TRUE	17|Three Island|Biker Goon	3	Grimmsnarl:98:101:Infiltrator:Light Clay:Impish:31/31/31/31/31/31:0/0/0/0/0/0:Reflect,Light Screen,Thunder Wave,Spirit Break|Flygon:100:103:Tinted Lens:Groundium Z:Jolly:31/31/31/31/31/31:0/0/0/0/0/0:Headlong Rush,Dragon Claw,U-turn,Fire Punch|Kleavor:99:102:Sheer Force:Rock Gem:Jolly:31/31/31/31/31/31:0/0/0/0/0/0:Accelerock,U-turn,Close Combat,Stone Edge	Grimmsnarl,Flygon,Kleavor	100	98	Fighting,Ground,Rock,Bug,Fire,Dragon,Fairy	81.7	Flygon	Grimmsnarl	Steel,Fairy	NONE	3 slots, levels 98-100. Offense covers 7 types. Shared weakness: Steel, Fairy. Speed spans 60-100 base, fastest Flygon, slowest Grimmsnarl. LEVEL-SCALED: rescales to the player, excluded from scoring.	data.js:trainers[528].hardcore	Measured	derived: team analysis; strategy_notes Inferred
529	Biker Goon	NA	route	Three Island	normal	17	Post-Game	100	TRUE	17|Three Island|Biker Goon	3	Avalugg-Hisui:98:101:Technician:Focus Sash:Adamant:31/31/31/31/31/31:252/252/4/0/0/0:Rock Blast,Icicle Spear,Headlong Rush,Ice Shard|Braviary-Hisui:99:102:Frisk:Life Orb:Modest:31/31/31/31/31/31:252/0/4/252/0/0:Hurricane,Psychic,Heat Wave,Esper Wing|Sharpedo:100:103:Speed Boost:Sharpedonite:Jolly:31/31/31/31/31/31:0/252/4/0/0/252:Protect,Aqua Fang,Crunch,Close Combat	Avalugg-Hisui,Braviary-Hisui,Sharpedo	100	98	Fighting,Flying,Ground,Rock,Fire,Water,Psychic,Ice,Dark	62.7	Sharpedo	Avalugg-Hisui	Fighting,Rock,Grass,Electric	NONE	3 slots, levels 98-100. Offense covers 9 types. Shared weakness: Fighting, Rock, Grass, Electric. Speed spans 28-95 base, fastest Sharpedo, slowest Avalugg-Hisui. LEVEL-SCALED: rescales to the player, excluded from scoring.	data.js:trainers[529].normal	Measured	derived: team analysis; strategy_notes Inferred
529	Biker Goon	NA	route	Three Island	hardcore	17	Post-Game	100	TRUE	17|Three Island|Biker Goon	3	Avalugg-Hisui:98:101:Technician:Focus Sash:Adamant:31/31/31/31/31/31:0/0/0/0/0/0:Rock Blast,Icicle Spear,Headlong Rush,Ice Shard|Braviary-Hisui:99:102:Frisk:Life Orb:Modest:31/31/31/31/31/31:0/0/0/0/0/0:Hurricane,Psychic,Heat Wave,Roost|Sharpedo:100:103:Speed Boost:Sharpedonite:Jolly:31/31/31/31/31/31:0/0/0/0/0/0:Protect,Fishious Rend,Crunch,Close Combat	Avalugg-Hisui,Braviary-Hisui,Sharpedo	100	98	Fighting,Flying,Ground,Rock,Fire,Water,Psychic,Ice,Dark	62.7	Sharpedo	Avalugg-Hisui	Fighting,Rock,Grass,Electric	NONE	3 slots, levels 98-100. Offense covers 9 types. Shared weakness: Fighting, Rock, Grass, Electric. Speed spans 28-95 base, fastest Sharpedo, slowest Avalugg-Hisui. LEVEL-SCALED: rescales to the player, excluded from scoring.	data.js:trainers[529].hardcore	Measured	derived: team analysis; strategy_notes Inferred
531	Bug Catcher Anthony	NA	route	Viridian Forest Heart	normal	0	Brock	15	FALSE	0|Viridian Forest Heart|Bug Catcher Anthony	2	Cascoon:7:7:Run Away:NONE:Modest:1/1/1/1/1/1:0/0/0/0/0/0:Bug Bite,Harden|Surskit:7:7:Swift Swim:NONE:Gentle:1/1/1/1/1/1:0/0/0/0/0/0:Sticky Web,Aqua Jet,Haze,Mist	Cascoon,Surskit	7	7	Bug,Water	40.0	Surskit	Cascoon	Flying,Rock	NONE	2 slots, levels 7-7. Offense covers 2 types. Shared weakness: Flying, Rock. Speed spans 15-65 base, fastest Surskit, slowest Cascoon.	data.js:trainers[531].normal	Measured	derived: team analysis; strategy_notes Inferred
531	Bug Catcher Anthony	NA	route	Viridian Forest Heart	hardcore	0	Brock	15	FALSE	0|Viridian Forest Heart|Bug Catcher Anthony	2	Cascoon:7:7:Run Away:NONE:Modest:1/1/1/1/1/1:0/0/0/0/0/0:Bug Bite,Harden|Surskit:7:7:Swift Swim:NONE:Gentle:1/1/1/1/1/1:0/0/0/0/0/0:Sticky Web,Aqua Jet,Haze,Mist	Cascoon,Surskit	7	7	Bug,Water	40.0	Surskit	Cascoon	Flying,Rock	NONE	2 slots, levels 7-7. Offense covers 2 types. Shared weakness: Flying, Rock. Speed spans 15-65 base, fastest Surskit, slowest Cascoon.	data.js:trainers[531].hardcore	Measured	derived: team analysis; strategy_notes Inferred
532	Bug Catcher Charlie	NA	route	Viridian Forest	normal	0	Brock	15	FALSE	0|Viridian Forest|Bug Catcher Charlie	3	Rellor:8:8:UNK:NONE:Relaxed:1/1/1/1/1/1:0/0/0/0/0/0:Lunge,Dig,Take Down,Leech Life|Spewpa:9:9:Shed Skin:NONE:Careful:1/1/1/1/1/1:0/0/0/0/0/0:Harden,Detect|Metapod:8:8:UNK:NONE:Careful:1/1/1/1/1/1:0/0/0/0/0/0:Bug Bite,Harden	Rellor,Spewpa,Metapod	9	8	Normal,Ground,Bug	29.7	Rellor	Spewpa	Flying,Rock,Fire	NONE	3 slots, levels 8-9. Offense covers 3 types. Shared weakness: Flying, Rock, Fire. Speed spans 29-30 base, fastest Rellor, slowest Spewpa.	data.js:trainers[532].normal	Measured	derived: team analysis; strategy_notes Inferred
532	Bug Catcher Charlie	NA	route	Viridian Forest	hardcore	0	Brock	15	FALSE	0|Viridian Forest|Bug Catcher Charlie	3	Rellor:8:8:UNK:NONE:Relaxed:1/1/1/1/1/1:0/0/0/0/0/0:Lunge,Dig,Take Down,Leech Life|Spewpa:9:9:Shed Skin:NONE:Careful:1/1/1/1/1/1:0/0/0/0/0/0:Harden,Detect|Metapod:8:8:UNK:NONE:Careful:1/1/1/1/1/1:0/0/0/0/0/0:Bug Bite,Harden	Rellor,Spewpa,Metapod	9	8	Normal,Ground,Bug	29.7	Rellor	Spewpa	Flying,Rock,Fire	NONE	3 slots, levels 8-9. Offense covers 3 types. Shared weakness: Flying, Rock, Fire. Speed spans 29-30 base, fastest Rellor, slowest Spewpa.	data.js:trainers[532].hardcore	Measured	derived: team analysis; strategy_notes Inferred
534	Youngster Johnson	NA	route	Pokemon Mansion 1F	normal	11	Blaine	76	FALSE	11|Pokemon Mansion 1F|Youngster Johnson	3	Arbok:71:71:Strong Jaw:NONE:Gentle:5/5/5/5/5/5:0/0/0/0/0/0:Shed Tail,Gunk Shot,Haze,Belch|Grimmsnarl:71:71:Prankster:NONE:Careful:5/5/5/5/5/5:0/0/0/0/0/0:Hammer Arm,Foul Play,Play Rough,Nasty Plot|Houndstone:71:71:Fluffy:NONE:Naive:5/5/5/5/5/5:0/0/0/0/0/0:Last Respects,Double-Edge,Charm,Body Press	Arbok,Grimmsnarl,Houndstone	71	71	Normal,Fighting,Poison,Ghost,Dark,Fairy	69.3	Arbok	Grimmsnarl	NONE	NONE	3 slots, levels 71-71. Offense covers 6 types. No weakness shared by half the team. Speed spans 60-80 base, fastest Arbok, slowest Grimmsnarl.	data.js:trainers[534].normal	Measured	derived: team analysis; strategy_notes Inferred
534	Youngster Johnson	NA	route	Pokemon Mansion 1F	hardcore	11	Blaine	76	FALSE	11|Pokemon Mansion 1F|Youngster Johnson	3	Arbok:71:71:Strong Jaw:NONE:Gentle:5/5/5/5/5/5:0/0/0/0/0/0:Shed Tail,Gunk Shot,Haze,Belch|Grimmsnarl:71:71:Prankster:NONE:Careful:5/5/5/5/5/5:0/0/0/0/0/0:Hammer Arm,Foul Play,Play Rough,Nasty Plot|Houndstone:71:71:Fluffy:NONE:Naive:5/5/5/5/5/5:0/0/0/0/0/0:Last Respects,Double-Edge,Charm,Body Press	Arbok,Grimmsnarl,Houndstone	71	71	Normal,Fighting,Poison,Ghost,Dark,Fairy	69.3	Arbok	Grimmsnarl	NONE	NONE	3 slots, levels 71-71. Offense covers 6 types. No weakness shared by half the team. Speed spans 60-80 base, fastest Arbok, slowest Grimmsnarl.	data.js:trainers[534].hardcore	Measured	derived: team analysis; strategy_notes Inferred
535	Biker Ricardo	NA	route	Route 8	normal	3	Surge	34	FALSE	3|Route 8|Biker Ricardo	3	Weezing:35:35:Toxic Debris:NONE:Bold:10/10/10/10/10/10:0/0/0/0/0/0:Sludge,Explosion,Tackle,Poison Gas|Weezing-Galar:34:34:Levitate:NONE:Rash:10/10/10/10/10/10:0/0/0/0/0/0:Sludge,Smog,Explosion,Strange Steam|Salazzle:34:34:Oblivious:NONE:Docile:10/10/10/10/10/10:0/0/0/0/0/0:Minimize,Sludge,Disable,Flame Burst	Weezing,Weezing-Galar,Salazzle	35	34	Normal,Poison,Fire,Fairy	79.0	Salazzle	Weezing	Ground,Psychic	NONE	3 slots, levels 34-35. Offense covers 4 types. Shared weakness: Ground, Psychic. Speed spans 60-117 base, fastest Salazzle, slowest Weezing.	data.js:trainers[535].normal	Measured	derived: team analysis; strategy_notes Inferred
535	Biker Ricardo	NA	route	Route 8	hardcore	3	Surge	34	FALSE	3|Route 8|Biker Ricardo	3	Weezing:35:35:Toxic Debris:NONE:Bold:10/10/10/10/10/10:0/0/0/0/0/0:Sludge,Explosion,Tackle,Poison Gas|Weezing-Galar:34:34:Levitate:NONE:Rash:10/10/10/10/10/10:0/0/0/0/0/0:Sludge,Smog,Explosion,Strange Steam|Salazzle:34:34:Oblivious:NONE:Docile:10/10/10/10/10/10:0/0/0/0/0/0:Minimize,Sludge,Disable,Flame Burst	Weezing,Weezing-Galar,Salazzle	35	34	Normal,Poison,Fire,Fairy	79.0	Salazzle	Weezing	Ground,Psychic	NONE	3 slots, levels 34-35. Offense covers 4 types. Shared weakness: Ground, Psychic. Speed spans 60-117 base, fastest Salazzle, slowest Weezing.	data.js:trainers[535].hardcore	Measured	derived: team analysis; strategy_notes Inferred
536	Biker Jaren	NA	route	Route 8	normal	3	Surge	34	FALSE	3|Route 8|Biker Jaren	2	Muk:35:35:Poison Touch:NONE:Serious:10/10/10/10/10/10:0/0/0/0/0/0:Memento,Belch,Acid Armor,Gunk Shot|Garbodor:35:35:Gooey:NONE:Bold:10/10/10/10/10/10:0/0/0/0/0/0:Explosion,Gunk Shot,Belch,Amnesia	Muk,Garbodor	35	35	Normal,Poison	55.0	Garbodor	Muk	Ground,Psychic	Rock,Ghost,Steel	2 slots, levels 35-35. Offense covers 2 types. Shared weakness: Ground, Psychic. A pure Rock type resists everything it carries. Speed spans 50-60 base, fastest Garbodor, slowest Muk.	data.js:trainers[536].normal	Measured	derived: team analysis; strategy_notes Inferred
536	Biker Jaren	NA	route	Route 8	hardcore	3	Surge	34	FALSE	3|Route 8|Biker Jaren	2	Muk:35:35:Poison Touch:NONE:Serious:10/10/10/10/10/10:0/0/0/0/0/0:Memento,Belch,Acid Armor,Gunk Shot|Garbodor:35:35:Gooey:NONE:Bold:10/10/10/10/10/10:0/0/0/0/0/0:Explosion,Gunk Shot,Belch,Amnesia	Muk,Garbodor	35	35	Normal,Poison	55.0	Garbodor	Muk	Ground,Psychic	Rock,Ghost,Steel	2 slots, levels 35-35. Offense covers 2 types. Shared weakness: Ground, Psychic. A pure Rock type resists everything it carries. Speed spans 50-60 base, fastest Garbodor, slowest Muk.	data.js:trainers[536].hardcore	Measured	derived: team analysis; strategy_notes Inferred
546	SwimmerF Amara	NA	route	Treasure Beach	normal	17	Post-Game	100	TRUE	17|Treasure Beach|SwimmerF Amara	3	Milotic:100:103:Marvel Scale:Sitrus Berry:Modest:31/30/31/30/31/31:252/0/4/252/0/0:Hydro Pump,Ice Beam,Hidden Power,Haze|Milotic-Sevii:99:102:Serene Grace:Leftovers:Modest:31/31/31/31/31/31:252/0/4/252/0/0:Scorching Sands,Moonblast,Scald,Recover|Dewgong:100:103:Thick Fat:Sitrus Berry:Calm:31/31/31/31/31/31:252/0/4/0/0/252:Scald,Ice Beam,Rest,Sleep Talk	Milotic,Milotic-Sevii,Dewgong	100	99	Normal,Ground,Water,Ice,Fairy	79.0	Milotic	Dewgong	Grass,Electric	NONE	3 slots, levels 99-100. Offense covers 5 types. Shared weakness: Grass, Electric. Speed spans 70-86 base, fastest Milotic, slowest Dewgong. LEVEL-SCALED: rescales to the player, excluded from scoring.	data.js:trainers[546].normal	Measured	derived: team analysis; strategy_notes Inferred
546	SwimmerF Amara	NA	route	Treasure Beach	hardcore	17	Post-Game	100	TRUE	17|Treasure Beach|SwimmerF Amara	3	Milotic:100:103:Marvel Scale:Sitrus Berry:Modest:31/30/31/30/31/31:0/0/0/0/0/0:Hydro Pump,Ice Beam,Hidden Power,Haze|Milotic-Sevii:99:102:Serene Grace:Leftovers:Modest:31/31/31/31/31/31:0/0/0/0/0/0:Scorching Sands,Moonblast,Scald,Recover|Dewgong:100:103:Thick Fat:Sitrus Berry:Calm:31/31/31/31/31/31:0/0/0/0/0/0:Scald,Ice Beam,Rest,Sleep Talk	Milotic,Milotic-Sevii,Dewgong	100	99	Normal,Ground,Water,Ice,Fairy	79.0	Milotic	Dewgong	Grass,Electric	NONE	3 slots, levels 99-100. Offense covers 5 types. Shared weakness: Grass, Electric. Speed spans 70-86 base, fastest Milotic, slowest Dewgong. LEVEL-SCALED: rescales to the player, excluded from scoring.	data.js:trainers[546].hardcore	Measured	derived: team analysis; strategy_notes Inferred
547	SwimmerF Maria	NA	boss_candidate	Kindle Road	normal	17	Post-Game	100	TRUE	17|Kindle Road|SwimmerF Maria	4	Inteleon:100:103:Sniper:Scope Lens:Timid:31/30/31/30/31/31:0/0/4/252/0/252:Snipe Shot,Ice Beam,U-turn,Hidden Power|Dragalge:99:102:Adaptability:Choice Specs:Modest:31/31/31/31/31/31:252/0/4/252/0/0:Draco Barrage,Sludge Wave,Flip Turn,Scald|Starmie:99:102:Natural Cure:Life Orb:Timid:31/31/31/31/31/31:0/0/4/252/0/252:Hydro Pump,Thunder,Blizzard,Psyshock|Basculegion-F:100:103:Swift Swim:Life Orb:Timid:31/31/31/31/31/31:0/0/4/252/0/252:Hydro Pump,Shadow Ball,Ice Beam,Flip Turn	Inteleon,Dragalge,Starmie,Basculegion-F	100	99	Normal,Poison,Bug,Ghost,Water,Electric,Psychic,Ice,Dragon	89.2	Inteleon	Dragalge	Grass,Electric,Ghost,Dark	NONE	4 slots, levels 99-100. Offense covers 9 types. Shared weakness: Grass, Electric, Ghost, Dark. Speed spans 44-120 base, fastest Inteleon, slowest Dragalge. LEVEL-SCALED: rescales to the player, excluded from scoring.	data.js:trainers[547].normal	Measured	derived: team analysis; strategy_notes Inferred
547	SwimmerF Maria	NA	boss_candidate	Kindle Road	hardcore	17	Post-Game	100	TRUE	17|Kindle Road|SwimmerF Maria	4	Inteleon:100:103:Sniper:Scope Lens:Timid:31/30/31/30/31/31:0/0/0/0/0/0:Snipe Shot,Ice Beam,U-turn,Hidden Power|Dragalge:99:102:Adaptability:Choice Specs:Modest:31/31/31/31/31/31:0/0/0/0/0/0:Draco Barrage,Sludge Wave,Flip Turn,Scald|Starmie:99:102:Natural Cure:Life Orb:Timid:31/31/31/31/31/31:0/0/0/0/0/0:Hydro Pump,Thunder,Blizzard,Psyshock|Basculegion-F:100:103:Swift Swim:Life Orb:Timid:31/31/31/31/31/31:0/0/0/0/0/0:Hydro Pump,Shadow Ball,Ice Beam,Flip Turn	Inteleon,Dragalge,Starmie,Basculegion-F	100	99	Normal,Poison,Bug,Ghost,Water,Electric,Psychic,Ice,Dragon	89.2	Inteleon	Dragalge	Grass,Electric,Ghost,Dark	NONE	4 slots, levels 99-100. Offense covers 9 types. Shared weakness: Grass, Electric, Ghost, Dark. Speed spans 44-120 base, fastest Inteleon, slowest Dragalge. LEVEL-SCALED: rescales to the player, excluded from scoring.	data.js:trainers[547].hardcore	Measured	derived: team analysis; strategy_notes Inferred
548	SwimmerF Abigail	NA	boss_candidate	Kindle Road	normal	17	Post-Game	100	TRUE	17|Kindle Road|SwimmerF Abigail	4	Azumarill:100:103:Thick Fat:Sitrus Berry:Adamant:31/31/31/31/31/31:252/252/4/0/0/0:Waterfall,Play Rough,Superpower,Aqua Jet|Octillery:99:102:Skill Link:Sitrus Berry:Modest:31/31/31/31/31/31:0/0/4/252/0/252:Snipe Shot,Aura Sphere,Ice Beam,Flamethrower|Golisopod:100:103:UNK:Sitrus Berry:Adamant:31/31/31/31/31/31:252/252/4/0/0/0:First Impression,Liquidation,Knock Off,Close Combat|Wishiwashi:100:103:UNK:Sitrus Berry:Modest:31/31/31/31/31/31:252/0/4/252/0/0:Hydro Pump,Ice Beam,U-turn,Earthquake	Azumarill,Octillery,Golisopod,Wishiwashi	100	99	Fighting,Ground,Bug,Fire,Water,Ice,Dark,Fairy	51.2	Octillery	Golisopod	Grass,Electric	NONE	4 slots, levels 99-100. Offense covers 8 types. Shared weakness: Grass, Electric. Speed spans 40-75 base, fastest Octillery, slowest Golisopod. LEVEL-SCALED: rescales to the player, excluded from scoring.	data.js:trainers[548].normal	Measured	derived: team analysis; strategy_notes Inferred
548	SwimmerF Abigail	NA	boss_candidate	Kindle Road	hardcore	17	Post-Game	100	TRUE	17|Kindle Road|SwimmerF Abigail	4	Azumarill:100:103:Thick Fat:Sitrus Berry:Adamant:31/31/31/31/31/31:0/0/0/0/0/0:Waterfall,Play Rough,Superpower,Aqua Jet|Octillery:99:102:Skill Link:Sitrus Berry:Modest:31/31/31/31/31/31:0/0/0/0/0/0:Snipe Shot,Aura Sphere,Ice Beam,Flamethrower|Golisopod:100:103:UNK:Sitrus Berry:Adamant:31/31/31/31/31/31:0/0/0/0/0/0:First Impression,Liquidation,Knock Off,Close Combat|Wishiwashi:100:103:UNK:Sitrus Berry:Modest:31/31/31/31/31/31:0/0/0/0/0/0:Hydro Pump,Ice Beam,U-turn,Earthquake	Azumarill,Octillery,Golisopod,Wishiwashi	100	99	Fighting,Ground,Bug,Fire,Water,Ice,Dark,Fairy	51.2	Octillery	Golisopod	Grass,Electric	NONE	4 slots, levels 99-100. Offense covers 8 types. Shared weakness: Grass, Electric. Speed spans 40-75 base, fastest Octillery, slowest Golisopod. LEVEL-SCALED: rescales to the player, excluded from scoring.	data.js:trainers[548].hardcore	Measured	derived: team analysis; strategy_notes Inferred
549	SwimmerM Finn	NA	boss_candidate	Kindle Road	normal	17	Post-Game	100	TRUE	17|Kindle Road|SwimmerM Finn	4	Overqwil:100:103:Intimidate:Custap Berry:Jolly:31/31/31/30/31/31:0/252/4/0/0/252:Poison Jab,Throat Chop,Toxic Spikes,Destiny Bond|Barraskewda:98:101:Stalwart:Mystic Water:Jolly:31/31/31/31/31/31:0/252/4/0/0/252:Waterfall,Flip Turn,Close Combat,Psychic Fangs|Cloyster:99:102:Battle Armor:Focus Sash:Jolly:31/31/31/31/31/31:0/0/4/252/0/252:Shell Smash,Waterfall,Icicle Spear,Rock Blast|Drednaw:100:103:Swift Swim:Drednawite:Adamant:31/31/31/31/31/31:252/252/4/0/0/0:Aqua Fang,Jaw Lock,Ice Fang,Rock Polish	Overqwil,Barraskewda,Cloyster,Drednaw	100	98	Fighting,Poison,Rock,Water,Psychic,Ice,Dark	91.2	Barraskewda	Cloyster	Ground,Grass,Electric,Fighting	NONE	4 slots, levels 98-100. Offense covers 7 types. Shared weakness: Ground, Grass, Electric, Fighting. Speed spans 70-136 base, fastest Barraskewda, slowest Cloyster. LEVEL-SCALED: rescales to the player, excluded from scoring.	data.js:trainers[549].normal	Measured	derived: team analysis; strategy_notes Inferred
549	SwimmerM Finn	NA	boss_candidate	Kindle Road	hardcore	17	Post-Game	100	TRUE	17|Kindle Road|SwimmerM Finn	4	Overqwil:100:103:Intimidate:Custap Berry:Jolly:31/31/31/30/31/31:0/0/0/0/0/0:Poison Jab,Throat Chop,Toxic Spikes,Destiny Bond|Barraskewda:98:101:Stalwart:Mystic Water:Jolly:31/31/31/31/31/31:0/0/0/0/0/0:Waterfall,Flip Turn,Close Combat,Psychic Fangs|Cloyster:99:102:Battle Armor:Focus Sash:Jolly:31/31/31/31/31/31:0/0/0/0/0/0:Shell Smash,Waterfall,Icicle Spear,Rock Blast|Drednaw:100:103:Swift Swim:Drednawite:Adamant:31/31/31/31/31/31:0/0/0/0/0/0:Aqua Fang,Jaw Lock,Ice Fang,Rock Polish	Overqwil,Barraskewda,Cloyster,Drednaw	100	98	Fighting,Poison,Rock,Water,Psychic,Ice,Dark	91.2	Barraskewda	Cloyster	Ground,Grass,Electric,Fighting	NONE	4 slots, levels 98-100. Offense covers 7 types. Shared weakness: Ground, Grass, Electric, Fighting. Speed spans 70-136 base, fastest Barraskewda, slowest Cloyster. LEVEL-SCALED: rescales to the player, excluded from scoring.	data.js:trainers[549].hardcore	Measured	derived: team analysis; strategy_notes Inferred
550	SwimmerM Garrett	NA	boss_candidate	Kindle Road	normal	17	Post-Game	100	TRUE	17|Kindle Road|SwimmerM Garrett	4	Mantine-Sevii:100:103:Static:Air Balloon:Timid:31/30/31/30/31/31:0/0/4/252/0/252:Thunder,Sludge Wave,Water Pulse,Hidden Power|Milotic:98:101:Marvel Scale:Choice Scarf:Timid:31/31/31/31/31/31:0/0/4/252/0/252:Surf|Greninja:98:101:Protean:Choice Specs:Timid:31/31/31/31/31/31:0/0/4/252/0/252:Surf,Ice Beam,Dark Pulse,Extrasensory|Lapras:100:103:UNK:Laprasite:Modest:31/0/31/31/31/31:0/0/4/252/0/252:Boomburst,Blizzard,Draco Meteor,Thunderbolt	Mantine-Sevii,Milotic,Greninja,Lapras	100	98	Normal,Poison,Water,Electric,Psychic,Ice,Dragon,Dark	90.8	Greninja	Lapras	Grass,Electric,Fairy	NONE	4 slots, levels 98-100. Offense covers 8 types. Shared weakness: Grass, Electric, Fairy. Speed spans 60-122 base, fastest Greninja, slowest Lapras. LEVEL-SCALED: rescales to the player, excluded from scoring.	data.js:trainers[550].normal	Measured	derived: team analysis; strategy_notes Inferred
550	SwimmerM Garrett	NA	boss_candidate	Kindle Road	hardcore	17	Post-Game	100	TRUE	17|Kindle Road|SwimmerM Garrett	4	Mantine-Sevii:100:103:Static:Air Balloon:Timid:31/30/31/30/31/31:0/0/0/0/0/0:Thunder,Sludge Wave,Water Pulse,Hidden Power|Milotic:98:101:Marvel Scale:Choice Scarf:Timid:31/31/31/31/31/31:0/0/0/0/0/0:Surf|Greninja:98:101:Protean:Choice Specs:Timid:31/31/31/31/31/31:0/0/0/0/0/0:Surf,Ice Beam,Dark Pulse,Extrasensory|Lapras:100:103:UNK:Laprasite:Modest:31/0/31/31/31/31:0/0/0/0/0/0:Boomburst,Blizzard,Draco Meteor,Thunderbolt	Mantine-Sevii,Milotic,Greninja,Lapras	100	98	Normal,Poison,Water,Electric,Psychic,Ice,Dragon,Dark	90.8	Greninja	Lapras	Grass,Electric,Fairy	NONE	4 slots, levels 98-100. Offense covers 8 types. Shared weakness: Grass, Electric, Fairy. Speed spans 60-122 base, fastest Greninja, slowest Lapras. LEVEL-SCALED: rescales to the player, excluded from scoring.	data.js:trainers[550].hardcore	Measured	derived: team analysis; strategy_notes Inferred
551	Fisherman Tommy	NA	boss_candidate	Kindle Road	normal	17	Post-Game	100	TRUE	17|Kindle Road|Fisherman Tommy	4	Basculegion:100:103:Swift Swim:Focus Sash:Jolly:31/31/31/31/31/31:0/252/4/0/0/252:Wave Crash,Phantom Force,Aqua Jet,Ice Fang|Gyarados:98:101:Moxie:Wacan Berry:Jolly:31/31/31/31/31/31:0/252/4/0/0/252:Dragon Dance,Waterfall,Earthquake,Ice Fang|Slowbro:100:103:Regenerator:Slowbronite:Bold:31/31/31/31/31/31:252/0/252/0/4/0:Scald,Psychic,Calm Mind,Slack Off|Slowbro-Galar:100:103:Regenerator:Choice Specs:Modest:31/0/31/31/31/31:252/0/4/252/0/0:Sludge Bomb,Psyshock,Ice Beam,Flamethrower	Basculegion,Gyarados,Slowbro,Slowbro-Galar	100	98	Poison,Ground,Ghost,Fire,Water,Psychic,Ice	54.8	Gyarados	Slowbro	Ghost,Grass,Electric,Dark	NONE	4 slots, levels 98-100. Offense covers 7 types. Shared weakness: Ghost, Grass, Electric, Dark. Speed spans 30-81 base, fastest Gyarados, slowest Slowbro. LEVEL-SCALED: rescales to the player, excluded from scoring.	data.js:trainers[551].normal	Measured	derived: team analysis; strategy_notes Inferred
551	Fisherman Tommy	NA	boss_candidate	Kindle Road	hardcore	17	Post-Game	100	TRUE	17|Kindle Road|Fisherman Tommy	4	Basculegion:100:103:Swift Swim:Focus Sash:Jolly:31/31/31/31/31/31:0/0/0/0/0/0:Wave Crash,Phantom Force,Aqua Jet,Ice Fang|Gyarados:98:101:Moxie:Wacan Berry:Jolly:31/31/31/31/31/31:0/0/0/0/0/0:Dragon Dance,Waterfall,Earthquake,Ice Fang|Slowbro:100:103:Regenerator:Slowbronite:Bold:31/31/31/31/31/31:0/0/0/0/0/0:Scald,Psychic,Calm Mind,Slack Off|Slowbro-Galar:100:103:Regenerator:Choice Specs:Modest:31/0/31/31/31/31:0/0/0/0/0/0:Sludge Bomb,Psyshock,Ice Beam,Flamethrower	Basculegion,Gyarados,Slowbro,Slowbro-Galar	100	98	Poison,Ground,Ghost,Fire,Water,Psychic,Ice	54.8	Gyarados	Slowbro	Ghost,Grass,Electric,Dark	NONE	4 slots, levels 98-100. Offense covers 7 types. Shared weakness: Ghost, Grass, Electric, Dark. Speed spans 30-81 base, fastest Gyarados, slowest Slowbro. LEVEL-SCALED: rescales to the player, excluded from scoring.	data.js:trainers[551].hardcore	Measured	derived: team analysis; strategy_notes Inferred
552	Crush Girl Tanya	NA	boss_candidate	Kindle Road	normal	17	Post-Game	100	TRUE	17|Kindle Road|Crush Girl Tanya	4	Pangoro:100:103:Scrappy:Focus Sash:Adamant:31/31/31/31/31/31:0/252/4/0/0/252:Wicked Blow,Close Combat,Parting Shot,Sucker Punch|Bewear:100:103:Unnerve:Sitrus Berry:Adamant:31/31/31/31/31/31:252/252/0/0/0/4:Close Combat,Double-Edge,Darkest Lariat,Drain Punch|Ursaring-Sevii:100:103:Iron Fist:Flame Orb:Adamant:31/31/31/31/31/31:252/252/0/0/0/4:Drain Punch,Shadow Punch,Shadow Sneak,Play Rough|Tauros:100:103:Sheer Force:Life Orb:Jolly:31/31/31/31/31/31:0/252/0/0/0/252:Head Charge,Iron Head,Close Combat,Throat Chop	Pangoro,Bewear,Ursaring-Sevii,Tauros	100	100	Normal,Fighting,Ghost,Steel,Dark,Fairy	70.8	Tauros	Ursaring-Sevii	Fighting,Flying,Fairy,Psychic	NONE	4 slots, levels 100-100. Offense covers 6 types. Shared weakness: Fighting, Flying, Fairy, Psychic. Speed spans 55-110 base, fastest Tauros, slowest Ursaring-Sevii. LEVEL-SCALED: rescales to the player, excluded from scoring.	data.js:trainers[552].normal	Measured	derived: team analysis; strategy_notes Inferred
552	Crush Girl Tanya	NA	boss_candidate	Kindle Road	hardcore	17	Post-Game	100	TRUE	17|Kindle Road|Crush Girl Tanya	4	Pangoro:100:103:Scrappy:Focus Sash:Adamant:31/31/31/31/31/31:0/0/0/0/0/0:Wicked Blow,Close Combat,Parting Shot,Sucker Punch|Bewear:100:103:Unnerve:Sitrus Berry:Adamant:31/31/31/31/31/31:0/0/0/0/0/0:Close Combat,Double-Edge,Darkest Lariat,Drain Punch|Ursaring-Sevii:100:103:Iron Fist:Flame Orb:Adamant:31/31/31/31/31/31:0/0/0/0/0/0:Drain Punch,Shadow Punch,Shadow Sneak,Play Rough|Tauros:100:103:Sheer Force:Life Orb:Jolly:31/31/31/31/31/31:0/0/0/0/0/0:Head Charge,Iron Head,Close Combat,Throat Chop	Pangoro,Bewear,Ursaring-Sevii,Tauros	100	100	Normal,Fighting,Ghost,Steel,Dark,Fairy	70.8	Tauros	Ursaring-Sevii	Fighting,Flying,Fairy,Psychic	NONE	4 slots, levels 100-100. Offense covers 6 types. Shared weakness: Fighting, Flying, Fairy, Psychic. Speed spans 55-110 base, fastest Tauros, slowest Ursaring-Sevii. LEVEL-SCALED: rescales to the player, excluded from scoring.	data.js:trainers[552].hardcore	Measured	derived: team analysis; strategy_notes Inferred
553	Black Belt Shea	NA	boss_candidate	Kindle Road	normal	17	Post-Game	100	TRUE	17|Kindle Road|Black Belt Shea	4	Decidueye-Hisui:100:103:Bull Rush:Choice Scarf:Jolly:31/31/31/31/31/31:0/252/4/0/0/252:Wood Hammer,Close Combat,Brave Bird,Stone Edge|Probopass:100:103:Levitate:Leftovers:Bold:31/31/31/31/31/31:252/0/252/4/0/0:Thunder Wave,Volt Switch,Flash Cannon,Power Gem|Conkeldurr:100:103:Iron Fist:Flame Orb:Adamant:31/31/31/31/31/31:252/252/0/0/0/4:Facade,Drain Punch,Knock Off,Mach Punch|Dodrio-Sevii:100:103:Anger Point:Choice Band:Jolly:31/31/31/31/31/31:0/252/4/0/0/252:Flare Blitz,Earthquake,U-turn,Brave Bird	Decidueye-Hisui,Probopass,Conkeldurr,Dodrio-Sevii	100	100	Normal,Fighting,Flying,Ground,Rock,Bug,Steel,Fire,Grass,Electric,Dark	66.2	Dodrio-Sevii	Probopass	Flying,Psychic,Fairy,Ground,Water	NONE	4 slots, levels 100-100. Offense covers 11 types. Shared weakness: Flying, Psychic, Fairy, Ground, Water. Speed spans 40-110 base, fastest Dodrio-Sevii, slowest Probopass. LEVEL-SCALED: rescales to the player, excluded from scoring.	data.js:trainers[553].normal	Measured	derived: team analysis; strategy_notes Inferred
553	Black Belt Shea	NA	boss_candidate	Kindle Road	hardcore	17	Post-Game	100	TRUE	17|Kindle Road|Black Belt Shea	4	Decidueye-Hisui:100:103:Bull Rush:Choice Scarf:Jolly:31/31/31/31/31/31:0/0/0/0/0/0:Wood Hammer,Close Combat,Brave Bird,Stone Edge|Probopass:100:103:Levitate:Leftovers:Bold:31/31/31/31/31/31:0/0/0/0/0/0:Thunder Wave,Volt Switch,Flash Cannon,Power Gem|Conkeldurr:100:103:Iron Fist:Flame Orb:Adamant:31/31/31/31/31/31:0/0/0/0/0/0:Facade,Drain Punch,Knock Off,Mach Punch|Dodrio-Sevii:100:103:Anger Point:Choice Band:Jolly:31/31/31/31/31/31:0/0/0/0/0/0:Flare Blitz,Earthquake,U-turn,Brave Bird	Decidueye-Hisui,Probopass,Conkeldurr,Dodrio-Sevii	100	100	Normal,Fighting,Flying,Ground,Rock,Bug,Steel,Fire,Grass,Electric,Dark	66.2	Dodrio-Sevii	Probopass	Flying,Psychic,Fairy,Ground,Water	NONE	4 slots, levels 100-100. Offense covers 11 types. Shared weakness: Flying, Psychic, Fairy, Ground, Water. Speed spans 40-110 base, fastest Dodrio-Sevii, slowest Probopass. LEVEL-SCALED: rescales to the player, excluded from scoring.	data.js:trainers[553].hardcore	Measured	derived: team analysis; strategy_notes Inferred
554	Black Belt Hugh	NA	route	Kindle Road	normal	17	Post-Game	100	TRUE	17|Kindle Road|Black Belt Hugh	3	Heracross:100:103:Moxie:Choice Scarf:Jolly:31/31/31/31/31/31:0/252/4/0/0/252:Megahorn,Close Combat,Earthquake,Stone Edge|Medicham:100:103:Telepathy:Medichamite:Jolly:31/31/31/31/31/31:0/252/0/0/0/252:Close Combat,Zen Headbutt,Fake Out,Ice Punch|Tyrantrum:100:103:Rock Head:Focus Sash:Jolly:31/31/31/31/31/31:0/252/0/0/0/252:Dragon Dance,Head Smash,Dragon Claw,Close Combat	Heracross,Medicham,Tyrantrum	100	100	Normal,Fighting,Ground,Rock,Bug,Psychic,Ice,Dragon	78.7	Heracross	Tyrantrum	Flying,Fairy	NONE	3 slots, levels 100-100. Offense covers 8 types. Shared weakness: Flying, Fairy. Speed spans 71-85 base, fastest Heracross, slowest Tyrantrum. LEVEL-SCALED: rescales to the player, excluded from scoring.	data.js:trainers[554].normal	Measured	derived: team analysis; strategy_notes Inferred
554	Black Belt Hugh	NA	route	Kindle Road	hardcore	17	Post-Game	100	TRUE	17|Kindle Road|Black Belt Hugh	3	Heracross:100:103:Moxie:Choice Scarf:Jolly:31/31/31/31/31/31:0/0/0/0/0/0:Megahorn,Close Combat,Earthquake,Stone Edge|Medicham:100:103:Telepathy:Medichamite:Jolly:31/31/31/31/31/31:0/0/0/0/0/0:Close Combat,Zen Headbutt,Fake Out,Ice Punch|Tyrantrum:100:103:Rock Head:Focus Sash:Jolly:31/31/31/31/31/31:0/0/0/0/0/0:Dragon Dance,Head Smash,Dragon Claw,Close Combat	Heracross,Medicham,Tyrantrum	100	100	Normal,Fighting,Ground,Rock,Bug,Psychic,Ice,Dragon	78.7	Heracross	Tyrantrum	Flying,Fairy	NONE	3 slots, levels 100-100. Offense covers 8 types. Shared weakness: Flying, Fairy. Speed spans 71-85 base, fastest Heracross, slowest Tyrantrum. LEVEL-SCALED: rescales to the player, excluded from scoring.	data.js:trainers[554].hardcore	Measured	derived: team analysis; strategy_notes Inferred
555	Camper Bryce	NA	boss_candidate	Kindle Road	normal	17	Post-Game	100	TRUE	17|Kindle Road|Camper Bryce	5	Bisharp:99:102:Pressure:Focus Sash:Jolly:31/31/31/31/31/31:0/252/4/0/0/252:Sucker Punch,Psycho Cut,Iron Head,Swords Dance|Floatzel:98:101:Technician:Mystic Water:Naive:31/31/31/31/31/31:0/252/4/0/0/252:Fake Out,Surging Strikes,Icy Wind,Rock Smash|Butterfree:100:103:Tinted Lens:Butterfrite:Timid:31/31/31/31/31/31:36/0/56/252/0/164:Bug Buzz,Sleep Powder,Hurricane,U-turn|Magnezone:100:103:Analytic:Magnet:Jolly:31/30/31/30/31/30:48/0/0/252/0/208:Thunderbolt,Steel Beam,Volt Switch,Body Press|Delphox:99:102:Magic Guard:Life Orb:Timid:31/0/31/31/31/31:0/0/4/252/0/252:Mind Blown,Psychic,Heat Wave,Foul Play	Bisharp,Floatzel,Butterfree,Magnezone,Delphox	100	98	Normal,Fighting,Flying,Bug,Steel,Fire,Water,Electric,Psychic,Ice,Dark	83.8	Floatzel	Magnezone	Ground,Fire	NONE	5 slots, levels 98-100. Offense covers 11 types. Shared weakness: Ground, Fire. Speed spans 60-115 base, fastest Floatzel, slowest Magnezone. LEVEL-SCALED: rescales to the player, excluded from scoring.	data.js:trainers[555].normal	Measured	derived: team analysis; strategy_notes Inferred
555	Camper Bryce	NA	boss_candidate	Kindle Road	hardcore	17	Post-Game	100	TRUE	17|Kindle Road|Camper Bryce	5	Bisharp:99:102:Pressure:Focus Sash:Jolly:31/31/31/31/31/31:0/0/0/0/0/0:Sucker Punch,Psycho Cut,Iron Head,Swords Dance|Floatzel:98:101:Technician:Mystic Water:Naive:31/31/31/31/31/31:0/0/0/0/0/0:Fake Out,Surging Strikes,Icy Wind,Rock Smash|Butterfree:100:103:Tinted Lens:Butterfrite:Timid:31/31/31/31/31/31:0/0/0/0/0/0:Bug Buzz,Sleep Powder,Hurricane,U-turn|Magnezone:100:103:Analytic:Magnet:Jolly:31/30/31/30/31/30:0/0/0/0/0/0:Thunderbolt,Steel Beam,Volt Switch,Body Press|Delphox:99:102:Magic Guard:Life Orb:Timid:31/0/31/31/31/31:0/0/0/0/0/0:Mind Blown,Psychic,Heat Wave,Foul Play	Bisharp,Floatzel,Butterfree,Magnezone,Delphox	100	98	Normal,Fighting,Flying,Bug,Steel,Fire,Water,Electric,Psychic,Ice,Dark	83.8	Floatzel	Magnezone	Ground,Fire	NONE	5 slots, levels 98-100. Offense covers 11 types. Shared weakness: Ground, Fire. Speed spans 60-115 base, fastest Floatzel, slowest Magnezone. LEVEL-SCALED: rescales to the player, excluded from scoring.	data.js:trainers[555].hardcore	Measured	derived: team analysis; strategy_notes Inferred
556	Picnicker Claire	NA	boss_candidate	Kindle Road	normal	17	Post-Game	100	TRUE	17|Kindle Road|Picnicker Claire	4	Alakazam:99:102:Magic Guard:Alakazite:Timid:31/31/31/31/31/31:0/0/4/252/0/252:Expanding Force,Shadow Ball,Nasty Plot,Focus Blast|Indeedee:98:101:Psychic Surge:Tanga Berry:Timid:31/31/31/31/31/31:0/0/4/252/0/252:Expanding Force,Follow Me,Fake Out,Hyper Voice|Dugtrio:100:103:Sand Veil:Focus Sash:Jolly:31/31/31/31/31/31:0/252/4/0/0/252:Earthquake,Stomping Tantrum,Reversal,Stone Edge|Lucario:100:103:Justified:Life Orb:Jolly:31/31/31/31/31/31:0/252/4/0/0/252:Crunch,Close Combat,Meteor Mash,Ice Punch	Alakazam,Indeedee,Dugtrio,Lucario	100	98	Normal,Fighting,Ground,Rock,Ghost,Steel,Psychic,Ice,Dark	106.2	Alakazam	Lucario	Bug,Dark	NONE	4 slots, levels 98-100. Offense covers 9 types. Shared weakness: Bug, Dark. Speed spans 90-120 base, fastest Alakazam, slowest Lucario. LEVEL-SCALED: rescales to the player, excluded from scoring.	data.js:trainers[556].normal	Measured	derived: team analysis; strategy_notes Inferred
556	Picnicker Claire	NA	boss_candidate	Kindle Road	hardcore	17	Post-Game	100	TRUE	17|Kindle Road|Picnicker Claire	4	Alakazam:99:102:Magic Guard:Alakazite:Timid:31/31/31/31/31/31:0/0/0/0/0/0:Expanding Force,Shadow Ball,Nasty Plot,Focus Blast|Indeedee:98:101:Psychic Surge:Tanga Berry:Timid:31/31/31/31/31/31:0/0/0/0/0/0:Expanding Force,Follow Me,Fake Out,Hyper Voice|Dugtrio:100:103:Sand Veil:Focus Sash:Jolly:31/31/31/31/31/31:0/0/0/0/0/0:Earthquake,Stomping Tantrum,Reversal,Stone Edge|Lucario:100:103:Justified:Life Orb:Jolly:31/31/31/31/31/31:0/0/0/0/0/0:Crunch,Close Combat,Meteor Mash,Ice Punch	Alakazam,Indeedee,Dugtrio,Lucario	100	98	Normal,Fighting,Ground,Rock,Ghost,Steel,Psychic,Ice,Dark	106.2	Alakazam	Lucario	Bug,Dark	NONE	4 slots, levels 98-100. Offense covers 9 types. Shared weakness: Bug, Dark. Speed spans 90-120 base, fastest Alakazam, slowest Lucario. LEVEL-SCALED: rescales to the player, excluded from scoring.	data.js:trainers[556].hardcore	Measured	derived: team analysis; strategy_notes Inferred
557	Crush Kin Mik & Kia	NA	boss_candidate	Kindle Road	normal	17	Post-Game	100	TRUE	17|Kindle Road|Crush Kin Mik & Kia	4	Infernape:100:103:Iron Fist:Focus Sash:Jolly:31/30/31/30/31/31:0/252/4/0/0/252:Fake Out,Pyro Ball,Close Combat,Thunder Punch|Grapploct:98:101:Technician:Assault Vest:Adamant:31/31/31/31/31/31:252/252/0/0/4/0:Arm Thrust,Liquidation,Mach Punch,Aqua Jet|Metagross:99:102:Tough Claws:Metagrossite:Jolly:31/31/31/31/31/31:0/252/4/0/0/252:Meteor Mash,Zen Headbutt,Ice Punch,Earthquake|Lycanroc-Dusk:100:103:UNK:Life Orb:Jolly:31/31/31/31/31/31:0/252/4/0/0/252:Stone Edge,Close Combat,Accelerock,Psychic Fangs	Infernape,Grapploct,Metagross,Lycanroc-Dusk	100	98	Normal,Fighting,Ground,Rock,Steel,Fire,Water,Electric,Psychic,Ice	83.8	Infernape	Grapploct	Flying,Ground,Water,Psychic,Grass	NONE	4 slots, levels 98-100. Offense covers 10 types. Shared weakness: Flying, Ground, Water, Psychic, Grass. Speed spans 42-113 base, fastest Infernape, slowest Grapploct. LEVEL-SCALED: rescales to the player, excluded from scoring.	data.js:trainers[557].normal	Measured	derived: team analysis; strategy_notes Inferred
557	Crush Kin Mik & Kia	NA	boss_candidate	Kindle Road	hardcore	17	Post-Game	100	TRUE	17|Kindle Road|Crush Kin Mik & Kia	4	Infernape:100:103:Iron Fist:Focus Sash:Jolly:31/30/31/30/31/31:0/0/0/0/0/0:Fake Out,Pyro Ball,Close Combat,Thunder Punch|Grapploct:98:101:Technician:Assault Vest:Adamant:31/31/31/31/31/31:0/0/0/0/0/0:Arm Thrust,Liquidation,Mach Punch,Aqua Jet|Metagross:99:102:Tough Claws:Metagrossite:Jolly:31/31/31/31/31/31:0/0/0/0/0/0:Meteor Mash,Zen Headbutt,Ice Punch,Earthquake|Lycanroc-Dusk:100:103:UNK:Life Orb:Jolly:31/31/31/31/31/31:0/0/0/0/0/0:Stone Edge,Close Combat,Accelerock,Psychic Fangs	Infernape,Grapploct,Metagross,Lycanroc-Dusk	100	98	Normal,Fighting,Ground,Rock,Steel,Fire,Water,Electric,Psychic,Ice	83.8	Infernape	Grapploct	Flying,Ground,Water,Psychic,Grass	NONE	4 slots, levels 98-100. Offense covers 10 types. Shared weakness: Flying, Ground, Water, Psychic, Grass. Speed spans 42-113 base, fastest Infernape, slowest Grapploct. LEVEL-SCALED: rescales to the player, excluded from scoring.	data.js:trainers[557].hardcore	Measured	derived: team analysis; strategy_notes Inferred
558	Aroma Lady Violet	NA	boss_candidate	Bond Bridge	normal	17	Post-Game	100	TRUE	17|Bond Bridge|Aroma Lady Violet	5	Flapple:100:103:Ripen:Applite:Naive:31/31/31/30/31/31:0/252/0/4/0/252:Draco Meteor,Grav Apple,Sucker Punch|Arcanine-Hisui:99:102:Rock Head:Rock Gem:Jolly:31/31/31/31/31/31:0/252/4/0/0/252:Head Smash,Flare Blitz,Accelerock,Close Combat|Excadrill:100:103:Mold Breaker:Focus Sash:Jolly:31/31/31/31/31/31:0/252/4/0/0/252:Earthquake,Stone Edge,Iron Head,Swords Dance|Chandelure:100:103:Shadow Tag:Choice Scarf:Timid:31/31/31/31/31/31:0/0/4/252/0/252:Flamethrower,Shadow Ball,Energy Ball,Scorching Sands|Primarina:100:103:Liquid Voice:Leftovers:Bold:31/31/31/31/31/31:248/0/252/8/0/0:Calm Mind,Substitute,Drain Kiss,Hyper Voice	Flapple,Arcanine-Hisui,Excadrill,Chandelure,Primarina	100	99	Normal,Fighting,Ground,Rock,Ghost,Steel,Fire,Grass,Dragon,Dark,Fairy	77.6	Arcanine-Hisui	Primarina	Ground,Water	NONE	5 slots, levels 99-100. Offense covers 11 types. Shared weakness: Ground, Water. Speed spans 60-90 base, fastest Arcanine-Hisui, slowest Primarina. LEVEL-SCALED: rescales to the player, excluded from scoring.	data.js:trainers[558].normal	Measured	derived: team analysis; strategy_notes Inferred
558	Aroma Lady Violet	NA	boss_candidate	Bond Bridge	hardcore	17	Post-Game	100	TRUE	17|Bond Bridge|Aroma Lady Violet	5	Flapple:100:103:Ripen:Applite:Naive:31/31/31/30/31/31:0/0/0/0/0/0:Draco Meteor,Grav Apple,Sucker Punch|Arcanine-Hisui:99:102:Rock Head:Rock Gem:Jolly:31/31/31/31/31/31:0/0/0/0/0/0:Head Smash,Flare Blitz,Accelerock,Close Combat|Excadrill:100:103:Mold Breaker:Focus Sash:Jolly:31/31/31/31/31/31:0/0/0/0/0/0:Earthquake,Stone Edge,Iron Head,Swords Dance|Chandelure:100:103:Shadow Tag:Choice Scarf:Timid:31/31/31/31/31/31:0/0/0/0/0/0:Flamethrower,Shadow Ball,Energy Ball,Scorching Sands|Primarina:100:103:Liquid Voice:Leftovers:Bold:31/31/31/31/31/31:0/0/0/0/0/0:Calm Mind,Substitute,Drain Kiss,Hyper Voice	Flapple,Arcanine-Hisui,Excadrill,Chandelure,Primarina	100	99	Normal,Fighting,Ground,Rock,Ghost,Steel,Fire,Grass,Dragon,Dark,Fairy	77.6	Arcanine-Hisui	Primarina	Ground,Water	NONE	5 slots, levels 99-100. Offense covers 11 types. Shared weakness: Ground, Water. Speed spans 60-90 base, fastest Arcanine-Hisui, slowest Primarina. LEVEL-SCALED: rescales to the player, excluded from scoring.	data.js:trainers[558].hardcore	Measured	derived: team analysis; strategy_notes Inferred
559	Tuber Alexis	NA	boss_candidate	Bond Bridge	normal	17	Post-Game	100	TRUE	17|Bond Bridge|Tuber Alexis	5	Carracosta:100:103:Solid Rock:Salac Berry:Jolly:31/31/31/30/31/31:0/252/4/0/0/252:Shell Smash,Aqua Jet,Waterfall,Stone Edge|Kingler:100:103:Sheer Force:Life Orb:Jolly:31/31/31/31/31/31:0/252/0/0/4/252:Liquidation,Swords Dance,Close Combat,Aqua Jet|Slowbro:100:103:Regenerator:Slowbronite:Bold:31/31/31/31/31/31:252/0/252/0/4/0:Iron Defense,Calm Mind,Body Press,Shadow Ball|Lanturn:100:103:Volt Absorb:Life Orb:Modest:31/31/31/31/31/31:252/0/4/252/0/0:Hydro Pump,Blizzard,Thunder,Volt Switch|Hydreigon:100:103:UNK:Waterium Z:Timid:31/31/31/31/31/31:0/0/4/252/0/252:Fire Blast,Surf,Dark Pulse,Nasty Plot	Carracosta,Kingler,Slowbro,Lanturn,Hydreigon	100	100	Fighting,Rock,Ghost,Fire,Water,Electric,Ice,Dark	60.4	Hydreigon	Slowbro	Grass,Electric	NONE	5 slots, levels 100-100. Offense covers 8 types. Shared weakness: Grass, Electric. Speed spans 30-98 base, fastest Hydreigon, slowest Slowbro. LEVEL-SCALED: rescales to the player, excluded from scoring.	data.js:trainers[559].normal	Measured	derived: team analysis; strategy_notes Inferred
559	Tuber Alexis	NA	boss_candidate	Bond Bridge	hardcore	17	Post-Game	100	TRUE	17|Bond Bridge|Tuber Alexis	5	Carracosta:100:103:Solid Rock:Salac Berry:Jolly:31/31/31/30/31/31:0/0/0/0/0/0:Shell Smash,Aqua Jet,Waterfall,Stone Edge|Kingler:100:103:Sheer Force:Life Orb:Jolly:31/31/31/31/31/31:0/0/0/0/0/0:Liquidation,Swords Dance,Close Combat,Aqua Jet|Slowbro:100:103:Regenerator:Slowbronite:Bold:31/31/31/31/31/31:0/0/0/0/0/0:Iron Defense,Calm Mind,Body Press,Shadow Ball|Lanturn:100:103:Volt Absorb:Life Orb:Modest:31/31/31/31/31/31:0/0/0/0/0/0:Hydro Pump,Blizzard,Thunder,Volt Switch|Hydreigon:100:103:UNK:Waterium Z:Timid:31/31/31/31/31/31:0/0/0/0/0/0:Fire Blast,Surf,Dark Pulse,Nasty Plot	Carracosta,Kingler,Slowbro,Lanturn,Hydreigon	100	100	Fighting,Rock,Ghost,Fire,Water,Electric,Ice,Dark	60.4	Hydreigon	Slowbro	Grass,Electric	NONE	5 slots, levels 100-100. Offense covers 8 types. Shared weakness: Grass, Electric. Speed spans 30-98 base, fastest Hydreigon, slowest Slowbro. LEVEL-SCALED: rescales to the player, excluded from scoring.	data.js:trainers[559].hardcore	Measured	derived: team analysis; strategy_notes Inferred
560	Twins Joy & Meg	NA	boss_candidate	Bond Bridge	normal	17	Post-Game	100	TRUE	17|Bond Bridge|Twins Joy & Meg	6	Empoleon:100:103:Competitive:Weakness Policy:Timid:31/31/31/30/31/31:176/0/0/80/0/252:Hydro Pump,Ice Beam,Flash Cannon,Grass Knot|Granbull:99:102:Bull Rush:Assault Vest:Jolly:31/31/31/31/31/31:252/252/0/0/4/0:Close Combat,Play Rough,Flare Blitz,Thunder Punch|Volbeat:100:103:Prankster:Electrium Z:Timid:31/31/31/31/31/31:0/0/4/252/0/252:Thunder,Bug Buzz,Water Pulse,Tail Glow|Illumise:100:103:Oblivious:Life Orb:Jolly:31/31/31/31/31/31:0/252/4/0/0/252:Play Rough,Lunge,Brick Break,Thunder Punch|Minun:100:103:Galvanize:Magnet:Jolly:31/31/31/31/31/31:0/252/4/0/0/252:Extreme Speed,Knock Off,Facade,Volt Switch|Plusle:100:103:Transistor:Focus Sash:Timid:31/30/31/30/31/31:0/0/4/252/0/252:Thunderbolt,Surf,Hidden Power,Volt Switch	Empoleon,Granbull,Volbeat,Illumise,Minun,Plusle	100	99	Normal,Fighting,Bug,Steel,Fire,Water,Grass,Electric,Ice,Dark,Fairy	87.5	Minun	Granbull	Ground	NONE	6 slots, levels 99-100. Offense covers 11 types. Shared weakness: Ground. Speed spans 45-110 base, fastest Minun, slowest Granbull. LEVEL-SCALED: rescales to the player, excluded from scoring.	data.js:trainers[560].normal	Measured	derived: team analysis; strategy_notes Inferred
560	Twins Joy & Meg	NA	boss_candidate	Bond Bridge	hardcore	17	Post-Game	100	TRUE	17|Bond Bridge|Twins Joy & Meg	6	Empoleon:100:103:Competitive:Weakness Policy:Timid:31/31/31/30/31/31:0/0/0/0/0/0:Hydro Pump,Ice Beam,Flash Cannon,Grass Knot|Granbull:99:102:Bull Rush:Assault Vest:Jolly:31/31/31/31/31/31:0/0/0/0/0/0:Close Combat,Play Rough,Flare Blitz,Thunder Punch|Volbeat:100:103:Prankster:Electrium Z:Timid:31/31/31/31/31/31:0/0/0/0/0/0:Thunder,Bug Buzz,Water Pulse,Tail Glow|Illumise:100:103:Oblivious:Life Orb:Jolly:31/31/31/31/31/31:0/0/0/0/0/0:Play Rough,Lunge,Brick Break,Thunder Punch|Minun:100:103:Galvanize:Magnet:Jolly:31/31/31/31/31/31:0/0/0/0/0/0:Extreme Speed,Knock Off,Facade,Volt Switch|Plusle:100:103:Transistor:Focus Sash:Timid:31/30/31/30/31/31:0/0/0/0/0/0:Thunderbolt,Surf,Hidden Power,Volt Switch	Empoleon,Granbull,Volbeat,Illumise,Minun,Plusle	100	99	Normal,Fighting,Bug,Steel,Fire,Water,Grass,Electric,Ice,Dark,Fairy	87.5	Minun	Granbull	Ground	NONE	6 slots, levels 99-100. Offense covers 11 types. Shared weakness: Ground. Speed spans 45-110 base, fastest Minun, slowest Granbull. LEVEL-SCALED: rescales to the player, excluded from scoring.	data.js:trainers[560].hardcore	Measured	derived: team analysis; strategy_notes Inferred
561	SwimmerF Tisha	NA	boss_candidate	Bond Bridge	normal	17	Post-Game	100	TRUE	17|Bond Bridge|SwimmerF Tisha	5	Pelipper:100:103:Drizzle:Damp Rock:Bold:31/31/31/30/31/31:248/0/252/8/0/0:Scald,Hurricane,Ice Beam,U-turn|Golduck:100:103:Neuroforce:Psychium Z:Timid:31/31/31/31/31/31:0/0/0/252/4/252:Hydro Pump,Nasty Plot,Synchronoise,Ice Beam|Vaporeon:100:103:Hydration:Leftovers:Modest:31/0/31/31/31/31:252/0/0/252/4/0:Acid Armor,Ice Beam,Rest,Scald|Jolteon:100:103:Quick Feet:Ice Gem:Timid:31/30/30/31/31/31:0/0/4/252/0/252:Thunder,Weather Ball,Hidden Power,Shadow Ball|Noivern:100:103:Frisk:Focus Sash:Timid:31/31/31/31/31/31:0/0/4/252/0/252:Hurricane,Boomburst,Focus Blast,Dragon Pulse	Pelipper,Golduck,Vaporeon,Jolteon,Noivern	100	100	Normal,Fighting,Flying,Bug,Ghost,Water,Electric,Psychic,Ice,Dragon	96.6	Jolteon	Pelipper	Electric	NONE	5 slots, levels 100-100. Offense covers 10 types. Shared weakness: Electric. Speed spans 65-130 base, fastest Jolteon, slowest Pelipper. LEVEL-SCALED: rescales to the player, excluded from scoring.	data.js:trainers[561].normal	Measured	derived: team analysis; strategy_notes Inferred
561	SwimmerF Tisha	NA	boss_candidate	Bond Bridge	hardcore	17	Post-Game	100	TRUE	17|Bond Bridge|SwimmerF Tisha	5	Pelipper:100:103:Drizzle:Damp Rock:Bold:31/31/31/30/31/31:0/0/0/0/0/0:Scald,Hurricane,Ice Beam,U-turn|Golduck:100:103:Neuroforce:Psychium Z:Timid:31/31/31/31/31/31:0/0/0/0/0/0:Hydro Pump,Nasty Plot,Synchronoise,Ice Beam|Vaporeon:100:103:Hydration:Leftovers:Modest:31/0/31/31/31/31:0/0/0/0/0/0:Acid Armor,Ice Beam,Rest,Scald|Jolteon:100:103:Quick Feet:Ice Gem:Timid:31/30/30/31/31/31:0/0/0/0/0/0:Thunder,Weather Ball,Hidden Power,Shadow Ball|Noivern:100:103:Frisk:Focus Sash:Timid:31/31/31/31/31/31:0/0/0/0/0/0:Hurricane,Boomburst,Focus Blast,Dragon Pulse	Pelipper,Golduck,Vaporeon,Jolteon,Noivern	100	100	Normal,Fighting,Flying,Bug,Ghost,Water,Electric,Psychic,Ice,Dragon	96.6	Jolteon	Pelipper	Electric	NONE	5 slots, levels 100-100. Offense covers 10 types. Shared weakness: Electric. Speed spans 65-130 base, fastest Jolteon, slowest Pelipper. LEVEL-SCALED: rescales to the player, excluded from scoring.	data.js:trainers[561].hardcore	Measured	derived: team analysis; strategy_notes Inferred
592	Crush Girl Jocelyn	NA	boss_candidate	Mt Ember Exterior	normal	17	Post-Game	100	TRUE	17|Mt Ember Exterior|Crush Girl Jocelyn	4	Dudunsparce:100:103:UNK:Leftovers:Adamant:31/31/31/31/31/31:252/252/0/0/0/4:Body Slam,Glare,Headbutt,Zen Headbutt|Archeops:100:103:UNK:Mystic Water:Jolly:31/31/31/31/31/31:0/252/4/0/0/252:Rock Slide,Brave Bird,U-turn,Roost|Togekiss:100:103:Hustle:Leftovers:Jolly:31/31/31/31/31/31:0/0/0/252/0/252:Thunder Wave,Air Slash,Extrasensory,Flamethrower|Huntail:100:103:Defiant:White Herb:Naughty:31/31/31/31/31/31:0/252/0/4/0/252:Shell Smash,Waterfall,Psychic Fangs,Ice Beam	Dudunsparce,Archeops,Togekiss,Huntail	100	100	Normal,Flying,Rock,Bug,Fire,Water,Psychic,Ice	74.2	Archeops	Huntail	Fighting,Rock,Steel,Electric,Ice	NONE	4 slots, levels 100-100. Offense covers 8 types. Shared weakness: Fighting, Rock, Steel, Electric, Ice. Speed spans 52-110 base, fastest Archeops, slowest Huntail. LEVEL-SCALED: rescales to the player, excluded from scoring.	data.js:trainers[592].normal	Measured	derived: team analysis; strategy_notes Inferred
592	Crush Girl Jocelyn	NA	boss_candidate	Mt Ember Exterior	hardcore	17	Post-Game	100	TRUE	17|Mt Ember Exterior|Crush Girl Jocelyn	4	Dudunsparce:100:103:UNK:Leftovers:Adamant:31/31/31/31/31/31:0/0/0/0/0/0:Body Slam,Glare,Headbutt,Zen Headbutt|Archeops:100:103:UNK:Mystic Water:Jolly:31/31/31/31/31/31:0/0/0/0/0/0:Rock Slide,Brave Bird,U-turn,Roost|Togekiss:100:103:Hustle:Leftovers:Jolly:31/31/31/31/31/31:0/0/0/0/0/0:Thunder Wave,Air Slash,Extrasensory,Flamethrower|Huntail:100:103:Defiant:White Herb:Naughty:31/31/31/31/31/31:0/0/0/0/0/0:Shell Smash,Waterfall,Psychic Fangs,Ice Beam	Dudunsparce,Archeops,Togekiss,Huntail	100	100	Normal,Flying,Rock,Bug,Fire,Water,Psychic,Ice	74.2	Archeops	Huntail	Fighting,Rock,Steel,Electric,Ice	NONE	4 slots, levels 100-100. Offense covers 8 types. Shared weakness: Fighting, Rock, Steel, Electric, Ice. Speed spans 52-110 base, fastest Archeops, slowest Huntail. LEVEL-SCALED: rescales to the player, excluded from scoring.	data.js:trainers[592].hardcore	Measured	derived: team analysis; strategy_notes Inferred
595	Gatekeeper Logan	NA	boss_candidate	Mt Ember Exterior	normal	17	Post-Game	100	TRUE	17|Mt Ember Exterior|Gatekeeper Logan	4	Yanmega:100:103:Speed Boost:Choice Specs:Timid:31/31/31/30/31/31:0/0/4/252/0/252:Bug Buzz,Air Slash,U-turn,Giga Drain|Arcanine-Hisui:99:102:Rock Head:Hard Stone:Jolly:31/31/31/31/31/31:0/252/4/0/0/252:Head Smash,Flare Blitz,Accelerock,Close Combat|Altaria:100:103:Cloud Nine:Altarianite:Jolly:31/31/31/31/31/31:0/252/4/0/0/252:Dragon Dance,Return,Earthquake,Roost|Feraligatr:100:103:Strong Jaw:Life Orb:Jolly:31/31/31/31/31/31:0/252/4/0/0/252:Liquidation,Aqua Jet,Crunch,Ice Punch	Yanmega,Arcanine-Hisui,Altaria,Feraligatr	100	99	Normal,Fighting,Flying,Ground,Rock,Bug,Fire,Water,Grass,Ice,Dark	85.8	Yanmega	Feraligatr	Rock,Electric,Ice	NONE	4 slots, levels 99-100. Offense covers 11 types. Shared weakness: Rock, Electric, Ice. Speed spans 78-95 base, fastest Yanmega, slowest Feraligatr. LEVEL-SCALED: rescales to the player, excluded from scoring.	data.js:trainers[595].normal	Measured	derived: team analysis; strategy_notes Inferred
595	Gatekeeper Logan	NA	boss_candidate	Mt Ember Exterior	hardcore	17	Post-Game	100	TRUE	17|Mt Ember Exterior|Gatekeeper Logan	4	Yanmega:100:103:Speed Boost:Choice Specs:Timid:31/31/31/30/31/31:0/0/0/0/0/0:Bug Buzz,Air Slash,U-turn,Giga Drain|Arcanine-Hisui:99:102:Rock Head:Hard Stone:Jolly:31/31/31/31/31/31:0/0/0/0/0/0:Head Smash,Flare Blitz,Accelerock,Close Combat|Altaria:100:103:Cloud Nine:Altarianite:Jolly:31/31/31/31/31/31:0/0/0/0/0/0:Dragon Dance,Return,Earthquake,Roost|Feraligatr:100:103:Strong Jaw:Life Orb:Jolly:31/31/31/31/31/31:0/0/0/0/0/0:Liquidation,Aqua Jet,Crunch,Ice Punch	Yanmega,Arcanine-Hisui,Altaria,Feraligatr	100	99	Normal,Fighting,Flying,Ground,Rock,Bug,Fire,Water,Grass,Ice,Dark	85.8	Yanmega	Feraligatr	Rock,Electric,Ice	NONE	4 slots, levels 99-100. Offense covers 11 types. Shared weakness: Rock, Electric, Ice. Speed spans 78-95 base, fastest Yanmega, slowest Feraligatr. LEVEL-SCALED: rescales to the player, excluded from scoring.	data.js:trainers[595].hardcore	Measured	derived: team analysis; strategy_notes Inferred
597	PkMn Ranger Beth	NA	boss_candidate	Mt Ember Exterior	normal	17	Post-Game	100	TRUE	17|Mt Ember Exterior|PkMn Ranger Beth	4	Scizor:100:103:Swarm:Assault Vest:Adamant:31/31/31/30/31/31:252/252/4/0/0/0:Bullet Punch,U-turn,Rock Smash,Dual Wingbeat|Haxorus:99:102:Rivalry:Lum Berry:Jolly:31/31/31/31/31/31:0/252/4/0/0/252:Swords Dance,Scale Shot,Poison Jab,Close Combat|Golem:99:102:Rock Head:Custap Berry:Adamant:31/31/31/31/31/31:252/252/4/0/0/0:Headlong Rush,Stone Edge,Sucker Punch,Explosion|Manectric:100:103:Intimidate:Manectite:Timid:31/30/31/30/31/31:0/0/4/252/0/252:Volt Switch,Hidden Power,Flamethrower,Thunderbolt	Scizor,Haxorus,Golem,Manectric	100	99	Normal,Fighting,Flying,Poison,Ground,Rock,Bug,Steel,Fire,Electric,Dragon,Dark	78.0	Manectric	Golem	Ice,Ground	NONE	4 slots, levels 99-100. Offense covers 12 types. Shared weakness: Ice, Ground. Speed spans 45-105 base, fastest Manectric, slowest Golem. LEVEL-SCALED: rescales to the player, excluded from scoring.	data.js:trainers[597].normal	Measured	derived: team analysis; strategy_notes Inferred
597	PkMn Ranger Beth	NA	boss_candidate	Mt Ember Exterior	hardcore	17	Post-Game	100	TRUE	17|Mt Ember Exterior|PkMn Ranger Beth	4	Scizor:100:103:Swarm:Assault Vest:Adamant:31/31/31/30/31/31:0/0/0/0/0/0:Bullet Punch,U-turn,Rock Smash,Dual Wingbeat|Haxorus:99:102:Rivalry:Lum Berry:Jolly:31/31/31/31/31/31:0/0/0/0/0/0:Swords Dance,Scale Shot,Poison Jab,Close Combat|Golem:99:102:Rock Head:Custap Berry:Adamant:31/31/31/31/31/31:0/0/0/0/0/0:Headlong Rush,Stone Edge,Sucker Punch,Explosion|Manectric:100:103:Intimidate:Manectite:Timid:31/30/31/30/31/31:0/0/0/0/0/0:Volt Switch,Hidden Power,Flamethrower,Thunderbolt	Scizor,Haxorus,Golem,Manectric	100	99	Normal,Fighting,Flying,Poison,Ground,Rock,Bug,Steel,Fire,Electric,Dragon,Dark	78.0	Manectric	Golem	Ice,Ground	NONE	4 slots, levels 99-100. Offense covers 12 types. Shared weakness: Ice, Ground. Speed spans 45-105 base, fastest Manectric, slowest Golem. LEVEL-SCALED: rescales to the player, excluded from scoring.	data.js:trainers[597].hardcore	Measured	derived: team analysis; strategy_notes Inferred
742	Cue Ball Paxton	NA	boss_candidate	Three Island	normal	17	Post-Game	100	TRUE	17|Three Island|Cue Ball Paxton	4	Emboar:100:103:Bull Rush:Fightinium Z:Jolly:31/31/31/31/31/31:0/252/4/0/0/252:Close Combat,Flare Blitz,Head Smash,Wild Charge|Centiskorch-Sevii:100:103:Shed Skin:Centiskite:Jolly:31/31/31/31/31/31:0/252/4/0/0/252:Earthquake,Leech Life,Coil,Stone Edge|Goodra-Hisui:100:103:Gooey:Assault Vest:Modest:31/31/31/31/31/31:252/0/4/252/0/0:Dragon Pulse,Flash Cannon,Flamethrower,Sludge Bomb|Hawlucha:100:103:Limber:Flying Gem:Jolly:31/31/31/31/31/31:0/252/4/0/0/252:Swords Dance,Acrobatics,Close Combat,Throat Chop	Emboar,Centiskorch-Sevii,Goodra-Hisui,Hawlucha	100	100	Fighting,Flying,Poison,Ground,Rock,Bug,Steel,Fire,Electric,Dragon,Dark	83.2	Hawlucha	Goodra-Hisui	Flying,Ground,Water,Psychic,Ice	NONE	4 slots, levels 100-100. Offense covers 11 types. Shared weakness: Flying, Ground, Water, Psychic, Ice. Speed spans 60-118 base, fastest Hawlucha, slowest Goodra-Hisui. LEVEL-SCALED: rescales to the player, excluded from scoring.	data.js:trainers[742].normal	Measured	derived: team analysis; strategy_notes Inferred
742	Cue Ball Paxton	NA	boss_candidate	Three Island	hardcore	17	Post-Game	100	TRUE	17|Three Island|Cue Ball Paxton	4	Emboar:100:103:Bull Rush:Fightinium Z:Jolly:31/31/31/31/31/31:0/0/0/0/0/0:Close Combat,Flare Blitz,Head Smash,Wild Charge|Centiskorch-Sevii:100:103:Shed Skin:Centiskite:Jolly:31/31/31/31/31/31:0/0/0/0/0/0:Earthquake,Leech Life,Coil,Stone Edge|Goodra-Hisui:100:103:Gooey:Assault Vest:Modest:31/31/31/31/31/31:0/0/0/0/0/0:Dragon Pulse,Flash Cannon,Flamethrower,Sludge Bomb|Hawlucha:100:103:Limber:Flying Gem:Jolly:31/31/31/31/31/31:0/0/0/0/0/0:Swords Dance,Acrobatics,Brave Bird,Throat Chop	Emboar,Centiskorch-Sevii,Goodra-Hisui,Hawlucha	100	100	Fighting,Flying,Poison,Ground,Rock,Bug,Steel,Fire,Electric,Dragon,Dark	83.2	Hawlucha	Goodra-Hisui	Flying,Ground,Water,Psychic,Ice	NONE	4 slots, levels 100-100. Offense covers 11 types. Shared weakness: Flying, Ground, Water, Psychic, Ice. Speed spans 60-118 base, fastest Hawlucha, slowest Goodra-Hisui. LEVEL-SCALED: rescales to the player, excluded from scoring.	data.js:trainers[742].hardcore	Measured	derived: team analysis; strategy_notes Inferred
2001	Ghost	Motherly	route	Pokemon Tower 6F	normal	6	Archer-2	56	FALSE	6|Pokemon Tower 6F|Ghost	1	Marowak-Alola:58:58:Bone Zone :Thick Club:Jolly:31/31/31/31/31/31:252/252/252/252/252/252:Bonemerang,Shadow Bone,Fire Punch,Thunder Punch	Marowak-Alola	58	58	Ground,Ghost,Fire,Electric	45.0	Marowak-Alola	Marowak-Alola	NONE	NONE	1 slots, levels 58-58. Offense covers 4 types. No weakness shared by half the team. Speed spans 45-45 base, fastest Marowak-Alola, slowest Marowak-Alola.	data.js:trainers[2001].normal	Measured	derived: team analysis; strategy_notes Inferred
2001	Ghost	Motherly	route	Pokemon Tower 6F	hardcore	6	Archer-2	56	FALSE	6|Pokemon Tower 6F|Ghost	1	Marowak-Alola:58:58:Bone Zone :Thick Club:Jolly:31/31/31/31/31/31:252/0/0/0/0/0:Bonemerang,Shadow Bone,Fire Punch,Thunder Punch	Marowak-Alola	58	58	Ground,Ghost,Fire,Electric	45.0	Marowak-Alola	Marowak-Alola	NONE	NONE	1 slots, levels 58-58. Offense covers 4 types. No weakness shared by half the team. Speed spans 45-45 base, fastest Marowak-Alola, slowest Marowak-Alola.	data.js:trainers[2001].hardcore	Measured	derived: team analysis; strategy_notes Inferred
